CustomerID,Predicted_CLV_12m,Historical_Frequency,Historical_Recency,Historical_Monetary_Avg,Customer_Age_Days,Expected_Purchases_12m,Probability_Alive,Historical_Total_Value
14646,222166.7110121718,44.0,353.0,6366.705909090909,354.0,1.271806989637777,0.9999231698376823,286501.7659090909
18102,178954.25076564235,25.0,367.0,9349.4772,367.0,0.7108692915935535,0.9998882100944485,243086.4072
16446,176340.84442230687,1.0,205.0,168469.6,205.0,0.07997930372985089,0.9994906496839487,336939.2
17450,147400.0105888516,26.0,359.0,7398.536538461539,367.0,0.7383450338425228,0.999822057845368,199760.48653846156
14096,127642.33205817209,16.0,97.0,4071.434375,101.0,1.1880277780317485,0.9997640272506764,69214.384375
14911,109355.86923759169,131.0,372.0,1092.792290076336,373.0,3.5794885652997386,0.9999661152933382,144248.58229007636
12415,96342.3746196274,15.0,313.0,7860.21,337.0,0.4676673423349125,0.9995654536021642,125763.36
14156,89294.96746639295,42.0,362.0,2783.044761904762,371.0,1.1679958691698988,0.9998255415796601,119670.92476190475
17511,67678.09538122553,27.0,371.0,3305.0607407407406,373.0,0.7555140599170284,0.9998809175456622,92541.70074074074
16029,58607.319456747624,38.0,335.0,2030.2294736842105,373.0,1.0515850383197032,0.9974275738457314,79178.9494736842
16684,51389.32100464769,15.0,354.0,4394.286666666667,358.0,0.44477081836998145,0.9998077202932208,70308.58666666667
13694,48903.492963701836,34.0,370.0,1888.1617647058824,373.0,0.9455778089819241,0.9998903707960377,66085.66176470589
15311,46131.910375251835,89.0,373.0,676.2108988764045,373.0,2.4390576917032143,0.999963721051446,60858.980898876405
13089,44838.98912920771,65.0,367.0,892.7335384615385,369.0,1.8036607365516872,0.9999343297089774,58920.413538461544
17949,43723.972440006095,28.0,370.0,2042.7314285714288,371.0,0.7862310633080318,0.9998912422047009,59239.211428571434
15769,42782.81868662549,21.0,364.0,2674.329523809524,371.0,0.5952663436876495,0.9998176298736923,58835.24952380952
14298,38053.68380726334,24.0,352.0,2023.0933333333332,360.0,0.6944464381603028,0.9998156094323185,50577.33333333333
14088,36453.75368413897,11.0,312.0,3904.2636363636366,322.0,0.36293606016765234,0.9997211822633367,46851.163636363635
15061,34495.12839595749,28.0,369.0,1611.6714285714284,372.0,0.7844359519099156,0.9998759957345148,46738.47142857142
12931,32634.31640110188,11.0,336.0,3807.1781818181817,357.0,0.3330803240711673,0.999626850324113,45686.13818181818
17841,30795.677335721695,111.0,372.0,360.2469369369369,373.0,3.036416748168394,0.9999620687417518,40347.65693693693
13798,28300.82954933313,52.0,371.0,706.6509615384615,372.0,1.437608659019893,0.9999328916641937,37452.50096153846
16013,27695.433905990205,27.0,368.0,1335.874074074074,371.0,0.7589428282026643,0.9998730236583322,37404.474074074074
17389,26885.233022666576,31.0,331.0,1023.4883870967742,331.0,0.9548909998626263,0.9999064622259718,32751.628387096775
16422,25613.936088476636,47.0,352.0,702.4723404255318,369.0,1.3099773214620039,0.999567213839544,33718.672340425524
12748,25515.79931043661,112.0,373.0,295.0735714285714,373.0,3.06359638785164,0.9999708074723943,33343.313571428575
15838,25104.80402117906,14.0,356.0,2334.6842857142856,367.0,0.40804039141931403,0.999745767034967,35020.264285714286
13098,24778.212930702663,25.0,316.0,1129.3455999999999,317.0,0.8029631326956224,0.9998804631168138,29362.985599999996
17404,24002.476029209596,14.0,356.0,2194.2014285714286,360.0,0.41472212435280315,0.9998000074259694,32913.02142857143
16333,22725.19979286566,12.0,302.0,2136.44,309.0,0.40717752584529215,0.9997538542354687,27773.72
13408,20876.550233875514,40.0,372.0,677.309,373.0,1.1085135954082437,0.9999175832222212,27769.668999999998
14680,20691.659860564527,15.0,346.0,1804.882,371.0,0.4315300067743441,0.9995818946335497,28878.112
17857,19898.97870517288,19.0,361.0,1344.4126315789474,365.0,0.548206762398386,0.9998331175098512,26888.252631578947
12536,19650.304913470438,1.0,16.0,8322.12,59.0,0.17117100575558256,0.9989240035927345,16644.24
13081,19552.900416276792,8.0,360.0,3246.325,371.0,0.2406930468406933,0.9996873809100345,29216.925
12901,17443.258797329767,22.0,262.0,786.5790909090908,270.0,0.8080323288224466,0.999786319374527,18091.319090909088
12744,16255.945022462398,5.0,267.0,3845.244,318.0,0.1805750794618149,0.9992715854675698,23071.464
14607,15793.153280628172,6.0,246.0,2619.0833333333335,261.0,0.24820002327678534,0.9995980655477663,18333.583333333336
15749,15670.523775604528,1.0,97.0,21535.9,332.0,0.054532274681551626,0.9974530059590341,43071.8
17675,15482.0648093444,28.0,366.0,705.6128571428571,367.0,0.7934454218570057,0.9998911766447725,20462.772857142856
15039,15058.131876988386,41.0,359.0,467.83365853658535,368.0,1.148554391095779,0.9998244050108175,19649.013658536584
13777,14961.299986136477,23.0,373.0,843.1304347826087,373.0,0.6469109593886885,0.9998804330141009,20235.130434782608
17381,14838.663950351678,19.0,364.0,1012.6068421052631,372.0,0.5394858259625781,0.99980032667877,20252.13684210526
13881,14448.764310773193,15.0,308.0,1075.612,311.0,0.4997956425365235,0.9998121884259903,17209.792
16210,14293.008200841616,16.0,372.0,1163.2225,373.0,0.45683566293579764,0.9998358088581702,19774.7825
12731,13839.245388894507,10.0,341.0,1782.4009999999998,364.0,0.29998019586337216,0.9996059051028992,19606.411
12678,13781.868531521537,8.0,311.0,2175.8975,353.0,0.2508817243752268,0.9993693875680997,19583.0775
12471,13752.2800408325,19.0,362.0,919.138947368421,364.0,0.5494811022611462,0.9998477545997884,18382.77894736842
15189,13583.01042502539,37.0,331.0,427.21378378378375,332.0,1.1320829399336636,0.9999116247795855,16234.123783783783
12753,13573.323216909648,5.0,340.0,3567.7599999999998,362.0,0.16218472745626697,0.9995660551412582,21406.559999999998
15159,13309.184142866656,18.0,360.0,932.2238888888888,361.0,0.5254083067928501,0.9998487733903947,17712.25388888889
17428,13211.839709010683,20.0,368.0,845.1924999999999,368.0,0.5719218524804316,0.999866502097301,17749.042499999996
13767,12983.670081751436,30.0,371.0,557.0826666666667,373.0,0.8369732435934959,0.9998894162428564,17269.56266666667
16133,12707.661943542942,28.0,315.0,509.4760714285714,318.0,0.8939109464713797,0.9998725290538598,14774.806071428571
12921,12598.337189390179,22.0,364.0,739.304090909091,373.0,0.6197115764269988,0.9998018747809823,17003.99409090909
16839,12594.677676859592,31.0,361.0,517.4874193548387,369.0,0.8719668576167812,0.9998318090460282,16559.59741935484
14031,12044.557091204284,16.0,365.0,973.288125,372.0,0.4578522060046617,0.9997931162703153,16545.898125
17677,12022.572883357312,17.0,367.0,904.7282352941177,368.0,0.48952707557013264,0.9998425976945102,16285.108235294118
14051,11817.360795578994,21.0,366.0,713.6652380952381,366.0,0.6021421526590626,0.999871492942966,15700.63523809524
15856,11518.526966721758,20.0,361.0,728.616,365.0,0.5758595881217977,0.999838106378936,15300.936
14866,11114.30235880359,10.0,356.0,1428.622,366.0,0.29863457649683284,0.9997192400159232,15714.842
15513,11108.12085992237,14.0,340.0,1028.6585714285716,373.0,0.4023813527021406,0.9994501055766685,15429.878571428573
14547,10477.588456048787,7.0,51.0,500.52857142857147,54.0,0.7638239645739651,0.9996728569015232,4004.2285714285717
12621,10449.316100562122,16.0,364.0,826.56625,365.0,0.4652580751454501,0.9998356933041169,14051.62625
16180,10311.977373491125,6.0,152.0,1640.05,252.0,0.2543109285429222,0.9962691067173973,11480.35
16705,10288.17184198695,11.0,358.0,1173.0245454545454,358.0,0.33235594910315697,0.9997947656862584,14076.294545454544
12681,10071.79066870089,19.0,353.0,671.2642105263158,367.0,0.5456378955074135,0.9997347185402117,13425.284210526315
16525,10028.622969993705,25.0,364.0,504.6404,366.0,0.7124936967651729,0.9998740796339354,13120.6504
12540,10001.552894480454,16.0,342.0,782.451875,361.0,0.46950522886498514,0.9996619027631916,13301.681875
17735,9979.69227014414,17.0,365.0,744.4364705882354,367.0,0.4906468042666481,0.9998359897566552,13399.856470588236
14194,9902.670849807064,14.0,304.0,773.755,308.0,0.4719353875843943,0.9997961171747298,11606.325
12477,9789.930954081852,5.0,279.0,2172.7580000000003,301.0,0.18892492355414936,0.9995429374407192,13036.548000000003
15498,9751.725911963456,16.0,364.0,771.23,366.0,0.464185309991092,0.9998292051749099,13110.91
13078,9638.907157693853,24.0,363.0,504.73125,366.0,0.6848984712111952,0.9998627903124271,12618.28125
13113,9444.215868870962,22.0,366.0,539.6813636363636,366.0,0.6297324990311881,0.9998761240692926,12412.671363636362
12682,9409.949229485577,26.0,368.0,459.36846153846153,371.0,0.7316666437052641,0.9998699174045711,12402.94846153846
15640,9401.73009846348,14.0,368.0,863.0278571428571,372.0,0.4034354431262239,0.9998007654643173,12945.417857142857
14606,9397.005132238017,88.0,372.0,134.9753409090909,373.0,2.4118841319798903,0.9999551611135244,12012.80534090909
12971,8851.175403324414,70.0,369.0,159.21128571428574,372.0,1.9274420328163269,0.9999264047454234,11304.001285714286
17107,8720.642266773604,4.0,245.0,2275.5675,278.0,0.1668570692353444,0.9994288851008388,11377.837500000001
12433,8625.387710487077,5.0,373.0,2291.346,373.0,0.15816575733683438,0.999680200887116,13748.076000000001
15251,8547.72668771687,9.0,232.0,848.7744444444445,241.0,0.3803630190889378,0.9996886739430659,8487.744444444445
12557,8507.826095027614,4.0,355.0,2842.7400000000002,371.0,0.13160251430124292,0.9995783832223475,14213.7
14895,8455.756944523986,10.0,283.0,879.2369999999999,290.0,0.36187329807692487,0.999729868608201,9671.606999999998
13868,8455.62913886681,1.0,31.0,2685.0,38.0,0.20489526136975322,0.9994236219424419,5370.0
14367,8316.844189780855,12.0,268.0,687.055,276.0,0.44612703534540393,0.9997383243707268,8931.715
12757,8307.376515234224,8.0,196.0,834.2625,211.0,0.378236389090254,0.999593521567175,7508.3625
15482,8234.759957330363,8.0,343.0,1291.415,358.0,0.248014845537748,0.9996571982797857,11622.735
16843,8215.673272005939,11.0,285.0,857.9554545454546,327.0,0.35817557539826955,0.9992273077986334,10295.465454545454
16779,8195.793086841466,20.0,364.0,512.7405,366.0,0.5745441237098113,0.9998530535373369,10767.5505
13319,8055.879853986061,16.0,360.0,630.391875,365.0,0.4652451518616396,0.9998079212758197,10716.661875
12939,8022.314344445892,5.0,270.0,1929.7199999999998,334.0,0.1733788103233758,0.9991243054516378,11578.32
14769,8018.5367698223745,7.0,355.0,1438.567142857143,357.0,0.2204465840969259,0.9997202558709861,11508.537142857143
14258,7998.149946872118,7.0,328.0,1364.2514285714285,337.0,0.23129858736922107,0.999678665448884,10914.011428571428
17581,7934.608495744761,9.0,372.0,1137.6066666666666,372.0,0.267375559423398,0.9997669345755573,11376.066666666666
17706,7928.110989409435,11.0,362.0,911.5145454545454,366.0,0.32623479769650143,0.9997710724762326,10938.174545454545
16523,7896.438962647142,17.0,314.0,510.26882352941175,315.0,0.5571053783308221,0.9998417065154704,9184.838823529411
13001,7877.711370780712,12.0,322.0,748.3766666666667,326.0,0.38965980924659005,0.9997793195163011,9728.896666666667
15125,7862.284699097545,9.0,245.0,854.1777777777778,270.0,0.34775299966147377,0.9995052465560307,8541.777777777777
17865,7820.768630722203,15.0,334.0,651.3246666666668,364.0,0.4384645377933999,0.9994839211647928,10421.194666666668
13536,7749.512127470579,6.0,74.0,498.2033333333333,75.0,0.5690296977573353,0.9996931609904374,3487.423333333333
17139,7734.960185629998,8.0,273.0,1001.4237499999999,288.0,0.2966496467684567,0.9996348172120535,9012.81375
16729,7667.096787565057,18.0,203.0,372.28111111111116,241.0,0.727717564122846,0.9983037991992136,7073.341111111112
14056,7583.247297237024,22.0,283.0,344.10636363636365,284.0,0.7760418967712112,0.9998678357005034,7914.446363636364
15615,7574.878774747815,16.0,349.0,582.409375,359.0,0.47174810281016133,0.9997647289844713,9900.959374999999
18139,7574.087006610856,1.0,1.0,1825.74,18.0,0.25199933971627436,0.9992421500175508,3651.48
16360,7573.4236137796615,5.0,84.0,649.0600000000001,88.0,0.44541094164952755,0.9996282937353627,3894.3600000000006
17340,7562.550834868565,7.0,337.0,1383.1457142857143,366.0,0.21584526680797073,0.9995373592291451,11065.165714285715
13199,7546.392189094372,32.0,363.0,292.13875,366.0,0.9056166247783413,0.9998857124350443,9640.57875
14062,7545.088003422548,10.0,355.0,949.823,364.0,0.3000162373206719,0.9997260038762253,10448.053
15502,7486.61274708114,7.0,354.0,1378.3185714285714,369.0,0.21438986364412516,0.9996458390825618,11026.548571428571
15078,7402.218961431936,19.0,361.0,487.7873684210527,368.0,0.544429354224776,0.9998086941276161,9755.747368421054
12798,7397.066731665463,2.0,160.0,2685.0,170.0,0.14189840074906424,0.9994994232972123,8055.0
16672,7354.918461049602,17.0,264.0,409.38235294117646,266.0,0.6386053287817515,0.9998318725973542,7368.882352941177
14121,7343.596714496154,3.0,56.0,849.0166666666668,59.0,0.3588217802834293,0.9995697532447243,3396.066666666667
12709,7331.382145382064,14.0,351.0,655.9871428571429,366.0,0.40896278856161544,0.9997071491038207,9839.807142857144
13985,7082.33894437461,14.0,260.0,476.22357142857146,264.0,0.5343057761289167,0.9997917839855396,7143.353571428572
13969,7003.83588070828,16.0,358.0,544.16125,365.0,0.4652378400968934,0.9997922083548307,9250.74125
14667,6957.803441214003,22.0,358.0,393.7945454545454,368.0,0.626795838284598,0.9997898700605795,9057.274545454544
13340,6899.445554022972,4.0,231.0,1764.6125000000002,276.0,0.16780427107176912,0.9993078715003646,8823.0625
17528,6895.853539937367,6.0,70.0,420.2366666666667,71.0,0.5852970481566908,0.999692741717773,2941.6566666666668
13090,6884.465004184703,12.0,364.0,729.185,372.0,0.3489991924031026,0.9997550688094831,9479.404999999999
16033,6884.381479119342,17.0,364.0,507.2458823529412,369.0,0.4883955448321731,0.9998145764421074,9130.425882352942
13458,6883.388080194688,13.0,352.0,650.8238461538463,359.0,0.3876427856477597,0.9997697061029682,9111.533846153849
17306,6871.953514391755,14.0,343.0,593.3792857142859,353.0,0.4215822910545861,0.9997516199175164,8900.689285714288
13018,6768.543648608035,19.0,279.0,365.60526315789474,295.0,0.6535415760374749,0.9996613505113858,7312.105263157895
17811,6701.387943758689,37.0,329.0,204.75270270270272,333.0,1.1292335129771383,0.9998826160481578,7780.602702702703
12830,6672.089277957228,4.0,134.0,1148.2,171.0,0.24122042302451743,0.9992089377675826,5741.0
17243,6664.635759308619,25.0,368.0,331.32599999999996,369.0,0.7076179256581857,0.9998814115146824,8614.475999999999
14527,6655.443923403305,53.0,367.0,154.9845283018868,369.0,1.4748456689462042,0.9999251428973999,8369.164528301888
16656,6612.571197373334,14.0,342.0,585.5028571428572,364.0,0.4108174895060235,0.9996229123555685,8782.542857142858
13263,6590.800427962158,32.0,324.0,227.9771875,325.0,0.9998896848532596,0.9999010166886217,7523.2471875
16986,6551.667811741119,1.0,1.0,1790.0,30.0,0.22138219391727917,0.9990403814582806,3580.0
12950,6533.055583352396,2.0,22.0,765.7,24.0,0.3648806220793501,0.9995282532420618,2297.1000000000004
17203,6497.6661636885,2.0,25.0,1148.055,60.0,0.26282393500557877,0.9989145599272355,3444.165
14936,6463.3186625672215,4.0,242.0,1640.165,275.0,0.16831214624959653,0.9994263518997049,8200.825
12627,6450.496270099508,6.0,130.0,618.4183333333334,140.0,0.39194876210830976,0.999591098225539,4328.928333333334
12409,6431.232600290743,2.0,104.0,2432.795,182.0,0.13500811714871847,0.9987302912548881,7298.385
17183,6416.020653484113,5.0,98.0,603.528,105.0,0.40185906233091134,0.9995937428807917,3621.168
16745,6387.067948318737,16.0,225.0,433.83750000000003,311.0,0.5252396557904715,0.9882682907378515,7375.2375
13854,6351.675263264089,24.0,357.0,325.005,365.0,0.686445154583635,0.9998166090378776,8125.125
15290,6342.170567015906,16.0,355.0,482.72625,359.0,0.4717717742124504,0.9998148952341145,8206.34625
16558,6293.10464940073,19.0,366.0,408.89947368421053,366.0,0.5469616014764236,0.9998611079274056,8177.989473684211
12474,6279.531054980869,16.0,312.0,442.168125,329.0,0.5072662677888424,0.9996705425021913,7516.858125
18109,6238.860953998908,24.0,368.0,321.97791666666666,369.0,0.6802166986754457,0.9998777050588984,8049.447916666666
15358,6237.745070414829,14.0,361.0,551.6178571428571,365.0,0.40994347750631566,0.9998003287458007,8274.267857142857
16187,6226.046989020599,10.0,253.0,623.554,284.0,0.36790763235947826,0.9994096228154838,6859.094
15249,6224.231997316496,11.0,225.0,516.9672727272728,256.0,0.4364866519555195,0.9993284378595115,6203.607272727273
14554,6221.148257394065,3.0,42.0,648.1866666666666,52.0,0.3795504619685775,0.9994533704107396,2592.7466666666664
17017,6217.928811665562,15.0,370.0,521.1293333333333,372.0,0.4306547147417411,0.9998219739672453,8338.069333333333
12567,6203.225818349643,8.0,347.0,984.295,369.0,0.24177262240869557,0.9996059997167022,8858.654999999999
14733,6199.76504915248,11.0,351.0,705.080909090909,367.0,0.3254569756740437,0.9996806456027,8460.97090909091
13629,6122.740176711547,10.0,315.0,713.236,338.0,0.31914235444428035,0.9995902848394641,7845.596
17173,6086.723338509823,6.0,126.0,550.6366666666667,131.0,0.4096187790909945,0.9996522113332689,3854.4566666666665
13488,6072.108470252852,11.0,350.0,689.6718181818183,367.0,0.32545400315694756,0.999671515155262,8276.061818181819
18092,6064.579972540947,9.0,363.0,842.5044444444444,365.0,0.27168593139200825,0.9997561126120429,8425.044444444444
14849,5993.369446562403,12.0,352.0,631.225,373.0,0.34816883002278703,0.9996384183750293,8205.925000000001
12683,5955.09042926908,10.0,361.0,741.3489999999999,365.0,0.29933462261991733,0.9997587192547605,8154.838999999999
14796,5921.302207641968,16.0,365.0,456.5175,366.0,0.4641883290159382,0.9998357079856354,7760.7975
14952,5898.977327061738,7.0,305.0,1059.047142857143,364.0,0.21675877409715805,0.9991517418404986,8472.377142857144
17728,5869.370440406595,2.0,83.0,1265.49,86.0,0.21884784552081657,0.9995311838874182,3796.4700000000003
12762,5828.859724617259,1.0,18.0,1436.93,25.0,0.23325585935861806,0.9994132744964868,2873.86
15194,5808.075241304756,14.0,365.0,515.0264285714286,368.0,0.407131517325354,0.999807225227486,7725.396428571429
15144,5778.59493736965,13.0,304.0,477.0861538461538,312.0,0.4354654516679479,0.9997541377604647,6679.206153846153
15152,5740.319958729018,12.0,178.0,332.46583333333336,187.0,0.6012473859472769,0.9996934836505208,4322.055833333334
14191,5705.8120105470025,12.0,219.0,377.87000000000006,220.0,0.5326292565083572,0.9997975231664612,4912.31
15187,5657.27547134036,13.0,211.0,334.2753846153846,212.0,0.5905107737010222,0.9998073938244265,4679.8553846153845
15044,5610.8550432103875,14.0,343.0,489.17,362.0,0.41273965699144466,0.999660382590567,7337.55
13685,5603.904307394657,5.0,58.0,357.056,60.0,0.5421633638208476,0.9996497064110851,2142.336
13871,5594.349562421108,11.0,286.0,540.6545454545454,308.0,0.3763642950707793,0.9995821078904842,6487.854545454546
13704,5588.2738423318515,8.0,83.0,277.4375,88.0,0.6747654079496465,0.999667281434423,2496.9375
18172,5579.6788424368115,13.0,275.0,429.4846153846154,289.0,0.4634149393115169,0.999681723357249,6012.784615384615
18229,5564.996661289916,19.0,362.0,364.87894736842105,373.0,0.5382493066089994,0.9997710782692103,7297.578947368421
12476,5529.38152001383,9.0,346.0,755.9966666666667,361.0,0.2741899978113588,0.999669631656349,7559.966666666667
15993,5529.328375194355,4.0,36.0,374.96,44.0,0.512676236800455,0.9994973445362669,1874.8
15465,5518.979348442572,17.0,350.0,401.11,369.0,0.4883233932223521,0.9996668719186405,7219.9800000000005
12685,5501.135282899568,5.0,65.0,462.76800000000003,93.0,0.43139990392796784,0.9990337871843025,2776.608
12989,5470.709796730433,12.0,361.0,560.1341666666667,364.0,0.3554602063097299,0.9997882643585799,7281.744166666667
13471,5460.97970832366,3.0,46.0,520.0566666666667,47.0,0.39597804585216156,0.999593850925166,2080.226666666667
12856,5459.232543650492,5.0,56.0,355.658,63.0,0.5297864866938315,0.9995606546260034,2133.9480000000003
14216,5446.42737781404,3.0,34.0,459.8333333333333,37.0,0.4333504122780842,0.9995614427133241,1839.3333333333333
16609,5429.4432461614515,6.0,237.0,822.6550000000001,252.0,0.2551597493244917,0.999594382302928,5758.585000000001
17719,5389.243792011068,14.0,218.0,344.015,255.0,0.5486886450871732,0.9989495722680465,5160.224999999999
16923,5372.507482951776,16.0,350.0,407.41125,362.0,0.4684550092833975,0.9997458153804649,6925.99125
17651,5371.037102754627,8.0,166.0,448.0125,177.0,0.43054408419825774,0.9996255925062928,4032.1124999999997
16182,5366.1646702141425,3.0,222.0,1930.8833333333332,294.0,0.1264109740209991,0.9990846826331782,7723.533333333333
13709,5339.754115855536,7.0,312.0,836.1928571428572,315.0,0.24456136606445386,0.9997133019662763,6689.542857142857
16746,5306.855272918693,16.0,354.0,398.029375,358.0,0.4728767979077566,0.9998148263882948,6766.499375
12451,5301.353806814517,4.0,314.0,1529.0025,324.0,0.14734788357681072,0.9996006926963088,7645.012500000001
17716,5293.879367725903,8.0,245.0,623.81625,267.0,0.3151665743396226,0.9995454908639624,5614.34625
16713,5292.299646619069,14.0,348.0,464.02500000000003,366.0,0.40894935562216317,0.9996743123617515,6960.375000000001
12912,5282.156573989154,4.0,38.0,336.06,40.0,0.5315668309799613,0.9996144102972695,1680.3
16353,5266.897432623983,19.0,366.0,340.6163157894737,369.0,0.5432036013582465,0.9998408301374817,6812.3263157894735
14251,5261.500895598246,4.0,56.0,405.06,57.0,0.4598083923038827,0.9996335656916026,2025.3
17396,5234.3772345206025,3.0,332.0,2311.1,371.0,0.10432183723083219,0.9994396046471994,9244.4
12980,5232.38270189354,8.0,201.0,810.6975,358.0,0.24459981332304745,0.9858924515430297,7296.2775
16652,5230.02071008809,4.0,215.0,1296.4524999999999,273.0,0.1692474148573204,0.9991355837989301,6482.262499999999
17315,5218.508199816755,34.0,356.0,181.53852941176473,357.0,0.9811143697448537,0.9999061450790131,6353.848529411765
13755,5208.383069400872,7.0,60.0,235.03571428571428,63.0,0.7117157073473185,0.9996771936659617,1880.2857142857142
12783,5188.7636521789245,4.0,73.0,471.72249999999997,75.0,0.4022944207062618,0.9996227641229184,2358.6124999999997
13324,5174.292600471281,5.0,324.0,1294.3700000000001,360.0,0.1629248537230654,0.9994671293876491,7766.220000000001
17509,5166.54077159086,2.0,6.0,890.64,63.0,0.2565622014403744,0.9978078546164957,2671.92
12583,5156.36473909585,14.0,371.0,458.96571428571434,373.0,0.4025277916433176,0.9998138361875355,6884.485714285715
14110,5151.878924257225,11.0,263.0,434.4445454545455,266.0,0.4236419166249986,0.9997717261617921,5213.334545454546
15484,5149.991508782238,3.0,77.0,652.5966666666667,78.0,0.3124250479321501,0.9995966913282114,2610.3866666666668
14456,5145.522469655495,7.0,137.0,410.7,142.0,0.44513916604093035,0.9996746921331879,3285.6
13576,5131.891909781247,17.0,363.0,374.5994117647059,373.0,0.4839546552495543,0.9997727790376122,6742.7894117647065
15804,5124.561299154105,12.0,198.0,306.7525,198.0,0.5765345413103898,0.9998063291250912,3987.7825
17086,5119.092699207552,5.0,56.0,327.52200000000005,63.0,0.5297864866938315,0.9995606546260034,1965.1320000000003
16258,5098.174591708065,4.0,174.0,1042.7625,219.0,0.2010034093003228,0.9991995160002737,5213.8125
13668,5094.958235981127,20.0,360.0,306.6085,362.0,0.5798772125055681,0.999852922247439,6438.778499999999
15150,5088.496468835864,9.0,252.0,532.2311111111111,269.0,0.3488197044599566,0.9996130065323082,5322.311111111111
18055,5075.397254486548,9.0,362.0,703.321111111111,369.0,0.2691964724800082,0.9997269575033788,7033.21111111111
15023,5061.620115830975,10.0,366.0,629.101,369.0,0.2966022962831805,0.9997648732981854,6920.111
13102,5036.808594893019,19.0,364.0,321.4352631578947,365.0,0.5482185453472036,0.9998546075447392,6428.7052631578945
15005,5021.607706776824,27.0,351.0,224.92111111111112,366.0,0.7675513796876495,0.9997213048444116,6297.791111111112
16814,5021.5214552643465,20.0,355.0,307.1705,369.0,0.5705421788222821,0.9997373912400962,6450.5805
14432,5007.871802540809,5.0,80.0,399.866,89.0,0.4425556848886826,0.9995498893676871,2399.196
16126,5001.52009543589,3.0,267.0,1798.8066666666666,296.0,0.12576546382058973,0.9994606848585721,7195.2266666666665
13139,4999.174843636899,5.0,243.0,931.088,259.0,0.21312885996569492,0.9995720274398799,5586.528
18223,4978.39582845388,12.0,354.0,498.5708333333334,358.0,0.3604534513896507,0.9997814786799846,6481.420833333334
15694,4971.344789520442,13.0,372.0,474.84615384615387,372.0,0.37623127926238514,0.9998166590352914,6647.846153846154
18073,4964.717286347344,9.0,83.0,421.86888888888893,197.0,0.4194687238011897,0.9459479567115111,4218.68888888889
14944,4959.889397588697,6.0,267.0,857.66,296.0,0.22436930670164457,0.9994851846044518,6003.62
12626,4943.269806428039,8.0,303.0,690.56,326.0,0.26808940203998777,0.9995754591445407,6215.039999999999
12705,4932.472310925152,7.0,342.0,858.6128571428571,357.0,0.22042956127742405,0.9996430577708759,6868.902857142857
17434,4917.333751229974,6.0,83.0,312.37666666666667,85.0,0.5320529293056191,0.9996801029426744,2186.6366666666668
17049,4903.562130450659,7.0,273.0,675.7842857142857,275.0,0.2730067236418262,0.9997177812789371,5406.274285714286
14735,4890.935214683864,19.0,355.0,305.97315789473686,358.0,0.557199394883484,0.9998402682742545,6119.463157894737
14132,4882.492868542345,10.0,181.0,327.91700000000003,183.0,0.5155916099141047,0.9997620652756563,3607.0870000000004
12431,4875.216051307276,13.0,338.0,466.2846153846154,373.0,0.37523341797542276,0.9994264434281351,6527.984615384616
13521,4871.514140213968,2.0,9.0,397.125,10.0,0.42961878323712477,0.9995401075258931,1191.375
15601,4847.807080765916,13.0,361.0,462.16769230769233,372.0,0.37620244034347766,0.9997400209853963,6470.347692307692
12359,4847.581254224086,3.0,274.0,1920.8433333333332,331.0,0.11473934621057097,0.9992925393826472,7683.373333333333
17416,4834.626465353471,6.0,252.0,796.4516666666667,281.0,0.23398431043330128,0.9994719941971771,5575.161666666667
15903,4814.756522290453,6.0,286.0,827.58,295.0,0.22502359679225417,0.9996528925098593,5793.06
17652,4804.775274461789,11.0,256.0,422.3109090909091,281.0,0.40537429712345546,0.9995069788097363,5067.730909090909
16764,4798.306088656855,12.0,140.0,217.85583333333332,143.0,0.7261354554967565,0.9997674726308244,2832.125833333333
13435,4796.93501757431,6.0,184.0,561.0283333333333,189.0,0.3175087350409887,0.999665599971096,3927.1983333333333
15939,4789.748286786878,13.0,242.0,412.91923076923075,331.0,0.4124221837495534,0.9940788884652361,5780.869230769231
14961,4786.220405291923,7.0,350.0,837.4257142857142,360.0,0.21889495215062624,0.9996757126982626,6699.405714285714
12444,4756.044239187997,4.0,150.0,783.8149999999999,171.0,0.24127896734466855,0.9994514462882835,3919.075
15218,4752.441553168179,8.0,308.0,646.90375,318.0,0.273662451219082,0.9996849921669123,5822.133749999999
12700,4733.7084415819,3.0,208.0,1282.52,215.0,0.1616632169475473,0.9995677229284969,5130.08
14060,4721.93519171194,18.0,368.0,322.25444444444446,372.0,0.512289992316459,0.9998281719928473,6122.834444444445
13534,4706.274933274585,17.0,356.0,328.64,358.0,0.5009900715653204,0.9998357054346878,5915.5199999999995
15382,4699.680311032377,4.0,281.0,1234.0725,295.0,0.15908558173775042,0.9995739219491481,6170.3625
12362,4687.340986656016,9.0,292.0,527.4588888888889,295.0,0.3239419489028773,0.9997471884585709,5274.5888888888885
13097,4683.131079892141,8.0,328.0,712.29,360.0,0.24682065823163793,0.999504443430281,6410.61
12766,4676.781656934745,6.0,363.0,973.39,366.0,0.18829625562295366,0.9996932684404367,6813.73
17338,4672.446999530976,7.0,344.0,817.9914285714286,361.0,0.21837587417103344,0.9996302890711253,6543.931428571429
16240,4647.79245506857,1.0,53.0,1894.01,77.0,0.15011048201594973,0.9992928856474034,3788.02
17131,4643.614422956578,3.0,70.0,557.8000000000001,75.0,0.318922906948173,0.9995501846215153,2231.2000000000003
12955,4641.0337043579,10.0,266.0,428.334,267.0,0.38666761747415873,0.9997745749885554,4711.674
13949,4639.613736380368,5.0,92.0,377.884,94.0,0.42901910645527946,0.9996563427323778,2267.304
14562,4633.607302461903,16.0,301.0,296.495,304.0,0.5413528996145147,0.9998189433504121,5040.415
14101,4609.307174086333,5.0,253.0,1045.038,326.0,0.17685991732381587,0.9989486395947583,6270.228
12562,4599.787200200921,6.0,190.0,556.13,198.0,0.3067949965645357,0.9996398902055476,3892.91
18198,4579.04117106169,16.0,332.0,320.31375,336.0,0.49856813959384,0.9998132180755718,5445.333750000001
16379,4559.77091440714,3.0,74.0,559.5066666666667,78.0,0.3124146221899796,0.9995633344080564,2238.0266666666666
13050,4554.997639350897,16.0,352.0,344.303125,366.0,0.4641373643266987,0.9997259328944432,5853.153125000001
17730,4552.232607017095,12.0,323.0,415.5833333333333,326.0,0.38966258154102695,0.9997864325995082,5402.583333333333
15113,4535.049815209454,2.0,45.0,683.3199999999999,54.0,0.2758013729468656,0.9994500643468027,2049.96
18225,4503.742407313951,11.0,362.0,497.7236363636364,365.0,0.32698864012573026,0.9997772195145921,5972.683636363637
13209,4494.791234667556,5.0,331.0,1114.5520000000001,361.0,0.1625532871920595,0.9995126409070413,6687.312000000001
13004,4488.2383412866975,16.0,346.0,331.18125,357.0,0.4739584638811867,0.9997545421758578,5630.081249999999
17757,4486.672108421311,29.0,371.0,187.9289655172414,372.0,0.8116628193349577,0.9998941477122761,5637.868965517242
13027,4486.484897391565,5.0,241.0,1094.4,354.0,0.16500141920528538,0.9980464130412127,6566.400000000001
12473,4475.1787765485415,3.0,162.0,1088.7866666666666,191.0,0.176558080486579,0.9993822597176846,4355.1466666666665
12449,4474.985593842138,3.0,165.0,1069.4533333333334,187.0,0.17932912974618756,0.9994458768553642,4277.8133333333335
13384,4469.948068466897,5.0,148.0,595.866,178.0,0.2829734703069554,0.9993199768723215,3575.196
17133,4469.088511659313,5.0,251.0,841.7639999999999,266.0,0.208676476717945,0.9995823750746177,5050.583999999999
13093,4466.200202959722,6.0,98.0,1172.1783333333333,373.0,0.15126811837503007,0.8160312745691132,8205.248333333333
13418,4463.174541989253,12.0,361.0,458.68249999999995,372.0,0.3489912176252328,0.9997322239869977,5962.8724999999995
14292,4447.774866720864,5.0,275.0,881.7860000000001,282.0,0.1991734635119382,0.9996403762289022,5290.716
16161,4438.117134077661,18.0,367.0,298.3038888888889,368.0,0.5169906963816107,0.9998488796876369,5667.773888888889
15505,4432.073008439473,4.0,103.0,666.7,155.0,0.25833524737085606,0.9987385807382374,3333.5
17590,4430.27429347067,2.0,38.0,559.32,40.0,0.3112791076086842,0.9995325347274406,1677.96
14503,4428.613025348827,5.0,175.0,589.238,178.0,0.28306879034822324,0.9996565993172878,3535.4280000000003
14057,4427.8362317777155,13.0,337.0,406.5953846153846,360.0,0.3866761741597541,0.999607237209849,5692.335384615384
12569,4415.444177740052,25.0,250.0,151.0404,252.0,0.9655848882618577,0.9998686236685108,3927.0504
13316,4414.379790423776,3.0,217.0,1370.1500000000003,254.0,0.14211086425760908,0.999374202183376,5480.600000000001
13468,4405.250625035389,35.0,372.0,152.712,373.0,0.9727463966482184,0.9999085125739388,5497.632
12481,4401.340621112907,7.0,343.0,774.3485714285715,365.0,0.21635515292075447,0.9995948942087319,6194.788571428572
12720,4388.8869704337185,20.0,367.0,265.41700000000003,369.0,0.5706082416268629,0.9998531503519746,5573.7570000000005
17809,4325.49948149837,9.0,357.0,597.4566666666666,373.0,0.26674337397955916,0.9996651754962081,5974.566666666666
13225,4294.5387009608185,6.0,358.0,876.1866666666668,361.0,0.19048613420989097,0.9996930992820589,6133.306666666668
16440,4294.301458622326,4.0,207.0,842.0525,214.0,0.20463817388766065,0.9996020896408856,4210.2625
12839,4284.382160984411,13.0,365.0,399.1392307692308,367.0,0.38054206579306205,0.9998046251801801,5587.949230769231
18118,4283.575837706951,25.0,359.0,206.11880000000002,369.0,0.7075581964856049,0.9997970127350256,5359.0888
18226,4264.339516820078,10.0,293.0,481.075,337.0,0.31981790173645414,0.9992444945260158,5291.825
15805,4251.232274627147,12.0,341.0,426.4483333333333,364.0,0.3553968194197316,0.999609978666934,5543.828333333333
17813,4218.756899752536,4.0,57.0,347.865,71.0,0.4137088680730601,0.9994136000642483,1739.325
14688,4214.826164244736,19.0,366.0,270.21684210526314,373.0,0.5382699333673484,0.9998093914378154,5404.336842105263
14415,4203.878869393227,12.0,359.0,416.9075,360.0,0.3587795085170891,0.9998004440714218,5419.797500000001
13178,4193.369790858868,10.0,334.0,501.547,360.0,0.3027670257705593,0.9995705358748642,5517.017
12656,4172.223028863962,4.0,216.0,877.4925,233.0,0.19174687871970603,0.999533638366236,4387.4625
12437,4157.177030304067,14.0,330.0,325.6221428571429,331.0,0.4448040565468641,0.999819361288421,4884.3321428571435
12490,4128.421162448699,9.0,324.0,505.96777777777777,329.0,0.29625960503385473,0.999736105556366,5059.677777777778
14422,4126.900832425203,5.0,267.0,772.4660000000001,267.0,0.20807562387368653,0.999680200887116,4634.796
16701,4123.007359820901,11.0,353.0,447.4127272727273,361.0,0.3300199054037932,0.9997437247763246,5368.952727272727
12882,4122.408296683797,1.0,24.0,991.1999999999999,33.0,0.2149420524872005,0.9993969918952669,1982.3999999999999
15719,4111.610836911764,12.0,305.0,383.08583333333337,337.0,0.37897365358262497,0.9994449376452472,4980.115833333334
13269,4109.251521330994,12.0,368.0,415.9875,369.0,0.35140602533409504,0.9998005669449714,5407.837500000001
15046,4101.487890647202,14.0,329.0,327.0335714285714,338.0,0.4371253311062793,0.9997575167391014,4905.503571428571
17500,4097.951363896245,2.0,12.0,425.0,29.0,0.34614791077784435,0.9992396916124369,1275.0
16790,4097.591309082471,5.0,34.0,176.282,37.0,0.6598768564751863,0.9996219345177235,1057.692
12749,4088.954155520698,3.0,210.0,1077.26,213.0,0.16281384868193916,0.9995906791836596,4309.04
15444,4078.491867919072,1.0,31.0,1075.36,40.0,0.2011286998257404,0.999403786091826,2150.72
12637,4074.602775483,6.0,256.0,747.7033333333334,323.0,0.20879989693634013,0.9989486191328085,5233.923333333334
17061,4065.899445781227,8.0,159.0,411.685,232.0,0.35096400164759206,0.9971028822094331,3705.165
14755,4063.3784200240902,10.0,325.0,452.18199999999996,334.0,0.32235288924780153,0.9997212715606074,4974.0019999999995
15621,4059.573964334927,2.0,17.0,364.875,21.0,0.37704262402196004,0.9994955154665816,1094.625
17350,4052.200798296546,2.0,43.0,564.915,51.0,0.28270440514030765,0.9994608286455671,1694.745
13266,4050.8468103252244,11.0,245.0,321.0945454545454,256.0,0.4366452757533752,0.9996916042276199,3853.1345454545453
14049,4049.070935296532,3.0,301.0,1516.8799999999999,317.0,0.11893099877183608,0.9995380107465135,6067.5199999999995
16626,4046.3356682905064,16.0,266.0,226.08437500000002,266.0,0.6027884488352606,0.9998419491260551,3843.4343750000003
17858,4034.9873287843075,11.0,364.0,445.8554545454545,369.0,0.32399790916644655,0.9997649179176795,5350.265454545454
16107,4023.129504167779,6.0,166.0,445.21000000000004,183.0,0.3250264188650052,0.9995286827820166,3116.4700000000003
13447,4022.0400797924603,2.0,12.0,452.71500000000003,35.0,0.3261158795423315,0.9991006198974087,1358.145
13644,4020.9721796757526,3.0,89.0,591.0566666666667,105.0,0.26387804935251796,0.9994316593404546,2364.226666666667
16873,4016.7602355873887,5.0,360.0,993.1959999999999,364.0,0.1614510282964149,0.9996624336164018,5959.1759999999995
13599,4003.736158616051,14.0,365.0,342.6485714285714,366.0,0.40900891325767647,0.9998199006540649,5139.728571428571
13505,3985.181811651224,3.0,160.0,1127.98,232.0,0.15242551304265792,0.9988819279009431,4511.92
12472,3982.9313382220294,6.0,337.0,823.4683333333334,369.0,0.18697183275161297,0.999508946618496,5764.278333333334
14505,3981.6941226200183,7.0,345.0,688.6899999999999,362.0,0.217869165637873,0.999630565323243,5509.5199999999995
14364,3966.270836034369,6.0,103.0,499.70000000000005,211.0,0.29028337238995533,0.9919058781268881,3497.9000000000005
12619,3953.6083660220957,8.0,237.0,429.40749999999997,253.0,0.32889348362155624,0.9996079528933053,3864.6674999999996
13988,3950.8550662679704,5.0,235.0,703.38,254.0,0.21642300602130035,0.9995447273809253,4220.28
16532,3949.6646469488473,2.0,321.0,2419.2,338.0,0.08331372210845327,0.999499539644419,7257.599999999999
16700,3946.647369692571,12.0,358.0,394.96750000000003,366.0,0.35381357454724416,0.9997542666389831,5134.5775
17686,3939.0780389587535,4.0,295.0,1036.7125,302.0,0.1560894601774691,0.9996134458390917,5183.5625
14125,3915.30702205493,2.0,68.0,712.6,78.0,0.23074815748200966,0.9994586164242536,2137.8
16818,3912.0960897170853,10.0,195.0,279.515,205.0,0.47413957672014345,0.9996735523565762,3074.665
14709,3909.898573282622,11.0,343.0,418.81272727272733,358.0,0.3323200354809971,0.9996867301552284,5025.7527272727275
12664,3909.5707101346,8.0,314.0,527.5375,322.0,0.270866302156468,0.9996999369560123,4747.837500000001
12518,3901.6720425083195,4.0,110.0,433.015,110.0,0.3236045373187244,0.9996473961115031,2165.075
15874,3888.6633401970366,5.0,221.0,764.306,284.0,0.19791687145203937,0.9989949718472759,4585.836
17613,3883.9382982741326,10.0,283.0,395.775,305.0,0.3473042042710088,0.999579249567094,4353.525
17602,3873.9681879861573,5.0,322.0,857.4740000000002,324.0,0.17788862037925113,0.9996705522094996,5144.844000000001
14534,3870.274176732978,17.0,316.0,237.77529411764704,318.0,0.5527817432025461,0.9998342738959906,4279.955294117646
14418,3869.5795836240986,2.0,105.0,893.405,108.0,0.1916338056899872,0.999534421682319,2680.215
13756,3867.0791353785494,11.0,365.0,423.33818181818185,367.0,0.3254903949627476,0.9997832970085823,5080.058181818182
15473,3855.200593767939,3.0,46.0,374.0,60.0,0.35597439092947486,0.9993900995044359,1496.0
14102,3831.0470160268433,4.0,39.0,222.945,44.0,0.512709027346299,0.9995612719453105,1114.725
15555,3830.0288331726156,15.0,357.0,306.4286666666667,369.0,0.4335706243986915,0.9997428531773436,4902.858666666667
16191,3829.715041085854,9.0,358.0,505.88,360.0,0.2748529956449322,0.9997559832337553,5058.8
17426,3826.7489403439063,3.0,274.0,1281.1266666666668,282.0,0.1307973787490103,0.9995708581071258,5124.506666666667
17723,3825.6610283329255,5.0,87.0,588.9200000000001,214.0,0.24461494445771254,0.9898056136011636,3533.5200000000004
15427,3820.5015811428298,1.0,14.0,1071.05,47.0,0.1889176476648969,0.9990610757024101,2142.1
16265,3803.0145497006292,7.0,355.0,658.027142857143,364.0,0.21687385295420836,0.9996821989855428,5264.217142857144
16910,3795.753135103384,7.0,87.0,199.59714285714287,91.0,0.5870980282304462,0.9996712632643183,1596.777142857143
14180,3792.6041118129383,23.0,362.0,197.68565217391307,372.0,0.6483217496263394,0.9997934767420058,4744.455652173914
16592,3780.4846956679726,8.0,283.0,457.29999999999995,287.0,0.2975095916290145,0.9997237608142723,4115.7
16985,3776.8553993826563,6.0,341.0,755.1333333333332,358.0,0.1918095093043533,0.9996139200849827,5285.9333333333325
16303,3769.356620169039,2.0,308.0,2266.725,333.0,0.08434753336075344,0.9994681308610507,6800.174999999999
14004,3751.200595737437,6.0,245.0,613.77,288.0,0.22935526390041228,0.999297454677294,4296.389999999999
16688,3747.9165160245025,3.0,59.0,359.03666666666663,60.0,0.3560474501151513,0.9995952115257031,1436.1466666666665
14159,3737.4120828250325,10.0,343.0,444.043,362.0,0.3013840819651073,0.9996444022783044,4884.473
12524,3727.3638678775806,7.0,324.0,592.6185714285714,333.0,0.23360040160009818,0.9996780974958394,4740.948571428571
15738,3713.52012352333,14.0,354.0,320.1978571428571,372.0,0.4033855564589903,0.9996771354537753,4802.967857142857
13924,3711.4112488567125,5.0,71.0,231.964,72.0,0.49600293004291013,0.9996666550884376,1391.784
16931,3699.2802159603534,19.0,364.0,231.7273684210526,369.0,0.5431953277431626,0.999825601412648,4634.547368421052
16169,3699.031754697293,3.0,67.0,411.83666666666664,75.0,0.3189104068382459,0.999511007482109,1647.3466666666666
17068,3697.58771947699,20.0,356.0,219.2995,368.0,0.5718618413892435,0.9997615872744574,4605.2895
17364,3690.9813943545264,9.0,331.0,449.2055555555555,331.0,0.2947870974776806,0.9997669345755573,4492.055555555555
15009,3686.3304421607327,2.0,13.0,333.76,25.0,0.36092997526421083,0.9993472441226612,1001.28
12435,3684.9319105546056,1.0,188.0,3850.9000000000005,267.0,0.06519639270348607,0.9991690662063606,7701.800000000001
15298,3674.8274202390144,10.0,364.0,440.23,366.0,0.29864990906203637,0.9997705678313844,4842.530000000001
12714,3672.267394540717,4.0,285.0,935.1400000000001,294.0,0.1595284128278532,0.9996019782208843,4675.700000000001
16079,3667.5446481871286,2.0,24.0,421.89,40.0,0.3112082633960826,0.9993050504740436,1265.67
14189,3636.6342739396714,13.0,366.0,334.0646153846154,368.0,0.37967111230656797,0.9998046536714259,4676.904615384616
13994,3627.100314868344,5.0,145.0,397.114,148.0,0.3222166213175241,0.9996531768538273,2382.6839999999997
15301,3625.996822649518,9.0,318.0,486.28666666666663,368.0,0.2696787495694532,0.9992310183416395,4862.866666666667
16837,3625.7056797555633,8.0,214.0,377.78,245.0,0.33719625849792106,0.9993742621826138,3400.0199999999995
17365,3615.5000195833004,6.0,320.0,670.7833333333333,332.0,0.2042539188959035,0.999639993875202,4695.483333333334
17690,3599.8144441259096,13.0,343.0,334.61538461538464,373.0,0.3752668605585953,0.9995155170563306,4684.615384615385
14426,3598.5892766897496,6.0,289.0,630.0833333333334,312.0,0.21495940489166607,0.9995524660354134,4410.583333333334
15291,3597.8285762986457,14.0,348.0,309.9642857142857,373.0,0.4024366090252889,0.9995873533333884,4649.464285714286
14390,3596.506247564034,7.0,362.0,631.2671428571429,372.0,0.21293787204326728,0.999677356448153,5050.137142857143
13895,3586.0864358250324,3.0,136.0,736.87,164.0,0.19702041507517132,0.9993587325588701,2947.48
16242,3579.591558745477,6.0,269.0,561.4166666666666,277.0,0.2367337318338918,0.9996567633311778,3929.9166666666665
12500,3566.4289518769106,9.0,310.0,434.76444444444445,333.0,0.29326658608159856,0.9995841949229645,4347.644444444444
16722,3559.882933560352,12.0,351.0,354.1775,368.0,0.3521670669651735,0.99967782910182,4604.3075
16201,3558.6732654420266,3.0,106.0,519.89,109.0,0.25798383736082725,0.9995806833580608,2079.56
13267,3539.8615088089905,13.0,364.0,322.54153846153844,366.0,0.38141702434563995,0.9998045965534255,4515.581538461538
16549,3530.9676474332264,7.0,324.0,559.3442857142857,334.0,0.2330191571314832,0.9996717774728243,4474.754285714285
16767,3522.2105958943152,7.0,286.0,529.9342857142857,316.0,0.243871833633756,0.9994912774764639,4239.4742857142855
14005,3522.184509943135,4.0,206.0,671.89,215.0,0.20391455120193688,0.9995881049512417,3359.45
15547,3520.7215726486647,11.0,355.0,376.6572727272727,362.0,0.32925642248939707,0.999750911874017,4519.887272727272
15786,3516.141533642472,1.0,68.0,1771.36,114.0,0.11972692154935488,0.9991357237526395,3542.72
17975,3515.083642616918,12.0,351.0,347.43,366.0,0.35379303755715835,0.9996962362384014,4516.59
12712,3513.099409358994,12.0,343.0,351.7166666666667,371.0,0.3497207347077164,0.9995499068753805,4572.3166666666675
16712,3510.8565085149753,8.0,267.0,405.5925,276.0,0.3069855191959211,0.9996842836547358,3650.3324999999995
13882,3508.4662572193743,4.0,62.0,249.5925,64.0,0.435587005968656,0.9996206338047827,1247.9625
16945,3500.94123687639,12.0,337.0,338.8041666666667,358.0,0.3603989075359115,0.9996301916426872,4404.454166666666
14135,3500.729327483079,13.0,371.0,323.4661538461539,372.0,0.37622907933441735,0.9998108128317669,4528.526153846155
15105,3492.6484635712604,4.0,116.0,441.4875,134.0,0.28527313387066744,0.9994480206762367,2207.4375
17725,3488.815393850526,10.0,251.0,310.137,267.0,0.3866116390806106,0.9996298362721774,3411.507
14434,3488.269541495291,5.0,51.0,212.4,72.0,0.4957621940504779,0.9991814649217317,1274.4
17160,3486.8729070568543,5.0,210.0,581.2239999999999,241.0,0.2254706628996962,0.9994091822751064,3487.3439999999996
12597,3479.9259263885356,3.0,249.0,1098.3566666666666,268.0,0.1362240908951443,0.9995094129898595,4393.426666666666
14085,3473.64794812938,15.0,366.0,274.216,368.0,0.43459729728953933,0.9998218564025774,4387.456
15410,3472.3409365056928,7.0,177.0,438.32000000000005,261.0,0.28390838612940544,0.9973174255577707,3506.5600000000004
13069,3469.162488381532,19.0,369.0,215.7336842105263,369.0,0.5432146180802909,0.9998611079274056,4314.673684210526
16513,3454.0783448169186,3.0,39.0,255.38,43.0,0.41011221599944825,0.9995483987502858,1021.52
17669,3450.5777324268074,6.0,207.0,488.5366666666667,249.0,0.25747381630634786,0.9992306466959698,3419.7566666666667
14397,3440.7888173748893,18.0,211.0,135.97333333333333,213.0,0.8012200138834016,0.999834501124844,2583.4933333333333
12438,3415.498580226149,1.0,126.0,2016.78,140.0,0.10485644939417012,0.9994218869102233,4033.56
17769,3412.4756648591883,9.0,308.0,398.5577777777778,320.0,0.3030992344297372,0.9996828997865028,3985.577777777778
16553,3400.7301260338486,5.0,197.0,822.076,360.0,0.16217074888971328,0.9948410519303147,4932.456
16295,3390.9490292110777,3.0,55.0,324.21666666666664,64.0,0.3452947596866714,0.9994862330970213,1296.8666666666666
16401,3390.224888130367,11.0,326.0,328.22,327.0,0.35837674898129923,0.9997885357314634,3938.6400000000003
17386,3388.9275573743785,3.0,158.0,691.0333333333333,165.0,0.19621739070421026,0.9995586705972751,2764.133333333333
15971,3374.9803586781723,10.0,294.0,343.78499999999997,311.0,0.34184066592292595,0.9996417553951149,3781.6349999999998
14904,3370.287882312126,1.0,23.0,628.48,25.0,0.23326915301189044,0.9994702327807652,1256.96
12704,3367.802690167867,6.0,162.0,335.2133333333333,169.0,0.3441910166278744,0.999641279716686,2346.4933333333333
17451,3366.412965409281,4.0,104.0,343.8475,105.0,0.3329046956507825,0.9996374474862133,1719.2375000000002
14145,3359.0367790830555,3.0,171.0,871.1999999999999,217.0,0.16047837179531152,0.9992315015067775,3484.7999999999997
14808,3350.7766421388783,5.0,133.0,410.17600000000004,172.0,0.2899586774286642,0.9991056330349095,2461.0560000000005
12539,3348.2793410522045,3.0,311.0,1284.1666666666667,333.0,0.11419353563937999,0.9995126928239724,5136.666666666667
13137,3328.8553200275564,7.0,298.0,485.2371428571428,308.0,0.24909179997229902,0.9996672336770033,3881.8971428571426
15156,3327.385985048831,2.0,32.0,321.845,33.0,0.3326632303862567,0.9995438510158083,965.5350000000001
13631,3314.537179954108,6.0,168.0,498.40333333333336,267.0,0.24309331262999345,0.9968363712668076,3488.8233333333337
15814,3310.306293691634,2.0,34.0,412.19,50.0,0.2850452500101363,0.9993327120040258,1236.57
14092,3310.0222335884446,11.0,351.0,347.8418181818182,358.0,0.332341219406226,0.999750455741058,4174.101818181818
17758,3307.207472927963,5.0,231.0,564.882,250.0,0.21913702397618778,0.9995426425968809,3389.2919999999995
14401,3292.2787231832735,12.0,355.0,317.0083333333333,359.0,0.3596111354951463,0.9997815406115013,4121.108333333334
13552,3290.463223825963,7.0,249.0,489.4814285714286,315.0,0.24434304268461368,0.9988208438054932,3915.8514285714286
14277,3268.2316056283585,2.0,197.0,1279.4850000000001,212.0,0.12068078944902581,0.9994819887859226,3838.4550000000004
13802,3265.1866453592597,2.0,173.0,1814.8400000000001,311.0,0.0891377084301777,0.9984129274088464,5444.52
17419,3253.153850774679,10.0,356.0,385.23,367.0,0.2979474021974291,0.9997121733060251,4237.530000000001
15622,3250.659907922102,4.0,239.0,783.39,282.0,0.16494003110427108,0.9993375261725457,3916.95
14893,3245.804106770255,1.0,2.0,428.73,11.0,0.27410757221745996,0.9993664882231426,857.46
12727,3239.452078643257,5.0,310.0,693.24,320.0,0.17971051476316666,0.9996278043875275,4159.4400000000005
17377,3238.3236818291816,19.0,350.0,201.81157894736842,373.0,0.5381568332842411,0.9995993137086812,4036.2315789473682
15129,3236.1312194975476,9.0,241.0,343.55555555555554,291.0,0.3272931674717083,0.9989873389907692,3435.5555555555557
12747,3227.3943189375486,10.0,367.0,383.745,369.0,0.29660400900611045,0.9997706464167502,4221.195
16570,3224.832763436638,8.0,296.0,411.04249999999996,311.0,0.27869304755843477,0.9996432648259468,3699.3824999999997
15093,3224.750046127207,5.0,354.0,794.658,372.0,0.1585105427136795,0.9995923266720134,4767.948
13381,3221.5796793337095,5.0,267.0,644.64,298.0,0.19045481325769878,0.9994652425270526,3867.84
12957,3221.554493872064,6.0,330.0,600.6433333333333,339.0,0.20075273248322004,0.9996593031906086,4204.503333333333
13941,3221.4396959721867,4.0,351.0,1004.46,372.0,0.13130080852462625,0.9995537892571573,5022.3
17611,3216.0112552536325,13.0,354.0,285.9176923076923,361.0,0.38583955707311585,0.9997699522633897,4002.847692307692
14525,3201.8883895882877,8.0,342.0,469.2,361.0,0.24627685164540158,0.9996274440956636,4222.8
15955,3200.1453335389724,9.0,348.0,427.09777777777776,372.0,0.2673298736471193,0.9995961069628826,4270.977777777778
13014,3199.293227164935,9.0,271.0,327.8777777777778,281.0,0.33688339382315485,0.9996901253097351,3278.777777777778
14868,3190.5949862194725,6.0,230.0,419.04333333333335,233.0,0.2712423001688288,0.9996867857784105,2933.3033333333333
16670,3189.3429312863764,9.0,342.0,410.25444444444446,358.0,0.2761143176253018,0.9996608028342857,4102.544444444445
14800,3187.522469670719,11.0,322.0,343.2681818181818,369.0,0.32381953143481157,0.999214495235369,4119.218181818182
15632,3180.924548808702,7.0,259.0,412.9542857142857,274.0,0.27377535697343586,0.9996173921276448,3303.6342857142854
12380,3175.8717992489464,3.0,164.0,705.7533333333334,185.0,0.18074299766447727,0.9994533736530606,2823.013333333334
14493,3174.3788533338047,4.0,148.0,443.005,155.0,0.25855521853480784,0.9995890016170158,2215.025
12428,3169.5466328347366,6.0,258.0,497.8733333333334,283.0,0.23266484081898373,0.9995162337944428,3485.1133333333337
13808,3164.76640479391,4.0,91.0,293.55,96.0,0.3510560438383802,0.9995909259102553,1467.75
13555,3164.13866435337,1.0,128.0,2508.83,201.0,0.08113237816239488,0.9990942741913477,5017.66
14291,3160.6696199551507,6.0,274.0,483.06166666666667,275.0,0.23812108801022014,0.9997015485709484,3381.431666666667
12841,3159.0104934161427,23.0,367.0,160.75347826086957,371.0,0.6498330927640531,0.9998513654894703,3858.08347826087
14698,3153.9953445830706,4.0,50.0,179.8075,51.0,0.4828145939245803,0.9996328565825187,899.0375
17567,3152.1149734921623,7.0,365.0,544.79,372.0,0.21294150322167207,0.9996944037060864,4358.32
15867,3148.387963711351,14.0,364.0,264.17785714285714,369.0,0.40619630604901924,0.999793641491569,3962.667857142857
18122,3139.409482595792,5.0,142.0,334.774,150.0,0.31925678400924207,0.9996027610902498,2008.644
14329,3135.177019342659,5.0,312.0,685.5319999999999,329.0,0.17563879579161115,0.999587594843052,4113.191999999999
18041,3132.979088624356,19.0,361.0,193.89105263157893,372.0,0.5394699018590138,0.9997708153863883,3877.821052631579
17001,3122.0087410646083,10.0,358.0,359.161,358.0,0.3042496766449853,0.9997817337393786,3950.771
15529,3120.811906634957,10.0,344.0,366.694,366.0,0.2986040901310081,0.9996171828233814,4033.634
15977,3119.920750252915,1.0,22.0,699.1,39.0,0.20297214244269274,0.9993034888636083,1398.2
13999,3113.9343223313904,11.0,351.0,327.24636363636364,361.0,0.3300150165773088,0.9997289148405623,3926.9563636363637
17920,3103.6718209131145,16.0,369.0,229.1275,373.0,0.4568265315037868,0.9998158237005933,3895.1675
15845,3100.4225635308744,7.0,320.0,486.91571428571433,337.0,0.23128574757107218,0.9996231714987301,3895.3257142857146
15727,3099.7249297688195,6.0,343.0,607.0183333333333,359.0,0.1913625338565377,0.9996205221838982,4249.128333333333
12779,3099.446879596527,7.0,334.0,533.3142857142857,371.0,0.21337633123477825,0.9994638554324788,4266.5142857142855
12867,3095.620688258321,6.0,334.0,607.7583333333333,360.0,0.1909032364784374,0.9995516951054373,4254.308333333333
16186,3093.158636271493,9.0,350.0,411.0288888888889,372.0,0.2673348339002768,0.9996146542717865,4110.288888888889
12657,3092.136646603198,2.0,67.0,512.37,78.0,0.23074554187471585,0.9994472872276287,1537.1100000000001
14711,3084.518620488901,10.0,252.0,263.90999999999997,262.0,0.39247899283459536,0.9996957484116785,2903.0099999999998
15981,3082.2591485133794,7.0,287.0,448.3542857142857,311.0,0.24709606368689127,0.9995507380359371,3586.8342857142857
13015,3080.926011377424,3.0,196.0,891.6233333333333,249.0,0.14432230105827337,0.9992107613332366,3566.4933333333333
15570,3080.734164118497,11.0,362.0,330.10636363636365,369.0,0.3239936216831304,0.999751687969941,3961.276363636364
13183,3076.9061006332786,8.0,327.0,416.59250000000003,334.0,0.26280133945526096,0.9997081653796224,3749.3325000000004
16633,3072.0430463593725,5.0,217.0,487.116,234.0,0.23071402086147083,0.9995523087171316,2922.696
14040,3068.449817119358,10.0,291.0,327.062,331.0,0.3246397499676299,0.9993171833438025,3597.6820000000002
16678,3064.711786871445,11.0,280.0,254.34636363636363,282.0,0.4043297034768181,0.9997804155897442,3052.1563636363635
17050,3063.247255803086,5.0,203.0,611.098,299.0,0.18968544912708754,0.998140738932484,3666.5879999999997
12949,3062.135396178438,4.0,222.0,658.23,252.0,0.1803764004807107,0.9994338558533434,3291.15
18180,3060.6285237645666,5.0,138.0,308.62,142.0,0.33137924237679756,0.9996424689896662,1851.72
12484,3049.9327017774935,5.0,304.0,677.73,336.0,0.1725844564551893,0.9994834417290883,4066.38
16145,3041.9636604707935,10.0,351.0,349.671,359.0,0.30352366064829195,0.9997322664208161,3846.381
13437,3039.8597161276143,6.0,176.0,327.86,190.0,0.3162529677930208,0.9995724411533409,2295.02
16019,3038.7428216686358,8.0,318.0,445.8925,364.0,0.24449656524376084,0.9993263757593398,4013.0325
16168,3033.943955349541,24.0,359.0,146.32500000000002,369.0,0.6801604209521238,0.9997949801846773,3658.1250000000005
17523,3031.4489982167242,2.0,8.0,201.76500000000001,19.0,0.3855651270200548,0.9993528214028702,605.2950000000001
17940,3026.4331822505374,8.0,253.0,371.825,302.0,0.2853079544684637,0.9991273492348828,3346.4249999999997
14285,3022.219033725958,3.0,155.0,634.7033333333334,176.0,0.18738352721711787,0.9994463909642054,2538.8133333333335
12347,3010.6975655071533,6.0,365.0,599.7016666666667,367.0,0.18786520857172997,0.9996980932908985,4197.911666666667
14299,3009.8406768379646,8.0,357.0,442.0475,365.0,0.24402561356238428,0.9997053637097798,3978.4275000000002
12662,3004.675942198041,9.0,373.0,398.70000000000005,373.0,0.26677052663109085,0.9997669345755573,3987.0000000000005
15034,3000.131802595666,6.0,338.0,575.6266666666667,353.0,0.1940848124471797,0.9996254311121194,4029.3866666666668
14387,2998.0871147708153,2.0,77.0,643.4200000000001,109.0,0.19049736826789762,0.999223256244305,1930.2600000000002
17576,2995.5642408607487,17.0,357.0,202.65764705882353,365.0,0.49288532464670237,0.9997894669644184,3647.8376470588237
14262,2994.0447700788222,7.0,232.0,339.7471428571429,240.0,0.3039231550452948,0.9996689243355013,2717.977142857143
12502,2993.768602156485,4.0,214.0,776.655,309.0,0.15303917147427062,0.9985753113545321,3883.2749999999996
17502,2984.8183743674367,3.0,20.0,154.16666666666666,29.0,0.4686959197641641,0.9994318471129537,616.6666666666666
12670,2982.7723547971173,4.0,222.0,590.75,232.0,0.19239396439730755,0.9995849456474091,2953.75
14286,2972.1147981869854,2.0,219.0,1289.335,242.0,0.10903271641583322,0.9994488046005074,3868.005
15521,2969.104237616689,5.0,214.0,504.90200000000004,254.0,0.21637200717781405,0.9993091903830507,3029.4120000000003
17091,2963.519625502917,6.0,365.0,589.0516666666666,367.0,0.18786520857172997,0.9996980932908985,4123.361666666667
14016,2960.6856235505697,3.0,196.0,1195.8233333333333,357.0,0.10755122035554301,0.9975871428534322,4783.293333333333
18272,2958.6344688045237,5.0,244.0,487.75200000000007,246.0,0.22194830693422454,0.9996681098614498,2926.5120000000006
16131,2954.3556882982643,3.0,188.0,816.7266666666666,239.0,0.14900996259264568,0.9992146637690101,3266.9066666666663
17490,2954.236989940978,5.0,176.0,357.424,176.0,0.2853870780364239,0.999680200887116,2144.544
13993,2952.12823370719,8.0,288.0,392.90125,330.0,0.2653368102556348,0.9993327946043838,3536.11125
16717,2947.9478431119214,5.0,343.0,707.1659999999999,366.0,0.1606923003205177,0.9995611497348046,4242.995999999999
18130,2937.5157483068383,2.0,42.0,372.765,57.0,0.2692073185248847,0.9993651913610635,1118.295
12417,2930.0385794904214,8.0,354.0,419.72,357.0,0.24861622321524227,0.9997338907086845,3777.4800000000005
17997,2929.6069049776365,7.0,90.0,234.2757142857143,164.0,0.401069331766883,0.9946533322034435,1874.2057142857143
13082,2927.358199329394,6.0,212.0,539.0316666666666,338.0,0.20057800031604023,0.9963407075943196,3773.2216666666664
13268,2919.7444713324853,9.0,250.0,280.6911111111111,267.0,0.35089609086551476,0.9996118054764992,2806.9111111111115
12910,2919.367303087901,5.0,218.0,470.96400000000006,241.0,0.22549090159368407,0.9994988912259234,2825.7840000000006
14543,2914.7651967206143,14.0,336.0,238.95214285714286,364.0,0.41077974014931884,0.9995310586179539,3584.282142857143
13695,2912.2365389979313,13.0,228.0,186.23,259.0,0.5056057748672823,0.9992766130259536,2607.22
16458,2909.877607986194,17.0,358.0,193.46117647058824,360.0,0.49865405663562545,0.9998357696939957,3482.3011764705884
16474,2907.5534484172526,5.0,138.0,293.86,145.0,0.3267219131342038,0.999611813223237,1763.16
15581,2903.710505065408,11.0,246.0,309.40272727272725,366.0,0.32328825884084433,0.9907411825545764,3712.832727272727
17566,2903.123901345267,1.0,17.0,474.95,25.0,0.23325293550539555,0.9994007468895436,949.9
17656,2897.301183208507,4.0,55.0,333.27750000000003,128.0,0.29316056995953765,0.9967118283987858,1666.3875000000003
16416,2892.640951381298,2.0,30.0,358.755,56.0,0.2713019426979919,0.9991423124104505,1076.2649999999999
12594,2891.295359602827,8.0,285.0,374.65250000000003,322.0,0.27078472157836964,0.9993988433975576,3371.8725000000004
13426,2886.3136403398926,9.0,359.0,367.1488888888889,359.0,0.27549831470510383,0.9997669345755573,3671.488888888889
17644,2886.0299464926584,7.0,259.0,350.45285714285717,260.0,0.2854586744573682,0.999723869966913,2803.6228571428574
16164,2875.7585574113914,2.0,25.0,288.56,42.0,0.3055920057756397,0.9992901878126502,865.6800000000001
16904,2872.5783888296746,14.0,363.0,236.78928571428568,367.0,0.4080627120165246,0.999800455058624,3551.8392857142853
17238,2871.990545590859,14.0,369.0,239.215,371.0,0.4043577704352952,0.9998137791360119,3588.225
13148,2864.2807282403137,6.0,335.0,562.3100000000001,364.0,0.18913532946858863,0.9995303913300623,3936.1700000000005
12647,2863.1597369416986,10.0,347.0,335.082,369.0,0.2965589283282057,0.9996186918338004,3685.902
13588,2855.724199696705,8.0,240.0,295.70625,255.0,0.3268667369624039,0.9996200939344032,2661.3562500000003
12553,2847.396961680295,9.0,321.0,332.4411111111111,329.0,0.2962534892939456,0.9997154678254859,3324.4111111111115
12906,2845.240090692342,1.0,67.0,983.22,78.0,0.149106617325685,0.999412886670642,1966.44
12985,2843.2301464042826,1.0,28.0,485.0,28.0,0.22605273805459167,0.9994906496839487,970.0
15974,2841.368969055885,6.0,249.0,445.48499999999996,288.0,0.22936860781993715,0.9993555939350981,3118.3949999999995
14221,2838.930702094721,6.0,297.0,519.975,339.0,0.20069782360210553,0.9993858813887982,3639.8250000000003
16076,2828.0240966013016,8.0,205.0,241.16,208.0,0.3823842124488638,0.9997247570335838,2170.44
17481,2827.2304823861045,3.0,90.0,331.65333333333336,93.0,0.28347631210010654,0.9995779536129136,1326.6133333333335
18210,2812.049686212787,5.0,266.0,495.796,267.0,0.20807445782897205,0.9996745987325113,2974.776
13013,2806.8023380872773,11.0,370.0,298.41818181818184,371.0,0.3225327461009578,0.9997891679961031,3581.018181818182
17593,2806.7650794222836,4.0,349.0,815.24,352.0,0.13755079542811044,0.9996350146345956,4076.2
16173,2806.644545692531,5.0,83.0,197.788,98.0,0.4186502038026524,0.9994465667235183,1186.728
13815,2805.9005038696455,3.0,296.0,1005.1166666666667,318.0,0.11862011220182979,0.9995084856837271,4020.4666666666667
16156,2804.314310434703,8.0,302.0,348.525,310.0,0.2794438933993282,0.9996981792972516,3136.725
17444,2802.924869585356,2.0,25.0,884.29,172.0,0.13990061521082958,0.9936767089249462,2652.87
12615,2800.012250926984,3.0,166.0,552.15,168.0,0.19373961161481587,0.9995941415545965,2208.6
14844,2799.70436846411,3.0,178.0,771.7533333333334,241.0,0.1480258770472968,0.9990630225866546,3087.013333333334
14227,2798.5878244680694,5.0,258.0,522.852,284.0,0.19801704378534632,0.9995005965398939,3137.112
17768,2798.085953311848,2.0,158.0,848.0350000000001,166.0,0.14431621396031602,0.999510760911841,2544.1050000000005
12668,2797.195302618751,3.0,344.0,1112.4266666666665,355.0,0.10827293711204158,0.9995655238643189,4449.706666666666
17850,2788.983375840763,1.0,1.0,3891.87,373.0,0.04887629700813444,0.9854255214286707,7783.74
13297,2786.2279074268195,2.0,60.0,387.235,67.0,0.24942999495291296,0.9994849030772344,1161.705
12432,2786.1151243148706,2.0,130.0,871.33,172.0,0.14068357406698678,0.9992378565885035,2613.9900000000002
15782,2784.580845844608,2.0,80.0,488.20000000000005,89.0,0.21467847161499315,0.9994763865788372,1464.6000000000001
14852,2779.156059442924,4.0,194.0,586.5725,252.0,0.18031210752663135,0.9990776199220993,2932.8625
17491,2778.800291915198,9.0,366.0,359.05222222222227,367.0,0.2704409231230141,0.9997616160452836,3590.522222222223
13136,2776.819184963866,3.0,156.0,677.7166666666667,212.0,0.16331003741224984,0.999080494653485,2710.866666666667
13523,2769.539241956423,3.0,333.0,1132.6433333333332,366.0,0.10552424049128174,0.9994686627972034,4530.573333333333
15861,2765.9488103310982,5.0,255.0,486.13599999999997,267.0,0.20805991462162438,0.9996047272301594,2916.816
15531,2763.417908867895,1.0,22.0,477.33000000000004,30.0,0.22146318269482243,0.9994058627907173,954.6600000000001
14626,2760.935011423623,3.0,210.0,734.79,233.0,0.1520097861016295,0.999467993220408,2939.16
16655,2759.9251374649593,5.0,314.0,595.454,331.0,0.1747605131195506,0.9995881305538351,3572.7239999999997
13520,2757.699525035608,5.0,313.0,664.1899999999999,371.0,0.15881986038208076,0.9992714323045331,3985.1399999999994
16066,2755.3497520442356,4.0,108.0,301.165,124.0,0.3000655266439934,0.9994645710898882,1505.825
16327,2744.7812679614085,5.0,355.0,656.934,369.0,0.15959982924471688,0.999613571860869,3941.604
12754,2744.075186547892,2.0,73.0,1482.585,308.0,0.08936271597659073,0.9930292982217614,4447.755
12613,2740.933575562626,2.0,205.0,1261.36,262.0,0.10242185850945053,0.9992432732315794,3784.08
15416,2732.990473985925,3.0,218.0,869.6933333333333,282.0,0.13074248441856887,0.999151348377578,3478.773333333333
14282,2732.846323345815,14.0,364.0,223.60285714285715,367.0,0.40806545671979033,0.9998071798964817,3354.0428571428574
16011,2731.0440048605938,15.0,358.0,207.66733333333335,366.0,0.4365765526614177,0.9997777576748603,3322.6773333333335
14360,2730.2030118839193,2.0,63.0,496.77000000000004,94.0,0.20803111266692445,0.9991946822706906,1490.3100000000002
15089,2720.6068999274,5.0,118.0,239.856,128.0,0.354912106107272,0.999566772044587,1439.136
18096,2714.5551189437724,2.0,52.0,353.17499999999995,63.0,0.25697998068484895,0.9994326590861022,1059.5249999999999
15544,2708.1935366421317,8.0,363.0,399.02125,372.0,0.24015020747067725,0.9997000795556784,3591.19125
14739,2708.1049903822027,6.0,363.0,531.4,367.0,0.1878633912986618,0.9996884229297122,3719.7999999999997
13596,2700.205412227833,1.0,7.0,285.44,12.0,0.2707364541601426,0.9994277398969503,570.88
13880,2696.4304567164386,9.0,346.0,346.8855555555556,367.0,0.2704030065861287,0.9996214468070129,3468.855555555556
15443,2693.845467968323,6.0,319.0,462.6466666666667,320.0,0.2105692556008797,0.9997022349542006,3238.526666666667
14395,2692.855715655145,8.0,370.0,396.40375,372.0,0.24015973675540092,0.9997397481730688,3567.63375
12630,2676.964100243775,1.0,34.0,569.09,43.0,0.19573762069925324,0.9994064055994326,1138.18
13953,2672.4463232286107,6.0,345.0,502.6133333333334,352.0,0.1945549640033248,0.9996719440116537,3518.293333333334
15274,2668.961459483353,1.0,14.0,332.58000000000004,18.0,0.2520504700885914,0.9994448950851482,665.1600000000001
13842,2656.4030944399537,8.0,308.0,384.38124999999997,366.0,0.2433210373060152,0.999116158047955,3459.4312499999996
13971,2656.0059845975843,7.0,267.0,346.3971428571429,285.0,0.26526013500215917,0.9995943637839123,2771.1771428571433
16326,2655.1706911516912,12.0,329.0,231.12250000000003,334.0,0.38192056204361596,0.9997726937584244,3004.5925
17750,2654.225363248797,8.0,159.0,177.79625,164.0,0.45460682596883617,0.9996972130896533,1600.1662499999998
13654,2653.645198920076,4.0,230.0,598.6,273.0,0.16927961141579914,0.9993256530373824,2993.0
12646,2652.928291409981,1.0,45.0,615.28,49.0,0.18578697033522584,0.999457523427711,1230.56
15491,2652.265822862374,4.0,140.0,519.41,235.0,0.19016439250510064,0.9978511128486207,2597.0499999999997
12517,2652.2382219349533,3.0,162.0,577.3000000000001,190.0,0.17724159852641141,0.999391299764951,2309.2000000000003
17837,2649.690174191017,7.0,121.0,203.0614285714286,163.0,0.4044428483186991,0.9987133451999077,1624.4914285714287
13860,2644.420651181159,3.0,85.0,280.00666666666666,86.0,0.29629120322188546,0.999597236899972,1120.0266666666666
12610,2642.873575674416,4.0,104.0,288.1975,126.0,0.29695898607249366,0.9993716208733164,1440.9875
16533,2642.2281608751296,2.0,49.0,359.295,68.0,0.24756819085236192,0.9993234322228025,1077.885
15022,2641.2118041229805,2.0,36.0,267.255,47.0,0.2924458008271664,0.999412037049224,801.765
16607,2641.0041025058904,13.0,341.0,226.37615384615384,358.0,0.38851532859548993,0.9996784780847976,3169.266153846154
15671,2639.6954013626964,6.0,252.0,383.49,270.0,0.24160356038945,0.9995753954031734,2684.4300000000003
14408,2636.4626054348087,6.0,254.0,374.7050000000001,264.0,0.24597368422340055,0.9996397245039029,2622.935000000001
13742,2634.6704224683344,10.0,304.0,265.089,320.0,0.3339349012145797,0.9996560734679018,2915.979
15114,2629.399361882113,9.0,271.0,277.9455555555556,301.0,0.3185977549709345,0.9994650644167995,2779.4555555555557
17819,2626.8894029388084,6.0,300.0,518.9,371.0,0.18603218815018863,0.9990277052440213,3632.2999999999997
18094,2623.284282752206,4.0,210.0,628.145,291.0,0.16072809572599198,0.9987939465141421,3140.725
14235,2618.2168240265396,3.0,185.0,764.85,260.0,0.13945830085119243,0.998942932963659,3059.4
16556,2611.5385753850514,6.0,294.0,500.49,360.0,0.1908141267424096,0.9990851247667669,3503.4300000000003
14702,2608.3560496342275,16.0,364.0,183.83375,365.0,0.4652580751454501,0.9998356933041169,3125.17375
13198,2596.8424817915225,5.0,351.0,603.338,361.0,0.16257289633127728,0.9996332141840512,3620.028
12684,2595.2760716501925,6.0,206.0,299.0883333333333,213.0,0.2904750491773204,0.9996526511663346,2093.6183333333333
15676,2591.172101564976,2.0,265.0,1268.98,283.0,0.09633331260752616,0.9994854494338328,3806.94
14511,2589.059117413359,4.0,122.0,294.1625,133.0,0.28671176633620765,0.9995379721631441,1470.8125
14854,2583.8638165659786,6.0,196.0,379.625,274.0,0.2384803699001044,0.9982987270749624,2657.375
12406,2580.0286652954956,1.0,161.0,1794.05,183.0,0.08695600199270354,0.999398176926123,3588.1
17387,2570.6172485852467,1.0,14.0,437.67,33.0,0.2149120870941124,0.9992576644655402,875.34
12488,2570.1824829113693,2.0,66.0,372.635,75.0,0.23556040158346359,0.9994675897871083,1117.905
18242,2568.6330931489188,2.0,141.0,959.115,213.0,0.12019226545203555,0.9989795793305025,2877.3450000000003
16871,2568.540406114842,4.0,248.0,569.33,270.0,0.17080997368303721,0.999512564922953,2846.65
17073,2568.1759356166667,3.0,92.0,330.76666666666665,109.0,0.25794315987917693,0.9994230749383968,1323.0666666666666
17512,2566.826784346676,9.0,273.0,270.05333333333334,301.0,0.31860730263801684,0.9994950161648786,2700.5333333333333
14175,2566.048347006592,2.0,270.0,1449.86,329.0,0.085181261767183,0.9993019123068924,4349.58
14116,2562.917003174078,4.0,102.0,265.6925,121.0,0.30478997056783963,0.9994136561835298,1328.4625
17231,2560.1821941387693,9.0,349.0,321.4122222222222,361.0,0.2741961891590353,0.9996922046980379,3214.1222222222223
16308,2560.0798466807555,3.0,224.0,746.6666666666666,261.0,0.13909652513858647,0.9993807303035512,2986.6666666666665
15606,2558.695007930927,8.0,263.0,326.82,324.0,0.269269897638542,0.9988924806778926,2941.38
13901,2555.3431180754396,4.0,246.0,663.2,318.0,0.14955010718043027,0.99904799563733,3316.0
13448,2551.649239554376,4.0,357.0,772.6825000000001,373.0,0.13100696038679557,0.9995787305242431,3863.4125000000004
14112,2550.261327937898,4.0,253.0,574.5125,275.0,0.1683270638024618,0.9995149313383942,2872.5625
12456,2545.3360106050745,2.0,210.0,1120.435,254.0,0.1049683018855142,0.9993289914897527,3361.305
13450,2539.31939241373,5.0,192.0,360.62399999999997,218.0,0.2435534334993032,0.9994439003372845,2163.7439999999997
12598,2536.4135733594862,6.0,275.0,383.7033333333333,284.0,0.2320368647187888,0.9996510143933783,2685.923333333333
13680,2534.0510935609027,3.0,338.0,949.2133333333335,339.0,0.11252407909651971,0.9996033855657805,3796.853333333334
15228,2533.8322224996414,3.0,228.0,827.2866666666665,294.0,0.12641966960514875,0.9991534078763602,3309.146666666666
14163,2533.172137423737,3.0,152.0,678.0133333333333,239.0,0.14891851302534279,0.998601431290762,2712.0533333333333
15687,2531.123384380289,7.0,322.0,377.0857142857143,330.0,0.23535855931605035,0.9996840588939881,3016.6857142857143
17937,2529.7808342440026,6.0,354.0,484.60999999999996,362.0,0.1900392210559678,0.999667505250425,3392.2699999999995
18241,2529.34374154087,16.0,208.0,106.70375,217.0,0.7060123912159888,0.9997293022987794,1813.96375
14841,2527.427230102504,5.0,305.0,580.12,358.0,0.1636620434754195,0.99930793126166,3480.7200000000003
17220,2525.115565298399,9.0,340.0,318.89444444444445,364.0,0.2722687602599313,0.9995918620833929,3188.9444444444443
15674,2512.179067673451,4.0,181.0,522.87,254.0,0.17914308532560794,0.9987863152905517,2614.35
16358,2511.161367539477,3.0,183.0,521.7833333333333,184.0,0.181484455835258,0.9996010922546406,2087.133333333333
16393,2505.263847086062,12.0,367.0,238.01333333333332,369.0,0.35140393497168254,0.9997946195639521,3094.173333333333
17653,2503.494235737729,3.0,84.0,348.1066666666666,120.0,0.24284971030709776,0.9991180619251195,1392.4266666666665
14146,2501.299438688112,3.0,349.0,983.1899999999999,357.0,0.1077658072622426,0.999577535323555,3932.7599999999998
14903,2498.5709664877018,4.0,257.0,566.3625000000001,278.0,0.1668728537225381,0.9995234299260007,2831.8125000000005
14140,2497.8708884499197,1.0,28.0,394.06,31.0,0.2192588135147824,0.9994614956775849,788.12
15708,2496.3627055509273,6.0,329.0,486.32666666666665,369.0,0.18695846995898827,0.9994375121645269,3404.2866666666664
15500,2495.270132516043,3.0,73.0,241.84666666666666,81.0,0.3061481033456221,0.9995153889745118,967.3866666666667
13327,2493.3059797578694,6.0,327.0,480.46166666666664,365.0,0.18868487225303726,0.9994531682273758,3363.2316666666666
13429,2492.6925146227754,3.0,65.0,225.4,75.0,0.31890130452891735,0.9994824795376696,901.6
17799,2492.417477886929,8.0,339.0,351.96125,361.0,0.2462707212960847,0.9996025612640939,3167.65125
13507,2491.573044780966,3.0,142.0,412.26,145.0,0.21456845160151258,0.9995852811512511,1649.04
13735,2489.3598820686334,3.0,210.0,649.4633333333333,234.0,0.15150693677186786,0.99946122224152,2597.853333333333
16497,2487.1364593131198,4.0,284.0,671.5975,333.0,0.14401076364379956,0.999339782668173,3357.9874999999997
14546,2483.2859365405197,4.0,243.0,503.16,248.0,0.18268693233734853,0.9996192756901818,2515.8
15796,2482.2506346181813,7.0,301.0,337.8128571428571,302.0,0.25313565669933263,0.9997246149399706,2702.502857142857
14388,2481.3702282175964,7.0,362.0,414.2914285714286,372.0,0.21293787204326728,0.999677356448153,3314.3314285714287
15707,2478.6648131345314,3.0,51.0,252.70000000000002,86.0,0.2961004737558184,0.9989537731548358,1010.8000000000001
16984,2477.7856795325893,1.0,42.0,1246.33,130.0,0.11002866105136046,0.9985209650953795,2492.66
14971,2477.5410796710876,1.0,8.0,491.37,43.0,0.19565606076377728,0.9989899730216596,982.74
14099,2477.030726624954,10.0,338.0,272.065,354.0,0.3070925528538495,0.999668655494918,2992.715
15065,2471.5414656595863,3.0,254.0,794.8233333333333,291.0,0.12750551937261112,0.9994050459011724,3179.293333333333
13571,2469.712185432637,11.0,241.0,176.69727272727275,253.0,0.44070858874511754,0.9996783918048053,2120.367272727273
14842,2467.3652997514946,3.0,265.0,838.23,308.0,0.1217510463060238,0.9993755455012532,3352.92
12840,2466.1967920183706,3.0,83.0,624.2333333333332,226.0,0.15492965760532212,0.9950481168918438,2496.933333333333
14907,2463.2948666599304,5.0,364.0,576.606,367.0,0.16034065953485277,0.9996670747032665,3459.636
16759,2456.220361983299,1.0,23.0,370.94,30.0,0.22146578599823138,0.9994176108233153,741.88
13373,2456.15366441566,2.0,216.0,1162.275,276.0,0.0982641384037498,0.9992388506160491,3486.8250000000003
13047,2454.0423521055477,7.0,342.0,410.13,373.0,0.2124233633079298,0.999523681652787,3281.04
18230,2450.8610897873587,6.0,293.0,390.8966666666667,302.0,0.2207771753521377,0.9996540240420937,2736.276666666667
13159,2450.546190805746,3.0,107.0,324.0133333333333,115.0,0.24955583942489,0.9995342312732853,1296.0533333333333
14704,2445.5271360677907,8.0,169.0,174.15125,180.0,0.425355900194767,0.9996274518401603,1567.36125
15854,2443.632714326419,9.0,357.0,304.3355555555556,361.0,0.2742105374944156,0.9997445173106749,3043.355555555556
18079,2441.102749197015,2.0,193.0,1000.1600000000001,238.0,0.11043792327639555,0.9993057213631292,3000.4800000000005
13851,2441.0964976386035,2.0,193.0,1202.5700000000002,288.0,0.09493163397451877,0.9989367157162439,3607.7100000000005
16209,2439.668323291421,4.0,158.0,489.1675,246.0,0.18360218329510294,0.9982872905305246,2445.8375
17461,2429.1471061024345,1.0,7.0,353.26,29.0,0.22367658682639413,0.9991894472690422,706.52
15877,2428.9455006678986,1.0,16.0,251.02,17.0,0.2549931449563443,0.9994796445928691,502.04
15654,2428.85329307775,1.0,17.0,327.51,26.0,0.2307926727857329,0.9993890467459248,655.02
13870,2427.9964780637333,5.0,285.0,445.38199999999995,287.0,0.19638115767474226,0.9996695296963682,2672.2919999999995
16347,2423.9448563333267,1.0,25.0,410.65999999999997,36.0,0.20879144177372488,0.9993764989599514,821.3199999999999
13658,2419.591343435017,2.0,195.0,852.935,204.0,0.12422210418478952,0.999512299874652,2558.805
17504,2419.58848649584,5.0,116.0,511.17600000000004,322.0,0.17448137858055138,0.9755320755444232,3067.0560000000005
14572,2418.755771805335,6.0,321.0,412.2516666666667,324.0,0.2084234133222777,0.9996917096683379,2885.761666666667
17633,2417.7089463436605,3.0,89.0,330.65000000000003,120.0,0.2428745248666759,0.9992201525335123,1322.6000000000001
17554,2415.3314660178494,4.0,147.0,295.005,148.0,0.2669124057537174,0.999639446390119,1475.025
14257,2414.297019692273,4.0,254.0,619.895,318.0,0.14956634517359457,0.9991564712167184,3099.475
14178,2413.4671253374086,6.0,174.0,233.81499999999997,182.0,0.3263564838606652,0.9996350105155595,1636.7049999999997
15511,2413.387753454367,4.0,74.0,174.4075,85.0,0.3761093415373084,0.9994957320921679,872.0375
16938,2409.658552376267,3.0,300.0,814.6933333333335,308.0,0.12177516126031562,0.9995734895545597,3258.773333333334
13758,2408.8715472690747,6.0,362.0,471.34999999999997,373.0,0.18530607561894705,0.999652502438287,3299.45
13362,2406.816196358739,3.0,278.0,759.3466666666667,287.0,0.12895935644543707,0.999566650706971,3037.3866666666668
15478,2406.723578719494,1.0,16.0,573.09,56.0,0.17528999139181828,0.9989696062350696,1146.18
17659,2404.9522966946092,11.0,355.0,250.15090909090907,372.0,0.3217639511045744,0.9996732971578884,3001.810909090909
16628,2404.4135161165414,4.0,205.0,456.85,234.0,0.19109348902399392,0.9994270160957055,2284.25
15932,2403.5844168516946,7.0,285.0,311.16285714285715,289.0,0.26232484209640083,0.9997055866737233,2489.302857142857
13040,2391.820743901438,1.0,25.0,373.74,33.0,0.21494456248459812,0.9994086624074808,747.48
14539,2390.6525817528423,1.0,29.0,465.35,44.0,0.19399105206224881,0.9993392627736252,930.7
12408,2389.4582138932165,3.0,228.0,683.6533333333333,260.0,0.13952473754687753,0.9994188205030813,2734.6133333333332
15296,2386.882871139154,5.0,276.0,494.70599999999996,326.0,0.17692150262384715,0.999296488630403,2968.236
15801,2386.2861275629402,2.0,63.0,463.365,109.0,0.19044856233311439,0.9989672525760046,1390.095
17314,2382.2412063874954,7.0,288.0,332.01714285714286,312.0,0.24644753157112625,0.99955135975706,2656.137142857143
14691,2381.4842112252913,3.0,182.0,558.2433333333333,212.0,0.1633614156364774,0.9993948108001781,2232.9733333333334
13230,2381.2850458363546,12.0,361.0,221.84833333333333,365.0,0.35463876733143057,0.9997819058206886,2884.028333333333
14788,2379.2003170896396,1.0,19.0,310.99,26.0,0.2307984774630705,0.9994141824267117,621.98
15764,2374.505456562472,3.0,188.0,719.68,276.0,0.1329684718065912,0.9987881394559356,2878.72
17232,2374.4701377756323,1.0,12.0,209.73,14.0,0.26421627885832066,0.9994674288964128,419.46
18144,2373.0339365032305,10.0,366.0,272.37,373.0,0.29391047433498124,0.9997405548750484,2996.07
17863,2372.5066038336245,5.0,310.0,555.0559999999999,369.0,0.15954292570645412,0.9992571707957578,3330.3359999999993
14032,2372.154020929222,10.0,364.0,267.173,366.0,0.29864990906203637,0.9997705678313844,2938.9030000000002
18167,2371.9614295686033,2.0,82.0,443.19000000000005,105.0,0.1949011063665866,0.999337706760195,1329.5700000000002
12352,2370.7550443923924,6.0,260.0,368.25666666666666,296.0,0.22435144926066347,0.9994056360781497,2577.7966666666666
16928,2368.932307686001,16.0,293.0,168.653125,373.0,0.4548397679618482,0.9954675700633914,2867.1031249999996
16905,2368.423491260847,5.0,366.0,556.64,371.0,0.15888132887296505,0.999658183097411,3339.84
13632,2367.8968103226566,4.0,219.0,464.9225,243.0,0.18558974511013057,0.9994811417076547,2324.6125
13323,2367.360526620512,4.0,81.0,166.8875,84.0,0.37861296935231903,0.9996120222391844,834.4375
16811,2366.6288675937244,1.0,13.0,232.3,17.0,0.2549841341379115,0.9994443254880898,464.6
17469,2365.936330030266,4.0,188.0,391.40250000000003,204.0,0.21212067288627218,0.9995280689861632,1957.0125000000003
13451,2365.9347268320466,4.0,308.0,634.7674999999999,334.0,0.14367831813765874,0.9995135284238658,3173.8374999999996
12526,2365.625706211568,2.0,94.0,398.17999999999995,94.0,0.20810641864472504,0.9995563845737592,1194.54
14535,2365.4373986292817,2.0,188.0,1000.985,248.0,0.10694153686748901,0.9991973831245432,3002.955
14732,2364.051914650123,7.0,331.0,357.05571428571426,339.0,0.2301660416332884,0.999685172871023,2856.445714285714
14640,2363.544965100144,5.0,203.0,342.326,227.0,0.23615374119817276,0.9994766076579541,2053.956
13869,2360.6264398155568,3.0,234.0,920.0099999999999,357.0,0.10765545241689285,0.9985539432665932,3680.0399999999995
13456,2358.384053148606,5.0,190.0,311.812,207.0,0.2532867458971905,0.9995368315903828,1870.872
17101,2352.883754925047,3.0,168.0,463.7166666666667,178.0,0.1858830969129315,0.999539775409221,1854.8666666666668
13911,2349.099055908035,8.0,251.0,280.6725,308.0,0.28071302879262455,0.9989379061958313,2526.0525000000002
14502,2347.488449734886,8.0,294.0,284.71999999999997,313.0,0.27722377083088245,0.9996077836293983,2562.4799999999996
14482,2347.421930579685,5.0,221.0,356.942,239.0,0.22696617483918063,0.9995457999562433,2141.652
12397,2347.1009419392344,1.0,100.0,1195.09,135.0,0.10741249357354865,0.9992816930254722,2390.18
12395,2345.5187972437902,10.0,352.0,267.253,371.0,0.2952193460387343,0.9996480140077086,2939.783
14515,2345.0762178732098,4.0,201.0,412.8725,218.0,0.20176999235741735,0.9995265554522927,2064.3625
15984,2343.9570949695735,9.0,366.0,295.3255555555555,368.0,0.2698204858698047,0.9997561887822558,2953.2555555555555
16686,2343.8536878947443,6.0,308.0,434.7916666666667,355.0,0.19311545854846027,0.9993476356635889,3043.541666666667
14530,2343.5935960873976,5.0,271.0,439.85,296.0,0.19150846046526454,0.9995165035742843,2639.1000000000004
16316,2343.37896455962,6.0,294.0,438.4483333333333,358.0,0.1917135500928064,0.999113829323213,3069.1383333333333
16940,2339.8475429531436,2.0,237.0,1146.1,289.0,0.0947016576546016,0.9993087805235903,3438.2999999999997
17835,2338.218942060322,2.0,21.0,116.19999999999999,23.0,0.368850318651674,0.9995279340440535,348.59999999999997
15572,2336.8517478330104,4.0,274.0,521.8774999999999,278.0,0.16689016227491346,0.9996271034909417,2609.3875
12952,2334.8717725925585,2.0,73.0,328.125,78.0,0.23076020309203757,0.999510790573178,984.375
13318,2329.964933110341,2.0,36.0,168.9,37.0,0.3200998401002074,0.999544333055815,506.70000000000005
13115,2327.8907376801158,3.0,173.0,472.07666666666665,184.0,0.18147231883343812,0.9995342426711872,1888.3066666666666
17685,2323.1788312366416,6.0,356.0,450.5516666666667,372.0,0.18572095621404028,0.9996234747548133,3153.8616666666667
12643,2321.92610505784,4.0,204.0,618.36,332.0,0.14413995832926296,0.9977476396625248,3091.8
16813,2320.0181954952754,9.0,196.0,162.3411111111111,204.0,0.4319289731171879,0.9996878125201445,1623.411111111111
16966,2317.827115217171,6.0,232.0,290.96166666666664,240.0,0.265086270640164,0.9996500467665826,2036.7316666666666
14315,2315.928801482217,5.0,222.0,390.146,266.0,0.20861203776382378,0.9992737056748805,2340.876
15398,2315.050093515686,1.0,62.0,710.6800000000001,78.0,0.1491004139095881,0.9993713072015357,1421.3600000000001
12360,2311.670765624694,2.0,148.0,789.24,200.0,0.12602870220782408,0.9991859618615913,2367.7200000000003
13784,2309.665986225577,10.0,323.0,234.91500000000002,332.0,0.3239608457305106,0.9997209274628307,2584.065
16942,2306.6908484293003,7.0,215.0,232.80714285714288,227.0,0.31726159237566076,0.9996272334340012,1862.457142857143
12572,2304.6208511361683,1.0,43.0,487.68,51.0,0.18268180696377076,0.9994222223128425,975.36
17589,2304.4999614447806,3.0,180.0,604.4666666666667,240.0,0.14851094520105274,0.9991026372232654,2417.866666666667
14882,2301.6517755953323,1.0,7.0,341.8,33.0,0.21488419874912426,0.9991279945020893,683.6
13394,2300.601627814754,7.0,308.0,315.18,309.0,0.24844697121842904,0.9997247228146878,2521.44
14211,2299.629415569719,8.0,242.0,261.9875,295.0,0.2907581173106866,0.9989976294398831,2357.8875000000003
16361,2297.8685519022943,3.0,62.0,185.42333333333332,71.0,0.32802185878658674,0.999493312087919,741.6933333333333
14239,2295.667506696253,10.0,273.0,222.125,316.0,0.33725567469245565,0.999213417099147,2443.375
15933,2290.808058340308,2.0,65.0,347.825,86.0,0.21880390931992716,0.9993305166028672,1043.475
15140,2288.6590814994515,5.0,212.0,381.62,264.0,0.2098372304666077,0.999140169020147,2289.7200000000003
12388,2287.2153109441033,5.0,311.0,469.872,326.0,0.17697511233430205,0.9995992895597393,2819.232
17965,2283.318135802154,12.0,332.0,213.48666666666668,369.0,0.35126499969222236,0.9993993287574245,2775.326666666667
17788,2281.5780842514437,1.0,56.0,1101.2,129.0,0.11061774676177966,0.9988201997274728,2202.4
15356,2281.396020804322,9.0,337.0,286.1011111111111,368.0,0.26975667877059983,0.9995197666213784,2861.011111111111
16102,2272.5719887031396,2.0,86.0,501.19000000000005,128.0,0.1720998110401864,0.9991263838266764,1503.5700000000002
12457,2268.581142918128,6.0,173.0,282.33,239.0,0.2656367315302843,0.9984831587468115,1976.31
14550,2267.400911898699,1.0,34.0,416.58000000000004,44.0,0.19400219919719588,0.9993966869151082,833.1600000000001
15628,2266.214153627036,8.0,362.0,318.8825,366.0,0.24347022399680937,0.9997287431124791,2869.9425
16081,2266.1090500214605,4.0,310.0,660.4549999999999,366.0,0.13308032166041697,0.9993143874974078,3302.2749999999996
14824,2262.2076760680684,3.0,81.0,228.60000000000002,91.0,0.28699840474477045,0.999497006911644,914.4000000000001
16015,2262.0071986191815,2.0,46.0,201.89000000000001,49.0,0.28751735442343657,0.9995228769838425,605.6700000000001
17924,2260.663160092864,4.0,362.0,670.875,373.0,0.13100998344004025,0.9996017963194931,3354.375
13066,2259.9689465970287,1.0,8.0,318.99,32.0,0.21702138097691623,0.9991637624683444,637.98
12480,2259.257635387907,3.0,308.0,821.7933333333334,336.0,0.11334413574341119,0.9994831983524232,3287.1733333333336
16438,2244.7426229588186,4.0,77.0,148.4875,82.0,0.3836201906124857,0.9995851520197703,742.4375
16049,2244.543893821529,2.0,35.0,295.35,75.0,0.2354235619671577,0.9988869881215597,886.0500000000001
14676,2241.8875050254333,5.0,252.0,398.384,283.0,0.19857023401917687,0.9994528262084492,2390.304
12708,2237.7984636124274,9.0,339.0,279.60777777777776,368.0,0.2697627871642804,0.9995423998338494,2796.0777777777776
13813,2235.153935274794,3.0,95.0,327.24,134.0,0.2260928979511493,0.9991112127376842,1308.96
16218,2234.701558648025,5.0,344.0,522.676,373.0,0.15814122355313567,0.999525136110584,3136.0560000000005
15514,2232.163839388184,7.0,352.0,357.9328571428572,364.0,0.21686991342233486,0.9996640396738847,2863.4628571428575
17193,2229.7383058822884,4.0,141.0,312.685,176.0,0.2363074848236307,0.9992580498114122,1563.425
13021,2228.3578307063044,7.0,354.0,351.29,358.0,0.2199279080668779,0.9997097611082871,2810.32
18145,2228.122979623297,3.0,300.0,750.8466666666667,312.0,0.12049427877104771,0.9995559152465971,3003.3866666666668
12600,2227.079653119142,9.0,343.0,280.28222222222223,371.0,0.2679266198377641,0.9995553176430501,2802.822222222222
17071,2226.642663997245,7.0,281.0,302.92571428571426,309.0,0.24839300941437473,0.9995075861382526,2423.405714285714
15755,2225.0709476205584,5.0,284.0,409.91399999999993,294.0,0.1925844930452191,0.9996236788921232,2459.4839999999995
16929,2220.716565693197,6.0,152.0,177.70833333333334,155.0,0.36572475639332547,0.9996792090094676,1243.9583333333335
15299,2219.9678934592507,3.0,305.0,890.6666666666666,372.0,0.10406673740739195,0.9992619951625797,3562.6666666666665
13363,2216.234907502169,1.0,26.0,388.68,43.0,0.19571911288130395,0.9993119075068017,777.36
18204,2215.068841917747,2.0,121.0,717.185,192.0,0.12985730688874564,0.9989119809227893,2151.555
14019,2213.7546655891438,2.0,92.0,518.66,138.0,0.16377761131407853,0.9990974537744514,1555.98
17346,2213.1508894426916,13.0,370.0,191.44384615384615,373.0,0.3753731269063472,0.9997985552744157,2680.213846153846
15696,2210.408094071404,7.0,293.0,316.8085714285714,326.0,0.23769065421586943,0.9994663429750011,2534.468571428571
18097,2210.1434035279185,4.0,347.0,619.97,354.0,0.13689795427149068,0.9996178267455095,3099.8500000000004
16744,2209.3062121414973,6.0,162.0,196.99166666666665,173.0,0.3384853313386538,0.9995980518831616,1378.9416666666666
12726,2204.9072970907805,6.0,329.0,406.46999999999997,357.0,0.19224460738295474,0.9995346514595687,2845.29
13769,2203.7093707730746,8.0,365.0,309.27625,367.0,0.24291434670404555,0.9997396281070251,2783.48625
18075,2200.759228519103,9.0,337.0,268.0888888888889,360.0,0.27480997080443387,0.9995994837871514,2680.888888888889
14710,2198.283313764782,3.0,45.0,142.19,59.0,0.35875648945967253,0.9993878726115583,568.76
16987,2194.8815464362574,5.0,202.0,280.75,205.0,0.25516730287384615,0.9996590144029275,1684.5
18257,2194.0781349478307,6.0,257.0,334.87166666666667,296.0,0.22434284213807315,0.9993672944188667,2344.1016666666665
12584,2193.865113983952,8.0,277.0,234.315,280.0,0.3034801744250222,0.9997301861054739,2108.835
14701,2191.2704446213856,6.0,306.0,356.9066666666667,316.0,0.2127463065653315,0.9996498444185173,2498.346666666667
17739,2184.0991895635893,6.0,349.0,405.215,360.0,0.19092213806176767,0.999650662048096,2836.5049999999997
13285,2182.4618675710035,3.0,267.0,680.7433333333333,290.0,0.12787212937125592,0.9994938202701655,2722.9733333333334
14234,2181.227675269643,3.0,35.0,135.22666666666666,57.0,0.36437945288876555,0.9991810372900238,540.9066666666666
15271,2175.8738553400353,14.0,358.0,170.11357142857145,365.0,0.40993452223027904,0.9997784879594077,2551.7035714285716
16253,2173.6223018593787,1.0,189.0,1983.46,255.0,0.06761570934348024,0.9992279364127572,3966.92
15808,2171.240243359763,3.0,63.0,899.4066666666668,369.0,0.10094305876727752,0.962673109395868,3597.626666666667
15136,2167.405042641933,2.0,94.0,351.9,96.0,0.20557939974880943,0.9995408243265923,1055.6999999999998
16284,2166.5520383258195,1.0,19.0,422.43,50.0,0.1841616273024542,0.9991159615192067,844.86
17290,2165.3778320136494,1.0,13.0,164.18,16.0,0.25799007743068914,0.9994560771428299,328.36
16912,2165.1379297786457,5.0,295.0,435.65600000000006,323.0,0.17831343167701091,0.9995075356830688,2613.9360000000006
17213,2163.9768009798777,5.0,326.0,493.666,366.0,0.1606726731566913,0.9994390620529354,2961.996
12919,2157.972920772724,5.0,161.0,225.798,169.0,0.29376302936193543,0.9996096980216443,1354.788
18077,2152.1296796310708,10.0,358.0,237.954,366.0,0.2986387326925219,0.9997331534376185,2617.494
15370,2151.8301391940395,6.0,292.0,366.97499999999997,332.0,0.20420500002474998,0.9994005798148764,2568.825
12721,2150.894359094374,5.0,323.0,473.90599999999995,354.0,0.1652420238830689,0.9995017619514183,2843.4359999999997
15568,2148.41670563845,2.0,71.0,264.99,73.0,0.23889705088334068,0.99953823304673,794.97
14243,2147.6001032833556,9.0,357.0,263.94111111111107,365.0,0.27167616731640754,0.999720182543026,2639.4111111111106
16669,2145.426341237144,1.0,55.0,623.54,78.0,0.1490905165739787,0.9993049685981314,1247.08
14713,2144.781054469964,10.0,356.0,236.325,365.0,0.29932487084509224,0.9997261489432332,2599.575
13771,2144.189453037642,2.0,183.0,881.425,247.0,0.10727594241558656,0.999159111016295,2644.2749999999996
13212,2144.0589814215346,1.0,42.0,495.36,61.0,0.16860267651841743,0.999320202319649,990.72
13726,2142.455649491357,1.0,62.0,786.98,100.0,0.12965717017240266,0.9991889298716258,1573.96
17164,2142.189805612919,4.0,241.0,460.055,273.0,0.16929788535659948,0.9994335314621445,2300.275
17700,2140.8184202874404,3.0,265.0,644.01,281.0,0.13116582254004713,0.9995300620572835,2576.04
18260,2139.0486170077556,5.0,186.0,479.53000000000003,358.0,0.16272502070943734,0.9935865418549625,2877.1800000000003
17015,2138.7854406109395,2.0,157.0,659.03,185.0,0.13350016836568554,0.9993828862740018,1977.09
14712,2138.1854836233833,2.0,83.0,400.675,112.0,0.18734783324803408,0.9992732965325074,1202.025
15797,2137.590913151862,3.0,206.0,730.8000000000001,319.0,0.11819900228181289,0.9985342631310506,2923.2000000000003
13914,2137.3011197911387,1.0,25.0,305.38,36.0,0.20879144177372488,0.9993764989599514,610.76
17069,2133.1019330269605,7.0,345.0,347.5214285714286,373.0,0.2124289631495592,0.9995500307992977,2780.171428571429
17596,2132.5063478345214,6.0,345.0,402.62000000000006,368.0,0.18741249383607197,0.9995768283197489,2818.3400000000006
18123,2130.98448191555,1.0,7.0,265.96,31.0,0.219192447265621,0.9991589741525156,531.92
12876,2126.7052779228375,1.0,139.0,1491.5900000000001,196.0,0.08267303729777864,0.9992073314368303,2983.1800000000003
13467,2126.0818535131702,1.0,26.0,301.25,36.0,0.20879393636043928,0.9993884392546101,602.5
16709,2119.29199746522,3.0,197.0,636.4466666666666,281.0,0.1310801878928928,0.9988774956910849,2545.7866666666664
12628,2118.3891948922646,2.0,60.0,226.41,64.0,0.25506791400429557,0.9995163826917014,679.23
13908,2117.9124245552343,3.0,197.0,624.5166666666668,276.0,0.1329883669584012,0.9989375812099885,2498.066666666667
13700,2116.2557870442593,7.0,301.0,301.3014285714286,327.0,0.23710807117485416,0.9995412529751223,2410.4114285714286
17006,2115.0602946429503,3.0,71.0,167.00666666666666,75.0,0.31892679120582706,0.9995623584427451,668.0266666666666
13527,2111.131571364328,5.0,293.0,426.38199999999995,326.0,0.17695193565663328,0.9994683819409985,2558.2919999999995
12429,2111.0536245683907,3.0,356.0,822.9666666666667,365.0,0.1057786097567312,0.9995742946964871,3291.866666666667
17702,2105.662220309384,3.0,176.0,461.5233333333333,206.0,0.16692574927010176,0.9993887329136554,1846.0933333333332
14407,2105.537172152048,5.0,169.0,360.11,276.0,0.2021481167597114,0.9972228111544997,2160.66
16880,2104.762239386488,5.0,159.0,244.31000000000003,189.0,0.27091102813023915,0.9993428715734805,1465.8600000000001
13124,2103.653176532489,2.0,270.0,1250.005,359.0,0.07919680347183308,0.9991428260049497,3750.0150000000003
12948,2099.875157829866,6.0,248.0,282.19166666666666,264.0,0.24596157975928068,0.9995905318302384,1975.3416666666667
16919,2098.9292689585345,10.0,212.0,239.39000000000001,368.0,0.2897999984544028,0.9746055660780989,2633.29
14776,2098.3906277835554,8.0,261.0,247.4925,312.0,0.27781351854722847,0.9991113843363061,2227.4325
12674,2097.0666277087635,3.0,169.0,461.2866666666667,207.0,0.1663072404096685,0.999307496996122,1845.1466666666668
14107,2095.3496521270918,6.0,313.0,389.9983333333334,364.0,0.18909397436573955,0.9993118405058966,2729.9883333333337
16241,2092.57846813483,11.0,360.0,210.24181818181816,369.0,0.32398907131904087,0.9997376468472925,2522.901818181818
15365,2091.7800932242835,3.0,290.0,701.9033333333333,315.0,0.11954502529813181,0.9994916706048745,2807.6133333333332
13804,2090.949172267815,5.0,259.0,372.952,289.0,0.19524433818363918,0.999467513870892,2237.712
13265,2090.9241878131306,4.0,220.0,446.305,273.0,0.16925923826433215,0.9992053821274726,2231.525
14250,2089.9098377667,1.0,82.0,675.22,89.0,0.1387247156033014,0.9994466929857728,1350.44
13500,2088.191167299479,2.0,99.0,420.185,122.0,0.17755046513413825,0.999362452772978,1260.555
12916,2087.2870952565577,3.0,182.0,712.6333333333333,320.0,0.11782039506380822,0.9979016834673532,2850.5333333333333
15453,2083.0817055585662,6.0,186.0,196.23833333333334,187.0,0.32000092199602514,0.999699497977147,1373.6683333333335
13510,2078.3963547571084,3.0,182.0,402.08,183.0,0.18220487040507719,0.9996010682083448,1608.32
16460,2078.3313434882666,2.0,53.0,276.195,81.0,0.22607304056534924,0.9992044606248736,828.585
13975,2077.694890390533,4.0,245.0,447.52,276.0,0.1678272295872423,0.9994445940348018,2237.6
14963,2077.544855918271,4.0,174.0,294.53499999999997,183.0,0.22981516200205152,0.9995797394381621,1472.6749999999997
15752,2077.3125469985002,6.0,333.0,394.4916666666666,372.0,0.1856886455353146,0.9994495659316097,2761.441666666666
16352,2074.207221445716,1.0,20.0,289.52,37.0,0.2068040389199654,0.9992989765554945,579.04
16157,2074.1671204861013,2.0,57.0,244.185,72.0,0.24055678711623604,0.9993903151426571,732.5550000000001
15815,2072.2883783566917,4.0,196.0,418.40000000000003,259.0,0.17645162125930958,0.999013201546663,2092.0
15411,2069.2934873696495,3.0,156.0,397.51,182.0,0.18289477742388774,0.9994029619259327,1590.04
15594,2067.4785106036397,4.0,219.0,375.9675,234.0,0.1911169063578637,0.9995494897405895,1879.8374999999999
13983,2066.1970272490244,9.0,337.0,252.67444444444448,366.0,0.27100290737640526,0.9995409277561835,2526.7444444444445
16012,2063.615380936405,2.0,120.0,525.12,155.0,0.15137138574079267,0.9992829590106512,1575.3600000000001
16170,2062.7009909574613,5.0,198.0,313.806,248.0,0.22042908549508028,0.9991307645637145,1882.8359999999998
18008,2060.24517683144,7.0,248.0,283.6257142857143,318.0,0.24242296925037993,0.9987156228406712,2269.0057142857145
15608,2058.405000467777,2.0,92.0,404.0,120.0,0.17941931448821805,0.9993020372978748,1212.0
14385,2057.357266207193,2.0,14.0,73.475,23.0,0.368805490306246,0.9994064560861218,220.42499999999998
15527,2056.418194648108,7.0,336.0,315.30428571428575,354.0,0.22198831086575277,0.9996210693696296,2522.434285714286
14334,2056.097211375755,7.0,342.0,318.86571428571426,358.0,0.2199117798104383,0.9996364481052489,2550.925714285714
15787,2053.280276586374,1.0,35.0,454.15999999999997,61.0,0.16858818283293647,0.9992342972023267,908.3199999999999
15883,2052.7520430206714,1.0,31.0,252.72,33.0,0.21495815902320206,0.9994718810267493,505.44
16924,2050.4631719529293,2.0,63.0,279.39,84.0,0.22166483745789628,0.9993266222120396,838.17
14629,2049.9322735211936,1.0,43.0,352.08,47.0,0.1889925004522946,0.9994569228200363,704.16
15051,2049.376356014828,2.0,127.0,502.80999999999995,150.0,0.1548457578820281,0.9993929791652991,1508.4299999999998
15722,2048.1061482340456,3.0,255.0,629.0533333333333,290.0,0.12786246280210248,0.9994182629444248,2516.213333333333
14659,2046.656364742737,8.0,307.0,242.095,315.0,0.2758047363241341,0.9996989264043709,2178.855
17059,2046.3764763320885,4.0,340.0,589.5074999999999,369.0,0.13219441165257398,0.999509258509777,2947.5374999999995
14309,2044.8204427858539,8.0,350.0,275.5975,358.0,0.24802659641102306,0.9997045617552666,2480.3775
15763,2044.1829149067592,1.0,46.0,564.4300000000001,77.0,0.15009837559900718,0.9992122926324527,1128.8600000000001
14664,2041.4667621606454,1.0,14.0,248.85,33.0,0.2149120870941124,0.9992576644655402,497.7
12723,2041.364517019615,2.0,62.0,212.82999999999998,65.0,0.2531659017191838,0.9995270571938587,638.49
13883,2040.434297376292,2.0,243.0,847.0350000000001,253.0,0.10531397793329689,0.9995150159034933,2541.1050000000005
15297,2039.6561552560495,2.0,53.0,205.74,63.0,0.25698333592898853,0.9994457081203632,617.22
12828,2039.6504299277635,5.0,128.0,158.342,130.0,0.3513767130667033,0.9996608113961972,950.0520000000001
14766,2035.668403231354,5.0,358.0,458.59399999999994,366.0,0.16070556792199575,0.9996436787605337,2751.5639999999994
15033,2034.3552410666837,9.0,325.0,222.29222222222222,329.0,0.2962615336855104,0.9997426138439033,2222.9222222222224
17442,2034.2831449919556,5.0,254.0,361.546,290.0,0.19468878841083767,0.9994081320375393,2169.276
16255,2033.0985352052764,7.0,349.0,320.8085714285714,365.0,0.21636453262064612,0.9996382299000448,2566.468571428571
15653,2031.788755865293,1.0,23.0,829.44,115.0,0.11896369434863116,0.9981940484984817,1658.88
12843,2028.0736215835614,7.0,199.0,229.83714285714285,264.0,0.28169087830854195,0.9985256708269373,1838.6971428571428
15399,2021.803483671225,2.0,78.0,255.3,79.0,0.2292085916940686,0.9995477998708129,765.9000000000001
14834,2021.4749865144493,5.0,223.0,295.322,240.0,0.22623361095668965,0.9995553081506345,1771.932
16283,2021.157321206117,4.0,203.0,323.25,208.0,0.20907481125887667,0.9996149932495942,1616.25
15948,2018.1773135632393,1.0,35.0,311.0,43.0,0.19573965506734683,0.9994167927723063,622.0
14639,2013.9393145100694,3.0,309.0,769.3166666666666,361.0,0.10673954738000747,0.9993566760963163,3077.2666666666664
13630,2011.4425173191141,6.0,280.0,288.7733333333333,285.0,0.2313873909475692,0.9996775855080952,2021.4133333333332
15379,2011.234689812389,6.0,189.0,368.6383333333333,358.0,0.19014741007678734,0.9909519015517871,2580.4683333333332
17317,2010.6385653349228,2.0,43.0,286.2,89.0,0.21453893689763007,0.9988267562080636,858.5999999999999
16477,2009.6680615141984,6.0,308.0,378.135,371.0,0.18605683367360729,0.9991600563223497,2646.9449999999997
12364,2005.7544878643228,3.0,105.0,229.7266666666667,112.0,0.2536963100232045,0.9995430755886084,918.9066666666668
13365,2004.06763112118,1.0,184.0,1524.77,217.0,0.07661270404127991,0.9993628370176816,3049.54
15701,2003.8157266290632,3.0,108.0,225.03333333333333,110.0,0.2565442498320148,0.9995898279095247,900.1333333333333
17954,2003.072021675414,11.0,366.0,200.48636363636368,371.0,0.3225249700770457,0.999765063825065,2405.8363636363642
16279,2002.3535896825495,2.0,155.0,571.85,176.0,0.13841229841444,0.9994285224002,1715.5500000000002
16464,2002.093269888263,2.0,123.0,459.16499999999996,142.0,0.16072355367226404,0.9994207880345171,1377.495
13814,1998.6668413786163,1.0,45.0,961.5799999999999,137.0,0.106285950720093,0.9984995094031647,1923.1599999999999
13558,1998.16038406044,3.0,63.0,133.94,68.0,0.33522728446654315,0.9995470040464137,535.76
18245,1997.403145836609,4.0,348.0,550.3325,355.0,0.13657502789781614,0.9996178999462161,2751.6625
17402,1988.6413512246868,11.0,365.0,197.62545454545455,369.0,0.3239999594620522,0.9997712445437467,2371.5054545454545
13147,1984.8345684832382,3.0,89.0,198.0,99.0,0.2733265609479372,0.9995030748167276,792.0
14730,1983.7606130410775,6.0,275.0,274.45,276.0,0.237430721153094,0.9997015657918868,1921.1499999999999
14141,1980.8026500388808,3.0,103.0,209.99,105.0,0.26391967554933443,0.9995893175430159,839.96
17254,1979.9410183916718,1.0,11.0,102.13,15.0,0.2610612175015491,0.9994431426817366,204.26
16007,1978.7553875852564,3.0,168.0,443.28,215.0,0.16160616631235727,0.9992149774209831,1773.12
15998,1976.0285673185467,4.0,326.0,554.2075,362.0,0.1343356033240402,0.9994628702119049,2771.0375
18231,1971.8698659775696,4.0,96.0,445.1925,288.0,0.15993161011160711,0.9855604721452594,2225.9625
16376,1969.1378688488962,1.0,9.0,112.75999999999999,17.0,0.25497056579762584,0.999391142568491,225.51999999999998
13028,1968.349388346962,1.0,23.0,305.38,45.0,0.1922701964165183,0.9992463831511259,610.76
12520,1962.2714443770997,4.0,194.0,411.71,273.0,0.16918174496664415,0.9987479080130746,2058.5499999999997
14126,1961.7310017029963,1.0,3.0,62.5,10.0,0.2775894825923122,0.999396512635729,125.0
18283,1961.5002701932815,13.0,334.0,149.00615384615384,337.0,0.4086632786264186,0.9997968595181825,2086.0861538461536
16407,1959.9914843029776,8.0,300.0,227.055,312.0,0.277968396714369,0.9996683786135624,2043.4950000000001
15571,1959.884741818564,3.0,67.0,149.36,78.0,0.3123857182154139,0.999470856812123,597.44
17014,1958.3684807327356,2.0,58.0,197.69,66.0,0.2512757495697479,0.9994727543826845,593.0699999999999
18235,1949.5026999566562,2.0,146.0,683.01,217.0,0.11851393722920406,0.9990064524658745,2049.0299999999997
16762,1947.49582688946,2.0,125.0,446.545,144.0,0.15921404458664076,0.9994223071142874,1339.635
15704,1947.302331026476,2.0,75.0,677.385,215.0,0.11910671421043278,0.9969801190911952,2032.155
15058,1946.0033968359605,7.0,287.0,258.6742857142857,312.0,0.2464450767386971,0.9995414033534519,2069.3942857142856
17612,1938.5215260622028,5.0,244.0,348.598,297.0,0.19092548545671706,0.9992045406736136,2091.588
17861,1937.6419977944918,6.0,316.0,309.33666666666664,319.0,0.21110980836551424,0.9996915009300867,2165.3566666666666
12669,1937.2982726226508,2.0,106.0,803.865,256.0,0.10412616670756501,0.9974514043842608,2411.5950000000003
15330,1936.9453260296673,1.0,28.0,394.56,60.0,0.16988035350074934,0.9991425345007755,789.12
16368,1936.6243341290215,1.0,26.0,177.43,28.0,0.22604826762591593,0.9994708837138484,354.86
14383,1934.307665611452,2.0,125.0,502.8,163.0,0.14614705240088013,0.9992645356079627,1508.4
12642,1933.7048428928638,2.0,82.0,323.40500000000003,107.0,0.19268104566138922,0.9993159658287313,970.2150000000001
16681,1930.2566315648949,5.0,181.0,293.748,253.0,0.2168908627783359,0.9986034598664273,1762.4879999999998
14937,1927.554624833102,1.0,74.0,862.3199999999999,130.0,0.11008900937972646,0.9990686321350954,1724.6399999999999
15750,1925.6044743671057,6.0,364.0,353.75499999999994,366.0,0.18829716028981722,0.9996980714534903,2476.2849999999994
17696,1924.788401432186,6.0,326.0,351.685,364.0,0.18912056032522545,0.9994523402981008,2461.795
14307,1922.9062755300547,4.0,285.0,553.1525,373.0,0.13092729128192343,0.9989708579159864,2765.7625000000003
14700,1922.7528915765427,2.0,206.0,736.775,238.0,0.11044773599111042,0.9993945124383844,2210.325
16710,1918.1080636410497,8.0,349.0,262.19625,368.0,0.24233176758837308,0.9996298705088695,2359.76625
12483,1917.9716879237942,7.0,322.0,276.7742857142857,339.0,0.2301519118715033,0.999623802769454,2214.194285714286
15050,1916.424011665239,1.0,46.0,458.90999999999997,71.0,0.15654429210152343,0.9992704086764538,917.8199999999999
17595,1916.2221293961486,1.0,25.0,230.89,37.0,0.20681782805695648,0.9993656071230343,461.78
14305,1915.6093482127744,2.0,64.0,407.38,135.0,0.16609009977182818,0.998514169302298,1222.1399999999999
15117,1911.6067394356407,4.0,201.0,309.84499999999997,215.0,0.20390677081606406,0.9995499655388038,1549.225
17530,1908.281104123468,8.0,364.0,258.31,365.0,0.24403524961302878,0.9997448399408756,2324.79
15288,1907.005270052391,4.0,322.0,535.2175,365.0,0.13340066509651832,0.9994166325441417,2676.0874999999996
16618,1906.2646642166872,3.0,291.0,639.81,322.0,0.11740077377047674,0.9994610646677636,2559.24
15373,1905.9778351306786,10.0,363.0,208.161,371.0,0.29524467114545183,0.9997337678479445,2289.771
16369,1905.2389451077997,2.0,178.0,595.48,196.0,0.1279665749780567,0.9994588170678321,1786.44
17705,1904.7672690882407,8.0,298.0,210.9025,301.0,0.2862521711805087,0.9997313555547692,1898.1225
12635,1903.0590219365247,1.0,65.0,1005.54,154.0,0.09820085165257955,0.998708982050121,2011.08
17092,1902.0825697527891,3.0,227.0,546.3766666666667,277.0,0.13265018373703957,0.9992861476983043,2185.5066666666667
18044,1897.8651987975388,9.0,356.0,223.81666666666666,360.0,0.2748498283213693,0.9997444623453785,2238.1666666666665
13141,1895.4069756575898,3.0,231.0,621.3933333333333,315.0,0.11948500592347402,0.9989898608064678,2485.5733333333333
13334,1894.2990151409756,2.0,223.0,932.565,305.0,0.09063103903170314,0.9991072694480919,2797.695
17043,1891.9426926669894,3.0,234.0,520.1933333333333,266.0,0.13702573997652573,0.9994230922649437,2080.773333333333
14825,1890.3155070850269,11.0,365.0,185.17363636363638,368.0,0.32474349583465545,0.9997773454009857,2222.0836363636363
13486,1886.8181660161886,2.0,77.0,460.125,155.0,0.15125477280438074,0.9985131350469849,1380.375
14341,1885.814635799289,4.0,273.0,457.8375,318.0,0.1495967761860259,0.9993597612213055,2289.1875
12560,1883.6209194469513,2.0,138.0,420.85,143.0,0.15998186388457722,0.9995254248123839,1262.5500000000002
16771,1882.3104479180101,4.0,305.0,486.4875,338.0,0.14225972124230324,0.9994697298289447,2432.4375
14837,1880.844040758168,3.0,112.0,385.74666666666667,201.0,0.16981337190841372,0.9981862633956405,1542.9866666666667
16426,1879.9020952705087,6.0,274.0,255.89833333333334,276.0,0.23742929849338573,0.999695575686095,1791.2883333333334
13673,1876.2401046571379,1.0,14.0,183.32,32.0,0.21704465296082706,0.9992709063953611,366.64
17159,1876.236827373135,2.0,150.0,505.21500000000003,171.0,0.14129647384177396,0.9994253548970146,1515.645
17672,1876.1405017271302,1.0,259.0,2000.33,309.0,0.0579605884388933,0.9993400222947317,4000.66
17930,1875.6853496866797,4.0,204.0,337.47,239.0,0.18797954445391807,0.9993688942889367,1687.3500000000001
15980,1874.8867648433443,1.0,166.0,1638.68,254.0,0.06781571179431174,0.9990895872940968,3277.36
12371,1874.4457158823593,1.0,15.0,360.0,59.0,0.17116697668975583,0.9989004906703876,720.0
17682,1872.7559497855586,5.0,358.0,416.566,368.0,0.1599683892216135,0.9996340282484473,2499.3959999999997
14462,1872.4549281735228,8.0,273.0,233.90875,339.0,0.25934787172024193,0.99881382381759,2105.17875
17422,1870.3167684560444,5.0,280.0,331.62399999999997,296.0,0.19152153945811132,0.9995847651496149,1989.7439999999997
17625,1865.9798378042194,3.0,239.0,492.79,257.0,0.14082213065183527,0.9995117224844114,1971.16
17503,1865.4946321096477,1.0,36.0,218.53,38.0,0.2049053399521609,0.9994727825392591,437.06
17211,1865.2753283439577,7.0,343.0,291.98857142857145,369.0,0.21437247124193876,0.9995647426996369,2335.9085714285716
12940,1864.9229713422014,1.0,33.0,538.42,87.0,0.14042643016167186,0.998893238270657,1076.84
18065,1864.2631404701306,5.0,359.0,409.562,364.0,0.16145028200046174,0.9996578127475441,2457.3720000000003
12407,1859.8065092717054,4.0,215.0,370.455,264.0,0.17384097530573406,0.9992399325427811,1852.2749999999999
16143,1858.5974993529394,5.0,366.0,413.838,369.0,0.15960838138839992,0.9996671360716485,2483.0280000000002
16794,1858.1312028490383,8.0,179.0,117.90125,180.0,0.4254041916218451,0.9997409413584055,1061.11125
17221,1856.4599277832783,1.0,29.0,202.20000000000002,36.0,0.20880099259359797,0.999422213788327,404.40000000000003
17459,1853.1318972196968,1.0,17.0,356.91,60.0,0.1698445017512294,0.9989316742856685,713.82
16341,1851.164413879719,2.0,177.0,587.11,201.0,0.12559155298268748,0.9994228827906061,1761.33
12827,1850.289116230989,2.0,39.0,106.2,44.0,0.3002409416347597,0.999495823169181,318.6
13224,1849.3718958770755,1.0,91.0,943.69,151.0,0.09957834875020621,0.9990888581578304,1887.38
17272,1849.2929100612535,3.0,220.0,496.98333333333335,262.0,0.13867049249250302,0.9993396977484686,1987.9333333333334
13590,1847.8548787435852,5.0,292.0,334.572,303.0,0.18792328742246614,0.9996190888817669,2007.432
15134,1841.1620955348328,7.0,226.0,182.55571428571426,240.0,0.30390597578867473,0.9996124180486283,1460.445714285714
12913,1840.2098576926105,4.0,364.0,516.5025,368.0,0.1325131649308195,0.999631396595076,2582.5125000000003
13213,1836.310346133434,3.0,143.0,368.4333333333334,199.0,0.1712268045920735,0.999036755541482,1473.7333333333336
13517,1834.6900383186085,2.0,120.0,513.28,179.0,0.13668477382296146,0.999044052629282,1539.84
12836,1833.6937108269822,3.0,252.0,587.89,311.0,0.12077455815689657,0.9992507686005443,2351.56
13317,1829.7693159094297,3.0,292.0,678.5433333333334,358.0,0.10747848671321651,0.999253140763087,2714.1733333333336
13862,1827.7620854438287,7.0,314.0,254.8942857142857,332.0,0.2341679932367101,0.9996137588193545,2039.1542857142856
15706,1827.6203337330792,3.0,53.0,203.50333333333333,116.0,0.2478422390009531,0.9980682689792922,814.0133333333333
13650,1827.242723413679,4.0,251.0,366.055,267.0,0.17234255005409574,0.9995537820167878,1830.275
14719,1825.6664702168764,4.0,248.0,339.595,249.0,0.1821164326832509,0.9996419952842718,1697.9750000000001
16409,1825.4406810005669,4.0,281.0,437.855,317.0,0.14999562659379634,0.9994344531650526,2189.275
16070,1825.114385341003,1.0,10.0,165.3,32.0,0.21702969522900903,0.9992020411824774,330.6
18035,1824.3150834688247,1.0,8.0,235.35999999999999,43.0,0.19565606076377728,0.9989899730216596,470.71999999999997
15673,1823.6779979729727,3.0,239.0,615.3233333333334,327.0,0.11586146120882962,0.998972516358211,2461.2933333333335
12784,1822.8137252919717,1.0,6.0,56.0,15.0,0.2610430071514958,0.9993734264302736,112.0
16841,1822.4545062867135,5.0,251.0,310.488,287.0,0.1963291688234157,0.999404882766029,1862.9279999999999
15306,1822.2579626108093,2.0,84.0,414.865,148.0,0.15618216886781583,0.9988090708626581,1244.595
17090,1821.0815501351094,6.0,350.0,318.90833333333336,354.0,0.19363797777177746,0.9996878169101178,2232.3583333333336
13032,1820.038950505339,1.0,35.0,513.88,87.0,0.14043185104441958,0.9989317985553265,1027.76
15172,1819.7640898236423,4.0,228.0,319.4125,236.0,0.1898727660676111,0.9995991348004972,1597.0625
15060,1818.659047573746,1.0,1.0,16.61,9.0,0.28114746923549505,0.9993792456373103,33.22
12935,1818.0460978496412,5.0,317.0,345.81399999999996,319.0,0.18018146743829744,0.9996704256323793,2074.884
15506,1814.408561461209,2.0,116.0,381.655,138.0,0.16382565847788075,0.9993905573227978,1144.965
13577,1814.311789981155,3.0,216.0,443.6166666666666,241.0,0.14808439787475777,0.9994579940330912,1774.4666666666665
15270,1813.8677234541572,4.0,295.0,424.1975,310.0,0.15278755954792833,0.9995715276328025,2120.9875
17744,1813.4758001257692,5.0,355.0,388.976,358.0,0.16372081591030688,0.9996667912579995,2333.8559999999998
16057,1812.0336367704313,3.0,268.0,526.38,284.0,0.13005092617809352,0.9995307934936785,2105.52
17188,1808.2240561329718,5.0,351.0,392.11800000000005,362.0,0.1621948135329893,0.999628216974122,2352.7080000000005
17655,1807.358901768215,6.0,356.0,327.14000000000004,366.0,0.18828944031845066,0.9996570849591908,2289.9800000000005
16782,1806.3652314823066,12.0,355.0,158.64583333333334,365.0,0.3546234887706348,0.9997388331787845,2062.3958333333335
17432,1805.4455833960208,1.0,19.0,189.87,37.0,0.20680101245036556,0.999284352334471,379.74
17754,1805.0143611790704,4.0,260.0,350.10249999999996,260.0,0.17602683204718952,0.9996473961115031,1750.5124999999998
15864,1802.8133344281487,5.0,294.0,338.78000000000003,316.0,0.18156380571139313,0.9995494424107251,2032.6800000000003
16103,1802.6129435595885,5.0,226.0,245.036,233.0,0.23149695895323427,0.9996333778611379,1470.216
17838,1802.0831358903283,4.0,346.0,509.085,372.0,0.1312973214228289,0.9995272429940061,2545.4249999999997
14856,1801.0708993962621,1.0,20.0,308.11,56.0,0.17530455893772445,0.9990526260097993,616.22
16463,1800.884290821372,3.0,183.0,367.6766666666667,204.0,0.16816207955113355,0.9994663006725661,1470.7066666666667
17828,1800.5948499898848,3.0,162.0,328.9766666666667,184.0,0.18145584498350925,0.999443506093739,1315.9066666666668
14188,1799.5918223486142,5.0,280.0,331.27200000000005,310.0,0.18442653093302566,0.9994829690545767,1987.6320000000003
14560,1798.8504512742259,19.0,350.0,96.29473684210525,357.0,0.5584890836311333,0.999807092357304,1925.894736842105
14217,1797.9025678373237,15.0,365.0,125.77866666666667,366.0,0.436598573249529,0.9998281857019048,2012.4586666666667
13991,1796.5379079540232,4.0,131.0,181.6325,143.0,0.27318087604332403,0.9995328746103143,908.1624999999999
16115,1795.142231512057,7.0,283.0,217.43571428571428,292.0,0.2601354845214699,0.999671467722337,1739.4857142857143
12719,1794.410135907902,1.0,60.0,361.35,65.0,0.16358837106124238,0.9994540059074962,722.7
12640,1791.7094425460057,2.0,58.0,204.995,81.0,0.2260923582482174,0.9992898415037371,614.985
16851,1790.16333897832,2.0,47.0,115.68,51.0,0.28271881037992214,0.9995117563016634,347.04
14138,1784.430506762911,1.0,62.0,344.17,63.0,0.166073532435134,0.9994835238853496,688.34
14810,1783.8504442560927,10.0,329.0,190.744,369.0,0.2964894604631354,0.9993845347413214,2098.184
13134,1781.078164608378,3.0,155.0,431.1266666666667,240.0,0.148444426448427,0.998655134441008,1724.506666666667
18237,1778.6177705264765,4.0,132.0,165.93,134.0,0.28532511485031337,0.999630134871552,829.6500000000001
17668,1778.321492688061,1.0,37.0,185.89999999999998,38.0,0.20490719587832676,0.9994818352447161,371.79999999999995
15220,1776.6626444419592,5.0,229.0,292.57,280.0,0.2002263487791332,0.9991973257017072,1755.42
12689,1774.1670358043493,1.0,102.0,736.5799999999999,127.0,0.11180588438754692,0.9993464919999859,1473.1599999999999
16128,1774.11025002869,4.0,265.0,372.98,282.0,0.16497541968642906,0.9995519382707594,1864.9
12381,1774.02747016479,4.0,115.0,144.14249999999998,119.0,0.30809401912567635,0.9996088229418728,720.7124999999999
12523,1773.138359210036,10.0,312.0,168.68200000000002,331.0,0.32474148442585765,0.9996303458331628,1855.5020000000002
15811,1772.20513599027,5.0,343.0,385.754,365.0,0.16106357164256627,0.9995669940701576,2314.5240000000003
14910,1766.3214268812887,3.0,52.0,73.31333333333333,54.0,0.3734225616850769,0.9995816448098284,293.25333333333333
12370,1762.9576794072923,3.0,309.0,651.6233333333333,360.0,0.10698901731333545,0.9993623798205131,2606.4933333333333
14785,1761.2566128857502,1.0,5.0,37.92,15.0,0.26103894222801866,0.9993578643336372,75.84
15203,1760.899380234056,5.0,286.0,323.172,311.0,0.18394875349946585,0.9995246001706719,1939.0320000000002
14441,1760.370497798846,3.0,255.0,452.01666666666665,255.0,0.14170515028604044,0.9996070918617661,1808.0666666666666
14592,1759.3630343476732,2.0,29.0,147.615,64.0,0.2549229224865116,0.9989482148061319,442.845
14359,1759.3559932155417,2.0,68.0,214.39499999999998,87.0,0.21740687219045055,0.999359597382461,643.185
12680,1759.0771356451123,3.0,113.0,183.67666666666665,113.0,0.2523178824613971,0.9996070918617661,734.7066666666666
15493,1757.758561337342,3.0,238.0,479.5,270.0,0.13540888415561636,0.9994258349946464,1918.0
12508,1757.6637633027726,1.0,3.0,123.08,29.0,0.22365774446036674,0.9991052762184943,246.16
14209,1756.2001623825174,5.0,322.0,345.096,332.0,0.174331827923691,0.99962951227863,2070.576
18069,1756.135012766534,4.0,301.0,430.53249999999997,327.0,0.14621820390391807,0.9995106558320203,2152.6625
13461,1755.8827056330658,2.0,125.0,434.29999999999995,163.0,0.14614705240088013,0.9992645356079627,1302.8999999999999
16747,1755.8475370381977,1.0,30.0,355.86,67.0,0.1611224426638917,0.9990902198300866,711.72
17468,1755.1924450518786,1.0,4.0,30.0,14.0,0.26418680780104553,0.9993559468864135,60.0
17790,1754.6847053748102,11.0,338.0,166.85909090909092,364.0,0.3276770502526627,0.9995731428518482,2002.309090909091
13184,1753.8583634767808,8.0,276.0,182.05375,290.0,0.29499958008955196,0.9996448209517637,1638.48375
16466,1752.8799965954931,6.0,259.0,247.8066666666667,292.0,0.22684505142167327,0.9994371201271908,1734.646666666667
12794,1750.8031199171778,1.0,45.0,543.41,98.0,0.1311829380131535,0.9989770253026142,1086.82
15032,1750.6926727228665,1.0,110.0,2188.5,366.0,0.05026772298765116,0.9974251825530901,4377.0
15821,1750.6394045477527,1.0,17.0,316.78,61.0,0.16853456566977654,0.9989165044160957,633.56
13416,1747.5172740874586,1.0,38.0,437.5,81.0,0.14607055604428693,0.9990559460550867,875.0
13647,1746.3037882326473,3.0,225.0,407.82666666666665,234.0,0.15152176535397674,0.9995590434575938,1631.3066666666666
13232,1743.782226078268,6.0,231.0,201.82000000000002,243.0,0.26252816900673953,0.9996175992502738,1412.7400000000002
13126,1743.302028026141,6.0,362.0,312.7,366.0,0.18829533442206997,0.9996883776457725,2188.9
14565,1741.4583075963094,3.0,266.0,643.9033333333333,361.0,0.1066992124769737,0.9989790376706726,2575.6133333333332
18219,1741.1719626990114,8.0,366.0,232.4475,368.0,0.2423583810652158,0.9997396523450474,2092.0275
12782,1740.4444743056908,4.0,353.0,466.855,357.0,0.13593548199387706,0.999630971893167,2334.275
14232,1739.6000756558255,4.0,222.0,338.7225,264.0,0.1738556315985799,0.999324177083223,1693.6125000000002
16359,1738.600144574944,8.0,324.0,207.315,331.0,0.2647726597821875,0.9997078235932287,1865.835
14567,1736.9162727178466,1.0,74.0,729.6,130.0,0.11008900937972646,0.9990686321350954,1459.2
18287,1736.5079733701052,2.0,159.0,536.0,201.0,0.12557418221461336,0.9992846510171098,1608.0
13305,1735.4350765843647,9.0,368.0,207.18444444444444,372.0,0.2673697212764736,0.9997451046586167,2071.8444444444444
16020,1732.0655884447015,1.0,49.0,332.21,65.0,0.16357256828421676,0.9993574577928579,664.42
16979,1731.6166262902598,5.0,294.0,300.96999999999997,297.0,0.19101337183894065,0.9996644922194804,1805.8199999999997
14466,1731.3345215610304,6.0,343.0,315.44166666666666,372.0,0.18570443379383927,0.9995345445692846,2208.0916666666667
17562,1731.0058258931858,6.0,159.0,137.04666666666665,173.0,0.3384726271052208,0.9995605343726094,959.3266666666666
17237,1729.9935969793928,1.0,11.0,71.09,22.0,0.24093907919772517,0.999355431232639,142.18
18188,1729.447719836583,2.0,275.0,787.22,290.0,0.09445582680222693,0.9994995175196678,2361.66
17663,1727.6250500040487,6.0,262.0,238.58666666666667,287.0,0.23005067470498475,0.9995190613550372,1670.1066666666668
17353,1727.3464775181815,1.0,25.0,870.0,154.0,0.09808536697747336,0.9975344954710663,1740.0
17449,1727.2149267184245,5.0,357.0,366.99,359.0,0.16333896195033862,0.9996713540976693,2201.94
12546,1724.389124083527,1.0,31.0,401.3,77.0,0.15006396374806116,0.998983211242729,802.6
12879,1722.0169682028845,2.0,47.0,216.35999999999999,91.0,0.21187109584064345,0.9988990749872385,649.0799999999999
16293,1721.218797548711,5.0,346.0,374.048,367.0,0.16032567409714243,0.9995736458205209,2244.288
14595,1719.1095903058665,5.0,294.0,315.36,313.0,0.1829936840491034,0.9995695138012263,1892.16
13157,1712.315969278885,3.0,249.0,514.4666666666667,298.0,0.12506235152812187,0.9993201822455372,2057.866666666667
15839,1711.1636617855256,2.0,115.0,374.655,148.0,0.15625782280447847,0.9992928894620083,1123.965
14655,1709.5976428963988,3.0,214.0,373.89000000000004,222.0,0.15777251078773222,0.9995628672287643,1495.5600000000002
17666,1704.2427074444538,1.0,62.0,319.08000000000004,65.0,0.16359084789380596,0.9994691382803633,638.1600000000001
13849,1703.4090836273083,1.0,119.0,944.37,170.0,0.09167033536941288,0.9992104509741951,1888.74
14859,1701.0564547861084,2.0,192.0,528.44,204.0,0.12422011447383342,0.9994962903199366,1585.3200000000002
16184,1697.5882378855463,5.0,147.0,202.114,211.0,0.24942083884790942,0.9985501721920579,1212.684
18259,1696.859174687846,2.0,342.0,981.1500000000001,366.0,0.07794835520485399,0.9994792182491519,2943.4500000000003
13516,1696.304610574665,2.0,217.0,621.705,238.0,0.11045475618606021,0.9994580351918942,1865.1150000000002
17591,1696.142054696969,6.0,294.0,303.22833333333335,367.0,0.1877299490598698,0.9989783289602164,2122.5983333333334
14918,1695.9413432459123,1.0,39.0,844.73,154.0,0.09813960946077185,0.9980861450175547,1689.46
17495,1695.5752340500521,1.0,31.0,154.97,38.0,0.20489526136975322,0.9994236219424419,309.94
12909,1692.8795006211258,3.0,214.0,425.0733333333333,253.0,0.1425497400586472,0.9993561250566921,1700.2933333333333
15214,1692.7675547984218,7.0,241.0,163.78714285714287,242.0,0.3019846327107323,0.9997234881999352,1310.297142857143
16743,1692.0292165523167,5.0,329.0,356.57,358.0,0.16369648910353005,0.9995182536347479,2139.42
15241,1691.2328686247165,7.0,217.0,194.44428571428574,283.0,0.26651065784958794,0.9986314162675247,1555.554285714286
13246,1687.974332211244,5.0,312.0,325.87,330.0,0.17519744224294453,0.9995815217760085,1955.22
13822,1687.19538510404,1.0,35.0,163.62,40.0,0.20113699768296017,0.9994450179494827,327.24
17230,1685.6939626634962,3.0,95.0,625.7166666666667,359.0,0.10567381115410351,0.9847759756578255,2502.866666666667
16311,1682.1255296404047,1.0,32.0,214.71,49.0,0.18576200320317848,0.9993232105212778,429.42
15963,1680.9168417170058,1.0,26.0,190.72,45.0,0.19227845339179986,0.9992892954320703,381.44
18154,1680.5417455917795,1.0,40.0,178.7,43.0,0.19574904650017713,0.9994647439944312,357.4
14332,1679.8975607612274,2.0,125.0,360.58500000000004,147.0,0.15699819846234148,0.9993990154203963,1081.755
16875,1679.7173392967297,3.0,272.0,575.5766666666667,339.0,0.11248087864774667,0.9992196160188692,2302.306666666667
12713,1679.659240030157,0.0,0.0,0.0,0.0,0.14393292984865338,1.0,0.0
16954,1677.9248297208255,7.0,359.0,248.32571428571427,359.0,0.2194184830290643,0.9997303711453763,1986.6057142857142
16855,1676.3100440071344,1.0,20.0,177.2,43.0,0.1957020521300311,0.9992247979156792,354.4
17777,1675.7935482085552,2.0,76.0,228.88,100.0,0.20066599732566204,0.9993160344353833,686.64
15123,1673.7255852263131,1.0,199.0,1129.84,206.0,0.07968641941749535,0.9994660919199263,2259.68
12823,1671.8314117406912,4.0,222.0,363.375,296.0,0.15855027181871484,0.9989479101645149,1816.875
16332,1669.4245976686148,6.0,277.0,243.41666666666666,305.0,0.2189726169675588,0.9995023533498593,1703.9166666666665
14498,1667.8410381662843,4.0,319.0,447.775,361.0,0.13464243160763928,0.9994209982800827,2238.875
15272,1663.998842145959,1.0,29.0,422.98,86.0,0.14132301648952267,0.9988232508306573,845.96
15812,1663.9550073711912,4.0,210.0,389.08500000000004,317.0,0.14982717255912745,0.9983120286661125,1945.4250000000002
12722,1662.192898815425,3.0,65.0,231.57000000000002,150.0,0.20921537677270766,0.9974287023327144,926.2800000000001
17724,1662.0468040501294,2.0,67.0,329.95000000000005,138.0,0.16368724297467133,0.9985461770945734,989.8500000000001
15235,1660.7433460312377,9.0,156.0,240.89000000000001,373.0,0.22654677896760772,0.8490217476671378,2408.9
14978,1660.6267784241234,4.0,258.0,404.765,330.0,0.14505590830134918,0.9990789474274591,2023.8249999999998
15108,1660.2375000651368,3.0,86.0,369.6166666666666,227.0,0.15445199023946135,0.9953438720524563,1478.4666666666665
13810,1659.3138063265853,1.0,28.0,246.01,56.0,0.17532874675515242,0.9991904712698728,492.02
13298,1655.6594005589175,0.0,0.0,0.0,1.0,0.14187411221826904,1.0,0.0
14569,1655.6594005589175,0.0,0.0,0.0,1.0,0.14187411221826904,1.0,0.0
13436,1655.6594005589175,0.0,0.0,0.0,1.0,0.14187411221826904,1.0,0.0
15520,1655.6594005589175,0.0,0.0,0.0,1.0,0.14187411221826904,1.0,0.0
13890,1655.3928965037248,8.0,357.0,211.6825,358.0,0.2480365682617962,0.9997447546412365,1905.1425
13831,1655.2330755660191,5.0,353.0,358.09,369.0,0.15959810621637152,0.999602780104218,2148.54
13727,1653.1868978304947,1.0,5.0,110.4,33.0,0.21487483364648827,0.9990844504152302,220.8
14461,1651.4717867811846,2.0,113.0,663.415,261.0,0.10256520980958854,0.9976179579402815,1990.245
17564,1651.4293478277882,2.0,56.0,167.445,80.0,0.22760637922198634,0.9992711621545362,502.335
14696,1648.7977944800043,6.0,369.0,297.3883333333333,373.0,0.18531278375761553,0.9996886901757059,2081.7183333333332
13743,1648.0567222521706,6.0,257.0,199.98000000000002,259.0,0.24973802070030562,0.9996949467327988,1399.8600000000001
18061,1646.2748053261855,9.0,345.0,190.47222222222223,366.0,0.2710246208904108,0.9996210137823597,1904.7222222222222
17634,1643.9060226386723,8.0,301.0,196.6175,337.0,0.2607871794113586,0.9994326594934286,1769.5575000000001
15103,1643.8428535949183,1.0,55.0,411.68,86.0,0.14138118106872002,0.9992343383910576,823.36
13875,1643.4764572089603,4.0,248.0,361.535,301.0,0.15645553361550746,0.9992565135708187,1807.6750000000002
15321,1642.90530350881,1.0,221.0,1588.84,291.0,0.06085347849799516,0.9992440720312268,3177.68
15281,1642.4063735033537,8.0,275.0,193.96625,333.0,0.2632715550154619,0.9990112810938473,1745.69625
13200,1641.1352880099032,3.0,107.0,183.59,126.0,0.2354448996051124,0.999418350400035,734.36
13094,1639.7389813991485,11.0,347.0,154.87636363636364,368.0,0.32469646814785064,0.9996325627756919,1858.5163636363636
13186,1636.5262246387174,2.0,89.0,293.77500000000003,128.0,0.17210774591606806,0.9991724497915245,881.325
14071,1635.1921805472762,6.0,261.0,202.0283333333333,264.0,0.24598575400296563,0.99968877621916,1414.1983333333333
16735,1633.6703848589275,3.0,256.0,546.7333333333332,334.0,0.11386369527870754,0.9991053587815926,2186.933333333333
12937,1633.3993564741331,3.0,252.0,428.9466666666667,267.0,0.13663271980326508,0.9995320742606683,1715.7866666666669
16983,1632.9493590955994,6.0,357.0,290.3966666666667,369.0,0.18699753293970833,0.999646333986171,2032.7766666666669
14204,1632.33591665712,0.0,0.0,0.0,2.0,0.13987336274955642,1.0,0.0
14087,1632.33591665712,0.0,0.0,0.0,2.0,0.13987336274955642,1.0,0.0
16000,1632.33591665712,0.0,0.0,0.0,2.0,0.13987336274955642,1.0,0.0
15195,1632.33591665712,0.0,0.0,0.0,2.0,0.13987336274955642,1.0,0.0
15471,1632.33591665712,0.0,0.0,0.0,2.0,0.13987336274955642,1.0,0.0
17081,1632.0828654226455,1.0,21.0,177.01,46.0,0.19058871141863282,0.9992028893406708,354.02
15088,1630.1485405181857,1.0,46.0,295.88,67.0,0.16115756915028917,0.9993080326216286,591.76
13434,1629.1721771833975,1.0,22.0,461.4000000000001,96.0,0.13270913279076504,0.9984898889020817,922.8000000000002
13431,1628.6714881670214,1.0,21.0,415.42,88.0,0.1394895172877943,0.9985927206549757,830.84
18177,1627.3391571254547,5.0,224.0,234.36400000000003,255.0,0.21572911455644034,0.9994254429842823,1406.1840000000002
15518,1623.7270992066187,6.0,268.0,257.415,332.0,0.20413163135319576,0.999041505879945,1801.9050000000002
17144,1622.7573467660561,1.0,83.0,388.68,84.0,0.14326621874875814,0.9994845116489516,777.36
16561,1621.1933316408113,1.0,54.0,246.16,59.0,0.17126151293346956,0.999452187627698,492.32
18228,1620.0751180767845,1.0,23.0,359.51,79.0,0.1480056754975699,0.9987861825275017,719.02
14591,1618.2998547667767,1.0,198.0,1116.19,213.0,0.07770552656751258,0.9994371838912927,2232.38
14653,1617.6824567088488,5.0,337.0,316.368,338.0,0.17176921744122614,0.9996755844685775,1898.208
17228,1616.974825954743,7.0,357.0,246.11285714285714,372.0,0.21293130092570267,0.9996465070864456,1968.902857142857
16322,1615.506146575658,1.0,35.0,113.67,36.0,0.2088134132236085,0.9994816649115595,227.34
14226,1615.0746301500944,4.0,241.0,312.2225,269.0,0.17130726598449098,0.99946479306399,1561.1125000000002
14306,1614.4962742466325,1.0,34.0,390.38,85.0,0.14225757518973073,0.9989380958359474,780.76
12883,1613.0538518387048,1.0,65.0,411.84000000000003,89.0,0.1387059916329378,0.999311795536691,823.6800000000001
13562,1612.1356356658346,2.0,164.0,598.03,245.0,0.10793890826469844,0.9989693147676425,1794.09
12423,1612.0745574288464,7.0,353.0,231.6257142857143,353.0,0.22253878195168997,0.9997303711453763,1853.0057142857145
13196,1612.005166519793,2.0,251.0,642.8249999999999,262.0,0.10244939505876675,0.9995119240066451,1928.475
18217,1611.2233925446649,1.0,41.0,303.85,70.0,0.15766310605558462,0.9992189866903712,607.7
12925,1610.3189543476865,1.0,70.0,325.74,74.0,0.1532877573706348,0.9994635549786803,651.48
13320,1610.1330334337038,2.0,135.0,511.79499999999996,213.0,0.12018178921337874,0.998892505936495,1535.3849999999998
17914,1609.660589705031,0.0,0.0,0.0,3.0,0.1379282589170133,1.0,0.0
12442,1609.660589705031,0.0,0.0,0.0,3.0,0.1379282589170133,1.0,0.0
12650,1609.660589705031,0.0,0.0,0.0,3.0,0.1379282589170133,1.0,0.0
15992,1609.660589705031,0.0,0.0,0.0,3.0,0.1379282589170133,1.0,0.0
14578,1609.660589705031,0.0,0.0,0.0,3.0,0.1379282589170133,1.0,0.0
12478,1609.660589705031,0.0,0.0,0.0,3.0,0.1379282589170133,1.0,0.0
16528,1609.660589705031,0.0,0.0,0.0,3.0,0.1379282589170133,1.0,0.0
15318,1609.660589705031,0.0,0.0,0.0,3.0,0.1379282589170133,1.0,0.0
16569,1609.660589705031,0.0,0.0,0.0,3.0,0.1379282589170133,1.0,0.0
17400,1609.3486469043694,4.0,227.0,418.4175,353.0,0.13700710828564097,0.9980493448608649,2092.0875
12528,1609.0180242714996,5.0,303.0,287.99,312.0,0.18348563202954907,0.9996324104907065,1727.94
17648,1608.9247789346268,2.0,189.0,606.815,249.0,0.10660532921126754,0.9991990461027109,1820.4450000000002
13314,1608.645562787919,2.0,72.0,138.16,73.0,0.2388992494913479,0.9995474319579537,414.48
15054,1608.5424388663089,1.0,28.0,133.68,40.0,0.20112183266967731,0.9993696633546181,267.36
17295,1606.0591285333985,1.0,36.0,267.64,64.0,0.16477984544991203,0.9992155502559513,535.28
16550,1606.018540135191,4.0,260.0,436.0775,368.0,0.13237818396932285,0.9986131490335972,2180.3875
14164,1605.6514483301623,1.0,10.0,358.0,80.0,0.14695154694212076,0.9983770661503018,716.0
15785,1604.5746073264745,3.0,263.0,466.7966666666667,295.0,0.12610860733325124,0.9994412957294752,1867.1866666666667
13940,1604.2855457356895,3.0,127.0,206.84,144.0,0.21554916420899506,0.9994598436438927,827.36
14354,1604.0749557034164,1.0,25.0,75.84,30.0,0.22147075942516858,0.999440054608231,151.68
15021,1602.781914739515,7.0,358.0,239.09714285714287,366.0,0.2158778434650969,0.9996882153786355,1912.777142857143
15611,1601.898855865147,11.0,325.0,135.20000000000002,334.0,0.352130664378541,0.9997319259494105,1622.4
17218,1601.7286525858738,9.0,364.0,184.93666666666667,368.0,0.26981743774393224,0.9997448946705602,1849.3666666666668
15533,1601.560250770338,2.0,70.0,178.95499999999998,89.0,0.21465406705488702,0.9993627665154585,536.865
14030,1599.719881060189,6.0,348.0,280.39000000000004,366.0,0.18828049508367503,0.9996095933563427,1962.7300000000002
14561,1597.612752192046,2.0,109.0,429.345,184.0,0.13395010209126895,0.9988019162355436,1288.035
14409,1597.044782874846,4.0,297.0,432.66249999999997,368.0,0.13245206825154296,0.999170505340502,2163.3125
16174,1596.0953140414722,2.0,25.0,343.7,151.0,0.1534805348813813,0.9951066484412533,1031.1
14412,1595.6327755538773,1.0,30.0,307.58,72.0,0.15539568689817207,0.9990282160958637,615.16
15245,1595.0795408379095,2.0,127.0,632.1800000000001,261.0,0.1026114234010961,0.998067462298284,1896.5400000000002
15906,1594.7403895872628,4.0,236.0,289.09000000000003,255.0,0.17872264893016984,0.999527994686307,1445.4500000000003
16370,1593.5204308012815,3.0,143.0,343.24666666666667,225.0,0.15601600301314456,0.998627584500283,1372.9866666666667
17152,1593.2276706275363,1.0,69.0,1373.6,263.0,0.06587000395952054,0.9974716174989419,2747.2
14356,1590.9272587798478,1.0,2.0,356.2,81.0,0.14591669256731554,0.9980035900860826,712.4
14472,1589.5923377575298,7.0,252.0,229.47,355.0,0.2210219985280458,0.9976230700016983,1835.76
12865,1588.128773364643,1.0,97.0,586.85,123.0,0.11413499049669729,0.999335590934729,1173.7
17383,1587.6067673138903,0.0,0.0,0.0,4.0,0.13603651109978204,1.0,0.0
15097,1587.6067673138903,0.0,0.0,0.0,4.0,0.13603651109978204,1.0,0.0
14219,1587.6067673138903,0.0,0.0,0.0,4.0,0.13603651109978204,1.0,0.0
13790,1587.6067673138903,0.0,0.0,0.0,4.0,0.13603651109978204,1.0,0.0
18015,1587.6067673138903,0.0,0.0,0.0,4.0,0.13603651109978204,1.0,0.0
12367,1587.6067673138903,0.0,0.0,0.0,4.0,0.13603651109978204,1.0,0.0
16597,1587.6067673138903,0.0,0.0,0.0,4.0,0.13603651109978204,1.0,0.0
13276,1587.2299863384571,1.0,36.0,453.55,99.0,0.13037834226146078,0.9987982384295816,907.1
14440,1587.198477537838,4.0,357.0,425.245,365.0,0.13342704581144466,0.9996142726777699,2126.225
12928,1586.6084448974536,4.0,324.0,417.59,359.0,0.13527805890233555,0.9994677940628695,2087.95
12552,1586.4356780007242,1.0,1.0,120.0,39.0,0.20288513153679558,0.9988751034665495,240.0
15215,1584.2205078656305,1.0,50.0,434.90000000000003,96.0,0.1327868645985241,0.9990747350423685,869.8000000000001
15128,1581.6180920035924,3.0,159.0,329.09999999999997,219.0,0.15933301588156532,0.9990396700530977,1316.3999999999999
12853,1580.0998259519965,2.0,181.0,764.8499999999999,315.0,0.08821744679894715,0.9985087295426512,2294.5499999999997
16638,1576.0382894128409,9.0,346.0,181.14666666666665,368.0,0.2697817951818924,0.9996128295611652,1811.4666666666665
15827,1575.5821883975989,10.0,299.0,164.51600000000002,372.0,0.29419769209207536,0.9984530508078765,1809.6760000000002
14506,1574.5696695618533,4.0,352.0,425.9125,369.0,0.1322028650323228,0.9995731737027043,2129.5625
14665,1574.3093554834225,3.0,250.0,480.43333333333334,310.0,0.12109203170087575,0.9992403370431112,1921.7333333333333
17004,1573.1946537207914,1.0,46.0,406.53999999999996,92.0,0.13608546906292235,0.9990582735471455,813.0799999999999
15351,1572.4008644952307,6.0,357.0,276.665,369.0,0.18699753293970833,0.999646333986171,1936.6550000000002
13995,1572.0000720815387,4.0,230.0,270.81,245.0,0.18442066769599783,0.9995534368252719,1354.05
15819,1571.4913728661209,3.0,227.0,421.93666666666667,276.0,0.13303581783624405,0.9992940068600114,1687.7466666666667
16224,1569.8888820550978,3.0,192.0,375.9433333333333,249.0,0.14431547294365404,0.9991634871035632,1503.7733333333333
13350,1568.944545111294,1.0,63.0,332.55,79.0,0.14809252288673522,0.9993722544601846,665.1
18173,1568.6239185126994,3.0,188.0,417.7866666666667,274.0,0.13374755698424776,0.9988147781741725,1671.1466666666668
14416,1567.8722503731956,1.0,20.0,129.22,42.0,0.19746901526550584,0.9992373945818313,258.44
13153,1566.149238768915,0.0,0.0,0.0,5.0,0.13419595359067393,1.0,0.0
16988,1566.149238768915,0.0,0.0,0.0,5.0,0.13419595359067393,1.0,0.0
16535,1566.149238768915,0.0,0.0,0.0,5.0,0.13419595359067393,1.0,0.0
17936,1566.149238768915,0.0,0.0,0.0,5.0,0.13419595359067393,1.0,0.0
15773,1566.149238768915,0.0,0.0,0.0,5.0,0.13419595359067393,1.0,0.0
13952,1565.7308498976367,1.0,21.0,1208.31,238.0,0.07107498964899947,0.9952235347287344,2416.62
16243,1565.6262701048795,1.0,21.0,194.15,54.0,0.17816528830073872,0.9990987106488675,388.3
16362,1565.0581027427254,2.0,59.0,174.67000000000002,91.0,0.21192780412053164,0.9991664349501427,524.01
13012,1560.0742544939033,7.0,285.0,181.36714285714285,294.0,0.2587020016941128,0.9996718297894933,1450.9371428571428
16153,1559.5372903154632,4.0,305.0,402.305,354.0,0.13686282351874837,0.9993613048208754,2011.525
15240,1556.8066298067924,4.0,267.0,348.4175,311.0,0.15235337455871584,0.9993614680095567,1742.0875
14529,1556.7950809086626,2.0,50.0,221.685,110.0,0.18931327316798505,0.9985936951187195,665.0550000000001
17629,1554.7124928965152,7.0,354.0,225.06714285714287,359.0,0.21941278271132333,0.9997043989451672,1800.537142857143
15253,1554.195033482813,2.0,153.0,372.17499999999995,169.0,0.14248920130214193,0.9994599557099598,1116.5249999999999
15239,1552.947082970696,1.0,68.0,318.8,78.0,0.14910778176985287,0.9994206915590369,637.6
15344,1552.8910039149166,2.0,74.0,127.625,74.0,0.23722974364252014,0.9995563845737592,382.875
13477,1550.9834016055052,5.0,254.0,253.836,291.0,0.19414598338052644,0.9993984645087696,1523.016
17410,1547.8753774463491,4.0,199.0,228.07999999999998,215.0,0.20390341685721583,0.9995335244493895,1140.3999999999999
13481,1547.249697597731,3.0,211.0,379.76000000000005,256.0,0.14122634411020907,0.9993051165165493,1519.0400000000002
14836,1544.0763980121606,2.0,20.0,13.2,30.0,0.3427035646121909,0.999400505518917,39.599999999999994
17522,1543.9190093298157,4.0,217.0,230.8175,218.0,0.20179317668153127,0.9996414057694846,1154.0875
13149,1543.905443139317,3.0,275.0,433.10666666666674,289.0,0.12823561930929536,0.9995423072287387,1732.426666666667
16791,1543.6164018960396,5.0,303.0,291.76000000000005,332.0,0.17431007442959479,0.9995047763944672,1750.5600000000004
17405,1542.5047471671792,2.0,149.0,319.05,150.0,0.15487018097128177,0.9995506086946031,957.1500000000001
18205,1541.5487064830895,1.0,38.0,291.6,74.0,0.15323734240063755,0.9991348403702739,583.2
14759,1539.7627477567887,2.0,228.0,526.86,232.0,0.11266630018961973,0.9995392909270219,1580.58
15116,1539.2967585640204,3.0,187.0,291.03333333333336,204.0,0.16816733025436012,0.9994975080704753,1164.1333333333334
17679,1537.509151974122,1.0,33.0,348.91,85.0,0.14225485660567455,0.9989190058354547,697.82
16389,1537.2176133848563,3.0,230.0,420.8066666666667,283.0,0.13038598928865844,0.9992664746842856,1683.2266666666667
14215,1537.2094474195155,5.0,357.0,324.744,368.0,0.15996758377128203,0.9996289950318017,1948.4640000000002
15329,1536.2305547426458,2.0,132.0,370.3,171.0,0.14127419138280728,0.999267745482885,1110.9
14583,1533.7647229302522,4.0,200.0,212.745,205.0,0.2113645734031531,0.9996146189101327,1063.725
16150,1532.0876043792541,4.0,330.0,414.9,372.0,0.13128434848760537,0.9994284839177582,2074.5
17703,1531.4201451384533,2.0,103.0,284.79999999999995,138.0,0.16380281562467625,0.9992512083831568,854.3999999999999
12936,1531.317322225295,2.0,61.0,132.72,78.0,0.2307281819753863,0.999372094857061,398.15999999999997
13681,1530.8907856869969,3.0,138.0,208.12333333333333,155.0,0.20496193640974175,0.99946856075874,832.4933333333333
17054,1530.6167578621285,4.0,217.0,260.565,245.0,0.18440095486698654,0.9994465939955937,1302.825
14720,1530.6138902987382,2.0,121.0,254.005,126.0,0.17393466288646545,0.9995225873421186,762.015
13492,1528.1191627140895,2.0,78.0,477.27,214.0,0.11955154669238345,0.9971789082864864,1431.81
18179,1527.449294418073,5.0,327.0,291.474,336.0,0.1726107071346299,0.9996354665404411,1748.844
14533,1525.8187299706594,6.0,328.0,252.70333333333335,352.0,0.19453380870888087,0.9995632428308268,1768.9233333333334
12558,1524.9288592155797,0.0,0.0,0.0,7.0,0.13066031726525584,1.0,0.0
13560,1524.9288592155797,0.0,0.0,0.0,7.0,0.13066031726525584,1.0,0.0
17942,1524.9288592155797,0.0,0.0,0.0,7.0,0.13066031726525584,1.0,0.0
12587,1524.9288592155797,0.0,0.0,0.0,7.0,0.13066031726525584,1.0,0.0
15539,1524.9288592155797,0.0,0.0,0.0,7.0,0.13066031726525584,1.0,0.0
18174,1524.9288592155797,0.0,0.0,0.0,7.0,0.13066031726525584,1.0,0.0
13017,1524.9288592155797,0.0,0.0,0.0,7.0,0.13066031726525584,1.0,0.0
14524,1524.4759598083635,5.0,329.0,313.67600000000004,360.0,0.16293102065192824,0.9995049605874129,1882.0560000000003
15618,1523.4419459610938,2.0,104.0,277.01,136.0,0.16540687646561028,0.9992833102610107,831.03
17466,1521.9627935530855,1.0,68.0,302.87,78.0,0.14910778176985287,0.9994206915590369,605.74
12645,1521.5202627134977,3.0,283.0,468.6266666666667,316.0,0.11922905204424868,0.9994464189341009,1874.506666666667
16394,1519.220979298415,4.0,233.0,310.7325,289.0,0.16169173629317682,0.9991987626193464,1553.6625000000001
14001,1519.1018110061805,2.0,328.0,870.9200000000001,373.0,0.07670749246572413,0.9993991378888922,2612.76
12358,1518.4062145992987,1.0,149.0,683.2,150.0,0.10007302717824858,0.9994863742683914,1366.4
14179,1518.2675107303598,1.0,12.0,163.25,52.0,0.1810834669587714,0.998939644583813,326.5
13430,1517.6265765157063,1.0,68.0,343.14,86.0,0.14139921750166368,0.9993618137948076,686.28
18030,1517.5492871416657,1.0,38.0,109.55,42.0,0.19751208192602998,0.9994553215188631,219.1
14284,1517.4683703856276,1.0,56.0,343.15,86.0,0.14138275883521828,0.9992454895106839,686.3
14828,1517.011635041702,2.0,140.0,778.88,336.0,0.0835265085981453,0.9971271704208765,2336.64
17873,1516.9472592172508,4.0,293.0,411.0025,373.0,0.1309410732213708,0.9990760136534852,2055.0125
12412,1512.4931633374072,2.0,95.0,356.19,169.0,0.14238504681554784,0.9987293863923762,1068.57
16348,1512.3996634500756,5.0,208.0,196.84,240.0,0.22619741453171038,0.9993953835109176,1181.04
17289,1512.3688861031055,2.0,149.0,383.28499999999997,180.0,0.13617789161849755,0.999354051554819,1149.855
17162,1511.769334496214,5.0,277.0,258.21,305.0,0.18689525583878824,0.9994967770472243,1549.2599999999998
15394,1510.348599412624,3.0,349.0,531.96,358.0,0.10751296877306625,0.9995737287026695,2127.84
17870,1509.8211136548507,8.0,364.0,192.43625,366.0,0.24347286895734296,0.9997396037550103,1731.92625
14210,1508.3579141642022,5.0,266.0,320.178,371.0,0.1586869780132343,0.9984353557916473,1921.068
13167,1506.1959112753877,3.0,125.0,182.80666666666664,143.0,0.21656380027961866,0.9994482485103824,731.2266666666666
14587,1505.689950550909,8.0,313.0,171.53,331.0,0.2647506259128125,0.9996246298389478,1543.77
14804,1505.1219667863047,0.0,0.0,0.0,8.0,0.1289614553746847,1.0,0.0
16789,1505.1219667863047,0.0,0.0,0.0,8.0,0.1289614553746847,1.0,0.0
15904,1505.1219667863047,0.0,0.0,0.0,8.0,0.1289614553746847,1.0,0.0
13593,1504.8407971589672,4.0,228.0,363.00750000000005,336.0,0.14281306034924907,0.9984257888697489,1815.0375000000004
12885,1502.6926211198827,1.0,60.0,529.87,123.0,0.11409060688895829,0.9989469798814959,1059.74
16249,1501.4949556881957,4.0,187.0,246.31,239.0,0.18793636974854241,0.9991393615613313,1231.55
14064,1499.7341044600278,4.0,245.0,287.2975,274.0,0.16880864838805199,0.999459958722092,1436.4875000000002
17293,1496.594264033421,7.0,353.0,215.41714285714286,361.0,0.21838841229814898,0.9996876831934409,1723.337142857143
16992,1496.404710905841,4.0,274.0,298.1775,284.0,0.16404754996630877,0.9995949405152078,1490.8875
12653,1495.719924951022,1.0,148.0,1430.75,296.0,0.05998602064188186,0.998683865599233,2861.5
16098,1494.8797015381317,6.0,286.0,262.505,373.0,0.185128475206909,0.9986944189230278,1837.5349999999999
15238,1494.8030838971642,2.0,155.0,385.925,184.0,0.13402685192057318,0.9993742030452063,1157.775
15641,1493.3559524821264,3.0,254.0,526.2766666666666,359.0,0.10718373354322519,0.9988469671142284,2105.1066666666666
17191,1491.2845925524666,4.0,340.0,395.8925,368.0,0.1324976876006272,0.9995146412130446,1979.4624999999999
14857,1488.8461572312185,1.0,89.0,650.6,148.0,0.10095575610446592,0.9990907680609032,1301.2
17911,1485.8231282945333,0.0,0.0,0.0,9.0,0.12730620413885652,1.0,0.0
18058,1485.8231282945333,0.0,0.0,0.0,9.0,0.12730620413885652,1.0,0.0
12966,1485.8231282945333,0.0,0.0,0.0,9.0,0.12730620413885652,1.0,0.0
12953,1485.8231282945333,0.0,0.0,0.0,9.0,0.12730620413885652,1.0,0.0
14608,1485.744705450653,3.0,358.0,527.0500000000001,362.0,0.10651700698686294,0.999592822817494,2108.2000000000003
14815,1484.8910951250998,1.0,31.0,226.92000000000002,67.0,0.16112511161304927,0.9991067694860901,453.84000000000003
15747,1484.2847613133497,2.0,160.0,351.995,172.0,0.14071872070434302,0.9994874937676201,1055.9850000000001
16515,1482.401818755491,4.0,259.0,326.07,311.0,0.1523413728877192,0.999282743087444,1630.35
14233,1481.9990950516853,3.0,268.0,453.95666666666665,317.0,0.11890738523158836,0.9993395542356827,1815.8266666666666
14290,1481.5368616787127,4.0,350.0,384.27250000000004,361.0,0.13466660398920716,0.9996004245235701,1921.3625000000002
12504,1479.0902238701728,1.0,12.0,32.65,30.0,0.22143197431589146,0.9992650274767283,65.3
14584,1477.3778591993937,3.0,29.0,270.8933333333334,198.0,0.1689516800006208,0.9820829731824117,1083.5733333333335
15355,1476.9947970397468,1.0,24.0,150.8,53.0,0.17963838862672557,0.999163676900436,301.6
12463,1476.5685973862421,3.0,188.0,331.40333333333336,241.0,0.14804542846887173,0.9991949799357622,1325.6133333333335
16003,1476.555029614659,3.0,330.0,518.1233333333333,359.0,0.10725231921408676,0.9994861181034962,2072.4933333333333
14931,1476.348383825222,4.0,236.0,241.17,240.0,0.18741895666456482,0.9996245109626879,1205.85
17557,1475.9110330265926,2.0,67.0,126.55000000000001,81.0,0.2261206314660054,0.9994148043266341,379.65000000000003
18059,1470.4287608277705,2.0,44.0,91.19,67.0,0.2493716261249495,0.999251014757705,273.57
14541,1467.4856340815193,6.0,261.0,215.05166666666665,319.0,0.21098841076485136,0.9991166335160353,1505.3616666666665
15790,1467.013040655582,0.0,0.0,0.0,10.0,0.12569290557471513,1.0,0.0
16479,1467.013040655582,0.0,0.0,0.0,10.0,0.12569290557471513,1.0,0.0
14601,1467.013040655582,0.0,0.0,0.0,10.0,0.12569290557471513,1.0,0.0
15148,1467.013040655582,0.0,0.0,0.0,10.0,0.12569290557471513,1.0,0.0
13349,1467.013040655582,0.0,0.0,0.0,10.0,0.12569290557471513,1.0,0.0
14349,1467.013040655582,0.0,0.0,0.0,10.0,0.12569290557471513,1.0,0.0
15619,1467.013040655582,0.0,0.0,0.0,10.0,0.12569290557471513,1.0,0.0
13428,1467.013040655582,0.0,0.0,0.0,10.0,0.12569290557471513,1.0,0.0
17772,1467.013040655582,0.0,0.0,0.0,10.0,0.12569290557471513,1.0,0.0
15783,1467.013040655582,0.0,0.0,0.0,10.0,0.12569290557471513,1.0,0.0
15807,1463.9277762401184,1.0,27.0,268.3,77.0,0.15005214081478935,0.9989045053925621,536.6
15762,1463.617644118644,1.0,12.0,268.44,77.0,0.14999227591001438,0.9985059817675749,536.88
18161,1462.756708572274,4.0,304.0,329.28999999999996,319.0,0.14924304666202373,0.9995734990778254,1646.4499999999998
12963,1461.4571327875813,6.0,357.0,248.47166666666666,365.0,0.1887253925313146,0.9996678018650288,1739.3016666666667
15267,1460.8754809706343,4.0,160.0,170.4,182.0,0.23070135367486974,0.9994510170521487,852.0
13816,1460.7331547033573,1.0,41.0,199.98000000000002,64.0,0.16479038479212108,0.9992794602237997,399.96000000000004
17147,1459.2176358593103,3.0,289.0,435.03000000000003,311.0,0.12080545408027368,0.9995063917686382,1740.1200000000001
16775,1456.3190156733936,10.0,357.0,145.96099999999998,367.0,0.2979495571930501,0.9997194040297698,1605.571
13566,1455.9394451884932,1.0,42.0,289.53,82.0,0.14510996503296228,0.9991063779001874,579.06
13495,1455.548989328996,4.0,361.0,383.48,368.0,0.13251149770121692,0.9996188196178608,1917.4
17519,1453.1161065699187,5.0,351.0,301.744,368.0,0.15996246932503494,0.9995970351269159,1810.4640000000002
13321,1452.0093598550854,1.0,14.0,308.32,86.0,0.1412640138930688,0.9984062404479086,616.64
14621,1451.7375632873197,4.0,357.0,370.665,358.0,0.1356187532881295,0.999643383692268,1853.325
18221,1451.2617293630228,4.0,189.0,201.785,211.0,0.20680542547881556,0.9994766397769793,1008.925
18093,1450.4797577362954,3.0,209.0,417.86666666666673,302.0,0.12365113933063326,0.9988151424544678,1671.466666666667
13131,1449.6787324886297,2.0,164.0,374.20000000000005,187.0,0.13246192150263472,0.9994211670066733,1122.6000000000001
15826,1448.9746306693285,1.0,154.0,934.3100000000001,210.0,0.07852530002560738,0.9992331793800887,1868.6200000000001
14930,1448.8327501839588,1.0,166.0,1258.83,274.0,0.06385369017884376,0.9989840708345072,2517.66
15721,1448.6733665307254,0.0,0.0,0.0,11.0,0.1241199846914916,1.0,0.0
13844,1448.6733665307254,0.0,0.0,0.0,11.0,0.1241199846914916,1.0,0.0
12479,1448.6733665307254,0.0,0.0,0.0,11.0,0.1241199846914916,1.0,0.0
17852,1448.6733665307254,0.0,0.0,0.0,11.0,0.1241199846914916,1.0,0.0
14480,1448.6733665307254,0.0,0.0,0.0,11.0,0.1241199846914916,1.0,0.0
17806,1448.6733665307254,0.0,0.0,0.0,11.0,0.1241199846914916,1.0,0.0
12660,1448.6733665307254,0.0,0.0,0.0,11.0,0.1241199846914916,1.0,0.0
15540,1448.6733665307254,0.0,0.0,0.0,11.0,0.1241199846914916,1.0,0.0
13188,1448.6733665307254,0.0,0.0,0.0,11.0,0.1241199846914916,1.0,0.0
17359,1448.6733665307254,0.0,0.0,0.0,11.0,0.1241199846914916,1.0,0.0
16800,1448.6733665307254,0.0,0.0,0.0,11.0,0.1241199846914916,1.0,0.0
17379,1448.6733665307254,0.0,0.0,0.0,11.0,0.1241199846914916,1.0,0.0
14038,1448.6064256244224,2.0,129.0,422.03,207.0,0.12279200180798594,0.9988660750313734,1266.09
13614,1447.8544380030542,3.0,306.0,459.90333333333336,330.0,0.11505106752823156,0.9995018457243939,1839.6133333333335
13575,1447.5282028659674,4.0,153.0,160.88,176.0,0.23634875436821928,0.9994325636431386,804.4
13719,1447.18984065954,4.0,219.0,227.195,234.0,0.1911169063578637,0.9995494897405895,1135.975
13824,1446.3925613189722,4.0,278.0,314.01500000000004,310.0,0.15277055705176973,0.9994602933732258,1570.0750000000003
14246,1446.3242640807703,2.0,135.0,512.21,245.0,0.1078881740544127,0.9984997721337653,1536.63
14948,1444.68981607531,5.0,196.0,164.714,219.0,0.24271643852237118,0.9994806349915409,988.284
12498,1443.1167681369452,1.0,36.0,156.45,57.0,0.17395348774685096,0.9992893160321641,312.9
14020,1440.9984064005503,1.0,72.0,311.65999999999997,88.0,0.13959951014736532,0.9993801494957038,623.3199999999999
15485,1439.2275743597104,2.0,343.0,812.4549999999999,373.0,0.07671208073463956,0.999458917081916,2437.365
16877,1439.1362375848034,5.0,196.0,153.774,208.0,0.2523845072536252,0.9995860549334953,922.644
16999,1436.6244143047627,1.0,51.0,238.99,74.0,0.15326241657089482,0.9992983284385536,477.98
12877,1433.9566888060247,11.0,355.0,125.97363636363637,358.0,0.332350016295859,0.9997769185867905,1511.6836363636364
17368,1431.583514575073,7.0,314.0,187.96,337.0,0.2312744700654832,0.9995744298187009,1503.68
14954,1430.786674672573,0.0,0.0,0.0,12.0,0.12258594436202759,1.0,0.0
16024,1430.786674672573,0.0,0.0,0.0,12.0,0.12258594436202759,1.0,0.0
14093,1430.786674672573,0.0,0.0,0.0,12.0,0.12258594436202759,1.0,0.0
17885,1430.786674672573,0.0,0.0,0.0,12.0,0.12258594436202759,1.0,0.0
17549,1429.9355902993602,1.0,28.0,120.66,51.0,0.18265007765823513,0.9992486364830442,241.32
13048,1429.1428616846354,3.0,313.0,447.26666666666665,327.0,0.1159283318149004,0.9995490833798932,1789.0666666666666
15953,1426.0547017523952,7.0,354.0,207.07714285714286,369.0,0.21438986364412516,0.9996458390825618,1656.6171428571429
13110,1425.7543608195576,5.0,280.0,243.42400000000004,311.0,0.18393962009919795,0.9994749719015082,1460.5440000000003
13954,1423.757782501623,1.0,69.0,212.51,70.0,0.15770490365281623,0.9994838866647328,425.02
17722,1423.1750833690296,3.0,270.0,504.6333333333334,366.0,0.10547267318449058,0.9989802450940988,2018.5333333333335
12633,1422.8157547154285,3.0,229.0,383.72,287.0,0.12891517525804397,0.9992242014057026,1534.88
14897,1422.0473724342721,3.0,289.0,396.96000000000004,296.0,0.12578008462647913,0.9995768766987123,1587.8400000000001
16172,1421.967602262855,3.0,146.0,313.61,241.0,0.14792872931631712,0.9984073486755383,1254.44
16711,1421.1468467028358,4.0,354.0,359.2075,357.0,0.13593605192499839,0.9996351630049529,1796.0375
16639,1420.559949162826,2.0,204.0,474.65500000000003,235.0,0.11153846866224904,0.9993988095000519,1423.9650000000001
16313,1420.2448739239587,1.0,46.0,106.53,49.0,0.1857885666724045,0.9994661110654784,213.06
17584,1418.77352949137,1.0,120.0,492.85,127.0,0.1118180988002626,0.9994556672063368,985.7
13867,1417.1858327213538,2.0,187.0,433.12,218.0,0.11814588784984205,0.9993872302791459,1299.3600000000001
13425,1416.4590299992337,2.0,186.0,611.32,294.0,0.09334907510334131,0.9987968794741157,1833.96
15122,1416.3892243132668,2.0,183.0,618.37,297.0,0.09257723731044094,0.9987267388860697,1855.1100000000001
17457,1415.6102020734756,4.0,213.0,337.975,339.0,0.14168894444767277,0.9979059915620322,1689.875
13717,1415.166349222023,5.0,266.0,229.392,298.0,0.19045302856304036,0.9994558768394698,1376.3519999999999
18005,1414.8272489407552,1.0,44.0,94.4,47.0,0.1889941548218502,0.9994656716915591,188.8
15584,1411.9501991398538,3.0,139.0,190.15333333333334,162.0,0.19873765436776955,0.9994130838835854,760.6133333333333
15380,1411.9121786932972,4.0,357.0,365.03999999999996,365.0,0.13342704581144466,0.9996142726777699,1825.1999999999998
12758,1409.336719992582,1.0,160.0,1221.4,276.0,0.06347958698952867,0.9989235962807282,2442.8
15530,1409.1952997985973,3.0,225.0,316.4066666666667,246.0,0.14573765239415795,0.9994883997489642,1265.6266666666668
16205,1408.8353770706508,3.0,149.0,215.09333333333333,179.0,0.18509936878513755,0.9993565162198619,860.3733333333333
16455,1407.2220643499752,5.0,308.0,291.976,371.0,0.1588106258673997,0.9992133300829984,1751.856
17063,1407.118238941735,3.0,268.0,380.59,289.0,0.1282308143499637,0.9995048546070538,1522.36
14297,1406.1207604209508,3.0,257.0,357.57666666666665,274.0,0.13384235750184972,0.9995227399500317,1430.3066666666666
13823,1406.0697342827866,1.0,73.0,307.24,91.0,0.13697872626727914,0.9993665753069612,614.48
16637,1405.7271240785105,3.0,193.0,283.6166666666666,225.0,0.15613501991581102,0.9993893881597097,1134.4666666666665
16900,1405.3908893894354,2.0,47.0,67.215,63.0,0.2569614960099505,0.9993607694870104,201.645
14336,1404.969162113357,3.0,260.0,360.16333333333336,276.0,0.13306707731936082,0.9995288114009552,1440.6533333333334
13750,1404.6389729879982,4.0,283.0,330.455,336.0,0.14293899861065962,0.9993062406133794,1652.2749999999999
17088,1403.555996255158,3.0,225.0,325.06,253.0,0.14256220655314197,0.9994435223934127,1300.24
16949,1403.1422362356134,5.0,313.0,242.36999999999998,316.0,0.18158484865774904,0.9996652885465468,1454.2199999999998
17867,1402.8011282462066,3.0,258.0,377.4566666666667,288.0,0.12858306980075637,0.9994502908363913,1509.8266666666668
15434,1402.224572879032,3.0,192.0,244.84,200.0,0.1706792446848746,0.9995589774050969,979.36
14312,1401.1095748714029,5.0,291.0,260.408,337.0,0.17213727972556553,0.999355690646624,1562.448
15367,1399.0568491614845,2.0,218.0,556.505,275.0,0.09855193111054615,0.9992598366239388,1669.5149999999999
14970,1399.0293335704205,3.0,248.0,418.18666666666667,316.0,0.11919651380363117,0.9991736647059491,1672.7466666666667
14649,1398.4222101616515,2.0,208.0,410.235,212.0,0.12068755727360095,0.9995380401160225,1230.705
16434,1397.3568308734798,6.0,270.0,186.38333333333333,299.0,0.22254034855654609,0.9994876506489255,1304.6833333333334
14703,1396.3067155040205,0.0,0.0,0.0,14.0,0.11962887799984555,1.0,0.0
14946,1396.3067155040205,0.0,0.0,0.0,14.0,0.11962887799984555,1.0,0.0
12531,1396.3067155040205,0.0,0.0,0.0,14.0,0.11962887799984555,1.0,0.0
14966,1396.3067155040205,0.0,0.0,0.0,14.0,0.11962887799984555,1.0,0.0
17385,1396.3067155040205,0.0,0.0,0.0,14.0,0.11962887799984555,1.0,0.0
15872,1396.3067155040205,0.0,0.0,0.0,14.0,0.11962887799984555,1.0,0.0
16856,1396.3067155040205,0.0,0.0,0.0,14.0,0.11962887799984555,1.0,0.0
13332,1396.3067155040205,0.0,0.0,0.0,14.0,0.11962887799984555,1.0,0.0
16365,1396.201341565518,7.0,350.0,200.07999999999998,367.0,0.21537048995838262,0.9996319241726694,1600.6399999999999
15106,1393.678058319494,4.0,252.0,252.95499999999998,269.0,0.1713214727210903,0.9995476799921874,1264.7749999999999
12620,1392.016513026125,2.0,190.0,388.875,204.0,0.12421873862156532,0.9994852199772322,1166.625
15201,1389.654574547876,3.0,160.0,311.68666666666667,247.0,0.1451549767121751,0.9986534758190261,1246.7466666666667
13247,1389.5170427181652,3.0,65.0,65.35000000000001,82.0,0.304078112552399,0.9993793945275439,261.40000000000003
16692,1389.4582502623846,1.0,33.0,1267.5,289.0,0.06093178891699427,0.9949701175922078,2535.0
15681,1388.7925395850857,3.0,255.0,360.16,280.0,0.13153487638479525,0.9994778538150452,1440.64
13752,1388.6571253493673,5.0,122.0,179.556,246.0,0.22071785664553906,0.9941260900490021,1077.336
12522,1388.2224266693113,1.0,12.0,103.32,51.0,0.18259651284433956,0.9989555921660921,206.64
12516,1387.2756793720375,1.0,103.0,728.86,180.0,0.08796888724471955,0.9989990544944478,1457.72
14035,1385.908311917896,4.0,269.0,281.605,297.0,0.1582015585580455,0.9994822896571443,1408.025
14113,1385.8506152708883,3.0,351.0,468.97333333333336,354.0,0.1085322884722289,0.9995962457462991,1875.8933333333334
13499,1383.4551545261909,4.0,252.0,250.22,269.0,0.1713214727210903,0.9995476799921874,1251.1
16482,1379.6826382410247,0.0,0.0,0.0,15.0,0.1182032059450869,1.0,0.0
17458,1379.6826382410247,0.0,0.0,0.0,15.0,0.1182032059450869,1.0,0.0
17247,1379.6826382410247,0.0,0.0,0.0,15.0,0.1182032059450869,1.0,0.0
17727,1379.6826382410247,0.0,0.0,0.0,15.0,0.1182032059450869,1.0,0.0
15428,1379.6826382410247,0.0,0.0,0.0,15.0,0.1182032059450869,1.0,0.0
13638,1379.6826382410247,0.0,0.0,0.0,15.0,0.1182032059450869,1.0,0.0
17767,1379.6826382410247,0.0,0.0,0.0,15.0,0.1182032059450869,1.0,0.0
18184,1379.6826382410247,0.0,0.0,0.0,15.0,0.1182032059450869,1.0,0.0
15725,1379.6826382410247,0.0,0.0,0.0,15.0,0.1182032059450869,1.0,0.0
14756,1379.6826382410247,0.0,0.0,0.0,15.0,0.1182032059450869,1.0,0.0
14477,1378.7932214961509,3.0,278.0,381.5333333333333,297.0,0.12542898028230065,0.9995182002107295,1526.1333333333332
15660,1376.8749893313131,5.0,340.0,278.312,365.0,0.1610605371526636,0.9995481619039539,1669.872
13982,1376.5000183640902,3.0,326.0,481.07,365.0,0.10576405028646335,0.9994367123227198,1924.28
16009,1376.1204196589922,3.0,137.0,176.84,159.0,0.20135512965141292,0.9994206906470635,707.36
12759,1375.9404659226602,2.0,223.0,543.32,275.0,0.09855540788785758,0.9992950891439965,1629.96
17463,1375.9365441661662,4.0,297.0,296.1,313.0,0.15158663537713493,0.9995665261840286,1480.5
17571,1373.3742322864327,3.0,248.0,380.99,298.0,0.12506132036134515,0.9993119426293886,1523.96
17673,1372.888414710486,5.0,319.0,238.51,320.0,0.17971906579246386,0.9996753689201475,1431.06
12775,1372.5188337226025,4.0,294.0,292.89750000000004,311.0,0.15238367825384708,0.9995602449998281,1464.4875000000002
12394,1370.5726709413168,1.0,154.0,891.4000000000001,217.0,0.07660004365874012,0.9991976905713966,1782.8000000000002
16094,1370.338744783049,2.0,208.0,413.065,219.0,0.11774938394175777,0.9995047724606094,1239.195
16478,1369.937816849918,2.0,40.0,64.05,65.0,0.2530842524145838,0.9992046966840327,192.14999999999998
16817,1369.7212974693498,8.0,366.0,170.06875,368.0,0.2423583810652158,0.9997396523450474,1530.6187499999999
13055,1367.69482794926,1.0,135.0,869.55,213.0,0.07767775597943125,0.9990800026253902,1739.1
14522,1367.6312152704206,3.0,174.0,231.97,198.0,0.171937097920484,0.9994366219115662,927.88
14875,1367.0142060830165,1.0,155.0,1103.32,262.0,0.06616770723822893,0.9989609416431782,2206.64
15489,1366.0942242068954,2.0,189.0,393.01,211.0,0.12110695306713853,0.9994409604483642,1179.03
17082,1364.545709183949,1.0,285.0,1366.91,318.0,0.0566157964787178,0.9994006274654209,2733.82
14581,1363.4498314612754,0.0,0.0,0.0,16.0,0.11681111450178025,1.0,0.0
18084,1363.4498314612754,0.0,0.0,0.0,16.0,0.11681111450178025,1.0,0.0
12452,1363.4498314612754,0.0,0.0,0.0,16.0,0.11681111450178025,1.0,0.0
16343,1363.4498314612754,0.0,0.0,0.0,16.0,0.11681111450178025,1.0,0.0
14675,1363.4498314612754,0.0,0.0,0.0,16.0,0.11681111450178025,1.0,0.0
16930,1362.677734963118,1.0,42.0,173.44,68.0,0.15997149156101764,0.9992518595847891,346.88
17759,1360.6093900287854,1.0,152.0,652.81,169.0,0.09207465977141037,0.9994168295472283,1305.62
17667,1360.0412466976866,3.0,232.0,375.82,298.0,0.12504245611184656,0.9991612064164794,1503.28
17738,1359.5145852645753,2.0,263.0,549.5649999999999,282.0,0.09660738744647977,0.9994808323881225,1648.6949999999997
14261,1359.5019345072972,1.0,28.0,219.7,78.0,0.14903182280122668,0.9989115634367256,439.4
18143,1358.8886810358042,1.0,25.0,519.98,141.0,0.10418655022239921,0.9977902159393977,1039.96
16996,1354.020052106978,4.0,323.0,332.355,353.0,0.13720579260978905,0.9994966913674175,1661.775
16869,1353.501251360332,3.0,153.0,194.53,175.0,0.18814979592142933,0.9994359599197755,778.12
14869,1353.2353435023936,1.0,95.0,334.39,103.0,0.12742712268574474,0.9994443528297142,668.78
15260,1352.7693116267392,5.0,272.0,278.054,372.0,0.15834845258056351,0.9985701608872134,1668.3239999999998
12868,1351.202812770267,5.0,188.0,280.75200000000007,373.0,0.15703199727811062,0.9925143168023007,1684.5120000000004
12822,1350.6439240596385,1.0,17.0,257.98,87.0,0.1403695521001373,0.9984886484010193,515.96
13634,1350.1121062995226,4.0,294.0,303.28999999999996,327.0,0.1462112926238577,0.9994634120697434,1516.4499999999998
13379,1349.983557007314,2.0,110.0,218.135,136.0,0.16541777365247748,0.9993491441440865,654.405
16506,1349.864877111083,1.0,21.0,35.1,40.0,0.20110322767652272,0.9992772155805559,70.2
13772,1348.0376640301918,2.0,206.0,447.105,239.0,0.11008842359255078,0.9993889228138174,1341.315
17600,1347.594640248632,0.0,0.0,0.0,17.0,0.11545143103075382,1.0,0.0
16956,1347.594640248632,0.0,0.0,0.0,17.0,0.11545143103075382,1.0,0.0
18249,1347.594640248632,0.0,0.0,0.0,17.0,0.11545143103075382,1.0,0.0
15699,1347.594640248632,0.0,0.0,0.0,17.0,0.11545143103075382,1.0,0.0
12586,1347.594640248632,0.0,0.0,0.0,17.0,0.11545143103075382,1.0,0.0
13322,1347.594640248632,0.0,0.0,0.0,17.0,0.11545143103075382,1.0,0.0
17297,1347.594640248632,0.0,0.0,0.0,17.0,0.11545143103075382,1.0,0.0
15634,1347.594640248632,0.0,0.0,0.0,17.0,0.11545143103075382,1.0,0.0
12920,1347.594640248632,0.0,0.0,0.0,17.0,0.11545143103075382,1.0,0.0
13986,1347.594640248632,0.0,0.0,0.0,17.0,0.11545143103075382,1.0,0.0
14424,1347.594640248632,0.0,0.0,0.0,17.0,0.11545143103075382,1.0,0.0
13403,1347.594640248632,0.0,0.0,0.0,17.0,0.11545143103075382,1.0,0.0
17966,1347.1003730550199,3.0,224.0,317.1433333333334,261.0,0.13909652513858647,0.9993807303035512,1268.5733333333335
13460,1345.7924642229711,1.0,20.0,75.98,49.0,0.18572929778338673,0.9991472688079879,151.96
12530,1345.694526744733,3.0,277.0,424.96000000000004,336.0,0.11332136677010651,0.9992824186110408,1699.8400000000001
15625,1345.5698989836226,3.0,132.0,279.6433333333334,235.0,0.150800971494338,0.9980882103980444,1118.5733333333335
14507,1344.4947629241876,4.0,253.0,247.2575,276.0,0.16783789169722363,0.99950808902431,1236.2875
17453,1342.0465420594694,1.0,47.0,144.72,64.0,0.16480137171944165,0.9993460843221429,289.44
13475,1341.5555130692553,3.0,107.0,371.5533333333333,298.0,0.12433315801916703,0.9934935063406215,1486.2133333333331
16719,1339.9072589477655,6.0,354.0,223.24833333333333,368.0,0.1874233257732349,0.9996346011670776,1562.7383333333332
15679,1339.8478240093023,3.0,158.0,201.01999999999998,182.0,0.18289841481106436,0.999422837920038,804.0799999999999
14862,1339.6967569975902,1.0,123.0,537.1,148.0,0.1009832699627825,0.9993630540889469,1074.2
13627,1339.4285034802467,4.0,298.0,331.82,357.0,0.13588722232067238,0.9992760839469057,1659.1
16245,1338.5160167544425,2.0,233.0,479.84000000000003,256.0,0.10433523563985611,0.9994541296042582,1439.52
14389,1337.729323922849,1.0,125.0,732.32,190.0,0.08458290598884663,0.9991366486777437,1464.64
13313,1337.50520921105,4.0,317.0,312.005,339.0,0.14192084603541286,0.9995392593145778,1560.025
13538,1335.403511146861,6.0,272.0,185.67500000000004,315.0,0.2132347523361874,0.9993419362502778,1299.7250000000004
12589,1335.3936419630215,1.0,116.0,515.18,144.0,0.10287819089995502,0.9993411237417046,1030.36
14673,1335.0051079758398,4.0,364.0,340.72749999999996,367.0,0.13281769111797306,0.9996354493285035,1703.6374999999998
12826,1334.587391004014,6.0,363.0,219.95333333333335,365.0,0.1887311029276481,0.999698049513604,1539.6733333333334
13397,1333.9693991715428,4.0,267.0,311.0525,339.0,0.14185850973291556,0.9991002288030838,1555.2625
17100,1332.1040378327834,0.0,0.0,0.0,18.0,0.114123036862965,1.0,0.0
17253,1332.1040378327834,0.0,0.0,0.0,18.0,0.114123036862965,1.0,0.0
12984,1332.1040378327834,0.0,0.0,0.0,18.0,0.114123036862965,1.0,0.0
15115,1332.1040378327834,0.0,0.0,0.0,18.0,0.114123036862965,1.0,0.0
12795,1332.1040378327834,0.0,0.0,0.0,18.0,0.114123036862965,1.0,0.0
14300,1332.1040378327834,0.0,0.0,0.0,18.0,0.114123036862965,1.0,0.0
16406,1332.1040378327834,0.0,0.0,0.0,18.0,0.114123036862965,1.0,0.0
12658,1332.1040378327834,0.0,0.0,0.0,18.0,0.114123036862965,1.0,0.0
15857,1332.1040378327834,0.0,0.0,0.0,18.0,0.114123036862965,1.0,0.0
17010,1332.1040378327834,0.0,0.0,0.0,18.0,0.114123036862965,1.0,0.0
15645,1332.1040378327834,0.0,0.0,0.0,18.0,0.114123036862965,1.0,0.0
15567,1332.1040378327834,0.0,0.0,0.0,18.0,0.114123036862965,1.0,0.0
13739,1332.1040378327834,0.0,0.0,0.0,18.0,0.114123036862965,1.0,0.0
16366,1332.1040378327834,0.0,0.0,0.0,18.0,0.114123036862965,1.0,0.0
12349,1332.1040378327834,0.0,0.0,0.0,18.0,0.114123036862965,1.0,0.0
15612,1330.3852741029411,1.0,25.0,125.5,61.0,0.1685619795762553,0.9990789886134669,251.0
17288,1329.5327940877846,6.0,349.0,214.01166666666666,358.0,0.19181866379861714,0.9996616286679963,1498.0816666666665
16493,1329.24698185033,3.0,250.0,407.9433333333333,329.0,0.11529199152150534,0.999084067604067,1631.7733333333333
15630,1329.2203333119733,1.0,159.0,789.49,204.0,0.08025642910227378,0.9992922642091548,1578.98
12697,1328.9882863891721,2.0,141.0,283.54499999999996,169.0,0.14247610869433727,0.9993681204193061,850.6349999999999
16059,1328.5795816161228,5.0,302.0,266.982,367.0,0.160262700025978,0.9991810248491108,1601.8920000000003
14738,1328.3033780898095,6.0,274.0,184.9466666666667,316.0,0.21268384656925016,0.9993563581231587,1294.6266666666668
13918,1326.9557403392084,1.0,204.0,1014.64,253.0,0.06804148351363756,0.999311456541067,2029.28
17588,1326.9274230098138,2.0,132.0,421.5,232.0,0.11256174480850353,0.9986117091094988,1264.5
15714,1326.120141051057,1.0,66.0,197.55,77.0,0.1501284187937264,0.999412291662113,395.1
13282,1325.0865176263283,2.0,202.0,393.72,220.0,0.11733750475246311,0.9994679698765169,1181.16
14414,1324.755952667882,6.0,267.0,213.29666666666665,358.0,0.19159552109712705,0.998498722035349,1493.0766666666666
17447,1324.2647805345778,1.0,31.0,169.05,71.0,0.15651104977760294,0.9990582126892131,338.1
14321,1322.900245215933,4.0,323.0,300.9825,333.0,0.144048524403573,0.9996018174530085,1504.9125000000001
14108,1322.1496280399654,1.0,71.0,306.58,101.0,0.1289050413083382,0.9992738389961137,613.16
16456,1321.4110528038384,4.0,274.0,342.69500000000005,373.0,0.130905113130469,0.9988016393614092,1713.4750000000004
17932,1319.1251098456567,2.0,182.0,371.28,211.0,0.12110147729117762,0.9993957713436351,1113.84
15734,1317.5800644751935,1.0,86.0,760.8000000000001,200.0,0.08139431495087593,0.9986063626355076,1521.6000000000001
14950,1316.965589877716,0.0,0.0,0.0,19.0,0.11282486422985412,1.0,0.0
14881,1316.965589877716,0.0,0.0,0.0,19.0,0.11282486422985412,1.0,0.0
13832,1316.965589877716,0.0,0.0,0.0,19.0,0.11282486422985412,1.0,0.0
14860,1316.965589877716,0.0,0.0,0.0,19.0,0.11282486422985412,1.0,0.0
16666,1316.965589877716,0.0,0.0,0.0,19.0,0.11282486422985412,1.0,0.0
14052,1316.965589877716,0.0,0.0,0.0,19.0,0.11282486422985412,1.0,0.0
17636,1316.965589877716,0.0,0.0,0.0,19.0,0.11282486422985412,1.0,0.0
13142,1316.965589877716,0.0,0.0,0.0,19.0,0.11282486422985412,1.0,0.0
17561,1316.965589877716,0.0,0.0,0.0,19.0,0.11282486422985412,1.0,0.0
15988,1316.965589877716,0.0,0.0,0.0,19.0,0.11282486422985412,1.0,0.0
12702,1316.965589877716,0.0,0.0,0.0,19.0,0.11282486422985412,1.0,0.0
18110,1316.965589877716,0.0,0.0,0.0,19.0,0.11282486422985412,1.0,0.0
16784,1316.965589877716,0.0,0.0,0.0,19.0,0.11282486422985412,1.0,0.0
15987,1314.7123565992213,5.0,356.0,263.858,368.0,0.15996676531517556,0.999623880542754,1583.1480000000001
16395,1314.1319959985624,4.0,270.0,295.23,330.0,0.1450772481910584,0.9992259268562779,1476.15
18016,1313.4901814612213,4.0,332.0,330.2525,364.0,0.1337185277362643,0.9994892728188521,1651.2625
14404,1312.1264163658361,5.0,336.0,264.018,369.0,0.15958094171235832,0.9994952745307657,1584.1079999999997
15910,1311.1155978331603,7.0,316.0,154.1985714285714,316.0,0.24393017152300214,0.9997303711453763,1233.5885714285712
13651,1308.7418202548583,1.0,4.0,15.0,39.0,0.20290199413916707,0.998958124009065,30.0
16188,1308.1777839371448,3.0,198.0,276.7366666666667,242.0,0.14758414665748898,0.9992957216071914,1106.9466666666667
15059,1305.2000293972578,6.0,294.0,192.49,334.0,0.20319182496611368,0.9994028248975869,1347.43
13805,1305.0831418203256,1.0,77.0,424.36,129.0,0.11065000693021237,0.9991114921178937,848.72
16160,1304.385467422098,1.0,20.0,223.49999999999997,85.0,0.14221133700628213,0.998613409555674,446.99999999999994
18263,1304.2170015302067,2.0,227.0,452.78,252.0,0.10563444501213805,0.9994421472412701,1358.34
15950,1303.4197319368764,3.0,328.0,438.63000000000005,359.0,0.10725124891113333,0.9994761439327561,1754.5200000000002
18116,1302.504086133124,7.0,297.0,180.49,364.0,0.21672486636737717,0.9989954438202062,1443.92
15492,1302.0660729779354,1.0,46.0,171.71999999999997,74.0,0.1532537164221563,0.9992416019149473,343.43999999999994
14597,1298.707241003462,1.0,180.0,701.14,191.0,0.08428380216328227,0.9994488082721503,1402.28
16053,1298.353467186832,1.0,90.0,387.76,122.0,0.11472736834938609,0.999288021612399,775.52
13725,1298.314532950874,7.0,259.0,147.55857142857144,308.0,0.248974998323182,0.999198479661517,1180.4685714285715
13978,1297.5429873427556,1.0,31.0,37.8,45.0,0.19229068702717028,0.9993528747913498,75.6
16271,1295.452255047296,4.0,356.0,317.855,358.0,0.13561820144101253,0.9996393160371251,1589.275
13309,1295.1063778323294,4.0,301.0,266.52,308.0,0.15360481291703745,0.9996140164243191,1332.6
15745,1294.9865852249338,3.0,217.0,263.91333333333336,236.0,0.15051863005023677,0.9994974634807987,1055.6533333333334
15916,1294.932665732707,6.0,350.0,211.735,366.0,0.18828285777458312,0.9996221372393234,1482.145
15073,1294.3333442207522,2.0,177.0,306.21500000000003,186.0,0.13299323773016872,0.9995089664719096,918.6450000000001
14794,1294.2984570049102,6.0,332.0,190.135,334.0,0.20325169856101297,0.9996973143037877,1330.945
12576,1294.2733210312367,4.0,269.0,262.245,304.0,0.15522426436784478,0.9994327335861908,1311.225
13563,1293.7191045630175,1.0,56.0,466.65,140.0,0.10478048444038253,0.9986978395302852,933.3
13118,1293.6805643164548,3.0,269.0,335.62666666666667,288.0,0.12859147807544583,0.9995156466612042,1342.5066666666667
13928,1291.6731307831365,3.0,123.0,120.12333333333333,133.0,0.22730624864952015,0.9995228324770089,480.49333333333334
13208,1291.0349207173676,5.0,251.0,209.84,309.0,0.18485407342150106,0.9991561459573536,1259.04
12383,1290.8874700188408,4.0,168.0,312.46,352.0,0.13682768537243256,0.9943798932167935,1562.3
16755,1289.2535946422583,2.0,201.0,579.685,315.0,0.08824318185449952,0.9988000174744235,1739.0549999999998
17312,1289.2374110816816,2.0,21.0,249.25,159.0,0.1479114626634689,0.9938853333515876,747.75
17096,1288.1868671452623,3.0,246.0,296.2133333333333,261.0,0.1391173774076893,0.999530549689073,1184.8533333333332
17298,1287.7528516001264,1.0,23.0,390.78,124.0,0.11339497401719399,0.9980296871419705,781.56
17904,1287.698184584735,0.0,0.0,0.0,21.0,0.11031515001214658,1.0,0.0
18034,1287.698184584735,0.0,0.0,0.0,21.0,0.11031515001214658,1.0,0.0
14641,1287.698184584735,0.0,0.0,0.0,21.0,0.11031515001214658,1.0,0.0
12603,1287.698184584735,0.0,0.0,0.0,21.0,0.11031515001214658,1.0,0.0
17650,1287.698184584735,0.0,0.0,0.0,21.0,0.11031515001214658,1.0,0.0
12391,1287.698184584735,0.0,0.0,0.0,21.0,0.11031515001214658,1.0,0.0
17301,1287.698184584735,0.0,0.0,0.0,21.0,0.11031515001214658,1.0,0.0
14793,1287.698184584735,0.0,0.0,0.0,21.0,0.11031515001214658,1.0,0.0
17286,1287.698184584735,0.0,0.0,0.0,21.0,0.11031515001214658,1.0,0.0
15368,1287.698184584735,0.0,0.0,0.0,21.0,0.11031515001214658,1.0,0.0
12618,1287.698184584735,0.0,0.0,0.0,21.0,0.11031515001214658,1.0,0.0
16734,1286.9858704458372,1.0,62.0,344.35,114.0,0.11971809552641112,0.9990620695175882,688.7
15287,1286.111719971567,1.0,48.0,145.71,70.0,0.1576762400818422,0.9993022260019426,291.42
13812,1284.354338594158,2.0,63.0,130.13,105.0,0.1948413836170409,0.999031483790582,390.39
13236,1282.892237849508,1.0,82.0,305.62,106.0,0.1252276301944267,0.9993331520461869,611.24
13956,1282.8629995259012,4.0,266.0,225.3125,271.0,0.1703259884180456,0.9996212619159629,1126.5625
12947,1282.3524622745852,5.0,230.0,259.99,373.0,0.15772404811801208,0.9968883958337277,1559.94
18135,1282.159361802308,4.0,161.0,143.0225,190.0,0.2235560329225436,0.9993745688877745,715.1125000000001
17406,1281.4070103765555,1.0,33.0,1482.32,366.0,0.05003640357934123,0.9928352829246886,2964.64
18236,1279.8142377083232,5.0,211.0,151.808,240.0,0.2262057375405681,0.9994321565953782,910.848
14745,1279.2144109802564,3.0,173.0,326.55333333333334,285.0,0.12952600459239566,0.9983171908645851,1306.2133333333334
13174,1279.1070274022156,2.0,353.0,686.88,369.0,0.0774165243538385,0.9995071928974644,2060.64
17573,1278.3309445614043,2.0,64.0,102.94500000000001,93.0,0.20932234550167084,0.9992252693620941,308.83500000000004
13791,1275.3943683794514,1.0,41.0,579.0,168.0,0.09232591251368019,0.9979317945924273,1158.0
17348,1273.8699188150295,4.0,283.0,249.1125,297.0,0.1582161335495622,0.99957437121453,1245.5625
17985,1273.5470319616638,0.0,0.0,0.0,22.0,0.10910170257111632,1.0,0.0
15435,1273.5470319616638,0.0,0.0,0.0,22.0,0.10910170257111632,1.0,0.0
15657,1273.5470319616638,0.0,0.0,0.0,22.0,0.10910170257111632,1.0,0.0
12445,1273.5470319616638,0.0,0.0,0.0,22.0,0.10910170257111632,1.0,0.0
14362,1273.5470319616638,0.0,0.0,0.0,22.0,0.10910170257111632,1.0,0.0
13828,1273.5470319616638,0.0,0.0,0.0,22.0,0.10910170257111632,1.0,0.0
12847,1273.5470319616638,0.0,0.0,0.0,22.0,0.10910170257111632,1.0,0.0
17397,1273.5470319616638,0.0,0.0,0.0,22.0,0.10910170257111632,1.0,0.0
13160,1273.5470319616638,0.0,0.0,0.0,22.0,0.10910170257111632,1.0,0.0
15810,1271.3206546653375,3.0,218.0,338.21999999999997,296.0,0.12570931112394598,0.9990144382425354,1352.8799999999999
18178,1268.6696216243067,3.0,236.0,430.05333333333334,364.0,0.1059089191391352,0.9984992226462929,1720.2133333333334
17731,1266.8856615072054,2.0,104.0,288.77,183.0,0.13447025732202864,0.9987159538135713,866.31
16571,1264.8031857384015,2.0,255.0,492.505,281.0,0.09688031823650407,0.9994482521780195,1477.5149999999999
16042,1264.6188632828487,3.0,310.0,384.17333333333335,332.0,0.11447833692085156,0.9995124235125251,1536.6933333333334
17299,1263.9019987043584,3.0,162.0,168.32666666666668,173.0,0.18972325088948344,0.9995305407435734,673.3066666666667
17163,1263.4059850781093,1.0,57.0,170.0,78.0,0.14909350344374625,0.9993249886092485,340.0
17737,1261.7469437722525,1.0,49.0,80.85000000000001,58.0,0.17260495899913303,0.9994174457781837,161.70000000000002
15315,1261.446175986234,1.0,52.0,336.96,116.0,0.11840330935196143,0.9988939825592679,673.92
15900,1259.703587062989,0.0,0.0,0.0,23.0,0.10791466012452203,1.0,0.0
16204,1259.703587062989,0.0,0.0,0.0,23.0,0.10791466012452203,1.0,0.0
15269,1259.703587062989,0.0,0.0,0.0,23.0,0.10791466012452203,1.0,0.0
13449,1259.703587062989,0.0,0.0,0.0,23.0,0.10791466012452203,1.0,0.0
17680,1259.703587062989,0.0,0.0,0.0,23.0,0.10791466012452203,1.0,0.0
17896,1259.703587062989,0.0,0.0,0.0,23.0,0.10791466012452203,1.0,0.0
13926,1259.703587062989,0.0,0.0,0.0,23.0,0.10791466012452203,1.0,0.0
15432,1259.703587062989,0.0,0.0,0.0,23.0,0.10791466012452203,1.0,0.0
18006,1259.703587062989,0.0,0.0,0.0,23.0,0.10791466012452203,1.0,0.0
13026,1258.566985416853,4.0,274.0,222.75,275.0,0.16834853183183776,0.9996424070717848,1113.75
15429,1258.4569435310068,1.0,49.0,154.29000000000002,75.0,0.15219270343199973,0.9992671839922307,308.58000000000004
12464,1258.3182715876853,6.0,299.0,166.35833333333332,309.0,0.21668665543616536,0.9996486615317003,1164.5083333333332
13016,1256.5263251154404,1.0,50.0,364.64,123.0,0.1140715166298058,0.9987798306547055,729.28
13549,1256.4182714740693,6.0,217.0,122.45,242.0,0.26333670060730424,0.999481592296943,857.15
17856,1256.0425504371267,3.0,280.0,311.74,281.0,0.13117536342202174,0.999602766959883,1246.96
14934,1255.8417443856135,1.0,201.0,1062.1,282.0,0.06241006279969642,0.9991776301052635,2124.2
16266,1255.8001934956294,5.0,133.0,120.72,206.0,0.2538354836606222,0.9980718473888882,724.3199999999999
15602,1254.133972357893,8.0,360.0,150.665,368.0,0.2423501500004283,0.99970569881799,1355.985
16774,1253.7885884212803,3.0,111.0,172.70666666666668,178.0,0.18572353716731607,0.9986817828593577,690.8266666666667
14901,1251.4592212860498,8.0,361.0,152.14249999999998,372.0,0.24014719550753635,0.9996875413204495,1369.2824999999998
15834,1250.5558368121326,2.0,207.0,476.19,277.0,0.09797231421015337,0.9991597802736724,1428.57
17042,1250.2493830575977,4.0,245.0,192.79250000000002,247.0,0.1832683528896582,0.9996364239945105,963.9625000000001
16175,1249.733549748253,3.0,146.0,254.91,240.0,0.14841049973783557,0.998426893579849,1019.64
17961,1248.8370432691218,34.0,351.0,34.37911764705883,372.0,0.9473779492375911,0.9995270112660848,1203.269117647059
17510,1246.1579201425084,0.0,0.0,0.0,24.0,0.10675317007664359,1.0,0.0
14714,1246.1579201425084,0.0,0.0,0.0,24.0,0.10675317007664359,1.0,0.0
15419,1246.1579201425084,0.0,0.0,0.0,24.0,0.10675317007664359,1.0,0.0
15720,1246.1579201425084,0.0,0.0,0.0,24.0,0.10675317007664359,1.0,0.0
15758,1246.1579201425084,0.0,0.0,0.0,24.0,0.10675317007664359,1.0,0.0
17153,1246.1579201425084,0.0,0.0,0.0,24.0,0.10675317007664359,1.0,0.0
14725,1246.1579201425084,0.0,0.0,0.0,24.0,0.10675317007664359,1.0,0.0
15556,1246.1579201425084,0.0,0.0,0.0,24.0,0.10675317007664359,1.0,0.0
17357,1246.1579201425084,0.0,0.0,0.0,24.0,0.10675317007664359,1.0,0.0
16423,1246.1579201425084,0.0,0.0,0.0,24.0,0.10675317007664359,1.0,0.0
12890,1246.1579201425084,0.0,0.0,0.0,24.0,0.10675317007664359,1.0,0.0
14666,1246.1579201425084,0.0,0.0,0.0,24.0,0.10675317007664359,1.0,0.0
18181,1246.1579201425084,0.0,0.0,0.0,24.0,0.10675317007664359,1.0,0.0
15524,1246.1579201425084,0.0,0.0,0.0,24.0,0.10675317007664359,1.0,0.0
15730,1244.7429800937311,2.0,141.0,326.725,206.0,0.12326129089162662,0.9990495190176736,980.1750000000001
14878,1244.4252642443494,8.0,346.0,144.26,358.0,0.24802012066768223,0.9996784604006043,1298.34
13217,1242.8819005269202,2.0,34.0,224.49,156.0,0.15019885162088353,0.9959706673238451,673.47
14573,1241.6277202593958,7.0,193.0,176.83142857142857,372.0,0.20967386376514016,0.9843538485366999,1414.6514285714286
15949,1240.1872426654693,1.0,55.0,127.67999999999999,71.0,0.15655898969911375,0.9993642279665313,255.35999999999999
14045,1239.2844165538413,2.0,264.0,666.675,373.0,0.07667783020856218,0.9990126771497573,2000.0249999999999
14410,1239.1354578247515,6.0,213.0,160.43666666666667,305.0,0.2186416591945657,0.9979916938091962,1123.0566666666666
12393,1239.0649584793541,3.0,260.0,373.3666666666666,332.0,0.11443824006383174,0.9991623371310046,1493.4666666666665
17372,1237.973202982607,7.0,322.0,166.96,362.0,0.21782375299245593,0.9994222023441213,1335.68
15573,1237.6245572150488,1.0,54.0,187.1,85.0,0.14229943848061474,0.9992320614544764,374.2
13220,1237.2147801289052,3.0,158.0,245.29666666666665,236.0,0.1504111767531842,0.9987839352098408,981.1866666666666
12494,1237.173569706693,6.0,350.0,198.08333333333334,365.0,0.1887178834405666,0.9996280266331886,1386.5833333333335
14758,1235.9811292669795,3.0,115.0,276.43666666666667,259.0,0.13953021322903783,0.9964193933232108,1105.7466666666667
17800,1235.1099706141456,8.0,297.0,131.395,334.0,0.2627243006430485,0.9994151062583121,1182.555
16726,1234.7300119839585,3.0,335.0,409.72333333333336,361.0,0.10675498469995515,0.9995012091127045,1638.8933333333334
15907,1234.2256209472328,2.0,207.0,329.825,210.0,0.12155352484635963,0.9995426210683683,989.4749999999999
16041,1233.8397499956109,1.0,111.0,426.6,141.0,0.10434681118187011,0.9993250284177432,853.2
15737,1233.3248621685018,6.0,228.0,118.70666666666666,242.0,0.263367719044922,0.999599321262747,830.9466666666666
17538,1232.9005241921468,0.0,0.0,0.0,25.0,0.10561641614709649,1.0,0.0
16207,1232.9005241921468,0.0,0.0,0.0,25.0,0.10561641614709649,1.0,0.0
14953,1232.9005241921468,0.0,0.0,0.0,25.0,0.10561641614709649,1.0,0.0
15458,1232.9005241921468,0.0,0.0,0.0,25.0,0.10561641614709649,1.0,0.0
17044,1232.9005241921468,0.0,0.0,0.0,25.0,0.10561641614709649,1.0,0.0
17793,1232.9005241921468,0.0,0.0,0.0,25.0,0.10561641614709649,1.0,0.0
14902,1232.9005241921468,0.0,0.0,0.0,25.0,0.10561641614709649,1.0,0.0
12374,1232.9005241921468,0.0,0.0,0.0,25.0,0.10561641614709649,1.0,0.0
15168,1232.9005241921468,0.0,0.0,0.0,25.0,0.10561641614709649,1.0,0.0
12938,1232.9005241921468,0.0,0.0,0.0,25.0,0.10561641614709649,1.0,0.0
18082,1232.9005241921468,0.0,0.0,0.0,25.0,0.10561641614709649,1.0,0.0
16936,1232.9005241921468,0.0,0.0,0.0,25.0,0.10561641614709649,1.0,0.0
14494,1232.9005241921468,0.0,0.0,0.0,25.0,0.10561641614709649,1.0,0.0
18117,1232.9005241921468,0.0,0.0,0.0,25.0,0.10561641614709649,1.0,0.0
16504,1232.9005241921468,0.0,0.0,0.0,25.0,0.10561641614709649,1.0,0.0
15532,1230.1345272975973,3.0,333.0,403.6433333333334,358.0,0.10750558536282596,0.9995050833756113,1614.5733333333335
16676,1229.6807593301685,3.0,304.0,375.76666666666665,337.0,0.11306189254985446,0.9994565713179564,1503.0666666666666
16040,1229.0505190162903,2.0,203.0,445.56,268.0,0.10059221618961463,0.9991872263050363,1336.68
17002,1228.9583879542183,2.0,205.0,490.33500000000004,290.0,0.09441317212719091,0.9990481602179344,1471.005
14741,1227.8793314853976,5.0,361.0,243.16799999999998,372.0,0.15851643763126294,0.9996295009462406,1459.0079999999998
15145,1227.2383703152718,3.0,244.0,257.5,248.0,0.14483228912548157,0.999587530372641,1030.0
17934,1226.9828582698779,1.0,7.0,65.8,58.0,0.17248083080607757,0.9986987185621645,131.6
14447,1226.604795679677,3.0,262.0,299.41,280.0,0.13154027200717272,0.9995188528658069,1197.64
16200,1224.7891424584714,1.0,160.0,518.3,164.0,0.0940566596118274,0.9994742836189064,1036.6
13414,1224.3870508682248,2.0,163.0,500.25,296.0,0.09280095782116209,0.99840424581404,1500.75
16531,1223.970538203521,6.0,338.0,191.96166666666667,360.0,0.1909088179483906,0.9995809191660441,1343.7316666666668
18142,1223.096642033276,1.0,58.0,737.04,215.0,0.0770307293083416,0.997786872051826,1474.08
17774,1223.0782579102565,3.0,209.0,331.24666666666667,305.0,0.12265451074961177,0.9987780948172815,1324.9866666666667
12399,1222.042541528601,3.0,142.0,273.53333333333336,261.0,0.13888029934119273,0.9978271911688062,1094.1333333333334
17186,1221.8937365591016,1.0,14.0,72.0,60.0,0.1698323307316658,0.9988600910620429,144.0
18170,1221.2048711671537,2.0,184.0,338.05,217.0,0.11855738491958463,0.9993726922858459,1014.1500000000001
13761,1220.3573632035143,1.0,129.0,578.9399999999999,179.0,0.08834428480805669,0.9992315921474391,1157.8799999999999
16720,1219.9222926807831,0.0,0.0,0.0,26.0,0.10450361645767231,1.0,0.0
14661,1219.9222926807831,0.0,0.0,0.0,26.0,0.10450361645767231,1.0,0.0
13603,1219.9222926807831,0.0,0.0,0.0,26.0,0.10450361645767231,1.0,0.0
13146,1219.9222926807831,0.0,0.0,0.0,26.0,0.10450361645767231,1.0,0.0
13170,1219.9222926807831,0.0,0.0,0.0,26.0,0.10450361645767231,1.0,0.0
14382,1219.9222926807831,0.0,0.0,0.0,26.0,0.10450361645767231,1.0,0.0
17527,1219.3467673323203,3.0,165.0,215.75333333333333,218.0,0.15990472110773613,0.9991419794329343,863.0133333333333
14623,1219.1274845758705,4.0,203.0,173.505,235.0,0.1904589764414233,0.99939688545523,867.525
15027,1218.6656087435576,3.0,208.0,241.58333333333334,238.0,0.14952584691447082,0.999417692477024,966.3333333333334
17425,1218.465546322433,1.0,41.0,70.2,60.0,0.16991028075865702,0.9993185501241266,140.4
17330,1216.2806611244214,1.0,45.0,99.0,67.0,0.1611557744581997,0.9992969040706674,198.0
16728,1215.8078177898913,3.0,218.0,274.59666666666664,264.0,0.13783279270885593,0.9993061163664821,1098.3866666666665
15392,1214.093074852821,3.0,356.0,398.84999999999997,360.0,0.10701368062788312,0.9995927547630967,1595.3999999999999
15516,1213.1407995038928,1.0,2.0,8.67,46.0,0.19050627433318532,0.998770694939676,17.34
15569,1213.1219621016523,3.0,229.0,362.40333333333336,332.0,0.1143941094871429,0.9987770322703324,1449.6133333333335
16682,1211.6420397895351,4.0,183.0,125.625,187.0,0.22623213262122918,0.9996195495479476,628.125
12716,1210.6733376858142,1.0,130.0,375.59000000000003,133.0,0.10849759563089374,0.9994765376238302,751.1800000000001
12375,1210.1923455152787,1.0,88.0,227.20000000000002,98.0,0.13124239968441337,0.999429834519837,454.40000000000003
17302,1209.7522290247334,4.0,291.0,238.195,305.0,0.154831342487967,0.9995761147780168,1190.975
14050,1208.9078687223932,1.0,75.0,260.38,106.0,0.12522006234678945,0.9992727596150452,520.76
13610,1207.2383851740885,6.0,273.0,141.36833333333334,285.0,0.2313763219728482,0.9996297635162492,989.5783333333334
15111,1205.386436259861,2.0,343.0,639.49,372.0,0.0768863304827516,0.9994623689862878,1918.47
17119,1204.6221451854533,1.0,56.0,59.66,59.0,0.17126423871971416,0.9994680948387142,119.32
16119,1203.4955091845486,1.0,64.0,113.88000000000001,72.0,0.15545869534069806,0.999433293052581,227.76000000000002
17337,1203.4263228244135,3.0,159.0,330.56,310.0,0.12085179491699,0.9972579251409545,1322.24
14740,1203.1396030073295,2.0,86.0,463.555,283.0,0.09594988470314746,0.9955072761419544,1390.665
14428,1202.7140697026273,4.0,318.0,255.1275,325.0,0.1469760067034281,0.9996155337201917,1275.6375
13023,1202.6005395379034,1.0,65.0,353.5,129.0,0.11063332384913858,0.9989608526512801,707.0
15024,1199.5832569537133,6.0,358.0,190.86833333333334,367.0,0.18785854868179022,0.9996626536300645,1336.0783333333334
15095,1198.3108015148139,2.0,100.0,300.04999999999995,203.0,0.12452749701098335,0.9982981683108247,900.1499999999999
14898,1197.9033410082884,5.0,348.0,234.16199999999998,371.0,0.1588661640645951,0.9995627683316253,1404.9719999999998
15265,1196.5456958774566,1.0,84.0,793.88,235.0,0.07199242273511139,0.9982161878892228,1587.76
16801,1195.8934090186372,3.0,110.0,280.7766666666667,273.0,0.13367151682573547,0.99533585654966,1123.1066666666668
17175,1195.1173755026155,3.0,252.0,308.2033333333333,296.0,0.1257525089020987,0.9993577318592828,1232.8133333333333
16433,1194.7687753130085,0.0,0.0,0.0,28.0,0.10234691364759609,1.0,0.0
13091,1194.7687753130085,0.0,0.0,0.0,28.0,0.10234691364759609,1.0,0.0
17052,1194.7687753130085,0.0,0.0,0.0,28.0,0.10234691364759609,1.0,0.0
14789,1194.7687753130085,0.0,0.0,0.0,28.0,0.10234691364759609,1.0,0.0
18014,1194.7687753130085,0.0,0.0,0.0,28.0,0.10234691364759609,1.0,0.0
18209,1194.7687753130085,0.0,0.0,0.0,28.0,0.10234691364759609,1.0,0.0
15692,1194.7687753130085,0.0,0.0,0.0,28.0,0.10234691364759609,1.0,0.0
13732,1194.7687753130085,0.0,0.0,0.0,28.0,0.10234691364759609,1.0,0.0
15557,1194.7687753130085,0.0,0.0,0.0,28.0,0.10234691364759609,1.0,0.0
12578,1193.7833149700828,1.0,309.0,1185.85,330.0,0.05491473489493692,0.9994377968148922,2371.7
18001,1189.0942457572348,1.0,74.0,165.0,86.0,0.14140601779626824,0.9994098759755639,330.0
16748,1188.652735372399,4.0,317.0,259.225,334.0,0.14368584278202806,0.999565874414139,1296.125
16603,1188.0234304560486,1.0,17.0,185.85,91.0,0.13684859763177099,0.9984171854830012,371.7
13960,1187.9312330512423,1.0,50.0,102.12,71.0,0.15655121252994272,0.9993145839015095,204.24
16706,1187.6292614776835,2.0,77.0,119.91,114.0,0.18527834537577295,0.9991600091787821,359.73
17671,1187.1580844974155,3.0,350.0,392.8433333333333,365.0,0.10577609139948005,0.9995504970196326,1571.3733333333332
17505,1185.8334758023345,1.0,44.0,658.85,205.0,0.07981478862908434,0.997434726497828,1317.7
13421,1185.5354584369961,1.0,250.0,1008.67,290.0,0.06103059795578451,0.9993680276622664,2017.34
17388,1184.19177376232,3.0,210.0,292.65333333333336,287.0,0.12888649510258574,0.9990019009249672,1170.6133333333335
15414,1184.0721099904704,2.0,233.0,369.35,242.0,0.10904026486823828,0.9995179975178339,1108.0500000000002
16903,1182.5770973238007,0.0,0.0,0.0,29.0,0.10130160318758345,1.0,0.0
12538,1182.5770973238007,0.0,0.0,0.0,29.0,0.10130160318758345,1.0,0.0
12659,1182.5770973238007,0.0,0.0,0.0,29.0,0.10130160318758345,1.0,0.0
14863,1182.5770973238007,0.0,0.0,0.0,29.0,0.10130160318758345,1.0,0.0
16025,1182.5770973238007,0.0,0.0,0.0,29.0,0.10130160318758345,1.0,0.0
12617,1182.5770973238007,0.0,0.0,0.0,29.0,0.10130160318758345,1.0,0.0
15463,1182.5770973238007,0.0,0.0,0.0,29.0,0.10130160318758345,1.0,0.0
17197,1182.5770973238007,0.0,0.0,0.0,29.0,0.10130160318758345,1.0,0.0
17901,1182.5770973238007,0.0,0.0,0.0,29.0,0.10130160318758345,1.0,0.0
17791,1182.5770973238007,0.0,0.0,0.0,29.0,0.10130160318758345,1.0,0.0
17977,1182.5770973238007,0.0,0.0,0.0,29.0,0.10130160318758345,1.0,0.0
17282,1182.5494193684237,2.0,169.0,480.78,299.0,0.09205128370211932,0.9984805238263156,1442.34
13203,1182.1902111900793,3.0,233.0,234.58333333333334,242.0,0.14762323207471706,0.9995603698847866,938.3333333333334
13759,1181.3864128956777,1.0,38.0,99.0,71.0,0.15652820174103224,0.9991676989520178,198.0
13491,1181.2739842134208,9.0,321.0,124.10222222222222,372.0,0.2672294096103525,0.9992204532483471,1241.0222222222224
14229,1180.2383544139452,2.0,282.0,545.115,333.0,0.08433749042870668,0.999349128086207,1635.345
17521,1176.4142057521708,2.0,170.0,281.825,199.0,0.1265245419361385,0.9993868466060297,845.4749999999999
16899,1176.3743562584177,5.0,353.0,220.102,360.0,0.16295434308740908,0.999648032728389,1320.612
15508,1175.5977631839614,3.0,46.0,229.61666666666667,235.0,0.14867423202184143,0.9840122162379761,918.4666666666667
14129,1175.38954625357,3.0,259.0,254.98666666666668,260.0,0.13955037871833256,0.9996024887885945,1019.9466666666667
16232,1174.7066611307675,2.0,172.0,312.20500000000004,215.0,0.11938320649864603,0.9992944916793234,936.6150000000001
13083,1173.4616938077709,1.0,71.0,111.36,75.0,0.15222264141895983,0.9994637508922817,222.72
16653,1173.0418119250714,1.0,55.0,94.80000000000001,71.0,0.15655898969911375,0.9993642279665313,189.60000000000002
16016,1170.7636929635335,6.0,363.0,183.74833333333333,366.0,0.18829625562295366,0.9996932684404367,1286.2383333333332
14446,1170.7501045051715,3.0,246.0,235.76999999999998,246.0,0.14575495915818024,0.9996070918617661,943.0799999999999
14352,1170.6906081731233,2.0,116.0,423.83,273.0,0.09895226043572426,0.9974842377759604,1271.49
13992,1170.6317638661747,0.0,0.0,0.0,30.0,0.10027742922615583,1.0,0.0
15986,1170.6317638661747,0.0,0.0,0.0,30.0,0.10027742922615583,1.0,0.0
12893,1170.6317638661747,0.0,0.0,0.0,30.0,0.10027742922615583,1.0,0.0
13522,1170.6317638661747,0.0,0.0,0.0,30.0,0.10027742922615583,1.0,0.0
17011,1170.6317638661747,0.0,0.0,0.0,30.0,0.10027742922615583,1.0,0.0
16953,1170.6317638661747,0.0,0.0,0.0,30.0,0.10027742922615583,1.0,0.0
17038,1170.6317638661747,0.0,0.0,0.0,30.0,0.10027742922615583,1.0,0.0
16516,1170.6317638661747,0.0,0.0,0.0,30.0,0.10027742922615583,1.0,0.0
18274,1170.6317638661747,0.0,0.0,0.0,30.0,0.10027742922615583,1.0,0.0
15450,1170.6317638661747,0.0,0.0,0.0,30.0,0.10027742922615583,1.0,0.0
16751,1170.6317638661747,0.0,0.0,0.0,30.0,0.10027742922615583,1.0,0.0
14968,1170.6317638661747,0.0,0.0,0.0,30.0,0.10027742922615583,1.0,0.0
12532,1170.6317638661747,0.0,0.0,0.0,30.0,0.10027742922615583,1.0,0.0
14973,1170.150554624277,2.0,118.0,329.925,225.0,0.11521896761562692,0.9984071844935366,989.7750000000001
13308,1166.8558285818467,2.0,181.0,285.28,203.0,0.12466955185329849,0.9994369777487946,855.8399999999999
17085,1166.1411203847383,4.0,239.0,278.41499999999996,362.0,0.13416813828066987,0.9982169228326138,1392.0749999999998
16364,1164.775944853212,1.0,126.0,359.49,137.0,0.10638573746735905,0.9994369523814233,718.98
12384,1161.9987065507648,1.0,93.0,292.58000000000004,121.0,0.11533499030556324,0.9993184818173938,585.1600000000001
15565,1159.4084800588084,1.0,20.0,84.36000000000001,70.0,0.1576048814327144,0.9988499774140711,168.72000000000003
17313,1158.925382250077,0.0,0.0,0.0,31.0,0.09927375709964466,1.0,0.0
16732,1158.925382250077,0.0,0.0,0.0,31.0,0.09927375709964466,1.0,0.0
16505,1158.925382250077,0.0,0.0,0.0,31.0,0.09927375709964466,1.0,0.0
17219,1158.925382250077,0.0,0.0,0.0,31.0,0.09927375709964466,1.0,0.0
17022,1158.925382250077,0.0,0.0,0.0,31.0,0.09927375709964466,1.0,0.0
15043,1158.925382250077,0.0,0.0,0.0,31.0,0.09927375709964466,1.0,0.0
13710,1158.925382250077,0.0,0.0,0.0,31.0,0.09927375709964466,1.0,0.0
15153,1158.925382250077,0.0,0.0,0.0,31.0,0.09927375709964466,1.0,0.0
15957,1158.925382250077,0.0,0.0,0.0,31.0,0.09927375709964466,1.0,0.0
18216,1158.925382250077,0.0,0.0,0.0,31.0,0.09927375709964466,1.0,0.0
17621,1157.739316638427,2.0,333.0,570.25,354.0,0.08016078814629007,0.9994877308143931,1710.75
13925,1155.5863651359157,2.0,42.0,149.065,134.0,0.16674887770643496,0.997558500142892,447.195
18171,1155.06980276998,4.0,275.0,247.715,333.0,0.14399813901675615,0.999252176077342,1238.575
13564,1152.951387689175,2.0,224.0,594.31,368.0,0.07752543409902192,0.9986276632755497,1782.9299999999998
16229,1151.5515234303753,1.0,125.0,652.4,212.0,0.07794788527983675,0.9989981062868877,1304.8
14855,1151.2507489422649,1.0,15.0,339.3,134.0,0.10774394079870643,0.9974495553458554,678.6
17779,1150.0731272316186,2.0,122.0,163.615,143.0,0.1599624719113016,0.9994042687647195,490.845
16689,1149.9820397664134,1.0,7.0,128.44,82.0,0.14498054685706815,0.9982153121148525,256.88
15199,1149.5375759474869,3.0,249.0,305.2,308.0,0.12173533254199302,0.9992465613818011,1220.8
14916,1148.7653412174043,3.0,254.0,324.6433333333333,324.0,0.11676892557231719,0.9991679098931878,1298.5733333333333
13730,1148.3394703097495,1.0,26.0,445.84999999999997,161.0,0.0950901559865197,0.9974414704819649,891.6999999999999
14780,1147.8308378521192,1.0,25.0,114.88,79.0,0.14801260302307231,0.9988329315236307,229.76
15870,1147.450852684066,0.0,0.0,0.0,32.0,0.09828997730191293,1.0,0.0
17623,1147.450852684066,0.0,0.0,0.0,32.0,0.09828997730191293,1.0,0.0
17761,1147.450852684066,0.0,0.0,0.0,32.0,0.09828997730191293,1.0,0.0
14929,1147.450852684066,0.0,0.0,0.0,32.0,0.09828997730191293,1.0,0.0
14073,1147.450852684066,0.0,0.0,0.0,32.0,0.09828997730191293,1.0,0.0
14080,1147.450852684066,0.0,0.0,0.0,32.0,0.09828997730191293,1.0,0.0
13515,1147.0228529984258,3.0,175.0,229.24,247.0,0.1451971352607709,0.9989435229262237,916.96
16698,1146.0159139717107,1.0,27.0,816.0,253.0,0.0677729757021302,0.9953679368181866,1632.0
15743,1145.610998437161,3.0,168.0,151.13666666666666,184.0,0.1814652867793122,0.9994955107095285,604.5466666666666
16674,1144.4894802722831,1.0,44.0,189.14000000000001,98.0,0.13118075911471208,0.998960432676192,378.28000000000003
16629,1143.6674670388281,1.0,23.0,180.95,96.0,0.1327130978901668,0.9985197219028548,361.9
16889,1143.2105898691475,2.0,142.0,527.81,336.0,0.08353288532741701,0.9972032948767164,1583.4299999999998
13158,1142.7192873319725,3.0,224.0,314.8833333333334,318.0,0.11854327399182753,0.9988610369375033,1259.5333333333335
14403,1142.254014929379,3.0,117.0,228.37,247.0,0.14491748107551816,0.997019526722609,913.48
17169,1142.1247692898578,1.0,126.0,527.1,183.0,0.08693757965179819,0.9991864462405625,1054.2
16298,1141.9022150447702,2.0,164.0,241.95,186.0,0.1329824024330871,0.9994275339361482,725.8499999999999
12372,1141.1640145083736,2.0,225.0,449.41,296.0,0.0928733004516702,0.9991825480120824,1348.23
16660,1141.0560939230847,2.0,303.0,492.525,319.0,0.08739449021925562,0.9995003231665506,1477.5749999999998
17802,1140.5687317565282,2.0,290.0,592.4200000000001,372.0,0.0768666607000678,0.99920667714256,1777.2600000000002
15179,1140.4924138080773,4.0,301.0,230.33249999999998,319.0,0.14924051613025024,0.9995565505327781,1151.6625
15665,1139.8075717644106,1.0,75.0,765.79,243.0,0.07012449598543961,0.9979109465613804,1531.58
13509,1139.744949092549,6.0,276.0,128.4,284.0,0.23203845400428627,0.9996578612832536,898.8000000000001
15563,1139.637569745119,2.0,336.0,565.125,358.0,0.07940948826937155,0.9994848613785922,1695.375
17204,1139.1884879315628,2.0,88.0,387.82500000000005,263.0,0.10181502937114567,0.9963247108918676,1163.4750000000001
15620,1138.3682524162082,2.0,302.0,564.345,358.0,0.07939798121060081,0.9993400281692238,1693.035
17676,1138.1229140699827,5.0,362.0,214.096,366.0,0.16070859656048345,0.999662517929323,1284.576
18239,1138.0041947857276,4.0,154.0,280.8775,372.0,0.13012477468131511,0.9906009953057335,1404.3875
13636,1136.7608956029094,4.0,249.0,198.655,285.0,0.16355349706275893,0.9994083722143445,993.275
15865,1136.7579113735394,2.0,173.0,290.6,213.0,0.1202328001959545,0.9993164843823886,871.8000000000001
17608,1136.2013539108086,0.0,0.0,0.0,33.0,0.09732550425006412,1.0,0.0
12638,1136.2013539108086,0.0,0.0,0.0,33.0,0.09732550425006412,1.0,0.0
16372,1136.2013539108086,0.0,0.0,0.0,33.0,0.09732550425006412,1.0,0.0
15017,1136.2013539108086,0.0,0.0,0.0,33.0,0.09732550425006412,1.0,0.0
14174,1136.2013539108086,0.0,0.0,0.0,33.0,0.09732550425006412,1.0,0.0
14039,1136.2013539108086,0.0,0.0,0.0,33.0,0.09732550425006412,1.0,0.0
15526,1136.2013539108086,0.0,0.0,0.0,33.0,0.09732550425006412,1.0,0.0
15025,1136.2013539108086,0.0,0.0,0.0,33.0,0.09732550425006412,1.0,0.0
16445,1136.2013539108086,0.0,0.0,0.0,33.0,0.09732550425006412,1.0,0.0
17831,1136.2013539108086,0.0,0.0,0.0,33.0,0.09732550425006412,1.0,0.0
12357,1136.2013539108086,0.0,0.0,0.0,33.0,0.09732550425006412,1.0,0.0
13532,1136.2013539108086,0.0,0.0,0.0,33.0,0.09732550425006412,1.0,0.0
14443,1134.8260231783247,3.0,315.0,372.23333333333335,368.0,0.10502932554832722,0.999355693163184,1488.9333333333334
16612,1134.165067266727,3.0,279.0,302.5366666666667,311.0,0.12079862469651438,0.9994498875919747,1210.1466666666668
13109,1133.7350339494044,1.0,98.0,416.69,157.0,0.09693618440842829,0.9991149578475993,833.38
15522,1133.5011710510316,1.0,55.0,138.94,87.0,0.1404731111056524,0.999225293135575,277.88
13722,1133.1026513912393,1.0,151.0,911.94,282.0,0.06238677829754725,0.9988048480148134,1823.88
15407,1130.853342943271,3.0,272.0,293.91333333333336,305.0,0.12273586193824407,0.9994405391472676,1175.6533333333334
12599,1130.523746648523,6.0,275.0,138.45333333333335,304.0,0.2195574520115481,0.9994916435626908,969.1733333333334
12571,1129.8109541211898,1.0,82.0,271.26,121.0,0.11532421192043188,0.9992250926434981,542.52
14427,1128.2364095087883,1.0,13.0,41.6,63.0,0.16595740229920444,0.9987846156620689,83.2
12997,1127.6582968646085,3.0,295.0,307.11333333333334,317.0,0.11892745074529884,0.9995081918815941,1228.4533333333334
13728,1126.5298563586775,5.0,274.0,171.512,310.0,0.18441639033278714,0.9994280129851699,1029.0720000000001
16809,1125.9371760313156,4.0,239.0,175.10250000000002,262.0,0.17493730744570765,0.9995008519274576,875.5125
18232,1125.470835856184,3.0,116.0,161.70666666666668,197.0,0.17240884636094916,0.9984241314594613,646.8266666666667
17797,1125.1792736259197,1.0,160.0,508.02,182.0,0.08730252438275093,0.9993977577123957,1016.04
17412,1124.3868346506085,6.0,370.0,176.79333333333332,372.0,0.185734839664832,0.9996982009656026,1237.5533333333333
17720,1121.3759311847216,3.0,341.0,364.6466666666667,367.0,0.10528577139223304,0.9995028957988712,1458.5866666666668
14177,1121.230509045659,2.0,93.0,220.665,179.0,0.13661341248262085,0.998522464740149,661.995
15067,1121.1380483596909,1.0,204.0,896.71,282.0,0.06241108866279247,0.999194054050556,1793.42
13376,1119.637257170714,2.0,135.0,321.88,234.0,0.11182210776298022,0.9986434633186306,965.64
17095,1118.045924533884,2.0,312.0,505.505,334.0,0.08413919906952444,0.9994801219437663,1516.5149999999999
13107,1116.2313892492068,3.0,289.0,321.5933333333333,333.0,0.11417926828875177,0.9993878136181046,1286.3733333333332
13764,1115.864953282052,2.0,267.0,509.765,337.0,0.08349751492875432,0.9992427584374152,1529.295
13104,1114.7094003500436,5.0,351.0,199.344,354.0,0.16526928577063027,0.9996666613154626,1196.0639999999999
18022,1114.3514760006663,0.0,0.0,0.0,35.0,0.09545224876169958,1.0,0.0
13938,1114.3514760006663,0.0,0.0,0.0,35.0,0.09545224876169958,1.0,0.0
16318,1114.3514760006663,0.0,0.0,0.0,35.0,0.09545224876169958,1.0,0.0
17274,1114.3514760006663,0.0,0.0,0.0,35.0,0.09545224876169958,1.0,0.0
15597,1114.3514760006663,0.0,0.0,0.0,35.0,0.09545224876169958,1.0,0.0
17084,1114.3514760006663,0.0,0.0,0.0,35.0,0.09545224876169958,1.0,0.0
17233,1114.3514760006663,0.0,0.0,0.0,35.0,0.09545224876169958,1.0,0.0
15010,1114.3514760006663,0.0,0.0,0.0,35.0,0.09545224876169958,1.0,0.0
16887,1114.3514760006663,0.0,0.0,0.0,35.0,0.09545224876169958,1.0,0.0
13272,1113.1314361069244,1.0,58.0,135.6,89.0,0.13869615630205157,0.9992409365777383,271.2
17284,1112.1620297354075,5.0,276.0,186.27399999999997,336.0,0.17253313559226235,0.999186228678943,1117.6439999999998
14240,1111.8523629242923,1.0,195.0,663.49,225.0,0.07452866592403944,0.9993800218352369,1326.98
15227,1111.3345558033752,3.0,281.0,300.39,317.0,0.11891797776967958,0.9994285776573455,1201.56
15712,1111.0219045602641,4.0,278.0,193.14000000000001,287.0,0.16266578985606361,0.9996010163380823,965.7
16110,1110.752520273489,2.0,266.0,458.475,311.0,0.08922285060572055,0.9993665872036377,1375.4250000000002
17894,1109.5488017588546,7.0,295.0,144.59857142857143,366.0,0.21571043638075887,0.9989129858011236,1156.7885714285715
17323,1109.4791083722191,6.0,277.0,127.47166666666668,292.0,0.2268840884269396,0.9996091099143926,892.3016666666667
14684,1108.6707812692412,4.0,337.0,258.2875,362.0,0.13434456479621518,0.9995295439639088,1291.4375
13827,1106.5384091839944,2.0,86.0,148.53,143.0,0.15988578202559653,0.9989251301378343,445.59000000000003
18252,1105.4682945052066,1.0,121.0,448.37,171.0,0.09128907540962368,0.9992196346098795,896.74
14624,1105.1368399107869,1.0,2.0,15.6,59.0,0.17109925093063363,0.9985052550044518,31.2
14508,1103.984361099647,1.0,67.0,130.49,89.0,0.13870854194250423,0.999330169324312,260.98
12455,1103.7981818039862,5.0,223.0,156.592,296.0,0.19137633884672386,0.9988269374951173,939.5520000000001
17078,1103.738729125816,0.0,0.0,0.0,36.0,0.0945424046456437,1.0,0.0
13721,1103.738729125816,0.0,0.0,0.0,36.0,0.0945424046456437,1.0,0.0
14098,1103.738729125816,0.0,0.0,0.0,36.0,0.0945424046456437,1.0,0.0
16337,1103.738729125816,0.0,0.0,0.0,36.0,0.0945424046456437,1.0,0.0
15551,1103.738729125816,0.0,0.0,0.0,36.0,0.0945424046456437,1.0,0.0
17403,1103.738729125816,0.0,0.0,0.0,36.0,0.0945424046456437,1.0,0.0
16602,1103.738729125816,0.0,0.0,0.0,36.0,0.0945424046456437,1.0,0.0
16914,1103.738729125816,0.0,0.0,0.0,36.0,0.0945424046456437,1.0,0.0
12544,1103.738729125816,0.0,0.0,0.0,36.0,0.0945424046456437,1.0,0.0
15858,1103.6194474217943,4.0,352.0,260.91,367.0,0.1328106555217634,0.9995824968090076,1304.5500000000002
13344,1103.3715383280537,1.0,210.0,855.54,277.0,0.0633164671270131,0.9992454420340023,1711.08
16892,1103.1820478186671,3.0,182.0,138.40333333333334,183.0,0.18220487040507719,0.9996010682083448,553.6133333333333
13692,1101.2253381975072,2.0,212.0,315.845,236.0,0.1111773325823401,0.99944076338146,947.5350000000001
12507,1101.008664451282,2.0,164.0,429.325,298.0,0.09229462708210283,0.9983989995901531,1287.975
16989,1100.9159697190084,5.0,143.0,55.11,150.0,0.31926023164774026,0.9996135557518973,330.65999999999997
17787,1100.5881911212175,3.0,219.0,360.42,371.0,0.10417297387926772,0.9980134417921026,1441.68
15376,1099.5356318318975,2.0,182.0,289.595,222.0,0.11651430133822735,0.9993262653228114,868.7850000000001
14487,1098.6762322781108,4.0,342.0,260.095,368.0,0.13249918437383587,0.9995259323288652,1300.4750000000001
12854,1097.7834663542092,2.0,240.0,463.175,318.0,0.08759071240755112,0.9991620603041654,1389.525
13524,1096.9628456902021,4.0,179.0,130.245,219.0,0.20101848045417664,0.9992744355734728,651.225
13931,1096.8155366295448,1.0,185.0,859.3199999999999,280.0,0.06276230761795717,0.9990901478037472,1718.6399999999999
16657,1095.24334920079,3.0,245.0,219.66666666666666,254.0,0.1421376014701757,0.9995622277830865,878.6666666666666
17321,1095.034742277369,1.0,59.0,41.25,67.0,0.16117739916917603,0.9994309948707192,82.5
16807,1094.9726969621615,2.0,128.0,375.18,270.0,0.09987425455493147,0.9979447525314635,1125.54
12676,1093.7089532463467,5.0,287.0,164.378,311.0,0.1839501754734122,0.9995323267679612,986.2679999999999
15275,1093.3262542128698,0.0,0.0,0.0,37.0,0.09364974190971936,1.0,0.0
14974,1093.3262542128698,0.0,0.0,0.0,37.0,0.09364974190971936,1.0,0.0
18164,1093.3262542128698,0.0,0.0,0.0,37.0,0.09364974190971936,1.0,0.0
14528,1093.3262542128698,0.0,0.0,0.0,37.0,0.09364974190971936,1.0,0.0
15576,1093.3262542128698,0.0,0.0,0.0,37.0,0.09364974190971936,1.0,0.0
15830,1093.3262542128698,0.0,0.0,0.0,37.0,0.09364974190971936,1.0,0.0
16884,1093.3262542128698,0.0,0.0,0.0,37.0,0.09364974190971936,1.0,0.0
17947,1093.3262542128698,0.0,0.0,0.0,37.0,0.09364974190971936,1.0,0.0
18104,1093.3262542128698,0.0,0.0,0.0,37.0,0.09364974190971936,1.0,0.0
13271,1093.3262542128698,0.0,0.0,0.0,37.0,0.09364974190971936,1.0,0.0
18105,1093.3262542128698,0.0,0.0,0.0,37.0,0.09364974190971936,1.0,0.0
17268,1091.7413515230262,3.0,138.0,208.46666666666667,245.0,0.14599392930397181,0.9980665665706985,833.8666666666667
15132,1091.389605454335,4.0,244.0,166.04000000000002,262.0,0.1749438393733736,0.9995381719672031,830.2
14067,1090.41204651415,1.0,33.0,150.03,96.0,0.1327468821410446,0.9987739111375835,300.06
13162,1089.4942610872824,3.0,212.0,311.6766666666667,334.0,0.11378784246977944,0.998439782737418,1246.7066666666667
14820,1087.354240440528,3.0,152.0,122.50666666666667,173.0,0.18970680946819704,0.9994439214039199,490.0266666666667
15952,1087.0678775874926,3.0,192.0,183.08666666666667,225.0,0.1561336140718873,0.999380389630747,732.3466666666667
12951,1084.5762607365266,5.0,322.0,175.07600000000002,330.0,0.17520771780678931,0.999640148566523,1050.4560000000001
13064,1084.2991227493983,3.0,315.0,300.7633333333333,327.0,0.11592936624966656,0.9995580024103505,1203.0533333333333
13643,1084.0240928918497,2.0,154.0,215.77,185.0,0.1334969957430347,0.9993591360059636,647.3100000000001
13617,1083.2744291977135,2.0,140.0,206.535,180.0,0.1361667545112781,0.9992723208635147,619.605
14345,1083.108434623702,0.0,0.0,0.0,38.0,0.09277377842932483,1.0,0.0
12491,1083.108434623702,0.0,0.0,0.0,38.0,0.09277377842932483,1.0,0.0
13697,1083.108434623702,0.0,0.0,0.0,38.0,0.09277377842932483,1.0,0.0
16971,1083.108434623702,0.0,0.0,0.0,38.0,0.09277377842932483,1.0,0.0
14485,1083.108434623702,0.0,0.0,0.0,38.0,0.09277377842932483,1.0,0.0
16830,1083.108434623702,0.0,0.0,0.0,38.0,0.09277377842932483,1.0,0.0
15423,1083.108434623702,0.0,0.0,0.0,38.0,0.09277377842932483,1.0,0.0
12695,1082.8868364125904,3.0,203.0,164.28333333333333,210.0,0.16456116480180344,0.9995669727989429,657.1333333333333
16968,1081.6265697221825,1.0,103.0,186.12,107.0,0.1245326578975384,0.9994688054182029,372.24
13410,1081.2615019413176,4.0,267.0,188.20499999999998,291.0,0.16084301740578097,0.9995080909677179,941.0249999999999
14111,1080.6367265712831,3.0,227.0,199.55000000000004,241.0,0.148095229523695,0.999531099493722,798.2000000000002
15829,1080.1372972202248,1.0,41.0,310.7,140.0,0.1047445796092244,0.9983556185766618,621.4
15469,1079.6780536332355,1.0,70.0,234.25,120.0,0.11592100051136571,0.9991072295203612,468.5
15561,1079.6288700894047,2.0,204.0,267.41999999999996,215.0,0.11940823456607398,0.9995039885646194,802.2599999999999
15596,1079.1512154550355,4.0,265.0,251.0675,365.0,0.13331202476528956,0.9987525532362899,1255.3375
14452,1078.9385768852026,1.0,83.0,131.68,93.0,0.13529500228945987,0.9994277802207245,263.36
16330,1078.2593222502744,1.0,95.0,202.95,112.0,0.12108133034890296,0.9993901044840031,405.9
16589,1078.2116485264946,2.0,90.0,170.78,161.0,0.14734112157098775,0.9987409009629054,512.34
13835,1078.21046699723,3.0,190.0,168.70666666666668,215.0,0.16164272302136923,0.9994410084692003,674.8266666666667
12895,1078.0732723101096,1.0,44.0,105.0,86.0,0.14136114894577628,0.9990927581258134,210.0
16696,1077.1227600208551,3.0,113.0,207.5,248.0,0.14441715530620078,0.9967224055327681,830.0
14047,1075.4232240011324,4.0,364.0,255.4225,372.0,0.13130882643070138,0.9996148271783198,1277.1125000000002
14660,1075.3509238605325,1.0,14.0,156.79,100.0,0.1295202639142688,0.9981338766310252,313.58
12886,1075.1242129220793,1.0,152.0,603.4,219.0,0.07606612933705585,0.9991739412955816,1206.8
15898,1074.0895274058653,4.0,367.0,251.5475,368.0,0.1325147662203016,0.9996434761438678,1257.7375000000002
12991,1073.868958875799,1.0,89.0,200.2,112.0,0.12107612498746836,0.9993471400840167,400.4
18158,1073.083281092558,1.0,79.0,109.6,88.0,0.13960684405605622,0.9994326522785298,219.2
13103,1073.0798618180827,0.0,0.0,0.0,39.0,0.09191404995115196,1.0,0.0
15360,1073.0798618180827,0.0,0.0,0.0,39.0,0.09191404995115196,1.0,0.0
12588,1073.0798618180827,0.0,0.0,0.0,39.0,0.09191404995115196,1.0,0.0
16127,1073.0798618180827,0.0,0.0,0.0,39.0,0.09191404995115196,1.0,0.0
12581,1073.0798618180827,0.0,0.0,0.0,39.0,0.09191404995115196,1.0,0.0
15667,1073.0798618180827,0.0,0.0,0.0,39.0,0.09191404995115196,1.0,0.0
17886,1072.960077604146,2.0,218.0,324.67,249.0,0.10662753991377344,0.9994072243703581,974.01
16357,1072.2838317443393,2.0,180.0,260.49,213.0,0.12023916672387387,0.9993693998620891,781.47
16139,1071.7897020828937,2.0,188.0,247.805,206.0,0.12331228719340956,0.9994628509761448,743.415
13396,1071.2325216009635,1.0,290.0,973.72,319.0,0.05647054698704839,0.9994130230156292,1947.44
17974,1069.8940519716364,2.0,195.0,269.96000000000004,219.0,0.11774089511900931,0.999432715872578,809.8800000000001
17637,1068.5915865766551,1.0,84.0,208.11,115.0,0.11909389721385039,0.9992865475661251,416.22
17734,1067.867060690542,2.0,180.0,293.82500000000005,233.0,0.11225890691997738,0.9992346948314494,881.4750000000001
15232,1067.3409260503702,1.0,27.0,301.7,140.0,0.10469592898740418,0.9978919132295911,603.4
15426,1064.9029782849611,3.0,350.0,340.5,369.0,0.10480822905404741,0.9995344403655164,1362.0
14997,1064.8752945387337,2.0,132.0,195.45999999999998,178.0,0.13726056278763332,0.9992057809979864,586.3799999999999
12625,1064.776298078639,1.0,108.0,967.2,319.0,0.05638315127250396,0.9978662978654107,1934.4
15983,1064.134756191097,3.0,351.0,344.71000000000004,373.0,0.10385829904824272,0.9995223401648399,1378.8400000000001
13607,1063.2353258039057,0.0,0.0,0.0,40.0,0.09107010927273508,1.0,0.0
14582,1063.2353258039057,0.0,0.0,0.0,40.0,0.09107010927273508,1.0,0.0
16601,1063.2353258039057,0.0,0.0,0.0,40.0,0.09107010927273508,1.0,0.0
13278,1063.2353258039057,0.0,0.0,0.0,40.0,0.09107010927273508,1.0,0.0
15748,1063.2353258039057,0.0,0.0,0.0,40.0,0.09107010927273508,1.0,0.0
15385,1063.2353258039057,0.0,0.0,0.0,40.0,0.09107010927273508,1.0,0.0
18067,1063.2353258039057,0.0,0.0,0.0,40.0,0.09107010927273508,1.0,0.0
14158,1063.2353258039057,0.0,0.0,0.0,40.0,0.09107010927273508,1.0,0.0
16190,1063.2353258039057,0.0,0.0,0.0,40.0,0.09107010927273508,1.0,0.0
14295,1063.2353258039057,0.0,0.0,0.0,40.0,0.09107010927273508,1.0,0.0
17370,1062.7374779811992,3.0,97.0,111.82666666666667,169.0,0.1927027563763568,0.9984411427811427,447.3066666666667
12924,1062.6636875506895,3.0,239.0,291.83666666666664,327.0,0.11586146120882962,0.998972516358211,1167.3466666666666
14276,1061.6531277481224,2.0,191.0,389.27,289.0,0.0946633767415177,0.9989048335017681,1167.81
18081,1061.6476112133591,2.0,97.0,115.10000000000001,133.0,0.1678550754529,0.9992274394842596,345.3
18087,1061.076149985173,1.0,192.0,852.8,290.0,0.06101352028118871,0.9990883829832117,1705.6
15002,1060.8174600195916,3.0,252.0,336.7033333333333,367.0,0.10520463418875185,0.9987326410078953,1346.8133333333333
15436,1060.6392851959733,2.0,222.0,291.825,234.0,0.11191832179299885,0.9995027165922435,875.4749999999999
17695,1060.3754445716927,1.0,40.0,411.74,171.0,0.0911637859420142,0.9978482580734926,823.48
15605,1059.7498597314705,4.0,337.0,250.845,373.0,0.13099254102546337,0.9994687112790605,1254.225
14223,1057.5814616039697,2.0,172.0,343.115,264.0,0.10177096281852874,0.9988939477903174,1029.345
16488,1057.333305717673,2.0,115.0,139.87,148.0,0.15625782280447847,0.9992928894620083,419.61
17058,1056.1093607395333,2.0,158.0,298.58500000000004,239.0,0.11004000031547044,0.9989493335714504,895.7550000000001
16121,1055.4136764445473,1.0,158.0,568.72,215.0,0.07714238839765548,0.9992332035933162,1137.44
16496,1054.00984861084,2.0,308.0,431.40999999999997,316.0,0.08807818855083249,0.999529263813261,1294.23
16825,1053.7819473424781,1.0,147.0,456.48,185.0,0.08626391303325033,0.9993152304216875,912.96
13258,1051.8606604207823,2.0,194.0,236.98000000000002,205.0,0.12376731127046886,0.999501920636032,710.94
12724,1050.8391796728943,3.0,327.0,292.17,332.0,0.11448696671881672,0.9995877704341399,1168.68
14883,1049.6650152582542,4.0,193.0,112.7575,211.0,0.20681317434580324,0.9995140895272506,563.7874999999999
14029,1049.5205799351343,1.0,81.0,302.46000000000004,144.0,0.10284653929458978,0.9990336654689917,604.9200000000001
15110,1048.5588699494317,3.0,295.0,275.48333333333335,318.0,0.1186194967462127,0.99950329977469,1101.9333333333334
15841,1047.0949850212253,3.0,266.0,297.4866666666667,338.0,0.11275199592679812,0.9991725950946909,1189.9466666666667
16723,1045.8533564287468,1.0,16.0,165.0,107.0,0.12435910875837586,0.9980759422630386,330.0
17262,1045.6338545100684,3.0,314.0,328.1666666666667,366.0,0.10551282623477469,0.9993605531189454,1312.6666666666667
18202,1045.3218913874712,1.0,112.0,911.26,311.0,0.057579759503934264,0.9980278648340155,1822.52
14218,1044.0784632385316,0.0,0.0,0.0,42.0,0.08942788314747263,1.0,0.0
17839,1044.0784632385316,0.0,0.0,0.0,42.0,0.08942788314747263,1.0,0.0
16648,1044.0784632385316,0.0,0.0,0.0,42.0,0.08942788314747263,1.0,0.0
15096,1044.0784632385316,0.0,0.0,0.0,42.0,0.08942788314747263,1.0,0.0
15252,1043.7153356460965,1.0,147.0,440.23,183.0,0.08694963880707665,0.9993250438936788,880.46
13662,1043.6842070218895,2.0,174.0,326.78,259.0,0.10333007104722622,0.9989646660227172,980.3399999999999
13892,1043.4864371850863,3.0,220.0,192.8166666666667,246.0,0.14573259283203405,0.999453700592174,771.2666666666668
17764,1043.1191395468852,1.0,161.0,541.88,211.0,0.07824768783218411,0.9992705068758655,1083.76
12379,1042.821709430169,1.0,89.0,392.4,170.0,0.09164327513362344,0.9989154932837092,784.8
15036,1042.5140533397632,2.0,107.0,188.20499999999998,179.0,0.13665560599288765,0.9988308617496521,564.615
16918,1041.1741606033877,4.0,268.0,198.26,317.0,0.14997862039631205,0.9993211393300488,991.3
16225,1040.8292460913854,3.0,233.0,226.57000000000002,277.0,0.13265718546072744,0.999338893388466,906.2800000000001
13741,1040.525104786591,2.0,146.0,252.735,217.0,0.11851393722920406,0.9990064524658745,758.205
16085,1039.1415279966025,4.0,297.0,200.04000000000002,320.0,0.14885235548533965,0.9995268288555366,1000.2
17242,1038.6924970664027,1.0,72.0,425.6,180.0,0.0879303417131011,0.9985613207587157,851.2
15855,1038.5219275599845,4.0,127.0,154.11,263.0,0.17371679435429085,0.9955268067417687,770.5500000000001
14419,1038.0235038217404,5.0,354.0,185.538,364.0,0.16144636610546226,0.9996335665524824,1113.228
17526,1037.2599095366318,3.0,361.0,323.0333333333333,365.0,0.10578058114567217,0.9995929236963839,1292.1333333333332
13933,1036.3265200460403,1.0,39.0,307.8,148.0,0.10086362641776962,0.9981790229262587,615.6
14790,1034.8229821373882,3.0,237.0,197.63333333333333,253.0,0.1425734712776721,0.9995224946276069,790.5333333333333
14752,1034.75663059681,0.0,0.0,0.0,43.0,0.08862878177606323,1.0,0.0
15659,1034.75663059681,0.0,0.0,0.0,43.0,0.08862878177606323,1.0,0.0
17684,1034.75663059681,0.0,0.0,0.0,43.0,0.08862878177606323,1.0,0.0
17545,1034.75663059681,0.0,0.0,0.0,43.0,0.08862878177606323,1.0,0.0
16026,1034.75663059681,0.0,0.0,0.0,43.0,0.08862878177606323,1.0,0.0
18276,1034.75663059681,0.0,0.0,0.0,43.0,0.08862878177606323,1.0,0.0
17878,1034.75663059681,0.0,0.0,0.0,43.0,0.08862878177606323,1.0,0.0
14357,1034.75663059681,0.0,0.0,0.0,43.0,0.08862878177606323,1.0,0.0
16847,1034.75663059681,0.0,0.0,0.0,43.0,0.08862878177606323,1.0,0.0
12430,1034.75663059681,0.0,0.0,0.0,43.0,0.08862878177606323,1.0,0.0
16680,1034.75663059681,0.0,0.0,0.0,43.0,0.08862878177606323,1.0,0.0
14442,1033.9104178885177,1.0,112.0,914.24,316.0,0.05682909172055576,0.9979802943964405,1828.48
17470,1033.186075075165,4.0,323.0,236.6675,367.0,0.13278784984914085,0.9994108528163481,1183.3374999999999
16750,1033.0539136246234,4.0,188.0,126.3075,232.0,0.1923283529860744,0.999244060842957,631.5375
16454,1032.6927076372192,1.0,20.0,1.0,64.0,0.16473423858571648,0.9989389928421599,2.0
17287,1032.5457350084466,6.0,346.0,155.85666666666665,372.0,0.1857086115717071,0.9995570310183861,1090.9966666666667
12694,1032.0446669375253,1.0,113.0,430.16999999999996,183.0,0.0869280765590127,0.9990772257912857,860.3399999999999
13546,1031.927575540467,2.0,188.0,219.41500000000002,200.0,0.1260677214027407,0.9994953154542318,658.2450000000001
16317,1031.8797030453914,2.0,178.0,385.445,297.0,0.09257036524349237,0.9986526027678149,1156.335
16086,1031.2202054238082,4.0,308.0,236.0325,367.0,0.13277163673115921,0.9992888268472008,1180.1625
13950,1031.0606557668634,3.0,235.0,188.58333333333334,246.0,0.1457466130118687,0.9995498528690696,754.3333333333334
13037,1030.9057991810519,2.0,118.0,315.325,256.0,0.10417157164646423,0.9978863500036287,945.9749999999999
16503,1030.2686990250045,3.0,254.0,314.61333333333334,360.0,0.10693273240143368,0.9988366340484831,1258.4533333333334
16950,1030.2217927487477,2.0,311.0,503.28,367.0,0.07775915843196396,0.9993458049700479,1509.84
12609,1029.5179464119205,2.0,240.0,419.46,318.0,0.08759071240755112,0.9991620603041654,1258.3799999999999
13211,1029.427853396639,2.0,351.0,492.36,361.0,0.07885859434381688,0.9995258838636131,1477.08
15690,1029.3620605915435,1.0,96.0,128.76,100.0,0.12969336598753683,0.9994678689981056,257.52
17895,1025.5998068295544,0.0,0.0,0.0,44.0,0.08784383500343701,1.0,0.0
14598,1025.5998068295544,0.0,0.0,0.0,44.0,0.08784383500343701,1.0,0.0
16415,1025.5998068295544,0.0,0.0,0.0,44.0,0.08784383500343701,1.0,0.0
15320,1025.5998068295544,0.0,0.0,0.0,44.0,0.08784383500343701,1.0,0.0
16071,1025.5998068295544,0.0,0.0,0.0,44.0,0.08784383500343701,1.0,0.0
16345,1025.5998068295544,0.0,0.0,0.0,44.0,0.08784383500343701,1.0,0.0
12448,1025.5998068295544,0.0,0.0,0.0,44.0,0.08784383500343701,1.0,0.0
17712,1025.5998068295544,0.0,0.0,0.0,44.0,0.08784383500343701,1.0,0.0
12812,1025.5998068295544,0.0,0.0,0.0,44.0,0.08784383500343701,1.0,0.0
17594,1024.7785367524873,1.0,169.0,678.1800000000001,254.0,0.06781712646041227,0.9991104287500535,1356.3600000000001
16354,1024.5805616103366,1.0,10.0,29.700000000000003,73.0,0.15422117807243205,0.9985135020550063,59.400000000000006
13389,1023.927977972005,2.0,221.0,270.03499999999997,232.0,0.11266267909770716,0.9995071657606093,810.1049999999999
13591,1023.3513603800377,2.0,202.0,327.465,266.0,0.10119344680457747,0.9991924193382105,982.395
16671,1023.2754764261283,2.0,136.0,154.695,164.0,0.14553391646996375,0.9993629808948865,464.085
16189,1022.2664256426102,1.0,70.0,71.0,85.0,0.14232133101271507,0.9993857916463496,142.0
16806,1021.6763843646847,3.0,136.0,178.22,239.0,0.1488491152231676,0.9981360711204734,712.88
13079,1021.2950164564136,4.0,136.0,49.075,140.0,0.27712590028998063,0.9996129232484406,245.375
15793,1021.2164948667258,2.0,254.0,329.485,268.0,0.1006236913031751,0.999499870092075,988.455
14913,1020.7710046878867,3.0,324.0,308.8533333333333,359.0,0.10724902853552593,0.9994554522161309,1235.4133333333332
14075,1020.3541822571942,2.0,257.0,317.16999999999996,261.0,0.10276290038098913,0.999540828907063,951.5099999999999
17214,1020.1674406680726,5.0,299.0,177.61399999999998,359.0,0.16326670892556752,0.9992291492602677,1065.6839999999997
17874,1019.7951182864892,2.0,70.0,309.15,255.0,0.10420819059910291,0.995164820857574,927.4499999999999
12832,1018.2965008568731,1.0,66.0,115.23,98.0,0.13121862589098862,0.9992487936482471,230.46
13277,1018.1061399950083,3.0,118.0,60.833333333333336,133.0,0.22729471966094464,0.9994721366101551,243.33333333333334
12710,1017.2401437205455,2.0,105.0,215.02999999999997,201.0,0.12547117836155058,0.9984649748102178,645.0899999999999
14335,1017.1404046425669,1.0,80.0,107.36,96.0,0.1328282792112612,0.9993863343362616,214.72
18045,1016.603648575807,0.0,0.0,0.0,45.0,0.08707267004725204,1.0,0.0
15158,1016.603648575807,0.0,0.0,0.0,45.0,0.08707267004725204,1.0,0.0
16708,1016.603648575807,0.0,0.0,0.0,45.0,0.08707267004725204,1.0,0.0
13182,1016.603648575807,0.0,0.0,0.0,45.0,0.08707267004725204,1.0,0.0
16056,1016.603648575807,0.0,0.0,0.0,45.0,0.08707267004725204,1.0,0.0
15345,1016.603648575807,0.0,0.0,0.0,45.0,0.08707267004725204,1.0,0.0
12398,1016.603648575807,0.0,0.0,0.0,45.0,0.08707267004725204,1.0,0.0
15449,1014.9947160433925,2.0,235.0,314.29999999999995,261.0,0.10275259543611467,0.9994405961080326,942.8999999999999
14499,1014.9126341588803,2.0,252.0,342.78499999999997,278.0,0.09771800184879403,0.9994471687525496,1028.355
16621,1014.6586318115583,3.0,226.0,216.87666666666667,277.0,0.1326489491636479,0.9992768473562025,867.5066666666667
14748,1013.1339669273327,3.0,339.0,315.10999999999996,368.0,0.10504334103888205,0.9994890507774057,1260.4399999999998
12492,1012.4024628857672,1.0,42.0,136.82,105.0,0.12588583733055592,0.9988423708921056,273.64
13330,1010.8282997773395,2.0,223.0,402.55499999999995,315.0,0.08826422414873204,0.9990381893468047,1207.665
13811,1010.8063004276746,2.0,56.0,277.875,239.0,0.10953302531268924,0.9943469858823031,833.625
17883,1010.6278629178519,3.0,243.0,181.66333333333333,246.0,0.14575282261773526,0.9995924391803537,726.6533333333333
18261,1009.256246972789,1.0,52.0,99.44,95.0,0.13360200716157386,0.9991123827561893,198.88
17115,1007.9524860446191,2.0,225.0,263.74,233.0,0.11229111855788577,0.9995214158325578,791.22
17135,1007.8007944773049,4.0,355.0,231.0375,371.0,0.13160251430124292,0.9995783832223475,1155.1875
14764,1007.7639635956134,0.0,0.0,0.0,46.0,0.08631492710162338,1.0,0.0
14139,1007.7639635956134,0.0,0.0,0.0,46.0,0.08631492710162338,1.0,0.0
16491,1007.7639635956134,0.0,0.0,0.0,46.0,0.08631492710162338,1.0,0.0
14474,1007.7639635956134,0.0,0.0,0.0,46.0,0.08631492710162338,1.0,0.0
16742,1007.7639635956134,0.0,0.0,0.0,46.0,0.08631492710162338,1.0,0.0
17344,1007.7639635956134,0.0,0.0,0.0,46.0,0.08631492710162338,1.0,0.0
15592,1007.7639635956134,0.0,0.0,0.0,46.0,0.08631492710162338,1.0,0.0
15844,1007.7639635956134,0.0,0.0,0.0,46.0,0.08631492710162338,1.0,0.0
13176,1007.7639635956134,0.0,0.0,0.0,46.0,0.08631492710162338,1.0,0.0
18240,1007.7639635956134,0.0,0.0,0.0,46.0,0.08631492710162338,1.0,0.0
15277,1007.7639635956134,0.0,0.0,0.0,46.0,0.08631492710162338,1.0,0.0
15142,1007.7639635956134,0.0,0.0,0.0,46.0,0.08631492710162338,1.0,0.0
12348,1006.785749714311,3.0,283.0,301.48,358.0,0.10747034326753474,0.9991774292051466,1205.92
14267,1006.6971351659517,1.0,98.0,679.88,260.0,0.06652225924684782,0.9982437938665274,1359.76
16572,1006.3763047163892,2.0,148.0,333.51,275.0,0.09846413819048175,0.9983696669644332,1000.53
14198,1006.3742350417465,3.0,221.0,172.70000000000002,239.0,0.149053302431982,0.9995052873101262,690.8000000000001
14078,1005.2850634984255,5.0,272.0,182.62599999999998,373.0,0.1579871292595487,0.9985511894298209,1095.7559999999999
14245,1002.9942363225193,1.0,44.0,688.35,263.0,0.06579663862442554,0.9963606438376904,1376.7
16539,1002.5826389287009,3.0,371.0,315.4866666666667,373.0,0.10386639087154445,0.9996002150986378,1261.9466666666667
12556,1001.1501044695553,1.0,101.0,290.81,151.0,0.09958786539535719,0.9991843405017005,581.62
12691,1001.0677854954668,5.0,329.0,171.16,357.0,0.16408190083741914,0.9995247885037067,1026.96
15237,1000.3385399563499,3.0,226.0,157.79999999999998,227.0,0.1551127386625132,0.9996019712380566,631.1999999999999
17111,999.0767042537736,0.0,0.0,0.0,47.0,0.08557025877736234,1.0,0.0
13598,999.0767042537736,0.0,0.0,0.0,47.0,0.08557025877736234,1.0,0.0
16017,999.0767042537736,0.0,0.0,0.0,47.0,0.08557025877736234,1.0,0.0
17836,999.0767042537736,0.0,0.0,0.0,47.0,0.08557025877736234,1.0,0.0
15000,999.0767042537736,0.0,0.0,0.0,47.0,0.08557025877736234,1.0,0.0
16045,998.9861265631467,3.0,171.0,225.41666666666666,290.0,0.12770242419702862,0.9981673445655529,901.6666666666666
18265,997.9752884289651,1.0,86.0,312.96,158.0,0.09649572600454387,0.9989776607361046,625.92
14265,997.2776708835156,1.0,39.0,278.13,148.0,0.10086362641776962,0.9981790229262587,556.26
17345,996.7046494037236,2.0,181.0,197.155,196.0,0.1279688992039923,0.9994769699964746,591.465
13884,996.6263010400195,3.0,276.0,216.48333333333335,283.0,0.13042633822892366,0.9995757053272101,865.9333333333334
16842,996.0470687144594,2.0,202.0,371.81,302.0,0.09134718186041069,0.9989225418623341,1115.43
15969,996.0048187621409,2.0,183.0,178.7,185.0,0.13352200580716161,0.9995463614632721,536.0999999999999
14002,995.023146680128,1.0,22.0,304.94,156.0,0.09719433398526803,0.9973413367210009,609.88
12541,994.5435478050238,2.0,251.0,334.39,280.0,0.09715651173791018,0.9994331416139229,1003.17
14744,994.5217085267832,5.0,350.0,174.996,366.0,0.16069889555632624,0.999602174360592,1049.976
16062,994.3961991449085,3.0,355.0,302.02,364.0,0.106022941541572,0.9995742150182559,1208.08
16554,994.2807862843677,2.0,289.0,418.125,331.0,0.08476299477137957,0.9993930623886793,1254.375
15860,994.1616287277409,7.0,328.0,123.21428571428571,368.0,0.21483383472098044,0.999428514254663,985.7142857142857
14224,993.5329730439911,3.0,210.0,255.14333333333332,320.0,0.11790275701641313,0.9985992632973443,1020.5733333333333
15289,992.1782055560998,2.0,220.0,282.165,249.0,0.10662876889639317,0.99941874347799,846.4950000000001
12815,992.0132394705339,1.0,51.0,448.1,198.0,0.08193856567847493,0.9978069793490556,896.2
18168,990.9820584883834,5.0,196.0,179.348,372.0,0.15759410504024213,0.9938131270644777,1076.0880000000002
16836,989.2470440291313,1.0,77.0,160.55,116.0,0.11844137405549324,0.9992151104357937,321.1
14540,988.7045916847927,2.0,300.0,378.38,309.0,0.08970926539346158,0.9995251225352972,1135.1399999999999
16418,988.3334107797737,2.0,182.0,242.60500000000002,226.0,0.11493093841420582,0.9992997687994867,727.815
12994,987.9369488271406,2.0,264.0,310.90999999999997,268.0,0.10062784808121096,0.999541159564296,932.7299999999999
16555,985.378667726361,1.0,74.0,133.91,109.0,0.12310456543623406,0.9992402229853992,267.82
12820,984.4964674095693,3.0,323.0,257.29333333333335,326.0,0.11622727696459521,0.9995954624711907,1029.1733333333334
14463,984.353538161887,2.0,107.0,206.85,205.0,0.1236371415767078,0.9984507152928177,620.55
16419,984.1125747785708,4.0,199.0,176.5125,311.0,0.15216105033655422,0.9980999178958824,882.5625
13848,982.6595724734659,2.0,274.0,467.5,366.0,0.07792126671320669,0.9991318807795665,1402.5
15286,982.1439581906712,0.0,0.0,0.0,49.0,0.08411881536045682,1.0,0.0
12403,982.1439581906712,0.0,0.0,0.0,49.0,0.08411881536045682,1.0,0.0
17832,982.1439581906712,0.0,0.0,0.0,49.0,0.08411881536045682,1.0,0.0
13974,982.1439581906712,0.0,0.0,0.0,49.0,0.08411881536045682,1.0,0.0
15677,982.1439581906712,0.0,0.0,0.0,49.0,0.08411881536045682,1.0,0.0
14967,982.1439581906712,0.0,0.0,0.0,49.0,0.08411881536045682,1.0,0.0
15740,982.1439581906712,0.0,0.0,0.0,49.0,0.08411881536045682,1.0,0.0
17019,980.4546529690574,3.0,357.0,299.75333333333333,368.0,0.10505151631330109,0.9995668386427583,1199.0133333333333
13919,979.7225824853493,1.0,62.0,171.66,121.0,0.11529771802276624,0.9989955366213186,343.32
15467,979.2343284981589,2.0,143.0,118.22999999999999,152.0,0.15346048867236292,0.9995010670400337,354.68999999999994
12778,978.4482685947098,5.0,293.0,137.55,312.0,0.18347402386320577,0.9995691690304638,825.3000000000001
15901,976.8857825783779,2.0,138.0,120.62,154.0,0.15207623797453684,0.9994524840808714,361.86
12842,976.8156621366015,1.0,238.0,808.26,308.0,0.058109646487621736,0.9992588700544851,1616.52
17848,976.4357385034064,8.0,277.0,100.4875,358.0,0.24770313258532503,0.9984007972929374,904.3874999999999
16235,975.2427289664856,4.0,292.0,189.66,332.0,0.14438076505986733,0.9994145219751068,948.3
16616,974.1903666841125,1.0,142.0,290.32,157.0,0.09696603089266169,0.9994225836224194,580.64
16260,973.891045138813,0.0,0.0,0.0,50.0,0.0834114029271052,1.0,0.0
13366,973.891045138813,0.0,0.0,0.0,50.0,0.0834114029271052,1.0,0.0
17125,973.891045138813,0.0,0.0,0.0,50.0,0.0834114029271052,1.0,0.0
14923,973.891045138813,0.0,0.0,0.0,50.0,0.0834114029271052,1.0,0.0
16846,973.891045138813,0.0,0.0,0.0,50.0,0.0834114029271052,1.0,0.0
14484,973.891045138813,0.0,0.0,0.0,50.0,0.0834114029271052,1.0,0.0
16177,973.891045138813,0.0,0.0,0.0,50.0,0.0834114029271052,1.0,0.0
13897,973.891045138813,0.0,0.0,0.0,50.0,0.0834114029271052,1.0,0.0
15836,973.891045138813,0.0,0.0,0.0,50.0,0.0834114029271052,1.0,0.0
17354,973.891045138813,0.0,0.0,0.0,50.0,0.0834114029271052,1.0,0.0
15664,973.891045138813,0.0,0.0,0.0,50.0,0.0834114029271052,1.0,0.0
13245,973.891045138813,0.0,0.0,0.0,50.0,0.0834114029271052,1.0,0.0
14585,973.891045138813,0.0,0.0,0.0,50.0,0.0834114029271052,1.0,0.0
14638,973.891045138813,0.0,0.0,0.0,50.0,0.0834114029271052,1.0,0.0
13720,973.0432582839828,3.0,138.0,177.9,254.0,0.14189357932518315,0.9978461771648526,711.6
14723,972.6637281261937,4.0,361.0,218.79250000000002,371.0,0.1316061535351386,0.9996060247879585,1093.9625
18127,972.6048023415005,1.0,114.0,207.48,133.0,0.10848819536106312,0.9993899426252184,414.96
16083,972.5865904598284,1.0,260.0,979.64,360.0,0.05106023344187419,0.9991730834638827,1959.28
17311,971.4450940305127,1.0,238.0,828.39,316.0,0.05690024982090716,0.9992299075749616,1656.78
17083,969.5564635812007,2.0,194.0,357.21,303.0,0.09109207386834649,0.9988184374964857,1071.6299999999999
14631,969.3143675273222,2.0,248.0,348.74,298.0,0.09238059552735661,0.9993289649895619,1046.22
14346,967.4904867281579,1.0,177.0,759.14,297.0,0.0598379031170496,0.9989479327492821,1518.28
13192,967.2264113640929,1.0,110.0,447.62,205.0,0.07993138229605024,0.9988917819423015,895.24
13058,966.2491414921265,2.0,127.0,111.925,151.0,0.15414042503127479,0.99938511330266,335.775
15549,965.9899291643025,2.0,239.0,375.58,316.0,0.08804623417900605,0.9991666390786609,1126.74
14799,965.7756941997336,0.0,0.0,0.0,51.0,0.08271578950048572,1.0,0.0
17148,965.7756941997336,0.0,0.0,0.0,51.0,0.08271578950048572,1.0,0.0
17824,965.7756941997336,0.0,0.0,0.0,51.0,0.08271578950048572,1.0,0.0
15853,965.7756941997336,0.0,0.0,0.0,51.0,0.08271578950048572,1.0,0.0
16123,965.7756941997336,0.0,0.0,0.0,51.0,0.08271578950048572,1.0,0.0
15610,965.7756941997336,0.0,0.0,0.0,51.0,0.08271578950048572,1.0,0.0
15006,965.7756941997336,0.0,0.0,0.0,51.0,0.08271578950048572,1.0,0.0
15468,965.7756941997336,0.0,0.0,0.0,51.0,0.08271578950048572,1.0,0.0
18019,965.7756941997336,0.0,0.0,0.0,51.0,0.08271578950048572,1.0,0.0
15803,965.7756941997336,0.0,0.0,0.0,51.0,0.08271578950048572,1.0,0.0
16826,965.7756941997336,0.0,0.0,0.0,51.0,0.08271578950048572,1.0,0.0
17973,965.7756941997336,0.0,0.0,0.0,51.0,0.08271578950048572,1.0,0.0
13782,964.9713933937014,5.0,315.0,143.384,327.0,0.17653131164276087,0.9996174091247604,860.3039999999999
15494,963.5956386057451,1.0,100.0,160.7,121.0,0.11534083853374943,0.9993691537123398,321.4
16511,963.2281026352504,2.0,245.0,293.99,266.0,0.10122128824266709,0.9994673279885339,881.97
13029,963.110065287782,2.0,323.0,432.5,353.0,0.08034803784110403,0.9994536046126571,1297.5
15208,961.4363907502842,4.0,352.0,201.18,353.0,0.13722592320889365,0.9996433358116322,1005.9000000000001
17560,960.5157238403963,3.0,216.0,230.95000000000002,310.0,0.12104243284418739,0.9988310518277417,923.8000000000001
15604,957.7944940514782,0.0,0.0,0.0,52.0,0.08203168232656917,1.0,0.0
14015,957.7944940514782,0.0,0.0,0.0,52.0,0.08203168232656917,1.0,0.0
15678,957.7944940514782,0.0,0.0,0.0,52.0,0.08203168232656917,1.0,0.0
12611,957.7944940514782,0.0,0.0,0.0,52.0,0.08203168232656917,1.0,0.0
13594,957.7944940514782,0.0,0.0,0.0,52.0,0.08203168232656917,1.0,0.0
12863,957.7944940514782,0.0,0.0,0.0,52.0,0.08203168232656917,1.0,0.0
15327,957.7944940514782,0.0,0.0,0.0,52.0,0.08203168232656917,1.0,0.0
16848,957.7944940514782,0.0,0.0,0.0,52.0,0.08203168232656917,1.0,0.0
14861,957.7944940514782,0.0,0.0,0.0,52.0,0.08203168232656917,1.0,0.0
15637,957.7944940514782,0.0,0.0,0.0,52.0,0.08203168232656917,1.0,0.0
14381,957.7944940514782,0.0,0.0,0.0,52.0,0.08203168232656917,1.0,0.0
16833,957.6353534555366,2.0,333.0,398.525,334.0,0.08414535596299946,0.9995532589917683,1195.5749999999998
15205,957.022878659227,1.0,42.0,176.94,127.0,0.11171804891244698,0.9985613984926529,353.88
17027,956.4901666223383,4.0,239.0,172.49,317.0,0.14992324444539903,0.9989521643507375,862.45
17324,956.486248072125,3.0,349.0,286.47666666666663,366.0,0.10553202118973523,0.9995423573743236,1145.9066666666665
14818,956.2766313872286,2.0,180.0,269.775,253.0,0.10526842753183449,0.9990827056714088,809.3249999999999
15644,954.1484943172566,2.0,95.0,282.46000000000004,261.0,0.102481605143598,0.9968047629366871,847.3800000000001
12624,953.3316138439508,1.0,71.0,341.19,177.0,0.08900420930273849,0.9985743910403727,682.38
14289,953.2779350637113,5.0,281.0,117.804,289.0,0.19527709447295682,0.9996351952866633,706.8240000000001
13189,953.036599963996,1.0,97.0,133.68,115.0,0.11910566369659989,0.9993852771248918,267.36
17206,949.9441452498959,0.0,0.0,0.0,53.0,0.08135879825687127,1.0,0.0
15598,949.9441452498959,0.0,0.0,0.0,53.0,0.08135879825687127,1.0,0.0
14830,949.9441452498959,0.0,0.0,0.0,53.0,0.08135879825687127,1.0,0.0
16932,949.9441452498959,0.0,0.0,0.0,53.0,0.08135879825687127,1.0,0.0
16542,949.9441452498959,0.0,0.0,0.0,53.0,0.08135879825687127,1.0,0.0
16563,949.9441452498959,0.0,0.0,0.0,53.0,0.08135879825687127,1.0,0.0
17785,949.9441452498959,0.0,0.0,0.0,53.0,0.08135879825687127,1.0,0.0
17201,949.9441452498959,0.0,0.0,0.0,53.0,0.08135879825687127,1.0,0.0
18042,949.9441452498959,0.0,0.0,0.0,53.0,0.08135879825687127,1.0,0.0
17520,949.9441452498959,0.0,0.0,0.0,53.0,0.08135879825687127,1.0,0.0
13923,949.9441452498959,0.0,0.0,0.0,53.0,0.08135879825687127,1.0,0.0
17534,949.9441452498959,0.0,0.0,0.0,53.0,0.08135879825687127,1.0,0.0
17244,949.9441452498959,0.0,0.0,0.0,53.0,0.08135879825687127,1.0,0.0
15335,949.9441452498959,0.0,0.0,0.0,53.0,0.08135879825687127,1.0,0.0
17205,949.9441452498959,0.0,0.0,0.0,53.0,0.08135879825687127,1.0,0.0
16363,949.9441452498959,0.0,0.0,0.0,53.0,0.08135879825687127,1.0,0.0
16737,949.9441452498959,0.0,0.0,0.0,53.0,0.08135879825687127,1.0,0.0
15066,949.9441452498959,0.0,0.0,0.0,53.0,0.08135879825687127,1.0,0.0
16412,949.9441452498959,0.0,0.0,0.0,53.0,0.08135879825687127,1.0,0.0
12475,949.9441452498959,0.0,0.0,0.0,53.0,0.08135879825687127,1.0,0.0
16915,949.8800988606514,5.0,274.0,113.476,283.0,0.1986050595353026,0.9996281115964529,680.856
13655,948.6334428827987,1.0,127.0,549.32,241.0,0.07064158931680439,0.9988236333960263,1098.64
17921,947.2375493178176,3.0,202.0,180.72,266.0,0.13698361735933678,0.9991158630076341,722.88
16444,946.9775437230212,3.0,218.0,178.53,264.0,0.13783279270885593,0.9993061163664821,714.12
14921,945.4186074299306,1.0,171.0,413.06,201.0,0.08115464016996725,0.999368416830838,826.12
16261,942.5251866704959,3.0,229.0,158.67333333333332,246.0,0.14574141120330378,0.9995141781670764,634.6933333333333
16350,942.466040221925,3.0,312.0,246.59,333.0,0.11419409259980068,0.9995175677847726,986.36
16052,942.2214556792164,0.0,0.0,0.0,54.0,0.08069686335769971,1.0,0.0
16934,942.2214556792164,0.0,0.0,0.0,54.0,0.08069686335769971,1.0,0.0
13878,942.2214556792164,0.0,0.0,0.0,54.0,0.08069686335769971,1.0,0.0
15994,942.2214556792164,0.0,0.0,0.0,54.0,0.08069686335769971,1.0,0.0
15157,941.7374322337135,2.0,355.0,425.305,358.0,0.07941446153714714,0.9995474572466881,1275.915
12981,940.7783835128548,1.0,104.0,185.04,133.0,0.10848103769915385,0.9993240064622927,370.08
17236,940.6868395338771,5.0,350.0,157.97,362.0,0.16219396996167518,0.9996230179318698,947.8199999999999
16027,940.2708129446049,5.0,211.0,122.82000000000001,302.0,0.18819133473808236,0.9983533293219524,736.9200000000001
13611,939.6092136749237,2.0,270.0,425.625,359.0,0.07919680347183308,0.9991428260049497,1276.875
14715,939.130557532093,3.0,307.0,243.14333333333335,331.0,0.11476341389126626,0.9995021505975736,972.5733333333334
17158,939.065494029937,2.0,328.0,426.59,360.0,0.07903627129989776,0.9994477421447093,1279.77
15364,939.0406626313486,1.0,159.0,581.39,254.0,0.0678122043710287,0.9990379144591799,1162.78
12693,938.4679906627553,3.0,192.0,231.28666666666666,319.0,0.11816065482209498,0.998210307330298,925.1466666666666
12465,938.2113283938698,1.0,152.0,301.25,169.0,0.09207465977141037,0.9994168295472283,602.5
15813,937.3310018205976,1.0,32.0,533.26,239.0,0.07090690637546744,0.996104983674012,1066.52
17097,934.0492703712537,6.0,363.0,129.95000000000002,365.0,0.1887311029276481,0.999698049513604,909.6500000000001
14342,933.703820919514,3.0,189.0,119.65333333333332,210.0,0.1645451909535976,0.9994699454649769,478.6133333333333
17227,933.0234526674168,5.0,350.0,159.414,368.0,0.15996156758701208,0.9995914002135646,956.4839999999999
15757,932.3629710927364,1.0,152.0,453.06,217.0,0.07659902356503073,0.9991843841132029,906.12
17579,931.2258831941435,2.0,175.0,142.245,179.0,0.1367520143706465,0.9995355211914444,426.735
17642,928.7305863090171,1.0,57.0,316.99,176.0,0.08934171686523278,0.9982849380283529,633.98
13168,928.7149155284033,3.0,282.0,225.75333333333333,318.0,0.11861069776337047,0.9994291584014191,903.0133333333333
13035,928.5730445705201,1.0,187.0,588.88,260.0,0.06658562595785442,0.9991946849925388,1177.76
17929,928.3611322162807,3.0,297.0,215.6,308.0,0.12177351283246292,0.9995599586771299,862.4
16624,928.220071184223,1.0,117.0,384.14,197.0,0.08234678669207976,0.9990211374793413,768.28
14658,928.0002820115159,1.0,112.0,124.00999999999999,117.0,0.11783371349405071,0.9994646566147815,248.01999999999998
17266,927.8631551304126,2.0,145.0,91.76,147.0,0.15702106333918034,0.9995445657236754,275.28000000000003
15680,927.3107955176264,2.0,357.0,427.39500000000004,366.0,0.07795226775654338,0.9995293862622368,1282.1850000000002
16413,927.1467966421674,0.0,0.0,0.0,56.0,0.07940478919700981,1.0,0.0
17986,927.1467966421674,0.0,0.0,0.0,56.0,0.07940478919700981,1.0,0.0
13006,927.1467966421674,0.0,0.0,0.0,56.0,0.07940478919700981,1.0,0.0
12454,927.1467966421674,0.0,0.0,0.0,56.0,0.07940478919700981,1.0,0.0
14089,927.1467966421674,0.0,0.0,0.0,56.0,0.07940478919700981,1.0,0.0
13117,926.8028192308022,7.0,351.0,111.82714285714285,372.0,0.2129224615180523,0.999605008805338,894.6171428571428
14231,925.6139110430095,2.0,105.0,308.38,288.0,0.09471193222457941,0.9966248610126742,925.14
14273,925.5508947816951,3.0,191.0,149.05666666666667,242.0,0.14757302095522537,0.9992203892159848,596.2266666666667
17109,925.0337097878443,3.0,203.0,138.9,232.0,0.15250778431538184,0.9994210718137232,555.6
12535,924.1140522325707,1.0,95.0,344.9,186.0,0.08588633219539438,0.9988596253879937,689.8
13310,924.0605457214899,2.0,296.0,360.925,324.0,0.08627830213505881,0.9994533419918128,1082.775
13417,923.1314017789894,1.0,201.0,404.83,205.0,0.07997819425814136,0.9994767847645502,809.66
16092,922.3064197571562,2.0,140.0,253.495,254.0,0.10487939359351992,0.99848255849829,760.485
16023,921.5863617309411,2.0,220.0,270.985,266.0,0.10120703549356035,0.9993265951712232,812.955
15133,921.3152146254741,2.0,174.0,324.61,301.0,0.0915595110304273,0.9985450593691588,973.83
16872,920.6821939335551,2.0,107.0,145.82999999999998,184.0,0.1339448910972436,0.9987630603426647,437.48999999999995
17034,919.8144451077513,2.0,271.0,301.86,287.0,0.09525154763050861,0.9994948220476939,905.58
14975,919.7889416513344,0.0,0.0,0.0,57.0,0.07877414488389278,1.0,0.0
13853,919.7889416513344,0.0,0.0,0.0,57.0,0.07877414488389278,1.0,0.0
14537,919.7889416513344,0.0,0.0,0.0,57.0,0.07877414488389278,1.0,0.0
13858,919.7889416513344,0.0,0.0,0.0,57.0,0.07877414488389278,1.0,0.0
16773,919.7889416513344,0.0,0.0,0.0,57.0,0.07877414488389278,1.0,0.0
17614,919.7889416513344,0.0,0.0,0.0,57.0,0.07877414488389278,1.0,0.0
12631,919.7889416513344,0.0,0.0,0.0,57.0,0.07877414488389278,1.0,0.0
12446,919.7889416513344,0.0,0.0,0.0,57.0,0.07877414488389278,1.0,0.0
16793,919.7889416513344,0.0,0.0,0.0,57.0,0.07877414488389278,1.0,0.0
17279,919.7889416513344,0.0,0.0,0.0,57.0,0.07877414488389278,1.0,0.0
16430,919.7889416513344,0.0,0.0,0.0,57.0,0.07877414488389278,1.0,0.0
16882,919.7701459621736,2.0,251.0,347.61,317.0,0.0878250977713293,0.9992464358730464,1042.83
17624,919.5098306123128,1.0,204.0,443.18,218.0,0.07635172257186806,0.9994419411656469,886.36
14544,919.291695580177,1.0,337.0,902.53,361.0,0.05095478401636231,0.9994343330084281,1805.06
16099,918.0431682939693,2.0,175.0,206.8,225.0,0.11531608672535003,0.9992487509378972,620.4000000000001
14514,917.6448809517225,2.0,270.0,367.475,331.0,0.08475441948299002,0.9992919559595399,1102.4250000000002
16557,916.5263550585869,1.0,113.0,180.7,137.0,0.1063776889789996,0.9993613411494222,361.4
13819,916.5218403096062,2.0,18.0,366.025,319.0,0.0848545953563565,0.9704524309034591,1098.0749999999998
18150,916.2395581744738,2.0,169.0,169.5,201.0,0.12558445070111632,0.9993663647959344,508.5
15996,916.2261699451137,5.0,278.0,153.866,366.0,0.16057109220345672,0.9988071937294142,923.1960000000001
17114,916.0244195767734,7.0,329.0,94.36142857142856,334.0,0.23302636427283652,0.9997026967152414,754.8914285714285
16600,915.9821949709468,5.0,334.0,137.53199999999998,338.0,0.17176675606589176,0.9996612595687926,825.1919999999999
15062,913.2737782887707,3.0,288.0,259.5933333333333,359.0,0.10722307836291836,0.9992136221328869,1038.3733333333332
16753,912.546967178022,0.0,0.0,0.0,58.0,0.07815343897983335,1.0,0.0
12602,912.546967178022,0.0,0.0,0.0,58.0,0.07815343897983335,1.0,0.0
14642,912.546967178022,0.0,0.0,0.0,58.0,0.07815343897983335,1.0,0.0
13464,912.546967178022,0.0,0.0,0.0,58.0,0.07815343897983335,1.0,0.0
12667,912.546967178022,0.0,0.0,0.0,58.0,0.07815343897983335,1.0,0.0
18277,912.546967178022,0.0,0.0,0.0,58.0,0.07815343897983335,1.0,0.0
17736,912.494909478785,2.0,104.0,34.975,113.0,0.18635799577928752,0.9994880051068284,104.92500000000001
17609,911.4569103413432,3.0,287.0,227.39333333333335,327.0,0.1159121445540151,0.9994095147211622,909.5733333333334
15791,910.2426603475343,1.0,161.0,389.45000000000005,204.0,0.08025732839668939,0.9993034615420393,778.9000000000001
12787,909.2356650583943,2.0,183.0,152.78,192.0,0.12993506580629186,0.9995101322030023,458.34000000000003
17064,909.028055503144,2.0,269.0,355.75,327.0,0.0856119145545909,0.9993060093868984,1067.25
16906,907.3795188844982,3.0,167.0,148.96666666666667,248.0,0.1447160537604794,0.9987853099413683,595.8666666666667
13623,907.2415280075438,4.0,267.0,142.935,297.0,0.15819917795254887,0.9994672495206613,714.675
14662,907.0797204820518,3.0,288.0,214.80666666666664,316.0,0.11923252092529471,0.9994754970881222,859.2266666666666
16008,906.9305998706973,2.0,181.0,169.815,204.0,0.12421201351414042,0.9994311086124854,509.445
17704,906.1949030135092,1.0,71.0,497.9,239.0,0.07103126190573743,0.9978519385163717,995.8
12844,906.1617308709633,1.0,101.0,151.08,130.0,0.1101168043148391,0.9993208739161754,302.16
17075,905.4589679728855,3.0,300.0,215.08666666666667,317.0,0.11893042666125998,0.9995332025276886,860.3466666666667
16171,905.4181567991492,0.0,0.0,0.0,59.0,0.07754243839031794,1.0,0.0
13690,905.4181567991492,0.0,0.0,0.0,59.0,0.07754243839031794,1.0,0.0
12824,905.4181567991492,0.0,0.0,0.0,59.0,0.07754243839031794,1.0,0.0
16120,905.4181567991492,0.0,0.0,0.0,59.0,0.07754243839031794,1.0,0.0
17620,905.4181567991492,0.0,0.0,0.0,59.0,0.07754243839031794,1.0,0.0
12772,905.4181567991492,0.0,0.0,0.0,59.0,0.07754243839031794,1.0,0.0
15421,904.9630553493296,2.0,252.0,327.65,310.0,0.08945152642518675,0.9992906885014702,982.9499999999999
18147,904.5140788336627,1.0,63.0,80.46,108.0,0.12378671332434452,0.9991296279038443,160.92
13138,904.3317068052178,5.0,350.0,153.832,372.0,0.15850686371487344,0.9995691263289105,922.992
13984,904.2774531710497,4.0,340.0,191.4275,366.0,0.1331084047308176,0.999525266280584,957.1375
12421,904.2696576814528,3.0,304.0,216.53,319.0,0.11831842333373825,0.9995431211567921,866.12
12962,904.1358993793639,1.0,106.0,95.85000000000001,113.0,0.12042328507983154,0.9994528217813154,191.70000000000002
16036,904.0145194089657,1.0,176.0,570.19,263.0,0.06597838756591984,0.9991128739842446,1140.38
17979,903.3176772017387,2.0,224.0,250.37,259.0,0.10337404241340378,0.9993897682285219,751.11
15669,903.0488688250339,3.0,223.0,161.84666666666666,263.0,0.13825522279270377,0.9993579075548429,647.3866666666667
13427,902.1380751782575,2.0,196.0,184.05,215.0,0.1194030384988849,0.9994604949990441,552.1500000000001
14006,901.6924347422488,2.0,197.0,328.875,312.0,0.08893600783453397,0.99877577123496,986.625
16398,900.8870303817816,1.0,99.0,535.85,253.0,0.06797463342136018,0.9983296428057707,1071.7
14504,900.234462055685,3.0,231.0,175.34333333333333,278.0,0.13227154573145117,0.9993143477091279,701.3733333333333
16136,899.3088068815517,2.0,218.0,275.04,277.0,0.09798092675521992,0.9992476143593083,825.1200000000001
17585,898.9374342438043,3.0,229.0,232.95666666666668,338.0,0.11269929683346976,0.9987055923653181,931.8266666666667
16179,898.3998783426291,0.0,0.0,0.0,60.0,0.0769409172535742,1.0,0.0
15193,898.3998783426291,0.0,0.0,0.0,60.0,0.0769409172535742,1.0,0.0
16776,898.3998783426291,0.0,0.0,0.0,60.0,0.0769409172535742,1.0,0.0
14027,898.3998783426291,0.0,0.0,0.0,60.0,0.0769409172535742,1.0,0.0
16982,898.3998783426291,0.0,0.0,0.0,60.0,0.0769409172535742,1.0,0.0
15553,898.3998783426291,0.0,0.0,0.0,60.0,0.0769409172535742,1.0,0.0
18126,898.3998783426291,0.0,0.0,0.0,60.0,0.0769409172535742,1.0,0.0
18169,898.3998783426291,0.0,0.0,0.0,60.0,0.0769409172535742,1.0,0.0
13980,898.3998783426291,0.0,0.0,0.0,60.0,0.0769409172535742,1.0,0.0
13352,898.3998783426291,0.0,0.0,0.0,60.0,0.0769409172535742,1.0,0.0
12607,898.3998783426291,0.0,0.0,0.0,60.0,0.0769409172535742,1.0,0.0
15886,898.3998783426291,0.0,0.0,0.0,60.0,0.0769409172535742,1.0,0.0
15582,898.2237118901608,2.0,196.0,189.65000000000003,220.0,0.11733342512038177,0.9994332200188069,568.95
17770,894.6052313830544,3.0,84.0,180.03333333333333,282.0,0.12962987721564417,0.9906486570606695,720.1333333333333
16907,894.0664607663365,4.0,336.0,187.20999999999998,365.0,0.13341282168189209,0.9995077077543641,936.05
15104,893.5320835738048,1.0,86.0,618.9,282.0,0.06232000813780642,0.9977358657549219,1237.8
17409,892.2405301615341,1.0,64.0,511.29999999999995,248.0,0.06899068424115588,0.9975141719576812,1022.5999999999999
14801,891.4895806459505,0.0,0.0,0.0,61.0,0.07634865666223084,1.0,0.0
16595,891.4895806459505,0.0,0.0,0.0,61.0,0.07634865666223084,1.0,0.0
13193,891.4895806459505,0.0,0.0,0.0,61.0,0.07634865666223084,1.0,0.0
13260,891.4895806459505,0.0,0.0,0.0,61.0,0.07634865666223084,1.0,0.0
16921,891.4895806459505,0.0,0.0,0.0,61.0,0.07634865666223084,1.0,0.0
13259,891.4895806459505,0.0,0.0,0.0,61.0,0.07634865666223084,1.0,0.0
16248,891.4895806459505,0.0,0.0,0.0,61.0,0.07634865666223084,1.0,0.0
18088,891.4895806459505,0.0,0.0,0.0,61.0,0.07634865666223084,1.0,0.0
16104,891.4895806459505,0.0,0.0,0.0,61.0,0.07634865666223084,1.0,0.0
16380,891.4895806459505,0.0,0.0,0.0,61.0,0.07634865666223084,1.0,0.0
16685,891.4895806459505,0.0,0.0,0.0,61.0,0.07634865666223084,1.0,0.0
16642,891.3372946364544,1.0,203.0,380.6,207.0,0.07939846658774125,0.9994768873618541,761.2
16214,891.3151882166419,2.0,99.0,259.89,269.0,0.10005552463963108,0.9968061246172367,779.67
17411,891.1908111534304,2.0,249.0,246.68,261.0,0.10275946654198141,0.9995074290879125,740.04
14976,890.9775732653914,4.0,269.0,158.72750000000002,326.0,0.14655053049995131,0.9992520673200588,793.6375
14161,890.8876931878781,2.0,154.0,407.235,369.0,0.0772235621963623,0.9970159022335621,1221.705
14475,890.2626785593869,2.0,233.0,309.65,304.0,0.0908819982477442,0.9991943952937975,928.9499999999999
13637,888.5931447685547,2.0,174.0,193.95,226.0,0.11492321973289243,0.9992326565270356,581.8499999999999
13715,888.4292214052654,3.0,91.0,268.24666666666667,372.0,0.1021963408814156,0.9813022107890617,1072.9866666666667
17126,887.7904026990805,2.0,210.0,393.75,362.0,0.0785936237658592,0.9984845361233183,1181.25
15334,887.2139482754648,2.0,17.0,118.16,173.0,0.13905734690312224,0.9917869495073077,354.48
17888,886.2904950764075,7.0,336.0,98.08142857142856,357.0,0.22041996157901886,0.9995995233564724,784.6514285714285
17483,885.3041189730319,2.0,118.0,129.47,183.0,0.1345043738564756,0.9989693386729414,388.40999999999997
15835,881.8492436459275,3.0,286.0,217.66,330.0,0.11503769176361875,0.9993856442696339,870.64
18248,881.7945031592084,1.0,64.0,307.56,186.0,0.08584065766315,0.9983284297367042,615.12
14880,881.0671533380703,2.0,211.0,280.695,288.0,0.09494892623933007,0.9991186769602958,842.085
16824,880.4021763346021,1.0,149.0,237.74,164.0,0.09405200572244328,0.9994248299940655,475.48
12739,879.2253211398036,1.0,21.0,37.5,99.0,0.1303273516457102,0.9984076111497378,75.0
17041,878.357760211668,2.0,334.0,383.495,360.0,0.07903808372353403,0.9994706610233619,1150.4850000000001
13689,877.9831095133258,0.0,0.0,0.0,63.0,0.07519107467654307,1.0,0.0
13763,877.9831095133258,0.0,0.0,0.0,63.0,0.07519107467654307,1.0,0.0
13587,877.9831095133258,0.0,0.0,0.0,63.0,0.07519107467654307,1.0,0.0
14792,877.9831095133258,0.0,0.0,0.0,63.0,0.07519107467654307,1.0,0.0
12519,877.9831095133258,0.0,0.0,0.0,63.0,0.07519107467654307,1.0,0.0
17030,877.9831095133258,0.0,0.0,0.0,63.0,0.07519107467654307,1.0,0.0
13876,877.9831095133258,0.0,0.0,0.0,63.0,0.07519107467654307,1.0,0.0
12420,877.9831095133258,0.0,0.0,0.0,63.0,0.07519107467654307,1.0,0.0
12740,877.9831095133258,0.0,0.0,0.0,63.0,0.07519107467654307,1.0,0.0
13806,877.9831095133258,0.0,0.0,0.0,63.0,0.07519107467654307,1.0,0.0
13359,877.9831095133258,0.0,0.0,0.0,63.0,0.07519107467654307,1.0,0.0
13419,877.9831095133258,0.0,0.0,0.0,63.0,0.07519107467654307,1.0,0.0
13652,875.5605922668857,2.0,323.0,393.14,368.0,0.07758515379967994,0.9993969301079477,1179.42
14644,874.8740148858715,1.0,231.0,643.26,298.0,0.05969370030553673,0.9992640163426773,1286.52
14083,874.6232156933601,7.0,367.0,101.27,371.0,0.2134289651783219,0.9997103950736674,810.16
16566,874.413843878075,4.0,277.0,129.94,292.0,0.16040685938901766,0.9995672524085133,649.7
14201,871.8513454199953,6.0,299.0,113.36666666666667,359.0,0.19127816610258863,0.9991798103237528,793.5666666666667
16895,871.382211660038,0.0,0.0,0.0,64.0,0.07462534790859862,1.0,0.0
16432,871.382211660038,0.0,0.0,0.0,64.0,0.07462534790859862,1.0,0.0
15937,871.382211660038,0.0,0.0,0.0,64.0,0.07462534790859862,1.0,0.0
15837,871.382211660038,0.0,0.0,0.0,64.0,0.07462534790859862,1.0,0.0
15300,871.382211660038,0.0,0.0,0.0,64.0,0.07462534790859862,1.0,0.0
14518,871.382211660038,0.0,0.0,0.0,64.0,0.07462534790859862,1.0,0.0
14317,871.382211660038,0.0,0.0,0.0,64.0,0.07462534790859862,1.0,0.0
13504,871.382211660038,0.0,0.0,0.0,64.0,0.07462534790859862,1.0,0.0
13422,871.382211660038,0.0,0.0,0.0,64.0,0.07462534790859862,1.0,0.0
13845,871.382211660038,0.0,0.0,0.0,64.0,0.07462534790859862,1.0,0.0
12923,871.382211660038,0.0,0.0,0.0,64.0,0.07462534790859862,1.0,0.0
15766,871.382211660038,0.0,0.0,0.0,64.0,0.07462534790859862,1.0,0.0
13177,871.382211660038,0.0,0.0,0.0,64.0,0.07462534790859862,1.0,0.0
13602,871.382211660038,0.0,0.0,0.0,64.0,0.07462534790859862,1.0,0.0
13348,871.382211660038,0.0,0.0,0.0,64.0,0.07462534790859862,1.0,0.0
15264,871.382211660038,0.0,0.0,0.0,64.0,0.07462534790859862,1.0,0.0
12461,870.7720487584959,1.0,60.0,200.0,154.0,0.09819172675475785,0.9986161812519461,400.0
14532,870.6165096029158,3.0,116.0,236.75,352.0,0.10810285318327785,0.9909326253604885,947.0
15031,869.2709062141756,3.0,278.0,167.45333333333335,282.0,0.13079981531806484,0.9995894786899233,669.8133333333334
12434,868.5592299211354,1.0,176.0,519.89,260.0,0.06658114564038516,0.9991274526231203,1039.78
17229,867.3999689024766,1.0,46.0,161.05,142.0,0.10376188330167528,0.9984571859151867,322.1
12904,867.3473447338708,1.0,154.0,251.37,172.0,0.09092774420344114,0.9994130720424903,502.74
17047,867.0207911171829,1.0,120.0,351.47,205.0,0.0799397602345125,0.9989964799174796,702.94
15656,866.9373519095781,3.0,239.0,168.51666666666668,284.0,0.130025840551171,0.999337993201362,674.0666666666667
14737,866.8888898399123,2.0,350.0,365.275,353.0,0.08035557421663601,0.9995473499970315,1095.8249999999998
12878,866.6680952000443,1.0,30.0,539.81,266.0,0.06513741038825832,0.9952933306577254,1079.62
17048,865.8528272643914,2.0,214.0,333.47,331.0,0.0847144645349955,0.9988208695150186,1000.4100000000001
14553,865.8391100243088,3.0,320.0,219.11,339.0,0.1125156439617548,0.9995284523662697,876.44
13780,865.5051286760029,1.0,163.0,243.73000000000002,170.0,0.09169343453962134,0.9994622328858475,487.46000000000004
16106,864.8798402201314,0.0,0.0,0.0,65.0,0.07406807046552209,1.0,0.0
13483,864.8798402201314,0.0,0.0,0.0,65.0,0.07406807046552209,1.0,0.0
15127,864.8798402201314,0.0,0.0,0.0,65.0,0.07406807046552209,1.0,0.0
17222,864.8798402201314,0.0,0.0,0.0,65.0,0.07406807046552209,1.0,0.0
14054,864.8798402201314,0.0,0.0,0.0,65.0,0.07406807046552209,1.0,0.0
13947,864.8798402201314,0.0,0.0,0.0,65.0,0.07406807046552209,1.0,0.0
18033,864.8798402201314,0.0,0.0,0.0,65.0,0.07406807046552209,1.0,0.0
17382,864.8798402201314,0.0,0.0,0.0,65.0,0.07406807046552209,1.0,0.0
17647,864.8798402201314,0.0,0.0,0.0,65.0,0.07406807046552209,1.0,0.0
12789,864.8798402201314,0.0,0.0,0.0,65.0,0.07406807046552209,1.0,0.0
16758,864.8798402201314,0.0,0.0,0.0,65.0,0.07406807046552209,1.0,0.0
16803,864.8798402201314,0.0,0.0,0.0,65.0,0.07406807046552209,1.0,0.0
12701,864.3439684282461,1.0,163.0,460.63,242.0,0.07043599540486972,0.9991302173203729,921.26
15756,863.3383293104462,3.0,188.0,134.80666666666667,249.0,0.1443081210558778,0.9991125865474588,539.2266666666667
17007,861.760943541196,4.0,307.0,170.7025,357.0,0.13589808164053546,0.999355940304566,853.5124999999999
18125,860.3586389343867,3.0,287.0,195.51,316.0,0.11923184587445276,0.9994698384241052,782.04
13748,859.9127670677433,3.0,278.0,248.08333333333334,373.0,0.10380491223302528,0.9990085505594922,992.3333333333334
17429,859.5152001847126,2.0,90.0,169.03,218.0,0.11794025904557488,0.9976478316009341,507.09000000000003
17646,859.2326124979013,2.0,146.0,378.69500000000005,365.0,0.07791673707070976,0.9967766250109781,1136.085
15739,858.4738053899073,0.0,0.0,0.0,66.0,0.07351905445992965,1.0,0.0
12512,858.4738053899073,0.0,0.0,0.0,66.0,0.07351905445992965,1.0,0.0
15255,858.4738053899073,0.0,0.0,0.0,66.0,0.07351905445992965,1.0,0.0
13351,858.4738053899073,0.0,0.0,0.0,66.0,0.07351905445992965,1.0,0.0
13801,858.4738053899073,0.0,0.0,0.0,66.0,0.07351905445992965,1.0,0.0
16881,858.4738053899073,0.0,0.0,0.0,66.0,0.07351905445992965,1.0,0.0
15276,858.4738053899073,0.0,0.0,0.0,66.0,0.07351905445992965,1.0,0.0
17957,858.4738053899073,0.0,0.0,0.0,66.0,0.07351905445992965,1.0,0.0
14184,858.4738053899073,0.0,0.0,0.0,66.0,0.07351905445992965,1.0,0.0
18211,857.1944335855469,4.0,253.0,115.5425,278.0,0.16686796955099237,0.9994941750544813,577.7125
15079,856.8809762386857,2.0,153.0,376.83,365.0,0.0779384974116739,0.9970550016478956,1130.49
14173,856.8080326654256,2.0,209.0,168.4,219.0,0.11774997508993283,0.9995097903673061,505.20000000000005
14421,855.2395773667658,1.0,154.0,357.93,211.0,0.07824437139318847,0.9992281539352482,715.86
12816,855.1689959256231,1.0,81.0,253.55,176.0,0.08938355116872505,0.9987523854486018,507.1
12585,854.4214646866964,1.0,117.0,777.25,351.0,0.05208021476610762,0.9977478441941906,1554.5
13856,854.4139427486348,2.0,35.0,147.05,203.0,0.1239057854536368,0.9933141003433942,441.15000000000003
15658,853.5668280625807,4.0,182.0,179.47500000000002,372.0,0.13065911410416398,0.9946687615355042,897.3750000000001
13669,852.4246278250193,1.0,99.0,170.39999999999998,149.0,0.1005014763180387,0.9991803043371168,340.79999999999995
15930,852.1619817857782,0.0,0.0,0.0,67.0,0.07297811753418923,1.0,0.0
14488,852.1619817857782,0.0,0.0,0.0,67.0,0.07297811753418923,1.0,0.0
15091,852.1619817857782,0.0,0.0,0.0,67.0,0.07297811753418923,1.0,0.0
16183,852.1619817857782,0.0,0.0,0.0,67.0,0.07297811753418923,1.0,0.0
14333,852.1619817857782,0.0,0.0,0.0,67.0,0.07297811753418923,1.0,0.0
13635,852.1619817857782,0.0,0.0,0.0,67.0,0.07297811753418923,1.0,0.0
16969,851.5102830238826,2.0,152.0,126.52499999999999,191.0,0.13040726956279805,0.9992977791628183,379.575
16324,850.7136592035346,1.0,49.0,253.22,177.0,0.08895768861922575,0.9980524565883571,506.44
14947,850.0665737800325,1.0,58.0,112.32,130.0,0.11006418117469871,0.99884331372252,224.64
17320,849.9866189810089,2.0,268.0,374.85,368.0,0.07756020889428092,0.9990756075268006,1124.5500000000002
16325,849.8395879460743,2.0,199.0,201.71,245.0,0.10797527794884614,0.9993059144149378,605.13
18160,849.3551797032716,1.0,143.0,319.51,200.0,0.08144377679740034,0.9992131975806361,639.02
17033,848.6151330203531,2.0,273.0,361.16999999999996,359.0,0.07919847368222029,0.9991638972938547,1083.5099999999998
14959,847.8505809982116,3.0,232.0,172.25333333333333,296.0,0.12572996232790504,0.9991785537781129,689.0133333333333
14021,846.8303068537831,2.0,101.0,216.5,256.0,0.10410349964594703,0.9972342707553278,649.5
14495,846.748999083317,1.0,71.0,83.2,121.0,0.11531096436942376,0.9991103094148684,166.4
13930,846.3295684518505,1.0,79.0,127.33999999999999,136.0,0.106866361974069,0.9990765371789654,254.67999999999998
16591,845.942306092539,0.0,0.0,0.0,68.0,0.07244508265845676,1.0,0.0
15774,845.942306092539,0.0,0.0,0.0,68.0,0.07244508265845676,1.0,0.0
15800,845.7084557257051,1.0,139.0,452.39,246.0,0.06952622247314781,0.9989132799248484,904.78
15806,844.301922720497,2.0,230.0,242.10999999999999,276.0,0.09827362306227243,0.999335299223187,726.3299999999999
15624,843.5221204620798,3.0,140.0,134.74333333333334,256.0,0.14102413814217915,0.9978743249760927,538.9733333333334
13888,842.0433599636032,1.0,99.0,366.11,218.0,0.07629091235164301,0.9986459370612571,732.22
15192,841.5263893027229,2.0,246.0,364.65999999999997,365.0,0.07808295044190351,0.9989029666597544,1093.98
15164,841.2515306601463,2.0,271.0,328.07,339.0,0.08308934631585321,0.9992574205227598,984.21
12933,838.4037281034418,2.0,259.0,248.39,283.0,0.09633070594524616,0.9994584045731306,745.17
16859,837.788723333575,1.0,117.0,487.97,261.0,0.06634091642292171,0.9985492428217274,975.94
15198,837.0904762301661,1.0,32.0,86.0,124.0,0.11343003493049511,0.9983382707686798,172.0
15223,836.8678385241496,1.0,24.0,454.9,249.0,0.068614310509597,0.9952027340031891,909.8
13038,835.7166250248064,2.0,210.0,256.68,290.0,0.09441765186315482,0.9990955632642695,770.04
17827,834.9676806226322,2.0,359.0,358.185,364.0,0.07831335149647753,0.9995415829215408,1074.555
16520,834.7177897206545,2.0,179.0,360.405,365.0,0.07800026073158252,0.9978451301348229,1081.215
16018,834.378907041216,1.0,141.0,247.0,180.0,0.08799580889356978,0.9993047841971778,494.0
15593,833.7714421202147,0.0,0.0,0.0,70.0,0.07140203642598836,1.0,0.0
16404,833.7714421202147,0.0,0.0,0.0,70.0,0.07140203642598836,1.0,0.0
16613,833.7714421202147,0.0,0.0,0.0,70.0,0.07140203642598836,1.0,0.0
13095,833.7714421202147,0.0,0.0,0.0,70.0,0.07140203642598836,1.0,0.0
18053,833.7714421202147,0.0,0.0,0.0,70.0,0.07140203642598836,1.0,0.0
15185,833.7714421202147,0.0,0.0,0.0,70.0,0.07140203642598836,1.0,0.0
13347,833.7714421202147,0.0,0.0,0.0,70.0,0.07140203642598836,1.0,0.0
16101,833.7714421202147,0.0,0.0,0.0,70.0,0.07140203642598836,1.0,0.0
14817,832.5510860528103,1.0,77.0,529.55,277.0,0.06320841058233269,0.9975401193169714,1059.1
18064,832.3771353220827,1.0,102.0,406.0,235.0,0.07201605330717334,0.998543839309541,812.0
16342,832.1897898294244,3.0,104.0,61.82,179.0,0.18492999313862973,0.9984420525070061,247.28
15599,830.1470907415451,1.0,178.0,312.90999999999997,204.0,0.08026415848930724,0.9993885046818,625.8199999999999
14451,829.9904300293958,1.0,134.0,283.9,194.0,0.08329988552299386,0.9991827033005728,567.8
16146,828.9518355542989,2.0,75.0,174.22,232.0,0.11231723650770223,0.996442509861832,522.66
14034,828.2222779203624,1.0,135.0,174.98,157.0,0.09696247049408432,0.9993858868254879,349.96
16650,827.8164177882809,0.0,0.0,0.0,71.0,0.07089169595138352,1.0,0.0
13354,827.8164177882809,0.0,0.0,0.0,71.0,0.07089169595138352,1.0,0.0
12703,827.8164177882809,0.0,0.0,0.0,71.0,0.07089169595138352,1.0,0.0
12718,827.8164177882809,0.0,0.0,0.0,71.0,0.07089169595138352,1.0,0.0
13886,827.8164177882809,0.0,0.0,0.0,71.0,0.07089169595138352,1.0,0.0
16574,827.8164177882809,0.0,0.0,0.0,71.0,0.07089169595138352,1.0,0.0
13364,827.8164177882809,0.0,0.0,0.0,71.0,0.07089169595138352,1.0,0.0
18192,827.8164177882809,0.0,0.0,0.0,71.0,0.07089169595138352,1.0,0.0
15175,827.8164177882809,0.0,0.0,0.0,71.0,0.07089169595138352,1.0,0.0
17427,827.8164177882809,0.0,0.0,0.0,71.0,0.07089169595138352,1.0,0.0
13503,827.8164177882809,0.0,0.0,0.0,71.0,0.07089169595138352,1.0,0.0
16268,827.8164177882809,0.0,0.0,0.0,71.0,0.07089169595138352,1.0,0.0
17733,827.4403188601925,1.0,223.0,475.24,261.0,0.06639499023140072,0.9993631501872662,950.48
14293,825.740109865256,3.0,365.0,227.21333333333337,368.0,0.10505464405011261,0.9995965991079713,908.8533333333335
14009,825.1108386273531,1.0,7.0,314.7,205.0,0.07959727561589897,0.994716495496497,629.4
12728,823.6731564447418,3.0,261.0,194.59666666666666,332.0,0.11443934720001105,0.9991720035569459,778.3866666666667
13249,823.0890596976096,2.0,169.0,209.785,261.0,0.10269527206366899,0.9988830305761367,629.355
17513,821.9458652291272,0.0,0.0,0.0,72.0,0.07038859894479857,1.0,0.0
14109,821.9458652291272,0.0,0.0,0.0,72.0,0.07038859894479857,1.0,0.0
15348,821.9458652291272,0.0,0.0,0.0,72.0,0.07038859894479857,1.0,0.0
16909,821.9458652291272,0.0,0.0,0.0,72.0,0.07038859894479857,1.0,0.0
16281,821.9458652291272,0.0,0.0,0.0,72.0,0.07038859894479857,1.0,0.0
13061,821.9458652291272,0.0,0.0,0.0,72.0,0.07038859894479857,1.0,0.0
17360,821.6708865472749,1.0,167.0,247.34,184.0,0.08661421844915408,0.999421657427176,494.68
13589,821.3037596403701,1.0,165.0,232.65,179.0,0.08836214696068903,0.9994336247662189,465.3
15053,821.2577409697317,2.0,277.0,235.64999999999998,281.0,0.09688938014996418,0.9995417377665677,706.9499999999999
14708,821.0671247031164,2.0,366.0,353.655,368.0,0.07759708323421072,0.9995505966235644,1060.965
13470,821.0141024315107,1.0,16.0,49.5,115.0,0.11893025356645792,0.9979134554156489,99.0
12717,819.553683314288,1.0,94.0,421.24,245.0,0.06970587141776632,0.9983141439414822,842.48
15312,818.5310698151638,3.0,279.0,211.70333333333335,354.0,0.10848612328687167,0.9991710584898904,846.8133333333334
18282,817.4684882214144,1.0,119.0,77.84,126.0,0.11239176108285286,0.9994554782308994,155.68
13601,816.68853490615,1.0,166.0,320.12,211.0,0.07824988756593826,0.9992985988121819,640.24
17076,816.1758954278552,2.0,328.0,344.78999999999996,364.0,0.07830484945892233,0.9994330683462659,1034.37
13514,816.1579995989189,0.0,0.0,0.0,73.0,0.0698925922786818,1.0,0.0
18278,816.1579995989189,0.0,0.0,0.0,73.0,0.0698925922786818,1.0,0.0
16181,816.1579995989189,0.0,0.0,0.0,73.0,0.0698925922786818,1.0,0.0
17805,816.1579995989189,0.0,0.0,0.0,73.0,0.0698925922786818,1.0,0.0
13979,816.1579995989189,0.0,0.0,0.0,73.0,0.0698925922786818,1.0,0.0
17951,815.5971763591539,2.0,334.0,356.52000000000004,373.0,0.07670940630231612,0.9994240726974568,1069.5600000000002
14449,813.9218997219804,3.0,354.0,225.18666666666664,372.0,0.10409560454115323,0.9995391810376784,900.7466666666666
16221,813.7097251355029,2.0,331.0,347.06,367.0,0.07776602609733778,0.9994340668895395,1041.18
16551,813.6718706061745,2.0,241.0,305.525,336.0,0.08368807243799577,0.9990558957701844,916.5749999999999
17031,813.0176201834331,1.0,143.0,154.4,154.0,0.09827286375546067,0.9994413497715144,308.8
15777,813.006589331198,2.0,120.0,340.78,361.0,0.07853977164223501,0.9954848336109923,1022.3399999999999
15754,811.9526266665259,2.0,195.0,183.385,246.0,0.10762845687438552,0.9992692516999656,550.155
14593,810.953712021493,1.0,177.0,277.56,198.0,0.08207007687202936,0.9994084570623225,555.12
13390,810.4510859892586,0.0,0.0,0.0,74.0,0.06940352711146146,1.0,0.0
13639,810.4510859892586,0.0,0.0,0.0,74.0,0.06940352711146146,1.0,0.0
16468,810.4510859892586,0.0,0.0,0.0,74.0,0.06940352711146146,1.0,0.0
15958,810.4510859892586,0.0,0.0,0.0,74.0,0.06940352711146146,1.0,0.0
13866,810.4510859892586,0.0,0.0,0.0,74.0,0.06940352711146146,1.0,0.0
12612,810.4510859892586,0.0,0.0,0.0,74.0,0.06940352711146146,1.0,0.0
15243,810.4510859892586,0.0,0.0,0.0,74.0,0.06940352711146146,1.0,0.0
14908,810.4510859892586,0.0,0.0,0.0,74.0,0.06940352711146146,1.0,0.0
13927,810.4510859892586,0.0,0.0,0.0,74.0,0.06940352711146146,1.0,0.0
14690,808.4530896713297,1.0,107.0,142.49,151.0,0.09959285494766767,0.9992344016463485,284.98
16149,808.3653803561092,1.0,138.0,116.84,142.0,0.10386740007670561,0.9994725296899073,233.68
13476,808.2870240041974,1.0,103.0,510.87,281.0,0.06252323727739516,0.9981370073525928,1021.74
17516,807.3484697980455,3.0,270.0,146.75,285.0,0.1296841777237672,0.9995363047921552,587.0
16730,806.738729017761,2.0,267.0,278.045,319.0,0.08737993117293706,0.999333816428381,834.135
14765,805.7039554344583,2.0,147.0,86.805,176.0,0.13840373143821597,0.9993666631544024,260.415
16005,805.508533796468,2.0,258.0,211.895,270.0,0.10003078647586365,0.9995088213677622,635.6850000000001
14024,805.2348554322401,1.0,3.0,65.25,124.0,0.1132687528827722,0.9969187698337785,130.5
17154,804.82343769289,0.0,0.0,0.0,75.0,0.06892125873861879,1.0,0.0
18066,804.82343769289,0.0,0.0,0.0,75.0,0.06892125873861879,1.0,0.0
17506,804.82343769289,0.0,0.0,0.0,75.0,0.06892125873861879,1.0,0.0
16480,804.82343769289,0.0,0.0,0.0,75.0,0.06892125873861879,1.0,0.0
14806,804.82343769289,0.0,0.0,0.0,75.0,0.06892125873861879,1.0,0.0
17498,804.82343769289,0.0,0.0,0.0,75.0,0.06892125873861879,1.0,0.0
16198,804.82343769289,0.0,0.0,0.0,75.0,0.06892125873861879,1.0,0.0
15154,804.82343769289,0.0,0.0,0.0,75.0,0.06892125873861879,1.0,0.0
16594,804.82343769289,0.0,0.0,0.0,75.0,0.06892125873861879,1.0,0.0
14757,804.82343769289,0.0,0.0,0.0,75.0,0.06892125873861879,1.0,0.0
13670,804.82343769289,0.0,0.0,0.0,75.0,0.06892125873861879,1.0,0.0
15440,804.4444462687397,2.0,154.0,128.94,208.0,0.12238718052851479,0.9991812811176325,386.82
13548,803.3037978297444,1.0,147.0,397.15,243.0,0.07020124936900328,0.9990031902997127,794.3
12422,803.1320188131793,2.0,229.0,282.53,324.0,0.08624179853431876,0.9990304819580436,847.5899999999999
16469,802.8407477767704,2.0,223.0,178.56,246.0,0.10764796586483649,0.9994503816246667,535.6800000000001
12930,802.5237365529239,1.0,93.0,194.24,171.0,0.091264985576713,0.9989559553697205,388.48
17373,800.1329032067766,3.0,272.0,167.22333333333333,312.0,0.12047541273043923,0.9993994126916225,668.8933333333333
18080,799.6573468276637,1.0,224.0,390.0,242.0,0.0704572747087616,0.9994320629236005,780.0
17180,799.2183439046412,2.0,260.0,269.265,316.0,0.08805871925959925,0.9993083223219167,807.795
15186,798.4782419656758,1.0,154.0,182.15,168.0,0.09246459083703543,0.9994307400599465,364.3
18101,798.2269886949952,1.0,132.0,112.17,143.0,0.10337374694205748,0.9994385911973998,224.34
18246,798.0877374702776,1.0,210.0,363.2,233.0,0.07255610082367385,0.9994113722549299,726.4
12458,797.93290549995,1.0,213.0,505.48,284.0,0.062059783371630324,0.9992324747492976,1010.96
14716,797.6271667100725,1.0,105.0,125.78999999999999,148.0,0.10097059418753968,0.9992376105232526,251.57999999999998
14609,797.404275680488,3.0,224.0,152.52,296.0,0.125718745582261,0.9990894140735972,610.08
18189,797.1177654102044,1.0,190.0,457.14,267.0,0.06519715465047625,0.9991807434454087,914.28
15206,796.8233813958216,3.0,265.0,134.20000000000002,275.0,0.1334581791059328,0.9995601446119351,536.8000000000001
17955,795.4129836318001,2.0,21.0,143.475,219.0,0.11642113239194345,0.9882300318324608,430.42499999999995
13301,794.3208996784267,3.0,189.0,148.06,292.0,0.12704727690616432,0.9985800807806434,592.24
15475,793.7994213099503,0.0,0.0,0.0,77.0,0.06797655339272282,1.0,0.0
13127,793.7994213099503,0.0,0.0,0.0,77.0,0.06797655339272282,1.0,0.0
16485,793.7994213099503,0.0,0.0,0.0,77.0,0.06797655339272282,1.0,0.0
15744,793.7994213099503,0.0,0.0,0.0,77.0,0.06797655339272282,1.0,0.0
14652,793.7994213099503,0.0,0.0,0.0,77.0,0.06797655339272282,1.0,0.0
14014,793.7994213099503,0.0,0.0,0.0,77.0,0.06797655339272282,1.0,0.0
16978,793.7994213099503,0.0,0.0,0.0,77.0,0.06797655339272282,1.0,0.0
15075,793.7994213099503,0.0,0.0,0.0,77.0,0.06797655339272282,1.0,0.0
15978,793.7994213099503,0.0,0.0,0.0,77.0,0.06797655339272282,1.0,0.0
17480,793.7994213099503,0.0,0.0,0.0,77.0,0.06797655339272282,1.0,0.0
13336,793.7994213099503,0.0,0.0,0.0,77.0,0.06797655339272282,1.0,0.0
14077,793.5449841336173,4.0,234.0,95.5775,274.0,0.168791522505862,0.9993585620598349,477.8875
17618,793.2024338752065,2.0,357.0,325.65,362.0,0.07867682146629884,0.9995415126736996,976.9499999999999
16770,791.95635167692,4.0,315.0,156.575,372.0,0.13126910323345872,0.999312426357095,782.875
13238,788.8947917210306,3.0,343.0,203.19333333333336,360.0,0.10700817843615773,0.999541359923187,812.7733333333334
12987,788.8481840438061,1.0,124.0,254.39999999999998,197.0,0.08235204933373988,0.9990849832038514,508.79999999999995
16715,788.3999061904082,0.0,0.0,0.0,78.0,0.0675138464403072,1.0,0.0
16236,788.3999061904082,0.0,0.0,0.0,78.0,0.0675138464403072,1.0,0.0
16213,788.3999061904082,0.0,0.0,0.0,78.0,0.0675138464403072,1.0,0.0
12425,788.3999061904082,0.0,0.0,0.0,78.0,0.0675138464403072,1.0,0.0
13519,788.3999061904082,0.0,0.0,0.0,78.0,0.0675138464403072,1.0,0.0
13279,788.3999061904082,0.0,0.0,0.0,78.0,0.0675138464403072,1.0,0.0
15603,788.3999061904082,0.0,0.0,0.0,78.0,0.0675138464403072,1.0,0.0
17172,788.3999061904082,0.0,0.0,0.0,78.0,0.0675138464403072,1.0,0.0
17603,788.3999061904082,0.0,0.0,0.0,78.0,0.0675138464403072,1.0,0.0
17079,788.3999061904082,0.0,0.0,0.0,78.0,0.0675138464403072,1.0,0.0
12579,788.3999061904082,0.0,0.0,0.0,78.0,0.0675138464403072,1.0,0.0
13989,788.155076724715,1.0,174.0,369.40999999999997,239.0,0.07112827425089033,0.999214774457528,738.8199999999999
16309,788.0980089365528,1.0,134.0,372.37,240.0,0.07087590662817275,0.9989031083249462,744.74
14731,787.1205491193251,2.0,165.0,126.18,212.0,0.12065348842686024,0.9992558808854481,378.54
14768,786.3514897021187,1.0,110.0,59.400000000000006,127.0,0.11181174189575972,0.9993988477441973,118.80000000000001
15258,785.4761259330946,1.0,49.0,307.5,217.0,0.07646505475598321,0.9974368482344343,615.0
14044,785.433818896392,3.0,283.0,158.66,309.0,0.12144205231106954,0.9994839443896002,634.64
13900,785.054476559733,2.0,79.0,191.685,262.0,0.1020583127228173,0.9956964650883603,575.0550000000001
15965,785.035538406153,2.0,350.0,326.34000000000003,367.0,0.07777143788427654,0.9995036181383404,979.0200000000001
14912,785.0265129603885,1.0,230.0,385.06,246.0,0.06956286782134222,0.9994397794764814,770.12
17029,784.9207231389602,1.0,126.0,358.0,236.0,0.07180168276066505,0.9988473172605836,716.0
14770,784.4669145969618,1.0,91.0,597.8199999999999,323.0,0.055780855857916485,0.9973865869999583,1195.6399999999999
17892,784.3192686903413,2.0,99.0,51.0,155.0,0.15132849425162057,0.998999809497244,153.0
17415,783.0733593220475,0.0,0.0,0.0,79.0,0.06705739606630366,1.0,0.0
12390,783.0733593220475,0.0,0.0,0.0,79.0,0.06705739606630366,1.0,0.0
16627,783.0733593220475,0.0,0.0,0.0,79.0,0.06705739606630366,1.0,0.0
17475,783.0733593220475,0.0,0.0,0.0,79.0,0.06705739606630366,1.0,0.0
14951,783.0733593220475,0.0,0.0,0.0,79.0,0.06705739606630366,1.0,0.0
12550,783.0733593220475,0.0,0.0,0.0,79.0,0.06705739606630366,1.0,0.0
14887,783.0733593220475,0.0,0.0,0.0,79.0,0.06705739606630366,1.0,0.0
15799,782.4916907827578,2.0,259.0,281.96,334.0,0.08411614096732374,0.9992062173302899,845.8799999999999
13951,782.1138728557418,2.0,118.0,230.945,294.0,0.09319168051471263,0.9971128218249702,692.835
12356,782.0819812103747,2.0,303.0,269.90500000000003,325.0,0.0860614125080726,0.9994781788916342,809.7150000000001
14331,781.2623187365047,1.0,11.0,79.0,135.0,0.1071873497135679,0.9971871309304046,158.0
17460,781.220660586047,5.0,279.0,120.506,373.0,0.15801269717473615,0.9987127903921356,723.0360000000001
15651,781.0599080107023,1.0,224.0,418.98,260.0,0.0665973495332465,0.999370610863211,837.96
12654,781.0403283214748,3.0,285.0,145.12666666666667,295.0,0.1261239516031859,0.9995629027898482,580.5066666666667
13165,780.6320677686238,1.0,305.0,666.8399999999999,351.0,0.05216491320665338,0.9993704889325172,1333.6799999999998
13294,780.5157432702881,1.0,60.0,390.09,249.0,0.06876281737338391,0.997356722519015,780.18
16828,780.3441326373514,1.0,19.0,15.0,112.0,0.12092494091708353,0.9980992857412965,30.0
15304,778.1991962069775,7.0,308.0,81.60714285714286,368.0,0.21477261282177393,0.9991437038483167,652.8571428571429
13046,777.8576191661369,1.0,236.0,431.59000000000003,266.0,0.0654058765349541,0.999395467413255,863.1800000000001
16215,777.8183113846773,0.0,0.0,0.0,80.0,0.06660707622361678,1.0,0.0
15341,777.8183113846773,0.0,0.0,0.0,80.0,0.06660707622361678,1.0,0.0
13356,777.8183113846773,0.0,0.0,0.0,80.0,0.06660707622361678,1.0,0.0
15888,777.8183113846773,0.0,0.0,0.0,80.0,0.06660707622361678,1.0,0.0
15181,776.9531939858969,2.0,203.0,194.74,269.0,0.10029384461871155,0.9991803944601233,584.22
15587,775.4856570737538,3.0,301.0,189.60000000000002,351.0,0.10928205134930376,0.9993619171745461,758.4000000000001
14513,775.4657341980416,2.0,188.0,218.42000000000002,288.0,0.09492598227117016,0.9988772445605826,655.26
17361,774.6925590556672,2.0,242.0,221.6,291.0,0.09417734034680872,0.9993292458477251,664.8
17658,773.5672637065802,1.0,186.0,277.82,211.0,0.07825749766576484,0.999395784409888,555.64
18112,773.5190373596469,1.0,154.0,156.05,166.0,0.09325263223999795,0.999439482520965,312.1
14344,772.7483498139944,7.0,241.0,81.01857142857143,368.0,0.21410767478881887,0.9960503455269386,648.1485714285715
13774,772.6333322467653,0.0,0.0,0.0,81.0,0.06616276422841022,1.0,0.0
13325,772.6333322467653,0.0,0.0,0.0,81.0,0.06616276422841022,1.0,0.0
16527,772.6333322467653,0.0,0.0,0.0,81.0,0.06616276422841022,1.0,0.0
15504,772.6333322467653,0.0,0.0,0.0,81.0,0.06616276422841022,1.0,0.0
12497,772.6333322467653,0.0,0.0,0.0,81.0,0.06616276422841022,1.0,0.0
17628,772.6333322467653,0.0,0.0,0.0,81.0,0.06616276422841022,1.0,0.0
12752,772.6333322467653,0.0,0.0,0.0,81.0,0.06616276422841022,1.0,0.0
13228,772.6333322467653,0.0,0.0,0.0,81.0,0.06616276422841022,1.0,0.0
15400,772.5799145231218,4.0,186.0,92.525,278.0,0.16669222137360432,0.9984414908272539,462.625
15146,771.8596501332102,1.0,127.0,492.94,291.0,0.060805401738360694,0.998454627972268,985.88
14214,771.608628769793,4.0,247.0,91.4325,277.0,0.16734359970323712,0.9994537766086182,457.1625
17664,771.4788669437909,1.0,194.0,278.45,212.0,0.07798120932258265,0.9994251949176756,556.9
17398,771.0174886329063,2.0,141.0,173.85,255.0,0.10455635895877993,0.99848975051324,521.55
15550,770.3739123972784,3.0,297.0,145.91,301.0,0.12408164375711149,0.9995904073490666,583.64
14193,770.2073008679563,1.0,202.0,430.85,269.0,0.06481495731842428,0.999237546042912,861.7
14467,769.9760246248989,3.0,295.0,154.85333333333332,312.0,0.12049141042193993,0.9995321209607031,619.4133333333333
13311,767.9020439968582,1.0,146.0,108.46000000000001,150.0,0.10007170904742262,0.9994732093443633,216.92000000000002
18194,767.5170296675334,0.0,0.0,0.0,82.0,0.0657243406486802,1.0,0.0
13067,767.5170296675334,0.0,0.0,0.0,82.0,0.0657243406486802,1.0,0.0
15947,767.5170296675334,0.0,0.0,0.0,82.0,0.0657243406486802,1.0,0.0
17351,767.210009956112,2.0,237.0,194.27499999999998,273.0,0.09914156847137434,0.9993925497317843,582.8249999999999
15768,767.0547379962646,2.0,110.0,133.74,225.0,0.11519481780247262,0.9981979190621898,401.22
18062,765.861786168257,2.0,164.0,275.36,337.0,0.08338289437722017,0.997871055864155,826.08
18149,763.3885875696377,2.0,223.0,192.14999999999998,273.0,0.09913304279272094,0.9993066069747853,576.4499999999999
15038,762.7906522255865,5.0,311.0,113.372,369.0,0.15954473183601925,0.9992684830360928,680.232
13155,761.9452284313682,3.0,335.0,197.35333333333332,368.0,0.10504127852283154,0.9994694259045755,789.4133333333333
17552,761.7538894034122,2.0,312.0,315.945,372.0,0.07687610030480542,0.9993293846466653,947.835
12596,761.2250566068325,1.0,191.0,348.32,242.0,0.07044751240923924,0.9992935853115889,696.64
16043,761.1938270923629,3.0,280.0,155.38,317.0,0.11891722949717858,0.9994222889116454,621.52
17472,760.3185981649161,2.0,108.0,224.415,299.0,0.09186837353476886,0.9964964967452784,673.245
16933,759.6686477697931,1.0,238.0,338.5,239.0,0.07114769623295232,0.9994876157661354,677.0
18136,759.3691695757187,2.0,256.0,247.67000000000002,319.0,0.087374187168252,0.9992681242488787,743.01
14517,759.1962076965385,1.0,108.0,78.0,141.0,0.10434461435343144,0.9993039894840465,156.0
16804,758.029406949799,1.0,247.0,418.94,270.0,0.06463557308386232,0.9994209247308672,837.88
17905,757.6687754968087,3.0,302.0,199.49666666666667,373.0,0.10382816026407894,0.999232287387612,797.9866666666667
15099,757.4850672444373,0.0,0.0,0.0,84.0,0.06486469662881741,1.0,0.0
16108,757.4850672444373,0.0,0.0,0.0,84.0,0.06486469662881741,1.0,0.0
15523,757.4850672444373,0.0,0.0,0.0,84.0,0.06486469662881741,1.0,0.0
16878,757.4850672444373,0.0,0.0,0.0,84.0,0.06486469662881741,1.0,0.0
14124,757.4850672444373,0.0,0.0,0.0,84.0,0.06486469662881741,1.0,0.0
15975,757.4850672444373,0.0,0.0,0.0,84.0,0.06486469662881741,1.0,0.0
13539,756.8514691192875,2.0,224.0,233.62,309.0,0.08967011158104202,0.999088877527775,700.86
14853,756.6987601228686,1.0,187.0,261.29999999999995,211.0,0.07825783461799496,0.9994000874945556,522.5999999999999
16122,755.7061627937418,3.0,293.0,192.9,366.0,0.1054965752723223,0.9992066327719632,771.6
16866,755.645830797755,2.0,21.0,49.394999999999996,161.0,0.14660238082049076,0.9937334013941315,148.185
17190,755.5464843991575,1.0,149.0,249.74,207.0,0.0793777721055615,0.9992163828770262,499.48
13917,754.6857369839237,1.0,142.0,206.66,191.0,0.08426738942977981,0.9992541838423252,413.32
12871,754.2525975231288,1.0,123.0,248.64,207.0,0.07936152720288382,0.9990118902027773,497.28
14628,753.7347818616424,1.0,151.0,340.38,242.0,0.07042975233749639,0.9990416597976799,680.76
16306,752.8871025256792,5.0,154.0,112.83399999999999,367.0,0.15787956726834596,0.9843230383635698,677.0039999999999
15417,752.5668013948482,0.0,0.0,0.0,85.0,0.06444325264136742,1.0,0.0
15322,752.5668013948482,0.0,0.0,0.0,85.0,0.06444325264136742,1.0,0.0
17333,752.5668013948482,0.0,0.0,0.0,85.0,0.06444325264136742,1.0,0.0
14557,752.5668013948482,0.0,0.0,0.0,85.0,0.06444325264136742,1.0,0.0
17846,752.5668013948482,0.0,0.0,0.0,85.0,0.06444325264136742,1.0,0.0
13518,752.5668013948482,0.0,0.0,0.0,85.0,0.06444325264136742,1.0,0.0
15466,752.5668013948482,0.0,0.0,0.0,85.0,0.06444325264136742,1.0,0.0
12995,752.5668013948482,0.0,0.0,0.0,85.0,0.06444325264136742,1.0,0.0
14894,752.5668013948482,0.0,0.0,0.0,85.0,0.06444325264136742,1.0,0.0
13657,751.3961630704757,1.0,191.0,229.8,201.0,0.08116161486782235,0.9994543058538035,459.6
13368,750.1270659196837,1.0,81.0,588.0,337.0,0.05382887160265071,0.9968663424529484,1176.0
17796,748.325681153984,3.0,329.0,191.78333333333333,369.0,0.10479761716353074,0.9994332369567333,767.1333333333333
17640,747.7119978348546,0.0,0.0,0.0,86.0,0.06402724978093415,1.0,0.0
17347,747.7119978348546,0.0,0.0,0.0,86.0,0.06402724978093415,1.0,0.0
12756,747.7119978348546,0.0,0.0,0.0,86.0,0.06402724978093415,1.0,0.0
13877,747.7119978348546,0.0,0.0,0.0,86.0,0.06402724978093415,1.0,0.0
12566,747.7119978348546,0.0,0.0,0.0,86.0,0.06402724978093415,1.0,0.0
13946,747.5244687919957,2.0,188.0,175.86,267.0,0.10087821531005964,0.999053933340942,527.58
17265,747.3048287116991,1.0,42.0,172.17000000000002,180.0,0.08786100750746073,0.9977739423110816,344.34000000000003
14805,745.6741595048013,3.0,298.0,145.71666666666667,313.0,0.12017710745907022,0.9995420151446306,582.8666666666667
17414,745.4549977314006,1.0,141.0,180.0,184.0,0.08660231070322476,0.9992842566702796,360.0
15716,744.8025860732939,3.0,224.0,190.57000000000002,369.0,0.10466536399564444,0.9981719658013772,762.2800000000001
13525,744.7516956637169,1.0,234.0,345.9,248.0,0.06912435363383297,0.9994468548266654,691.8
17045,744.4356823390284,2.0,134.0,149.745,247.0,0.10719994733456872,0.9984512992191519,449.235
14905,744.4277666194696,1.0,76.0,307.6,233.0,0.07245771085974098,0.9980561168352757,615.2
13865,744.3014328302146,3.0,231.0,126.08666666666666,289.0,0.1281952210855572,0.999227420195162,504.34666666666664
18036,743.8038651996781,2.0,213.0,146.585,245.0,0.1079853283417912,0.9993989303098998,439.755
12377,743.7685591855372,1.0,39.0,626.6,354.0,0.05150935005910986,0.9938613912980316,1253.2
17157,743.7115968947027,1.0,169.0,157.54,176.0,0.08944714401677964,0.9994629581195409,315.08
14775,743.5656237190018,2.0,314.0,302.66999999999996,372.0,0.07687685781717007,0.9993392317169801,908.0099999999999
18251,742.9194360225239,0.0,0.0,0.0,87.0,0.0636165833504001,1.0,0.0
17037,742.9194360225239,0.0,0.0,0.0,87.0,0.0636165833504001,1.0,0.0
15216,742.9194360225239,0.0,0.0,0.0,87.0,0.0636165833504001,1.0,0.0
15343,742.9194360225239,0.0,0.0,0.0,87.0,0.0636165833504001,1.0,0.0
16959,742.9194360225239,0.0,0.0,0.0,87.0,0.0636165833504001,1.0,0.0
16451,742.9194360225239,0.0,0.0,0.0,87.0,0.0636165833504001,1.0,0.0
14753,742.9194360225239,0.0,0.0,0.0,87.0,0.0636165833504001,1.0,0.0
12545,742.5501501966602,1.0,184.0,372.24,259.0,0.06678781879649155,0.9991817254550885,744.48
14152,742.0064421126789,1.0,159.0,306.78000000000003,234.0,0.07229721637554155,0.9991438699308178,613.5600000000001
15831,741.5551267649843,2.0,266.0,242.34999999999997,324.0,0.08626536124324573,0.9993034338775953,727.05
13736,740.5379371089286,1.0,255.0,372.27,260.0,0.06660438620258705,0.9994762042627471,744.54
12649,740.5293753404133,1.0,105.0,248.51000000000002,212.0,0.07793070949895771,0.9987779775109682,497.02000000000004
13659,739.5984966368974,1.0,115.0,527.8,320.0,0.05624586001064914,0.9980026599648102,1055.6
16470,739.2253059031885,3.0,307.0,178.80999999999997,358.0,0.10749007026915329,0.9993608358470522,715.2399999999999
16960,739.1927834126045,2.0,214.0,152.76,252.0,0.10562646644318374,0.9993666593822986,458.28
16367,738.6653456059069,1.0,325.0,633.58,362.0,0.0508347861066887,0.9993999408189123,1267.16
14958,738.3104756860968,2.0,98.0,144.515,245.0,0.10776512023658374,0.9973609150705209,433.54499999999996
16211,738.1879265173318,0.0,0.0,0.0,88.0,0.06321115132159917,1.0,0.0
17919,738.1879265173318,0.0,0.0,0.0,88.0,0.06321115132159917,1.0,0.0
17433,738.1879265173318,0.0,0.0,0.0,88.0,0.06321115132159917,1.0,0.0
12884,738.1879265173318,0.0,0.0,0.0,88.0,0.06321115132159917,1.0,0.0
13375,738.1879265173318,0.0,0.0,0.0,88.0,0.06321115132159917,1.0,0.0
16141,738.1879265173318,0.0,0.0,0.0,88.0,0.06321115132159917,1.0,0.0
16230,735.7240942971313,1.0,31.0,266.1,220.0,0.07559754375984108,0.9964678196250463,532.2
13280,734.4134817263592,2.0,215.0,253.755,337.0,0.08345904937638515,0.9987824282744519,761.265
17994,733.9044614690984,3.0,169.0,123.19666666666667,290.0,0.12769480617362317,0.9981077993984092,492.7866666666667
16861,733.65661603686,1.0,99.0,102.96,158.0,0.0965092306660618,0.9991174685362095,205.92
15244,733.5197138864639,1.0,183.0,333.63,248.0,0.06910904760399156,0.9992255498512016,667.26
18255,733.5163099957323,0.0,0.0,0.0,89.0,0.06281085425083252,1.0,0.0
13372,733.5163099957323,0.0,0.0,0.0,89.0,0.06281085425083252,1.0,0.0
14212,733.5163099957323,0.0,0.0,0.0,89.0,0.06281085425083252,1.0,0.0
12965,733.5163099957323,0.0,0.0,0.0,89.0,0.06281085425083252,1.0,0.0
15035,733.5163099957323,0.0,0.0,0.0,89.0,0.06281085425083252,1.0,0.0
18215,733.5163099957323,0.0,0.0,0.0,89.0,0.06281085425083252,1.0,0.0
16796,733.5163099957323,0.0,0.0,0.0,89.0,0.06281085425083252,1.0,0.0
12468,733.5062113414272,1.0,129.0,508.95000000000005,316.0,0.056846463082257104,0.9982853542898843,1017.9000000000001
14053,733.330894521368,1.0,35.0,106.0,159.0,0.095965342484211,0.997865115305117,212.0
15026,733.1837892965885,2.0,197.0,180.01,277.0,0.09796326106004781,0.999067452726414,540.03
13493,733.0159534028948,1.0,12.0,439.28,287.0,0.061117795785711145,0.9924306466837961,878.56
14651,733.0128787231171,1.0,144.0,238.28,211.0,0.07823909028337162,0.999160710954762,476.56
16014,732.7682140516393,2.0,254.0,196.60000000000002,291.0,0.0941837533559582,0.9993972952062371,589.8000000000001
17864,732.4818723318738,2.0,263.0,177.0,275.0,0.0985765601786553,0.9995095611934894,531.0
14013,732.3322212624136,2.0,165.0,177.26,275.0,0.09849498050910373,0.9986823903166802,531.78
12616,732.1859247504879,1.0,202.0,457.7,297.0,0.0598481093309719,0.999118317668669,915.4
15636,731.1905834827521,1.0,193.0,418.06,282.0,0.06240716334836224,0.9991312102366922,836.12
14323,730.6635013250091,1.0,124.0,305.24,238.0,0.07133121579534452,0.9988113268946529,610.48
16495,730.6447908739719,1.0,273.0,401.75,276.0,0.06351510172630982,0.9994824611106496,803.5
14819,730.5643444200094,1.0,128.0,187.35,192.0,0.08393555041731146,0.999148630457833,374.7
12493,730.2031166979693,1.0,32.0,201.24,197.0,0.08218163549883971,0.9970175434163003,402.48
14960,729.921758471883,1.0,163.0,132.97,171.0,0.09131086320558127,0.9994581165248075,265.94
17423,728.445249775293,1.0,171.0,248.99,217.0,0.07660776496300618,0.9992984099577356,497.98
13489,728.4076169881873,3.0,189.0,124.08,294.0,0.12634329431189284,0.9985497784350513,496.32
17024,727.5161384873718,2.0,112.0,32.3,157.0,0.15001421676314172,0.9991691366689378,96.89999999999999
16037,727.1135021793278,2.0,89.0,277.28,358.0,0.07886833338644948,0.9926736335904598,831.8399999999999
13049,725.9813765168532,1.0,254.0,502.90000000000003,318.0,0.0566096118777641,0.9992914548588663,1005.8000000000001
15071,725.5442747944895,1.0,182.0,393.4,275.0,0.0636750514244586,0.9990943693170505,786.8
13441,724.3482635460014,0.0,0.0,0.0,91.0,0.06202527964600651,1.0,0.0
15652,724.3482635460014,0.0,0.0,0.0,91.0,0.06202527964600651,1.0,0.0
15045,724.201221456995,1.0,106.0,346.76,257.0,0.06714605331436255,0.9984142228010604,693.52
13253,724.0046229291445,1.0,183.0,553.9200000000001,339.0,0.053667369403216675,0.998772447433228,1107.8400000000001
15014,723.0326505609212,1.0,133.0,139.94,176.0,0.08943036126586446,0.9992754313062542,279.88
17018,722.0048096404176,1.0,285.0,515.1,325.0,0.05560859916876367,0.9993806848190427,1030.2
15850,721.9273955125948,1.0,149.0,118.72,168.0,0.09246236393362142,0.9994066699190748,237.44
16891,721.4101021932778,4.0,370.0,131.2925,371.0,0.1316110878496075,0.9996435030542766,656.4625
13889,719.8496572064222,0.0,0.0,0.0,92.0,0.06163981543008165,1.0,0.0
18222,719.8496572064222,0.0,0.0,0.0,92.0,0.06163981543008165,1.0,0.0
13244,719.8496572064222,0.0,0.0,0.0,92.0,0.06163981543008165,1.0,0.0
15488,719.8496572064222,0.0,0.0,0.0,92.0,0.06163981543008165,1.0,0.0
15462,718.4377932583418,2.0,93.0,64.8,187.0,0.1323244449248235,0.9983839104104112,194.39999999999998
14657,717.195379189682,3.0,309.0,144.04666666666665,326.0,0.11622025520313735,0.9995350728528914,576.1866666666666
15030,717.0468097258969,1.0,197.0,365.52,268.0,0.06500589780516916,0.9992154319488782,731.04
15402,716.8300864671382,1.0,48.0,185.78,196.0,0.08255118576515248,0.9977346028577613,371.56
14128,716.2264469518732,1.0,195.0,331.96,255.0,0.06761785688820883,0.9992596729235228,663.92
14577,715.4858709874784,3.0,350.0,170.93666666666664,362.0,0.10651375110042051,0.9995622684411383,683.7466666666666
13210,715.4065893045822,0.0,0.0,0.0,93.0,0.06125911266055661,1.0,0.0
15184,713.8649519036123,1.0,161.0,166.97,190.0,0.08460243199501027,0.9993672998729507,333.94
12601,713.5728193001327,4.0,143.0,108.19999999999999,332.0,0.14336795247487708,0.992403757036587,541.0
17515,712.2115572441771,3.0,287.0,135.84666666666666,318.0,0.11861426605474779,0.999459225288432,543.3866666666667
14104,712.1959267396469,1.0,11.0,104.95,165.0,0.09336541037625537,0.9963885246885371,209.9
16584,711.4380851768691,1.0,174.0,324.14,254.0,0.0678193754257492,0.9991435614532407,648.28
14208,711.0180375807835,0.0,0.0,0.0,94.0,0.06088308365530062,1.0,0.0
16400,711.0180375807835,0.0,0.0,0.0,94.0,0.06088308365530062,1.0,0.0
13130,711.0180375807835,0.0,0.0,0.0,94.0,0.06088308365530062,1.0,0.0
17391,710.6642089771356,1.0,1.0,101.76,164.0,0.0936760567612857,0.9954298835417783,203.52
16038,710.2179726435339,2.0,194.0,77.41499999999999,201.0,0.12560403326173616,0.999522197403481,232.24499999999998
15197,709.8678897585486,2.0,348.0,261.555,358.0,0.07941272970696889,0.9995256596242205,784.665
14023,708.7487738474587,1.0,243.0,310.93,250.0,0.06869241570096936,0.9994695878744793,621.86
17631,708.3633604435371,2.0,231.0,112.89,232.0,0.11266775445770338,0.999552192727176,338.67
14465,707.5524291290234,1.0,56.0,441.14,302.0,0.058874394787088384,0.9962931965070035,882.28
13731,707.2806874026992,1.0,27.0,302.47,246.0,0.06929209375170499,0.9955494514189721,604.94
15307,706.6830047119079,0.0,0.0,0.0,95.0,0.06051164287195736,1.0,0.0
16820,706.6830047119079,0.0,0.0,0.0,95.0,0.06051164287195736,1.0,0.0
17309,706.6830047119079,0.0,0.0,0.0,95.0,0.06051164287195736,1.0,0.0
12414,705.3295808831213,2.0,93.0,204.325,310.0,0.08907777478298816,0.9951153932238256,612.9749999999999
12679,704.651106589701,3.0,225.0,106.32000000000001,283.0,0.13037961226136185,0.9992176017216277,425.28000000000003
14460,704.5283482503851,2.0,200.0,202.17000000000002,310.0,0.08941041645409618,0.9988314362901651,606.51
15840,703.9590628382288,1.0,114.0,113.82,172.0,0.09090452843808952,0.9991579008670352,227.64
17980,702.4631605725347,2.0,194.0,258.125,359.0,0.07912560237776732,0.9982445566402676,774.375
12851,702.4005175556322,0.0,0.0,0.0,96.0,0.06014470684303333,1.0,0.0
14965,702.4005175556322,0.0,0.0,0.0,96.0,0.06014470684303333,1.0,0.0
16761,702.4005175556322,0.0,0.0,0.0,96.0,0.06014470684303333,1.0,0.0
16140,702.3512313393995,1.0,306.0,601.04,371.0,0.04979069531016036,0.9993180189115494,1202.08
17812,701.1862515028029,3.0,356.0,168.83666666666667,368.0,0.1050511051550511,0.999562926465509,675.3466666666667
15452,699.86291740412,2.0,235.0,145.74,264.0,0.10182518106390434,0.9994261062338026,437.22
15990,699.1371044489179,1.0,243.0,390.74,287.0,0.061544034196462274,0.9993519051517286,781.48
14754,698.7356259921787,1.0,251.0,409.78,295.0,0.06019131310651429,0.9993555579032904,819.56
17926,698.5271421602882,1.0,70.0,185.56,203.0,0.08046878288933818,0.998265060228077,371.12
13405,698.3148329889791,2.0,243.0,206.20049999999998,317.0,0.08782018684543132,0.9991905608973856,618.6015
15068,697.7411652195755,1.0,210.0,313.4,256.0,0.06741428465786041,0.999326953145799,626.8
12462,697.3794651840036,1.0,285.0,427.48,303.0,0.058901687991907405,0.9994423662971894,854.96
17884,697.1720034066911,3.0,368.0,169.18666666666664,371.0,0.10433823195791074,0.9995966718536887,676.7466666666666
14127,697.0358054558989,2.0,188.0,197.54000000000002,310.0,0.08939602830680293,0.99867070184337,592.6200000000001
12849,696.7399065667531,1.0,237.0,341.44,268.0,0.06501741750480809,0.9993925029845733,682.88
13420,696.6343666835968,1.0,21.0,104.05,170.0,0.09146495819945556,0.9969718313183831,208.1
15648,696.4800942012328,1.0,63.0,340.5,267.0,0.06506776058702285,0.9971977112531006,681.0
12593,696.0417298401095,2.0,110.0,91.05,218.0,0.1180192977912669,0.9983164144401632,273.15
14272,695.2967177240281,1.0,181.0,305.87,254.0,0.06782231277990905,0.9991868357900818,611.74
13207,695.1070821835909,1.0,135.0,52.74,150.0,0.10006639937772113,0.9994201786460009,105.48
14645,694.8470207660689,1.0,119.0,356.99,275.0,0.0636349558047963,0.9984652483828271,713.98
12592,694.7420352028616,1.0,121.0,205.8,213.0,0.07766784242878332,0.9989524959784424,411.6
14167,694.2480003641156,3.0,292.0,138.08,331.0,0.11475378063885032,0.9994182522872975,552.32
14436,693.9894043708468,0.0,0.0,0.0,98.0,0.05942402517998113,1.0,0.0
18027,693.9894043708468,0.0,0.0,0.0,98.0,0.05942402517998113,1.0,0.0
14171,693.9894043708468,0.0,0.0,0.0,98.0,0.05942402517998113,1.0,0.0
14851,690.6065910721935,1.0,233.0,305.22,256.0,0.06742039923899014,0.9994175936645132,610.44
16383,690.5472772507474,1.0,194.0,334.3,268.0,0.06500482980825957,0.9991990156077559,668.6
12436,689.8589465351988,0.0,0.0,0.0,99.0,0.059070122433656405,1.0,0.0
14420,689.8589465351988,0.0,0.0,0.0,99.0,0.059070122433656405,1.0,0.0
13045,689.8589465351988,0.0,0.0,0.0,99.0,0.059070122433656405,1.0,0.0
13099,689.8589465351988,0.0,0.0,0.0,99.0,0.059070122433656405,1.0,0.0
17749,689.7661178160696,1.0,78.0,305.51,256.0,0.0673134756234158,0.9978325935193136,611.02
16788,689.7475482732368,1.0,131.0,299.92,254.0,0.06779455919996984,0.9987779583781408,599.84
15163,689.2594072541941,1.0,174.0,149.47,192.0,0.08395831770196535,0.9994196467455452,298.94
15976,688.7144243666413,1.0,55.0,217.65,220.0,0.07568446303203695,0.9976135216325555,435.3
16768,688.3752942985441,2.0,224.0,147.42000000000002,271.0,0.09971811716325381,0.9993245590190515,442.26000000000005
12427,688.3194438651655,2.0,350.0,261.15,371.0,0.07706328618682556,0.9994906418159383,783.4499999999999
13939,686.9854364508901,2.0,288.0,192.02499999999998,311.0,0.08923215334304019,0.9994707852289604,576.0749999999999
16278,685.7773694675018,0.0,0.0,0.0,100.0,0.05872041010316978,1.0,0.0
16667,685.595605919537,1.0,216.0,366.78,284.0,0.062060695518481444,0.9992471613419002,733.56
16374,684.2819609389195,1.0,196.0,312.53,262.0,0.06618589347999522,0.9992355067740871,625.06
12908,683.6030478879559,1.0,136.0,432.0,312.0,0.05745122045060814,0.9984210312115596,864.0
17155,683.5348218794855,1.0,160.0,108.39999999999999,177.0,0.08907953364108584,0.9994194854003471,216.79999999999998
15866,681.7438105098372,0.0,0.0,0.0,101.0,0.058374814201062095,1.0,0.0
12814,681.7438105098372,0.0,0.0,0.0,101.0,0.058374814201062095,1.0,0.0
16091,681.4315723288362,1.0,44.0,157.81,198.0,0.08191770233992376,0.9975529160194561,315.62
17615,679.5320485394392,2.0,92.0,87.925,222.0,0.11631757126212419,0.9976389399904633,263.775
13963,678.8023096407832,3.0,59.0,171.08,367.0,0.10100833448240322,0.9588961687792764,684.32
18218,678.61087443032,1.0,70.0,352.7,281.0,0.06246784269393924,0.9972526740045142,705.4
12450,678.2822205514992,1.0,17.0,96.0,173.0,0.09030013176519466,0.9966346164818775,192.0
15809,678.1042903667616,4.0,266.0,79.2425,302.0,0.1560597163547219,0.9994229632458727,396.21250000000003
16573,677.4334935322237,1.0,206.0,370.98,290.0,0.06101858532902533,0.99917132247645,741.96
15985,676.9011031670595,1.0,113.0,242.84,236.0,0.07179056299097748,0.9986926279595262,485.68
14672,676.5580754945664,1.0,102.0,480.27,336.0,0.05399844454524453,0.9975430924688103,960.54
16693,676.1963331686261,1.0,203.0,324.45,271.0,0.06443339546638661,0.9992344548598339,648.9
15885,674.565064107495,2.0,217.0,182.175,309.0,0.08966433067458814,0.999024467667697,546.5250000000001
14377,674.4353976451245,1.0,71.0,302.45,262.0,0.06607429033053264,0.9975505883761124,604.9
13557,674.3877330308255,1.0,252.0,343.38,280.0,0.06278218765687034,0.9994066108493224,686.76
13778,673.8173966140971,0.0,0.0,0.0,103.0,0.05769568433981908,1.0,0.0
15325,673.8173966140971,0.0,0.0,0.0,103.0,0.05769568433981908,1.0,0.0
15862,673.6815821064246,3.0,365.0,159.54999999999998,373.0,0.10386415044526105,0.9995786534502933,638.1999999999999
17765,673.5671353775821,2.0,98.0,123.19,256.0,0.10408863255742422,0.9970918550802377,369.57
16320,673.2399704190027,1.0,41.0,185.78,213.0,0.07752853021284599,0.9971606825138352,371.56
12363,673.2151474041973,1.0,133.0,252.9,242.0,0.07041836044025927,0.9988800664433618,505.8
15381,672.2018389144168,1.0,55.0,314.55,268.0,0.064851520055887,0.9968424683464896,629.1
15100,672.1808212222555,2.0,40.0,262.79999999999995,373.0,0.07500921532145614,0.9772727893495208,788.3999999999999
16206,670.997916910639,3.0,273.0,125.25333333333333,327.0,0.11590078521054503,0.9993115729913404,501.0133333333333
12993,670.0389752523664,3.0,275.0,103.95333333333333,298.0,0.12508444229222368,0.999496700167505,415.81333333333333
14538,669.83535446636,1.0,192.0,281.75,256.0,0.06740840514838219,0.9992397972511294,563.5
14636,669.7593830792122,1.0,232.0,309.66,268.0,0.06501621051055838,0.9993739500944308,619.32
18017,667.7908305686808,2.0,229.0,179.0,310.0,0.08943668571492658,0.9991248983336953,537.0
16399,667.1809284468891,1.0,216.0,229.61,235.0,0.07207974338636636,0.9994269387475521,459.22
13894,666.6012111416508,1.0,287.0,403.77,310.0,0.05781276764250529,0.9994289622183401,807.54
17935,666.3379363545175,1.0,3.0,11.22,141.0,0.10404208399460631,0.9964066689429979,22.44
16641,666.0731967961318,0.0,0.0,0.0,105.0,0.05703217468801069,1.0,0.0
15074,666.0731967961318,0.0,0.0,0.0,105.0,0.05703217468801069,1.0,0.0
14984,665.8100065554571,1.0,161.0,100.14,180.0,0.08800517920749971,0.9994111960781223,200.28
17849,665.7334798247476,3.0,115.0,129.35,333.0,0.11336174169371174,0.9922321703158063,517.4
17179,665.7076847602002,2.0,183.0,234.395,361.0,0.07873768485197342,0.9979933664797066,703.1850000000001
16668,665.4309568085608,5.0,269.0,51.19199999999999,284.0,0.1980343885221075,0.9995881449367804,307.15199999999993
14778,664.5195287336512,1.0,181.0,396.81,308.0,0.05809004075851095,0.9989217281184726,793.62
18183,664.0216365121296,1.0,47.0,319.27000000000004,274.0,0.06368328744813564,0.9963181385582781,638.5400000000001
16442,663.6866084719065,2.0,359.0,231.12,360.0,0.07904463061659515,0.999553449310061,693.36
13171,663.3963241220863,2.0,278.0,164.02999999999997,299.0,0.09214308154607964,0.9994762552885758,492.0899999999999
14829,662.4178140305208,3.0,343.0,153.52666666666667,372.0,0.10409051485655878,0.9994903092414704,614.1066666666667
16560,662.3171553047829,1.0,332.0,509.23,358.0,0.05131256618802334,0.999428737693384,1018.46
14867,662.3156519446791,2.0,151.0,204.77,336.0,0.08355891979365435,0.9975140905042165,614.3100000000001
14687,662.2674747601277,0.0,0.0,0.0,106.0,0.056706109995641386,1.0,0.0
14196,662.2674747601277,0.0,0.0,0.0,106.0,0.056706109995641386,1.0,0.0
18200,662.2674747601277,0.0,0.0,0.0,106.0,0.056706109995641386,1.0,0.0
14314,662.2674747601277,0.0,0.0,0.0,106.0,0.056706109995641386,1.0,0.0
15263,662.2674747601277,0.0,0.0,0.0,106.0,0.056706109995641386,1.0,0.0
16429,662.2674747601277,0.0,0.0,0.0,106.0,0.056706109995641386,1.0,0.0
12715,662.2674747601277,0.0,0.0,0.0,106.0,0.056706109995641386,1.0,0.0
15663,662.2674747601277,0.0,0.0,0.0,106.0,0.056706109995641386,1.0,0.0
16093,662.2674747601277,0.0,0.0,0.0,106.0,0.056706109995641386,1.0,0.0
17844,662.2674747601277,0.0,0.0,0.0,106.0,0.056706109995641386,1.0,0.0
14055,662.2674747601277,0.0,0.0,0.0,106.0,0.056706109995641386,1.0,0.0
17990,660.0805931137579,2.0,125.0,231.42000000000002,361.0,0.07856502178877932,0.9958048770412916,694.26
17489,659.0232042132541,1.0,154.0,168.07999999999998,212.0,0.07796544171994339,0.9992231136794131,336.15999999999997
17146,658.857235779805,2.0,253.0,225.765,358.0,0.07937217936793153,0.9990152741416429,677.295
16340,658.5049988584291,0.0,0.0,0.0,107.0,0.05638375246763228,1.0,0.0
13411,658.5049988584291,0.0,0.0,0.0,107.0,0.05638375246763228,1.0,0.0
16484,658.3635735949034,1.0,17.0,118.6,190.0,0.0843336093228526,0.996191828652044,237.2
13929,657.8981498127866,1.0,157.0,429.8,326.0,0.05542381845676391,0.9985884943274352,859.6
16943,657.8705364053675,2.0,107.0,182.85,318.0,0.08730455698806767,0.9958978370704517,548.55
13240,657.726905949656,3.0,269.0,146.52666666666667,365.0,0.10571547552735393,0.9989776962637215,586.1066666666667
13846,657.5910288969417,2.0,336.0,226.82999999999998,360.0,0.07903866521688772,0.999478014257641,680.49
12735,656.9772547346166,1.0,22.0,459.8,337.0,0.05357815146724306,0.9922232121601926,919.6
15951,656.5603824362341,1.0,277.0,333.05,285.0,0.06189907463394887,0.9994689389582143,666.1
15675,656.4731590855478,2.0,199.0,139.34500000000003,280.0,0.09712066966308658,0.9990644400539128,418.0350000000001
15643,656.1039084968528,1.0,91.0,326.9,282.0,0.06232796356153474,0.997863231135932,653.8
13573,655.4554490970639,1.0,203.0,258.48,253.0,0.06804116832190205,0.9993068273840287,516.96
13292,655.3754142579589,1.0,246.0,329.37,284.0,0.06206850458545281,0.9993728961236114,658.74
16690,655.0775644386715,1.0,129.0,139.07999999999998,201.0,0.08113305496038932,0.9991026085335221,278.15999999999997
18151,654.9794965704004,1.0,155.0,340.8,289.0,0.06116639630216792,0.9988010790946218,681.6
14523,654.7850360665369,0.0,0.0,0.0,108.0,0.056065039238907974,1.0,0.0
14998,654.715114966594,1.0,71.0,231.23,241.0,0.07057106305327461,0.9978264403901788,462.46
13242,654.6515548045437,1.0,101.0,166.4,213.0,0.07764950897136338,0.9987166937148949,332.8
15349,654.5112342898593,1.0,29.0,107.7,187.0,0.08539671648570266,0.9970614881290386,215.4
17854,654.4917315982977,1.0,42.0,199.5,227.0,0.07384490705625527,0.9969494037173932,399.0
14803,654.3876808271186,2.0,130.0,151.7,292.0,0.0937552781020722,0.9976148170281937,455.09999999999997
15366,654.0051341477799,1.0,283.0,496.96999999999997,358.0,0.05130468650914249,0.9992752630554471,993.9399999999999
16980,653.5680809462795,1.0,36.0,346.59999999999997,291.0,0.06060597366675557,0.9951799208681441,693.1999999999999
16031,653.05863700189,1.0,155.0,242.27,247.0,0.06931530001428776,0.9990452765556669,484.54
15211,652.963739188333,1.0,305.0,511.34000000000003,365.0,0.050479873238344714,0.999331651415174,1022.6800000000001
14481,652.6740533354894,1.0,123.0,333.65,287.0,0.061487121408489866,0.9984277554135725,667.3
14891,651.8140744269231,1.0,39.0,105.0,187.0,0.08543757743972533,0.9975385659992521,210.0
15938,651.2417972658195,4.0,211.0,82.42,323.0,0.14751875298326936,0.9982128561774355,412.1
16952,651.1068698341855,0.0,0.0,0.0,109.0,0.055749908857805536,1.0,0.0
13799,651.0781942530039,1.0,178.0,347.15999999999997,294.0,0.06033395952384036,0.9989712645194034,694.3199999999999
16832,650.0759134159892,2.0,33.0,70.125,217.0,0.1176674864441308,0.9918713440073006,210.375
13452,649.2193271144193,1.0,11.0,295.0,270.0,0.06421484507366171,0.9929154609908102,590.0
16475,648.0736393724147,3.0,185.0,78.10000000000001,273.0,0.13413326805453,0.9987741174876592,312.40000000000003
17420,647.9830816292465,2.0,323.0,233.99,373.0,0.07670581096847053,0.9993772301605648,701.97
16948,647.6598146892397,2.0,187.0,182.70999999999998,325.0,0.08597721383853393,0.9985003337640317,548.1299999999999
15313,647.4697996251092,0.0,0.0,0.0,110.0,0.055438301246569587,1.0,0.0
16536,647.4697996251092,0.0,0.0,0.0,110.0,0.055438301246569587,1.0,0.0
14566,647.4697996251092,0.0,0.0,0.0,110.0,0.055438301246569587,1.0,0.0
14500,645.5832266539354,2.0,101.0,36.0,189.0,0.13132125808785422,0.998558238753078,108.0
16780,644.9071611039657,1.0,159.0,260.35,259.0,0.06677637746418631,0.9990105569641832,520.7
14692,643.894449406677,3.0,185.0,110.64999999999999,322.0,0.11722388022189166,0.9979551272814622,442.59999999999997
18121,642.7409426907512,1.0,5.0,23.25,154.0,0.09795283697387194,0.9961866568040848,46.5
15525,642.2547337392785,2.0,371.0,229.72,373.0,0.0767191225407387,0.9995506626822277,689.16
12891,641.7176091221991,2.0,107.0,144.5,292.0,0.09366250141129673,0.9966276149925739,433.5
14669,641.4686434130091,1.0,91.0,421.74,332.0,0.054522609907291186,0.9972762270112588,843.48
16386,640.4088356293197,1.0,225.0,241.47,253.0,0.06804741702287018,0.9993986007867162,482.94
16185,640.3925100059446,1.0,216.0,194.41,232.0,0.07279910404499534,0.9994372234812722,388.82
14772,640.3162225470167,0.0,0.0,0.0,112.0,0.054825420664380634,1.0,0.0
12968,640.3162225470167,0.0,0.0,0.0,112.0,0.054825420664380634,1.0,0.0
17747,640.3162225470167,0.0,0.0,0.0,112.0,0.054825420664380634,1.0,0.0
12513,640.3162225470167,0.0,0.0,0.0,112.0,0.054825420664380634,1.0,0.0
12418,640.3162225470167,0.0,0.0,0.0,112.0,0.054825420664380634,1.0,0.0
15396,640.3162225470167,0.0,0.0,0.0,112.0,0.054825420664380634,1.0,0.0
14823,639.6404085079414,1.0,14.0,110.78,194.0,0.0830197532682337,0.9958225149661519,221.56
17374,638.5839930846223,1.0,63.0,303.82,281.0,0.06245084819954354,0.9969813695341084,607.64
13838,637.5669007556698,2.0,364.0,222.07999999999998,369.0,0.07741920140297162,0.9995417556718414,666.24
15028,636.944391366214,2.0,360.0,220.58,368.0,0.07759568669286573,0.999532607368345,661.74
15472,636.7983907445174,0.0,0.0,0.0,113.0,0.05452403407009736,1.0,0.0
16582,636.7983907445174,0.0,0.0,0.0,113.0,0.05452403407009736,1.0,0.0
13273,636.7983907445174,0.0,0.0,0.0,113.0,0.05452403407009736,1.0,0.0
12688,636.7983907445174,0.0,0.0,0.0,113.0,0.05452403407009736,1.0,0.0
12729,636.7983907445174,0.0,0.0,0.0,113.0,0.05452403407009736,1.0,0.0
17692,636.2322471227898,3.0,232.0,132.56,359.0,0.10714543753103024,0.9984900859498111,530.24
16957,636.2218198009227,1.0,42.0,301.8,281.0,0.06238067832311552,0.9958611596167393,603.6
14081,636.0371852536754,1.0,67.0,498.1,369.0,0.049836983553102135,0.9956995604768664,996.2
16203,635.2728088639291,3.0,314.0,140.73333333333332,372.0,0.10407341927306915,0.9993261552832327,562.9333333333333
16725,635.1228463768072,5.0,69.0,127.224,371.0,0.12459528100780655,0.7839353630681327,763.344
14264,634.8654050340828,1.0,91.0,218.27,245.0,0.06970181349503071,0.9982560271490286,436.54
13529,634.8468446958551,1.0,126.0,126.66000000000001,204.0,0.0802376499082916,0.9990584399101625,253.32000000000002
13329,634.069567521921,1.0,335.0,484.79999999999995,366.0,0.05036810722437559,0.9994170325850662,969.5999999999999
12811,633.907279662227,2.0,24.0,137.3,284.0,0.09429017832544431,0.981067255874533,411.90000000000003
15541,633.3190042800318,0.0,0.0,0.0,114.0,0.05422594292878401,1.0,0.0
17070,633.3190042800318,0.0,0.0,0.0,114.0,0.05422594292878401,1.0,0.0
15081,632.6716293689909,4.0,345.0,98.41250000000001,367.0,0.13280598076134525,0.9995473128196476,492.06250000000006
18156,632.3430054768234,1.0,357.0,488.76,369.0,0.050025409468672774,0.9994641462912591,977.52
12990,631.3135243818655,2.0,279.0,156.0,310.0,0.08946448119372896,0.9994354102305817,468.0
16449,630.37395372434,1.0,83.0,291.0,280.0,0.06267359922371976,0.9976780314225336,582.0
15124,630.2730749755083,1.0,169.0,93.44,191.0,0.08427980415548439,0.9994013993510232,186.88
14147,630.172701449086,1.0,207.0,300.6,285.0,0.06188227042680489,0.9991976056114148,601.2
12970,630.0103913556623,1.0,315.0,381.67,322.0,0.05604056695849459,0.9994735672953046,763.34
12641,629.8774363004163,0.0,0.0,0.0,115.0,0.05393109348409098,1.0,0.0
17105,629.4230881657803,1.0,147.0,346.38,306.0,0.05838144652243631,0.9986056300300589,692.76
12673,629.3914158003049,1.0,321.0,389.62,326.0,0.05547322470171093,0.999478662293587,779.24
15626,627.5999812835944,1.0,255.0,393.92,329.0,0.05504286301504331,0.9992584531547237,787.84
12582,627.4878173218895,1.0,50.0,306.2,288.0,0.06117926229747564,0.9962199554336646,612.4
16961,626.4730735073999,0.0,0.0,0.0,116.0,0.05363943314253128,1.0,0.0
16902,626.4730735073999,0.0,0.0,0.0,116.0,0.05363943314253128,1.0,0.0
13621,626.4730735073999,0.0,0.0,0.0,116.0,0.05363943314253128,1.0,0.0
15480,626.4730735073999,0.0,0.0,0.0,116.0,0.05363943314253128,1.0,0.0
16272,626.4730735073999,0.0,0.0,0.0,116.0,0.05363943314253128,1.0,0.0
17958,626.4730735073999,0.0,0.0,0.0,116.0,0.05363943314253128,1.0,0.0
16518,626.35538571456,1.0,223.0,293.62,284.0,0.06206272174094653,0.9992797858078293,587.24
16546,625.4643283135492,1.0,82.0,487.75,372.0,0.049532757632258,0.9964009730977242,975.5
13034,624.5351805383577,1.0,315.0,476.90999999999997,369.0,0.050019812758795995,0.9993523288984892,953.8199999999999
12942,623.9407299715332,2.0,234.0,208.425,365.0,0.07807300895343892,0.9987757867534613,625.2750000000001
14301,623.1053157931507,0.0,0.0,0.0,117.0,0.053350910442204996,1.0,0.0
15683,623.1053157931507,0.0,0.0,0.0,117.0,0.053350910442204996,1.0,0.0
14871,622.8858574153362,3.0,357.0,126.77666666666669,360.0,0.10701407088341888,0.9995964000596957,507.10666666666674
14450,621.7834375950797,2.0,140.0,161.11,320.0,0.08698972170396407,0.9974357957042261,483.33000000000004
13885,621.7637043465213,1.0,11.0,107.65,200.0,0.08112855413284173,0.9953458100528324,215.3
15057,621.4015314426706,1.0,40.0,358.5,315.0,0.05680332595091365,0.9949362497944986,717.0
14205,621.2873941950791,1.0,248.0,243.8,264.0,0.06580191932159576,0.9994427273694703,487.6
13077,621.2193902881586,2.0,365.0,207.15000000000003,366.0,0.07795414758097613,0.9995534899838555,621.45
12845,620.7150316826637,3.0,23.0,96.33333333333333,290.0,0.11932444899162759,0.9326821251878161,385.3333333333333
15182,620.5687486797935,1.0,114.0,252.37,268.0,0.06495591999466985,0.9984472155071086,504.74
18155,618.8435173008106,2.0,216.0,128.845,291.0,0.09415965722190434,0.9991416076769098,386.53499999999997
17198,618.1792181428378,2.0,348.0,210.10500000000002,371.0,0.07706275160145246,0.9994837083836372,630.315
15822,618.0647722910187,1.0,356.0,445.27,359.0,0.051195486507944574,0.9994840652834942,890.54
13248,617.6055300927125,1.0,65.0,78.21000000000001,189.0,0.08484107873807659,0.9983155652772101,156.42000000000002
13487,617.255403919611,2.0,296.0,191.125,353.0,0.0803382243170533,0.9993315336542367,573.375
13283,616.55703383035,1.0,126.0,68.16,185.0,0.08625177505622839,0.9991746193031091,136.32
14406,616.4772790167465,0.0,0.0,0.0,119.0,0.052783077594918716,1.0,0.0
17122,616.4772790167465,0.0,0.0,0.0,119.0,0.052783077594918716,1.0,0.0
16385,616.4641978371488,2.0,306.0,203.82999999999998,366.0,0.07793634745620841,0.9993252509820084,611.49
14176,615.267058301594,2.0,70.0,208.675,367.0,0.07694460223901156,0.9888772848528761,626.0250000000001
17630,614.3299573852805,1.0,63.0,168.1,232.0,0.07267305692767888,0.9977067601381968,336.2
15353,614.1587414098576,1.0,113.0,458.47,367.0,0.05015574394393345,0.9974915487994639,916.94
14287,613.6937673805361,1.0,190.0,93.35,198.0,0.08207443693323604,0.9994615517127644,186.7
12781,613.2757413603792,1.0,221.0,277.48,284.0,0.0620621568973037,0.9992706911884089,554.96
17248,613.2158625724459,0.0,0.0,0.0,120.0,0.052503669914456916,1.0,0.0
13307,613.2158625724459,0.0,0.0,0.0,120.0,0.052503669914456916,1.0,0.0
13645,613.2158625724459,0.0,0.0,0.0,120.0,0.052503669914456916,1.0,0.0
16244,612.662216997102,1.0,161.0,466.12,372.0,0.04962858879917366,0.9983287128911911,932.24
13169,612.2040008701827,1.0,189.0,207.68,252.0,0.06824869203784623,0.999240937807228,415.36
14618,611.4636939186361,2.0,328.0,170.82,337.0,0.0835212975570074,0.999527373124197,512.46
16292,609.9887757918019,0.0,0.0,0.0,121.0,0.052227204752362456,1.0,0.0
14256,609.5376496465603,1.0,104.0,445.2,364.0,0.05049275504752891,0.9972830088069923,890.4
13005,608.8074720288337,1.0,73.0,192.05,246.0,0.06945007625361953,0.9978192542867914,384.1
12577,608.2866805831235,1.0,324.0,430.71,359.0,0.05119142585375308,0.9994047895614362,861.42
13003,607.6545650543758,2.0,109.0,45.0,214.0,0.11969266952920601,0.9983560132278313,135.0
13592,607.1717499773217,3.0,229.0,57.080000000000005,264.0,0.1378456177215472,0.9993990994177067,228.32000000000002
13355,606.7954794472454,0.0,0.0,0.0,122.0,0.05195363586941401,1.0,0.0
15247,606.7954794472454,0.0,0.0,0.0,122.0,0.05195363586941401,1.0,0.0
16654,606.079834984529,3.0,227.0,124.62333333333333,368.0,0.10491386028776048,0.9982570393833228,498.49333333333334
17250,605.7429921497163,1.0,258.0,219.32,261.0,0.06640289187049304,0.9994820839638572,438.64
16239,604.9569767202354,1.0,133.0,66.3,189.0,0.0849165562389802,0.9992037006604592,132.6
17277,604.4351972646573,1.0,95.0,348.33000000000004,322.0,0.055930650102656215,0.9975132196761946,696.6600000000001
16233,603.6583621210734,2.0,295.0,194.64000000000001,366.0,0.07793172960216964,0.9992660393523013,583.9200000000001
17331,603.635445546069,0.0,0.0,0.0,123.0,0.051682917990150415,1.0,0.0
12857,603.6113226258243,1.0,92.0,304.8,302.0,0.05895532948491639,0.9976628019033563,609.6
16498,603.4142036264808,1.0,1.0,9.75,162.0,0.09449416153401795,0.9955009893067652,19.5
13959,602.2300077749738,2.0,283.0,189.65,362.0,0.07865103532546237,0.9992139153237134,568.95
18018,601.700920779954,1.0,91.0,84.69,199.0,0.08170527209948926,0.9986937320724776,169.38
17454,601.475783086835,3.0,167.0,117.22666666666667,359.0,0.10689724839638344,0.9961772073420447,468.9066666666667
16898,600.792203328276,2.0,342.0,194.475,368.0,0.07759101454120258,0.9994724240239746,583.425
14079,600.5081570393139,0.0,0.0,0.0,124.0,0.05141500677790586,1.0,0.0
16644,599.9088372073892,1.0,35.0,111.37,212.0,0.07778225371455236,0.9968753338798313,222.74
15781,599.4473058886672,2.0,280.0,131.055,305.0,0.09066309000346438,0.9994605960702035,393.165
15018,599.3757296158227,2.0,329.0,192.48000000000002,367.0,0.07776539796786905,0.9994259942899614,577.44
16431,599.1827206482078,1.0,84.0,288.68,297.0,0.05975104249044269,0.9974978611580945,577.36
13479,598.6267399829674,1.0,34.0,156.6,234.0,0.07209519546086234,0.9963519511181893,313.2
13873,597.4859742959976,2.0,190.0,134.07500000000002,309.0,0.0896360303523195,0.9987091503706568,402.225
13705,597.297755507903,2.0,366.0,196.86,373.0,0.07671799052861758,0.9995359140324993,590.58
16852,596.9948540852428,1.0,166.0,31.85,176.0,0.08944601756644674,0.9994503714082013,63.7
16816,596.9512079989508,3.0,255.0,113.76,358.0,0.1074373474037555,0.9988706587851129,455.04
14681,596.9092945612434,1.0,140.0,105.0,211.0,0.07823677564911943,0.9991311516692868,210.0
14548,596.7845953815914,1.0,167.0,326.4,317.0,0.056725517436849546,0.9987494379163602,652.8
16997,596.7772732184679,2.0,37.0,156.0,325.0,0.08456861799466868,0.9821415410392583,468.0
14512,595.7567255045976,1.0,45.0,148.95999999999998,232.0,0.07262187482479948,0.9970040962872503,297.91999999999996
15881,595.5325277224617,2.0,52.0,193.47000000000003,364.0,0.07709046639867595,0.9839334588529043,580.4100000000001
16226,594.806480404254,2.0,32.0,62.160000000000004,235.0,0.1104990019879769,0.990085056413408,186.48000000000002
13544,594.7399850353675,1.0,201.0,163.05,240.0,0.0709074980559375,0.999348348137626,326.1
13513,594.3498010481835,0.0,0.0,0.0,126.0,0.05088743155721673,1.0,0.0
16302,594.3498010481835,0.0,0.0,0.0,126.0,0.05088743155721673,1.0,0.0
16647,591.3956326282033,1.0,35.0,86.31,204.0,0.08007517960153396,0.9970354827150485,172.62
17267,591.3177516889655,0.0,0.0,0.0,127.0,0.050627683355204886,1.0,0.0
13218,591.3177516889655,0.0,0.0,0.0,127.0,0.050627683355204886,1.0,0.0
15254,591.3177516889655,0.0,0.0,0.0,127.0,0.050627683355204886,1.0,0.0
18099,591.3177516889655,0.0,0.0,0.0,127.0,0.050627683355204886,1.0,0.0
15863,590.8186439699251,1.0,167.0,59.64,192.0,0.08395564459068586,0.9993878266709678,119.28
16955,590.5024944570107,3.0,189.0,120.85666666666667,373.0,0.10358827625603216,0.9969236666294418,483.4266666666667
16321,590.1270303366363,2.0,251.0,142.95,323.0,0.08647763657743733,0.9992128734151983,428.84999999999997
14195,589.390097987215,1.0,51.0,183.6,252.0,0.06809100680869828,0.9969322410168959,367.2
17783,588.7196587829276,1.0,175.0,171.06,247.0,0.0693248754582285,0.9991832879620657,342.12
16163,588.6642297479871,1.0,133.0,415.00000000000006,365.0,0.05040973381561191,0.9979431268279997,830.0000000000001
12999,588.3422424163754,2.0,49.0,67.8,245.0,0.10729204873734591,0.9929826614914612,203.39999999999998
12917,588.3164834524878,0.0,0.0,0.0,128.0,0.05037057338827893,1.0,0.0
14972,588.3164834524878,0.0,0.0,0.0,128.0,0.05037057338827893,1.0,0.0
12750,588.3164834524878,0.0,0.0,0.0,128.0,0.05037057338827893,1.0,0.0
17514,588.3164834524878,0.0,0.0,0.0,128.0,0.05037057338827893,1.0,0.0
15374,588.3164834524878,0.0,0.0,0.0,128.0,0.05037057338827893,1.0,0.0
13744,588.2827601069303,1.0,197.0,263.2,292.0,0.06067675330015561,0.9991104466888069,526.4
15339,588.0021955747773,1.0,252.0,316.17,318.0,0.0566091541007997,0.999283374029594,632.34
16109,587.9357802833441,1.0,90.0,296.88,308.0,0.05800957171551178,0.9975379749924086,593.76
17166,586.9875951429792,1.0,165.0,78.75,203.0,0.08055459055149976,0.9993295573903314,157.5
17540,586.6321134320884,1.0,292.0,310.1,316.0,0.05691148016035349,0.9994271244779155,620.2
18273,586.572953335617,2.0,255.0,76.5,257.0,0.1040249364065705,0.9995486019780315,229.5
17897,586.0923524479341,2.0,201.0,189.235,373.0,0.07661660609192206,0.9982150063170744,567.705
17553,585.3455299462746,0.0,0.0,0.0,129.0,0.05011606166510962,1.0,0.0
15342,585.3455299462746,0.0,0.0,0.0,129.0,0.05011606166510962,1.0,0.0
13075,585.3455299462746,0.0,0.0,0.0,129.0,0.05011606166510962,1.0,0.0
12644,585.3455299462746,0.0,0.0,0.0,129.0,0.05011606166510962,1.0,0.0
13850,585.3455299462746,0.0,0.0,0.0,129.0,0.05011606166510962,1.0,0.0
12378,585.3455299462746,0.0,0.0,0.0,129.0,0.05011606166510962,1.0,0.0
14076,585.3455299462746,0.0,0.0,0.0,129.0,0.05011606166510962,1.0,0.0
17887,585.3455299462746,0.0,0.0,0.0,129.0,0.05011606166510962,1.0,0.0
17080,584.5890269104701,1.0,247.0,211.29999999999998,269.0,0.06482705414456105,0.9994240400770658,422.59999999999997
17384,584.2256578304714,1.0,200.0,108.75,219.0,0.07608509307314165,0.9994230412707172,217.5
17830,584.0881242060667,2.0,287.0,105.1,288.0,0.094990187245654,0.9995528539824193,315.29999999999995
12534,582.4044341532608,0.0,0.0,0.0,130.0,0.04986410899857768,1.0,0.0
17053,582.4044341532608,0.0,0.0,0.0,130.0,0.04986410899857768,1.0,0.0
17941,582.4044341532608,0.0,0.0,0.0,130.0,0.04986410899857768,1.0,0.0
15589,581.5029176071104,1.0,55.0,293.58,310.0,0.057619602781034195,0.9960896556099643,587.16
14885,579.492748197398,0.0,0.0,0.0,131.0,0.04961467698565834,1.0,0.0
15438,579.492748197398,0.0,0.0,0.0,131.0,0.04961467698565834,1.0,0.0
13388,579.492748197398,0.0,0.0,0.0,131.0,0.04961467698565834,1.0,0.0
12793,577.013729469604,1.0,37.0,413.68,371.0,0.049484799189177364,0.9931785684839297,827.36
12808,576.7681482467322,2.0,332.0,177.125,368.0,0.07758806236370348,0.9994343961670298,531.375
15852,575.1342317931629,1.0,11.0,57.5,197.0,0.0820515846927104,0.9954397829536459,115.0
16034,574.2837557899874,2.0,136.0,142.05,332.0,0.08435334075683862,0.9970500030407388,426.15000000000003
17537,573.9216337622177,1.0,274.0,266.92,303.0,0.0588997380574463,0.9994092798581012,533.84
15149,573.7558586401718,0.0,0.0,0.0,133.0,0.04912322511251023,1.0,0.0
15120,573.7558586401718,0.0,0.0,0.0,133.0,0.04912322511251023,1.0,0.0
16147,573.7558586401718,0.0,0.0,0.0,133.0,0.04912322511251023,1.0,0.0
13106,573.7558586401718,0.0,0.0,0.0,133.0,0.04912322511251023,1.0,0.0
15776,573.7558586401718,0.0,0.0,0.0,133.0,0.04912322511251023,1.0,0.0
15942,573.7558586401718,0.0,0.0,0.0,133.0,0.04912322511251023,1.0,0.0
14143,573.7558586401718,0.0,0.0,0.0,133.0,0.04912322511251023,1.0,0.0
17795,571.7533818762525,1.0,85.0,187.14000000000001,264.0,0.06570157539154602,0.99791863791801,374.28000000000003
14133,571.1445479328024,1.0,186.0,287.64,315.0,0.057031024545065354,0.9989244948762134,575.28
15746,570.9298029785416,0.0,0.0,0.0,134.0,0.048881132193955006,1.0,0.0
15118,570.9298029785416,0.0,0.0,0.0,134.0,0.048881132193955006,1.0,0.0
12453,570.9298029785416,0.0,0.0,0.0,134.0,0.048881132193955006,1.0,0.0
18268,570.9298029785416,0.0,0.0,0.0,134.0,0.048881132193955006,1.0,0.0
15639,570.9298029785416,0.0,0.0,0.0,134.0,0.048881132193955006,1.0,0.0
12743,570.9298029785416,0.0,0.0,0.0,134.0,0.048881132193955006,1.0,0.0
15406,570.4494003688734,1.0,270.0,258.42,301.0,0.05921778273113154,0.9994024020036801,516.84
18196,569.7767900721096,1.0,195.0,235.85,290.0,0.06101466976620685,0.9991072056494459,471.7
15912,569.6185373300596,1.0,55.0,123.13,233.0,0.07241111250805748,0.9974142559569742,246.26
16951,569.5572564039999,2.0,170.0,111.98,304.0,0.09081339073108186,0.998440095790642,335.94
13092,569.5355651149534,4.0,289.0,73.095,359.0,0.13523711935895225,0.999165322579709,365.475
15700,568.8807962005011,1.0,1.0,3.9,173.0,0.0901614303174268,0.9951037807953796,7.8
15497,568.4724452270432,1.0,302.0,291.6,319.0,0.05647247961783369,0.9994472266222624,583.2
13194,568.1314526115447,0.0,0.0,0.0,135.0,0.04864141377614506,1.0,0.0
16447,568.1314526115447,0.0,0.0,0.0,135.0,0.04864141377614506,1.0,0.0
15261,568.1314526115447,0.0,0.0,0.0,135.0,0.04864141377614506,1.0,0.0
13000,567.0951342600156,2.0,258.0,166.54999999999998,364.0,0.07827243221589196,0.9990193153680911,499.65
12510,566.6782632650768,1.0,183.0,301.52,325.0,0.05557897128811641,0.998848221637204,603.04
16500,566.4509785090378,4.0,326.0,58.965,330.0,0.14513589033580265,0.9996298272070602,294.82500000000005
14551,566.0900699210291,1.0,186.0,60.8,204.0,0.08026693558410866,0.9994230829627313,121.6
17418,565.8924608083393,1.0,281.0,296.07,323.0,0.05589198068051029,0.9993735484015568,592.14
13145,565.8236694450436,3.0,333.0,107.83999999999999,372.0,0.1040852835172594,0.9994400772588418,431.35999999999996
17329,565.5714139278814,1.0,301.0,279.75,315.0,0.057061307127494285,0.9994549081661318,559.5
16927,565.2741973676509,2.0,246.0,162.475,361.0,0.07881168259303187,0.9989312814672967,487.42499999999995
16593,564.8093954967676,2.0,277.0,130.215,327.0,0.08561571718317948,0.9993503956107062,390.645
12413,564.5670274911122,2.0,271.0,139.425,337.0,0.08349959557884853,0.9992676582747488,418.27500000000003
17062,564.4650079934343,3.0,56.0,117.89666666666666,369.0,0.10007633744320887,0.9544073670832194,471.58666666666664
15918,564.1539453213641,1.0,81.0,192.23000000000002,271.0,0.06433650642135758,0.997731897507537,384.46000000000004
16384,564.0442954281752,1.0,174.0,175.4,263.0,0.06597750432588086,0.9990994990515383,350.8
14379,563.089323354139,1.0,251.0,237.12,295.0,0.06019131310651429,0.9993555579032904,474.24
13296,562.6162538325339,0.0,0.0,0.0,137.0,0.048168962062245614,1.0,0.0
14100,562.6162538325339,0.0,0.0,0.0,137.0,0.048168962062245614,1.0,0.0
17040,562.6162538325339,0.0,0.0,0.0,137.0,0.048168962062245614,1.0,0.0
17693,562.6162538325339,0.0,0.0,0.0,137.0,0.048168962062245614,1.0,0.0
15372,562.6162538325339,0.0,0.0,0.0,137.0,0.048168962062245614,1.0,0.0
17507,561.2707050653744,1.0,48.0,265.02,309.0,0.05774797391813884,0.995674183047172,530.04
17462,560.4691592016019,1.0,224.0,212.28,284.0,0.06206300008618843,0.9992842674800136,424.56
12864,559.8986179491969,0.0,0.0,0.0,138.0,0.04793616124788067,1.0,0.0
16178,559.8986179491969,0.0,0.0,0.0,138.0,0.04793616124788067,1.0,0.0
16305,559.8986179491969,0.0,0.0,0.0,138.0,0.04793616124788067,1.0,0.0
17649,559.8986179491969,0.0,0.0,0.0,138.0,0.04793616124788067,1.0,0.0
13116,559.8986179491969,0.0,0.0,0.0,138.0,0.04793616124788067,1.0,0.0
17928,557.2839004569124,1.0,201.0,134.28,246.0,0.0695548830883001,0.9993250593667343,268.56
14396,557.1571809441298,1.0,306.0,377.64,371.0,0.04979069531016036,0.9993180189115494,755.28
18085,556.9720825935443,1.0,43.0,386.05,373.0,0.04929050864823688,0.9937767007612998,772.1
18146,556.7867433081296,1.0,80.0,83.7,220.0,0.07573600474011807,0.9982929042013134,167.4
17436,556.0062565385118,1.0,225.0,93.9,226.0,0.07428393808040241,0.9994874813820532,187.8
14150,555.9996173832641,1.0,324.0,352.46000000000004,359.0,0.05119142585375308,0.9994047895614362,704.9200000000001
16567,555.6006864655164,1.0,142.0,308.03999999999996,336.0,0.054040792736407564,0.9983254139954579,616.0799999999999
13455,555.5785265888848,1.0,342.0,365.4,366.0,0.05036901446488867,0.9994350342863686,730.8
18270,555.5578366426496,1.0,228.0,171.20000000000002,266.0,0.06540390897805642,0.9993654033341601,342.40000000000003
13760,555.448326587453,1.0,202.0,151.70000000000002,256.0,0.06741180756129701,0.999290233489514,303.40000000000003
13972,554.7866528624043,1.0,131.0,44.349999999999994,201.0,0.08113437997950143,0.999118925311584,88.69999999999999
18262,554.5413610371427,0.0,0.0,0.0,140.0,0.04747724575651151,1.0,0.0
16998,554.0350190813551,2.0,155.0,102.5,304.0,0.09078490385122463,0.9981268992144052,307.5
13221,552.9176982190947,1.0,119.0,349.25,359.0,0.051104823076877505,0.9977140527133157,698.5
16378,552.4222438567484,2.0,63.0,109.375,310.0,0.08873765841534623,0.9913158480089567,328.125
15623,551.9009969998928,0.0,0.0,0.0,141.0,0.04725106737487586,1.0,0.0
17694,551.9009969998928,0.0,0.0,0.0,141.0,0.04725106737487586,1.0,0.0
17660,551.9009969998928,0.0,0.0,0.0,141.0,0.04725106737487586,1.0,0.0
14259,551.9009969998928,0.0,0.0,0.0,141.0,0.04725106737487586,1.0,0.0
15574,551.8544987903042,2.0,195.0,163.3,372.0,0.07678231437962715,0.9981102407186395,489.90000000000003
15847,551.2849374049844,1.0,250.0,208.59,288.0,0.06137298369141413,0.9993744413033628,417.18
15535,551.2811717042597,2.0,154.0,121.93,327.0,0.0854789723335285,0.9977542398569202,365.79
13233,551.0676279762857,1.0,262.0,300.88,336.0,0.05409158725506311,0.9992637691952576,601.76
15780,550.9547562706778,2.0,174.0,149.065,357.0,0.07946449309274367,0.9978343709014345,447.195
17898,550.8166154284154,1.0,122.0,52.22,207.0,0.07936077529951317,0.9990024251580127,104.44
17252,550.6687993540514,1.0,70.0,11.9,186.0,0.08585177738378665,0.9984577522925245,23.8
12521,549.2856589747144,0.0,0.0,0.0,142.0,0.047027033773002054,1.0,0.0
17866,549.2856589747144,0.0,0.0,0.0,142.0,0.047027033773002054,1.0,0.0
17962,549.2856589747144,0.0,0.0,0.0,142.0,0.047027033773002054,1.0,0.0
15802,549.2856589747144,0.0,0.0,0.0,142.0,0.047027033773002054,1.0,0.0
16916,548.3990526001767,1.0,349.0,365.98,372.0,0.04968374897536089,0.9994383150182773,731.96
14117,546.6949928160249,0.0,0.0,0.0,143.0,0.04680511458742178,1.0,0.0
15384,546.5270850546052,1.0,190.0,338.84,359.0,0.051156645139361766,0.9987257693550768,677.68
17991,546.1761056879088,1.0,1.0,87.45,226.0,0.07380059115994952,0.9929840674726514,174.9
13606,545.9261894852671,2.0,282.0,103.36500000000001,311.0,0.08922983530874136,0.9994448214090362,310.095
16212,545.8240747355237,1.0,264.0,192.19,283.0,0.06224883052221968,0.9994363338253688,384.38
14643,545.8119751965027,1.0,188.0,335.87,358.0,0.051275825006549716,0.9987131197590364,671.74
18040,544.4714370749346,1.0,226.0,118.2,245.0,0.06978372545607654,0.9994291545715371,236.4
16134,544.0588036851976,1.0,338.0,334.56,359.0,0.0511933134805982,0.9994416415005736,669.12
15433,543.5424258253169,1.0,54.0,160.66,267.0,0.06504264702342266,0.996812832660114,321.32
13030,543.0269398963482,1.0,357.0,350.08,368.0,0.05014001895536152,0.9994663780843938,700.16
17555,542.5325934088091,1.0,315.0,284.86,334.0,0.054369877950004475,0.999443692412628,569.72
15577,541.6432871977352,1.0,154.0,229.23,305.0,0.05854257932083336,0.998690860903144,458.46
15048,541.6045063857808,3.0,303.0,94.10000000000001,368.0,0.10502058249493779,0.999272502871951,376.40000000000003
12833,541.5862926153269,0.0,0.0,0.0,145.0,0.04636750085016802,1.0,0.0
16054,541.5862926153269,0.0,0.0,0.0,145.0,0.04636750085016802,1.0,0.0
17984,541.5862926153269,0.0,0.0,0.0,145.0,0.04636750085016802,1.0,0.0
13967,541.5862926153269,0.0,0.0,0.0,145.0,0.04636750085016802,1.0,0.0
16838,540.9289531123791,1.0,91.0,196.73000000000002,288.0,0.0612760600802499,0.9977961738975709,393.46000000000004
17375,540.1827155186833,2.0,162.0,145.195,361.0,0.07869363632668325,0.9974350552196605,435.585
15246,540.1212205625335,1.0,120.0,328.15,358.0,0.0512261553363711,0.9977456901515137,656.3
17550,539.9105702773941,1.0,46.0,110.94,243.0,0.07005009553557366,0.9968521863905303,221.88
12944,538.9738178813565,1.0,319.0,317.56,354.0,0.051796591130142684,0.9994036435331505,635.12
14682,538.9680460730002,1.0,14.0,31.200000000000003,201.0,0.08085008574615707,0.9956180204058823,62.400000000000006
15935,538.3740914300174,1.0,2.0,108.03999999999999,241.0,0.07019568270783065,0.9925188197071233,216.07999999999998
16863,537.9156457295751,1.0,335.0,338.55,366.0,0.05036810722437559,0.9994170325850662,677.1
18078,536.9918770985779,1.0,42.0,138.19,259.0,0.066596692618493,0.9963223749364839,276.38
17948,536.5721934858108,0.0,0.0,0.0,147.0,0.045937994426868245,1.0,0.0
15004,536.5721934858108,0.0,0.0,0.0,147.0,0.045937994426868245,1.0,0.0
14722,536.5721934858108,0.0,0.0,0.0,147.0,0.045937994426868245,1.0,0.0
17371,536.0136849939897,1.0,344.0,326.26,361.0,0.05095567030317352,0.9994517167631652,652.52
14220,534.1715350389201,1.0,111.0,319.42,358.0,0.05121538808469861,0.997535973476888,638.84
15256,534.0998019112836,0.0,0.0,0.0,148.0,0.04572621137739105,1.0,0.0
12405,534.0998019112836,0.0,0.0,0.0,148.0,0.04572621137739105,1.0,0.0
14847,534.0998019112836,0.0,0.0,0.0,148.0,0.04572621137739105,1.0,0.0
16885,533.6643951244331,2.0,342.0,136.23000000000002,357.0,0.0795978628808382,0.9995090932009303,408.69000000000005
12527,533.6330502999667,2.0,244.0,108.095,325.0,0.08603315324344668,0.9991499886200361,324.28499999999997
14915,532.8047656630727,1.0,186.0,165.20000000000002,277.0,0.06330793406245627,0.9991107752363764,330.40000000000003
14620,532.7941472774758,1.0,78.0,177.43,283.0,0.06212780543657314,0.9974932151051495,354.86
13675,532.6377024969637,1.0,133.0,178.38000000000002,284.0,0.06201980802711953,0.9985888266368755,356.76000000000005
16010,532.0970992998914,2.0,117.0,141.15,362.0,0.07833869745830402,0.9952458513070643,423.45000000000005
15895,531.6500917101112,0.0,0.0,0.0,149.0,0.04551637208885342,1.0,0.0
15795,531.6500917101112,0.0,0.0,0.0,149.0,0.04551637208885342,1.0,0.0
14400,531.6500917101112,0.0,0.0,0.0,149.0,0.04551637208885342,1.0,0.0
13667,531.6500917101112,0.0,0.0,0.0,149.0,0.04551637208885342,1.0,0.0
16450,531.6500917101112,0.0,0.0,0.0,149.0,0.04551637208885342,1.0,0.0
17946,530.9948382272286,1.0,26.0,132.03,259.0,0.06651616541585664,0.9951176446319735,264.06
15967,528.6804135765208,1.0,295.0,235.78,318.0,0.056617480395210903,0.9994303525122185,471.56
14625,527.3983826426771,1.0,165.0,314.1,361.0,0.050904772000462804,0.9984533902624658,628.2
16778,527.1452586632572,1.0,200.0,152.76,274.0,0.06386788617000069,0.9992061655794742,305.52
14552,526.8174782562388,0.0,0.0,0.0,151.0,0.04510241872815971,1.0,0.0
13678,526.8174782562388,0.0,0.0,0.0,151.0,0.04510241872815971,1.0,0.0
13718,526.2740002409716,1.0,49.0,192.5,295.0,0.05999061325984092,0.9960233410618263,385.0
14338,525.2922602004734,1.0,35.0,8.25,196.0,0.08250627890845927,0.9971918471794133,16.5
18024,524.4339704135677,0.0,0.0,0.0,152.0,0.044898252823110295,1.0,0.0
13404,523.4292494956887,1.0,211.0,34.68,212.0,0.07798605690705591,0.9994873226802372,69.36
13707,521.2591419219532,1.0,48.0,223.0,315.0,0.05683827931944039,0.9955484740404825,446.0
17931,521.0504192309718,1.0,121.0,111.16000000000001,255.0,0.06757663139300756,0.9986504407362466,222.32000000000002
13453,520.0074283133172,1.0,124.0,171.98,289.0,0.061143462647541856,0.9984265898264469,343.96
12648,519.7310816912019,0.0,0.0,0.0,154.0,0.04449541646930177,1.0,0.0
15920,519.7310816912019,0.0,0.0,0.0,154.0,0.04449541646930177,1.0,0.0
15919,517.8391006968601,1.0,349.0,311.61,368.0,0.05013907604484956,0.9994475825718694,623.22
15224,517.8130015652766,1.0,4.0,310.48,362.0,0.05020853083479261,0.9870879094403021,620.96
14656,517.4178227381694,1.0,114.0,157.94,283.0,0.062179228421557334,0.9983188370350043,315.88
13583,517.4111282486208,0.0,0.0,0.0,155.0,0.04429669693437059,1.0,0.0
13699,517.4111282486208,0.0,0.0,0.0,155.0,0.04429669693437059,1.0,0.0
18013,517.4111282486208,0.0,0.0,0.0,155.0,0.04429669693437059,1.0,0.0
14459,517.4111282486208,0.0,0.0,0.0,155.0,0.04429669693437059,1.0,0.0
13291,517.4111282486208,0.0,0.0,0.0,155.0,0.04429669693437059,1.0,0.0
13302,517.4111282486208,0.0,0.0,0.0,155.0,0.04429669693437059,1.0,0.0
14470,516.6973992444605,1.0,276.0,163.55,287.0,0.061550728303495894,0.9994606040484564,327.1
13140,516.6330752182705,2.0,258.0,132.10500000000002,366.0,0.07791148588332376,0.9990064677906776,396.31500000000005
16208,516.2482755599233,1.0,245.0,166.67000000000002,289.0,0.06120018583623112,0.9993528366792556,333.34000000000003
16441,516.1360102743963,1.0,224.0,170.2,291.0,0.0608543354422768,0.9992581434781616,340.4
13821,515.2762450015617,1.0,117.0,115.49000000000001,261.0,0.06634091642292171,0.9985492428217274,230.98000000000002
16829,515.1117955259693,0.0,0.0,0.0,156.0,0.044099744497462984,1.0,0.0
12977,515.1117955259693,0.0,0.0,0.0,156.0,0.044099744497462984,1.0,0.0
17255,515.0932538718605,1.0,259.0,183.22,299.0,0.05953785708716676,0.9993715520190687,366.44
17711,514.6278550296462,1.0,279.0,164.57,289.0,0.06120696930393067,0.9994636055861705,329.14
15121,514.397593954671,1.0,238.0,162.57,288.0,0.061370197707955994,0.9993290754030189,325.14
13402,513.8091975231908,1.0,245.0,312.95,372.0,0.04966459684476956,0.9990530507513496,625.9
13223,513.3355729070215,1.0,32.0,62.4,232.0,0.07256801017368382,0.9962646045302975,124.8
14157,513.2697192432455,1.0,266.0,155.71,285.0,0.0618970758787397,0.999436665555745,311.42
13533,513.0994902157628,1.0,85.0,124.15,267.0,0.06511256248089048,0.9978843238800228,248.3
13338,512.832809797066,0.0,0.0,0.0,157.0,0.04390453569223516,1.0,0.0
16338,512.832809797066,0.0,0.0,0.0,157.0,0.04390453569223516,1.0,0.0
17046,512.832809797066,0.0,0.0,0.0,157.0,0.04390453569223516,1.0,0.0
18203,512.832809797066,0.0,0.0,0.0,157.0,0.04390453569223516,1.0,0.0
16356,512.6783213925803,2.0,80.0,54.885,277.0,0.09758563625942472,0.9952162880799698,164.655
14473,512.3519188111909,1.0,208.0,149.34,282.0,0.06241240793030668,0.99921517536544,298.68
15649,511.7858726072616,1.0,31.0,306.0,367.0,0.04990687685370756,0.9925421093184718,612.0
13579,510.61002246062776,1.0,355.0,302.34,369.0,0.05002517801098873,0.9994595219681592,604.68
17464,510.57390215929144,0.0,0.0,0.0,158.0,0.043711047466023306,1.0,0.0
16344,510.57390215929144,0.0,0.0,0.0,158.0,0.043711047466023306,1.0,0.0
17899,508.3348084278073,0.0,0.0,0.0,159.0,0.04351925717073677,1.0,0.0
15007,508.3348084278073,0.0,0.0,0.0,159.0,0.04351925717073677,1.0,0.0
17939,508.3348084278073,0.0,0.0,0.0,159.0,0.04351925717073677,1.0,0.0
13833,508.3348084278073,0.0,0.0,0.0,159.0,0.04351925717073677,1.0,0.0
13502,506.6320434944609,2.0,307.0,88.7,323.0,0.08650256773571001,0.9995009425077539,266.1
14236,506.53315889965216,1.0,292.0,301.55999999999995,372.0,0.04967517916756624,0.9992659247611217,603.1199999999999
15483,506.4624895869488,1.0,105.0,114.31,266.0,0.06533522656027432,0.9983159426333967,228.62
15646,504.96651260008264,2.0,215.0,128.92000000000002,372.0,0.07680939345197055,0.9984622475529408,386.76000000000005
14616,504.13690481543176,2.0,75.0,84.24000000000001,317.0,0.08726192937099794,0.9928388823250545,252.72000000000003
17123,503.91502891787184,0.0,0.0,0.0,161.0,0.043140681750789084,1.0,0.0
12922,503.91502891787184,0.0,0.0,0.0,161.0,0.043140681750789084,1.0,0.0
17781,501.76671324095287,1.0,94.0,86.02000000000001,253.0,0.06796818810097731,0.998234981693651,172.04000000000002
13745,501.73383744486046,0.0,0.0,0.0,162.0,0.04295385327453288,1.0,0.0
12424,501.73383744486046,0.0,0.0,0.0,162.0,0.04295385327453288,1.0,0.0
17891,501.73383744486046,0.0,0.0,0.0,162.0,0.04295385327453288,1.0,0.0
15578,501.73383744486046,0.0,0.0,0.0,162.0,0.04295385327453288,1.0,0.0
17616,501.56779251856085,2.0,194.0,122.39999999999999,367.0,0.07766614187383514,0.9981503739875981,367.2
16808,501.3596729141046,1.0,175.0,121.92,274.0,0.063857995857715,0.9990514327143679,243.84
18043,501.01327362952406,2.0,342.0,120.69,366.0,0.07794835520485399,0.9994792182491519,362.07
13817,499.74158872497816,1.0,322.0,254.28,351.0,0.052167474820840914,0.9994195640956045,508.56
14327,499.571448296114,0.0,0.0,0.0,163.0,0.04276863600946606,1.0,0.0
15537,499.571448296114,0.0,0.0,0.0,163.0,0.04276863600946606,1.0,0.0
17408,499.571448296114,0.0,0.0,0.0,163.0,0.04276863600946606,1.0,0.0
16462,499.2614723974277,2.0,210.0,51.0,283.0,0.09630045071677516,0.9991444979939054,153.0
15092,497.9327582364234,1.0,68.0,134.65,283.0,0.062106409724880636,0.9971496961751688,269.3
14351,497.4276193830024,0.0,0.0,0.0,164.0,0.04258500920241586,1.0,0.0
16545,497.4276193830024,0.0,0.0,0.0,164.0,0.04258500920241586,1.0,0.0
14448,497.1307629979855,1.0,355.0,273.0,364.0,0.05060352030440526,0.9994707347202434,546.0
12967,496.70961507030796,1.0,13.0,292.5,371.0,0.04928341984319726,0.9891368091186316,585.0
17917,496.14455535896616,2.0,317.0,113.935,362.0,0.07866522590301053,0.999394198043374,341.805
15230,495.336070722632,1.0,1.0,59.400000000000006,240.0,0.07041225442872676,0.9923685376190217,118.80000000000001
17110,495.30211275531394,0.0,0.0,0.0,165.0,0.042402952455096475,1.0,0.0
18193,495.30211275531394,0.0,0.0,0.0,165.0,0.042402952455096475,1.0,0.0
17817,493.96989644270536,1.0,273.0,117.97999999999999,277.0,0.06333131188528314,0.9994797184823343,235.95999999999998
12888,493.6248863153507,1.0,41.0,81.36,255.0,0.06742054818211561,0.9963438361580714,162.72
16552,493.60344862478564,1.0,131.0,284.44,373.0,0.04949177433046502,0.9978345437648798,568.88
14795,493.1946945131873,0.0,0.0,0.0,166.0,0.04222244571656356,1.0,0.0
12548,493.1946945131873,0.0,0.0,0.0,166.0,0.04222244571656356,1.0,0.0
17134,492.83451888886765,1.0,158.0,94.5,264.0,0.06577110239612563,0.9989746596845372,189.0
17869,492.7458900369708,3.0,261.0,71.28666666666668,368.0,0.10497615231401139,0.9988497489979711,285.1466666666667
17988,492.41190615977064,4.0,315.0,34.0325,326.0,0.14660095816277907,0.9995959074014208,170.1625
12838,492.2620066824357,1.0,340.0,281.16,373.0,0.049570070423474735,0.9994131201506296,562.32
16427,492.1454046827382,1.0,21.0,131.26,284.0,0.06172512562564852,0.9938441077659819,262.52
17035,490.55967419642275,1.0,66.0,174.02,311.0,0.05749936122595648,0.9966343244233263,348.04
13656,490.31650015373384,1.0,173.0,216.95,337.0,0.05392735108461593,0.998690101303366,433.9
17341,489.73033304970465,1.0,210.0,265.68,366.0,0.05033973649311003,0.9988540931851918,531.36
17440,489.39912591517225,1.0,91.0,61.800000000000004,247.0,0.06925913132240884,0.998235714073785,123.60000000000001
16620,489.25537899717074,1.0,257.0,83.2,260.0,0.06660477626361659,0.9994820575817169,166.4
17604,489.08581352027375,1.0,95.0,173.12,312.0,0.057405582832162926,0.9976279138902437,346.24
14501,488.8373474535931,1.0,136.0,184.28,319.0,0.05641148321560535,0.9983677152309864,368.56
16217,487.9732971008028,1.0,47.0,121.25,282.0,0.06222159852443809,0.996160339632147,242.5
16287,486.97869006985377,0.0,0.0,0.0,169.0,0.0416900301009724,1.0,0.0
17709,486.97869006985377,0.0,0.0,0.0,169.0,0.0416900301009724,1.0,0.0
15130,486.97869006985377,0.0,0.0,0.0,169.0,0.0416900301009724,1.0,0.0
13300,486.97869006985377,0.0,0.0,0.0,169.0,0.0416900301009724,1.0,0.0
13937,486.97869006985377,0.0,0.0,0.0,169.0,0.0416900301009724,1.0,0.0
13068,485.482990610191,1.0,309.0,179.0,319.0,0.05647352770156899,0.9994657755577724,358.0
14995,485.3205620114546,1.0,242.0,112.67,280.0,0.06277997003850845,0.9993713093962521,225.34
17877,484.94136442000433,0.0,0.0,0.0,170.0,0.04151552958107807,1.0,0.0
16247,484.94136442000433,0.0,0.0,0.0,170.0,0.04151552958107807,1.0,0.0
15041,484.94136442000433,0.0,0.0,0.0,170.0,0.04151552958107807,1.0,0.0
16114,484.94136442000433,0.0,0.0,0.0,170.0,0.04151552958107807,1.0,0.0
18095,484.89694542021414,1.0,20.0,205.3,332.0,0.054238694848084607,0.9920831201603825,410.6
13085,484.82220284983106,1.0,138.0,137.98,295.0,0.06014416122512374,0.9985726958539137,275.96
16716,484.550422234297,1.0,45.0,166.8,311.0,0.0574293624629691,0.9954210384254828,333.6
17362,484.35895757812,1.0,70.0,162.23000000000002,309.0,0.0578155440433526,0.9968392079762887,324.46000000000004
13962,484.1299359918358,1.0,224.0,51.95,245.0,0.0697832272310156,0.999422019087609,103.9
16805,483.26797937704333,1.0,187.0,245.82,360.0,0.05103569150199251,0.9986928340781513,491.64
15412,482.9210154828088,0.0,0.0,0.0,171.0,0.04134248377404636,1.0,0.0
17960,482.9210154828088,0.0,0.0,0.0,171.0,0.04134248377404636,1.0,0.0
15507,482.9210154828088,0.0,0.0,0.0,171.0,0.04134248377404636,1.0,0.0
16526,482.9210154828088,0.0,0.0,0.0,171.0,0.04134248377404636,1.0,0.0
13792,482.37703065158087,1.0,221.0,120.95,287.0,0.06153833340572043,0.9992593357229753,241.9
16473,481.7014299427337,2.0,172.0,83.35,336.0,0.08360615093162908,0.9980779288802594,250.04999999999998
13904,481.4613784100103,1.0,257.0,131.52,294.0,0.060358655904425816,0.9993801714556829,263.04
12604,481.1010168983694,1.0,182.0,75.67999999999999,261.0,0.06638152787431724,0.9991605176763342,151.35999999999999
15825,480.91743193220873,0.0,0.0,0.0,172.0,0.041170874564698035,1.0,0.0
15076,480.91743193220873,0.0,0.0,0.0,172.0,0.041170874564698035,1.0,0.0
15016,480.91743193220873,0.0,0.0,0.0,172.0,0.041170874564698035,1.0,0.0
15921,480.91743193220873,0.0,0.0,0.0,172.0,0.041170874564698035,1.0,0.0
15280,480.91743193220873,0.0,0.0,0.0,172.0,0.041170874564698035,1.0,0.0
15389,480.91743193220873,0.0,0.0,0.0,172.0,0.041170874564698035,1.0,0.0
15724,480.54681126217747,1.0,83.0,114.60000000000001,284.0,0.061960213922517215,0.99762929436997,229.20000000000002
15393,479.95797954823144,1.0,265.0,107.76,281.0,0.06260518326788404,0.9994452141773327,215.52
14114,479.2398743035701,1.0,57.0,191.39999999999998,330.0,0.05471646700125175,0.9958293586202447,382.79999999999995
13568,478.9304059352244,0.0,0.0,0.0,173.0,0.041000684137384266,1.0,0.0
17879,478.9304059352244,0.0,0.0,0.0,173.0,0.041000684137384266,1.0,0.0
13618,478.9304059352244,0.0,0.0,0.0,173.0,0.041000684137384266,1.0,0.0
16050,478.9304059352244,0.0,0.0,0.0,173.0,0.041000684137384266,1.0,0.0
15909,478.9304059352244,0.0,0.0,0.0,173.0,0.041000684137384266,1.0,0.0
12837,478.9304059352244,0.0,0.0,0.0,173.0,0.041000684137384266,1.0,0.0
16405,478.74017348705246,1.0,8.0,160.4,310.0,0.05730818382248686,0.9907060502361361,320.8
14784,477.8172654621041,1.0,297.0,175.31,323.0,0.05589472667102636,0.9994226479369912,350.62
17674,477.68805249545727,1.0,294.0,250.38,368.0,0.0501309338633992,0.9992852803475495,500.76
17786,476.3855951219583,1.0,232.0,163.5,317.0,0.056750986389966354,0.9991978622544553,327.0
13899,474.9589119916776,1.0,258.0,90.02,274.0,0.06388310241743574,0.9994442221234721,180.04
16257,473.0666458355044,0.0,0.0,0.0,176.0,0.040498451755823645,1.0,0.0
16739,473.0666458355044,0.0,0.0,0.0,176.0,0.040498451755823645,1.0,0.0
16276,473.0666458355044,0.0,0.0,0.0,176.0,0.040498451755823645,1.0,0.0
15219,473.0666458355044,0.0,0.0,0.0,176.0,0.040498451755823645,1.0,0.0
13826,473.0666458355044,0.0,0.0,0.0,176.0,0.040498451755823645,1.0,0.0
15585,473.0666458355044,0.0,0.0,0.0,176.0,0.040498451755823645,1.0,0.0
16080,472.2264768767537,1.0,193.0,86.9,274.0,0.06386538385137092,0.9991670170753817,173.8
13473,471.37384875381895,1.0,272.0,181.38,332.0,0.05463408539753648,0.9993152316829922,362.76
13837,471.33035121813447,1.0,106.0,157.54000000000002,317.0,0.05667398077752391,0.9978420471712538,315.08000000000004
17536,471.1438391061143,0.0,0.0,0.0,177.0,0.04033376407826466,1.0,0.0
13343,471.1438391061143,0.0,0.0,0.0,177.0,0.04033376407826466,1.0,0.0
12809,471.1438391061143,0.0,0.0,0.0,177.0,0.04033376407826466,1.0,0.0
16461,471.1438391061143,0.0,0.0,0.0,177.0,0.04033376407826466,1.0,0.0
14222,471.1438391061143,0.0,0.0,0.0,177.0,0.04033376407826466,1.0,0.0
18165,471.1438391061143,0.0,0.0,0.0,177.0,0.04033376407826466,1.0,0.0
15661,469.7034663396263,1.0,21.0,193.8,338.0,0.05343608997398487,0.9920302948971773,387.6
17912,469.3034873952633,3.0,54.0,68.62,364.0,0.10114924343911587,0.953625452569627,274.48
14162,467.91645818371734,1.0,119.0,111.68,292.0,0.060628997225032615,0.9983240896253001,223.36
17349,467.3447423141662,0.0,0.0,0.0,179.0,0.040008374539180186,1.0,0.0
15069,467.3447423141662,0.0,0.0,0.0,179.0,0.040008374539180186,1.0,0.0
13936,467.3447423141662,0.0,0.0,0.0,179.0,0.040008374539180186,1.0,0.0
13663,467.3447423141662,0.0,0.0,0.0,179.0,0.040008374539180186,1.0,0.0
13080,467.3447423141662,0.0,0.0,0.0,179.0,0.040008374539180186,1.0,0.0
12732,467.3447423141662,0.0,0.0,0.0,179.0,0.040008374539180186,1.0,0.0
14555,466.94778097754374,1.0,245.0,126.2,302.0,0.05905262600865579,0.9993092878671763,252.4
14520,466.22748464569935,1.0,289.0,105.60000000000001,290.0,0.06103792753650392,0.9994880485841071,211.20000000000002
18281,465.46807862947327,0.0,0.0,0.0,180.0,0.039847640651561274,1.0,0.0
13569,464.70745806881007,1.0,350.0,228.8,367.0,0.05025433335992008,0.9994522835332098,457.6
13261,464.5750931506053,1.0,17.0,99.0,285.0,0.06151576048943703,0.9932796609509337,198.0
15101,464.3467654884257,1.0,351.0,215.25,359.0,0.051194909209391265,0.9994727947449311,430.5
16777,463.6861241935106,1.0,177.0,49.1,257.0,0.06719542062428971,0.9991482797104358,98.2
17708,462.3991923066547,1.0,137.0,156.48000000000002,324.0,0.05569229236783685,0.9983439128035911,312.96000000000004
13686,461.75960895582784,0.0,0.0,0.0,182.0,0.03953001648955058,1.0,0.0
17234,461.75960895582784,0.0,0.0,0.0,182.0,0.03953001648955058,1.0,0.0
15098,461.75960895582784,0.0,0.0,0.0,182.0,0.03953001648955058,1.0,0.0
16581,461.75960895582784,0.0,0.0,0.0,182.0,0.03953001648955058,1.0,0.0
16614,461.75960895582784,0.0,0.0,0.0,182.0,0.03953001648955058,1.0,0.0
13122,461.01876421045733,1.0,146.0,18.72,240.0,0.07088365304474642,0.9990122839244121,37.44
14798,460.6470537528943,2.0,258.0,49.03,310.0,0.08945476326712949,0.9993268482646713,147.09
17950,460.33565079679295,1.0,293.0,219.03,365.0,0.05047780205144211,0.9992906488829767,438.06
14496,460.1586619812946,1.0,62.0,234.47,373.0,0.049367028926311916,0.9953194738340924,468.94
14241,459.9274469594371,0.0,0.0,0.0,183.0,0.03937309569946161,1.0,0.0
16113,459.9274469594371,0.0,0.0,0.0,183.0,0.03937309569946161,1.0,0.0
16112,459.88390901002623,3.0,195.0,41.24666666666667,338.0,0.11261329701415895,0.9979434891144432,164.98666666666668
12872,459.27852054004256,1.0,39.0,221.44,365.0,0.050188756291005325,0.9935685153160398,442.88
14779,458.34850414957884,2.0,43.0,61.8,323.0,0.0852383582548287,0.9848935314129906,185.39999999999998
15609,458.10976754228847,0.0,0.0,0.0,184.0,0.039217415828377976,1.0,0.0
14622,458.10976754228847,0.0,0.0,0.0,184.0,0.039217415828377976,1.0,0.0
13466,458.10976754228847,0.0,0.0,0.0,184.0,0.039217415828377976,1.0,0.0
15579,458.0160482495521,1.0,245.0,132.25,313.0,0.05734959641586293,0.9992714417201387,264.5
17580,456.7814707557672,2.0,106.0,84.435,358.0,0.0790136310912497,0.9945024182798693,253.305
13955,456.5286515197329,1.0,151.0,117.86,305.0,0.058540658889900565,0.9986580998454005,235.72
14375,456.3063996534212,0.0,0.0,0.0,185.0,0.03906296221461843,1.0,0.0
14542,456.3063996534212,0.0,0.0,0.0,185.0,0.03906296221461843,1.0,0.0
17987,456.3063996534212,0.0,0.0,0.0,185.0,0.03906296221461843,1.0,0.0
13395,456.3063996534212,0.0,0.0,0.0,185.0,0.03906296221461843,1.0,0.0
17124,456.3063996534212,0.0,0.0,0.0,185.0,0.03906296221461843,1.0,0.0
18072,456.3063996534212,0.0,0.0,0.0,185.0,0.03906296221461843,1.0,0.0
14896,454.99064698235634,1.0,161.0,211.55,365.0,0.050431639316735374,0.9983767820495457,423.1
15456,454.9730570555296,1.0,76.0,203.37,359.0,0.05103395881400501,0.996330577208534,406.74
16414,454.8490595810356,1.0,259.0,75.45,280.0,0.06278362749007449,0.9994295310258319,150.9
16849,454.51717492507487,0.0,0.0,0.0,186.0,0.038909720426560726,1.0,0.0
15386,454.51717492507487,0.0,0.0,0.0,186.0,0.038909720426560726,1.0,0.0
16611,454.51717492507487,0.0,0.0,0.0,186.0,0.038909720426560726,1.0,0.0
12802,454.51717492507487,0.0,0.0,0.0,186.0,0.038909720426560726,1.0,0.0
12829,454.387507459371,1.0,24.0,207.25,360.0,0.05068031993310598,0.9917387392312493,414.5
17259,453.2436204534066,1.0,220.0,213.28,368.0,0.050112427923591975,0.998916392081898,426.56
13682,452.74192762029065,0.0,0.0,0.0,187.0,0.03875767625816382,1.0,0.0
16963,452.74192762029065,0.0,0.0,0.0,187.0,0.03875767625816382,1.0,0.0
14761,452.73250740804264,1.0,276.0,158.4,334.0,0.05436334171258023,0.9993235413011655,316.8
17913,452.03585495509327,1.0,297.0,190.6,355.0,0.05167078812308504,0.9993337077993109,381.2
13787,450.5691812011706,1.0,289.0,202.64,364.0,0.05059382052359084,0.9992791542333743,405.28
14242,450.4282796079692,1.0,91.0,142.2,325.0,0.055496286695242134,0.9973622394998028,284.4
15012,450.3854648963953,1.0,320.0,216.48,373.0,0.04956728001906335,0.9993568610661571,432.96
14491,449.33588169161555,1.0,197.0,213.73,372.0,0.049647950439560426,0.9987181916572506,427.46
15405,449.23271518157816,0.0,0.0,0.0,189.0,0.03845712505779346,1.0,0.0
16659,449.23271518157816,0.0,0.0,0.0,189.0,0.03845712505779346,1.0,0.0
16117,449.23271518157816,0.0,0.0,0.0,189.0,0.03845712505779346,1.0,0.0
16967,449.23271518157816,0.0,0.0,0.0,189.0,0.03845712505779346,1.0,0.0
13754,448.84629822235775,1.0,166.0,126.6,317.0,0.05672496487633088,0.9987397091464454,253.2
15759,448.54865153336965,2.0,140.0,77.9,358.0,0.07918547268248295,0.9966652967058104,233.70000000000002
17531,447.49843127294145,0.0,0.0,0.0,190.0,0.03830859070259113,1.0,0.0
14453,447.49843127294145,0.0,0.0,0.0,190.0,0.03830859070259113,1.0,0.0
16529,447.49843127294145,0.0,0.0,0.0,190.0,0.03830859070259113,1.0,0.0
17900,447.49843127294145,0.0,0.0,0.0,190.0,0.03830859070259113,1.0,0.0
17572,446.66244566001615,3.0,302.0,51.98333333333334,373.0,0.10382816026407894,0.999232287387612,207.93333333333337
17235,446.0453394266369,1.0,347.0,208.16,372.0,0.049683503373085365,0.9994333744828006,416.32
16424,445.77748714189454,0.0,0.0,0.0,191.0,0.038161199312313786,1.0,0.0
13062,445.77748714189454,0.0,0.0,0.0,191.0,0.038161199312313786,1.0,0.0
17771,444.7242738058192,1.0,267.0,130.01,323.0,0.05588926951328603,0.9993250715221149,260.02
13398,444.06972946099677,0.0,0.0,0.0,192.0,0.03801493774492663,1.0,0.0
16810,444.06972946099677,0.0,0.0,0.0,192.0,0.03801493774492663,1.0,0.0
13070,444.06972946099677,0.0,0.0,0.0,192.0,0.03801493774492663,1.0,0.0
12790,444.06972946099677,0.0,0.0,0.0,192.0,0.03801493774492663,1.0,0.0
16483,444.06972946099677,0.0,0.0,0.0,192.0,0.03801493774492663,1.0,0.0
17256,444.0055534076062,1.0,205.0,112.1,312.0,0.05748857059708974,0.999070123980583,224.2
18071,443.0290747525028,1.0,108.0,194.05,365.0,0.05038143487887122,0.9973829030918417,388.1
17964,441.6869715171713,1.0,341.0,201.45,372.0,0.049682746163123605,0.9994181424468956,402.9
15925,440.69317179989525,0.0,0.0,0.0,194.0,0.037725752510440524,1.0,0.0
12426,440.69317179989525,0.0,0.0,0.0,194.0,0.037725752510440524,1.0,0.0
17051,440.69317179989525,0.0,0.0,0.0,194.0,0.037725752510440524,1.0,0.0
15897,440.69317179989525,0.0,0.0,0.0,194.0,0.037725752510440524,1.0,0.0
17999,440.2753196224637,1.0,329.0,190.05,366.0,0.05036729347640213,0.9994008859869562,380.1
13497,439.9801588546404,1.0,86.0,194.55,368.0,0.049997465772494754,0.9966247933316816,389.1
12897,437.79263292308514,1.0,97.0,87.7,301.0,0.059122860343785985,0.997800422707228,175.4
13173,437.766331471376,1.0,363.0,187.71,367.0,0.050255827809062535,0.9994820049623522,375.42
17025,437.64274531624255,1.0,313.0,196.8,373.0,0.04956620470191777,0.9993351809262169,393.6
16323,437.36757769421956,0.0,0.0,0.0,196.0,0.03744093380899595,1.0,0.0
16275,437.36757769421956,0.0,0.0,0.0,196.0,0.03744093380899595,1.0,0.0
13135,437.36757769421956,0.0,0.0,0.0,196.0,0.03744093380899595,1.0,0.0
14280,437.36757769421956,0.0,0.0,0.0,196.0,0.03744093380899595,1.0,0.0
15713,437.11751373691317,1.0,223.0,185.55,366.0,0.05034434268826574,0.9989454905028143,371.1
17339,436.79529683940933,1.0,271.0,183.36,365.0,0.05047345653450103,0.9992046222679635,366.72
14985,436.16168045553695,1.0,160.0,172.24,358.0,0.05126034658897465,0.9984116424312051,344.48
14816,435.72353274756034,0.0,0.0,0.0,197.0,0.03730013111867752,1.0,0.0
12974,435.72353274756034,0.0,0.0,0.0,197.0,0.03730013111867752,1.0,0.0
17376,434.1597914910602,1.0,241.0,97.35,311.0,0.05765092075736276,0.9992613002361432,194.7
14705,434.09180192261977,0.0,0.0,0.0,198.0,0.03716038348337805,1.0,0.0
16763,434.09180192261977,0.0,0.0,0.0,198.0,0.03716038348337805,1.0,0.0
16448,434.09180192261977,0.0,0.0,0.0,198.0,0.03716038348337805,1.0,0.0
13565,432.66052337429056,1.0,315.0,130.04,334.0,0.054369877950004475,0.999443692412628,260.08
15042,432.472247378184,0.0,0.0,0.0,199.0,0.03702167908883198,1.0,0.0
15314,432.472247378184,0.0,0.0,0.0,199.0,0.03702167908883198,1.0,0.0
13531,432.1368988913622,1.0,161.0,178.35,366.0,0.05031533707887102,0.9983699536866212,356.7
12547,431.92477125336484,1.0,83.0,48.4,280.0,0.06267359922371976,0.9976780314225336,96.8
17715,430.86473332273926,0.0,0.0,0.0,200.0,0.03688400629652005,1.0,0.0
13737,430.86473332273926,0.0,0.0,0.0,200.0,0.03688400629652005,1.0,0.0
13339,430.86473332273926,0.0,0.0,0.0,200.0,0.03688400629652005,1.0,0.0
14320,430.8435022055467,1.0,126.0,125.28,332.0,0.054567702976587695,0.9981010269628541,250.56
15705,429.2691259765146,0.0,0.0,0.0,201.0,0.036747353640399404,1.0,0.0
15292,429.2691259765146,0.0,0.0,0.0,201.0,0.036747353640399404,1.0,0.0
17176,429.2691259765146,0.0,0.0,0.0,201.0,0.036747353640399404,1.0,0.0
13227,429.2691259765146,0.0,0.0,0.0,201.0,0.036747353640399404,1.0,0.0
14647,429.2691259765146,0.0,0.0,0.0,201.0,0.036747353640399404,1.0,0.0
13672,428.17417163705295,1.0,31.0,124.26,332.0,0.054321221920956196,0.9935926276472693,248.52
12763,426.60227496057064,1.0,231.0,174.0,369.0,0.050001356119959074,0.998983581316521,348.0
13243,426.1131061294917,0.0,0.0,0.0,203.0,0.03647706371591164,1.0,0.0
17455,426.1131061294917,0.0,0.0,0.0,203.0,0.03647706371591164,1.0,0.0
13391,426.1131061294917,0.0,0.0,0.0,203.0,0.03647706371591164,1.0,0.0
18048,426.1131061294917,0.0,0.0,0.0,203.0,0.03647706371591164,1.0,0.0
17189,425.40129677881856,1.0,253.0,157.18,359.0,0.051178048690490335,0.9991436286187088,314.36
17889,424.7753976665904,1.0,110.0,102.02,322.0,0.05595121622306658,0.9978800127842513,204.04
12353,424.55243579789015,0.0,0.0,0.0,204.0,0.036343404349558454,1.0,0.0
17871,424.55243579789015,0.0,0.0,0.0,204.0,0.036343404349558454,1.0,0.0
17245,424.55243579789015,0.0,0.0,0.0,204.0,0.036343404349558454,1.0,0.0
13887,424.55243579789015,0.0,0.0,0.0,204.0,0.036343404349558454,1.0,0.0
18190,424.3021958097317,1.0,138.0,113.0,330.0,0.05485290375626435,0.9983124817764476,226.0
14987,423.62004993523334,1.0,350.0,163.2,365.0,0.050486198102873525,0.9994568624529416,326.4
13572,423.0031564436664,0.0,0.0,0.0,205.0,0.03621072091738781,1.0,0.0
17556,423.0031564436664,0.0,0.0,0.0,205.0,0.03621072091738781,1.0,0.0
12690,423.0031564436664,0.0,0.0,0.0,205.0,0.03621072091738781,1.0,0.0
13255,422.8257509117952,1.0,364.0,173.81,373.0,0.04957294876834492,0.9994711522575643,347.62
13496,422.2917958650079,1.0,349.0,152.32,359.0,0.05119467281110744,0.9994681795662531,304.64
13976,421.46514380506676,0.0,0.0,0.0,206.0,0.03607900276938644,1.0,0.0
14489,419.93827542124114,0.0,0.0,0.0,207.0,0.035948239409930735,1.0,0.0
14888,419.93827542124114,0.0,0.0,0.0,207.0,0.035948239409930735,1.0,0.0
15689,419.0210779612803,1.0,242.0,150.6,361.0,0.05093670518875054,0.9990797323293252,301.2
17263,418.4224305997317,0.0,0.0,0.0,208.0,0.03581842049501756,1.0,0.0
14689,418.4224305997317,0.0,0.0,0.0,208.0,0.03581842049501756,1.0,0.0
15333,418.4224305997317,0.0,0.0,0.0,208.0,0.03581842049501756,1.0,0.0
12915,417.1941538062273,1.0,224.0,164.0,372.0,0.04965825711924532,0.9989255208300717,328.0
17430,416.9858510640493,1.0,333.0,153.16,365.0,0.05048404270646511,0.9994141928558508,306.32
17392,416.80754623180866,1.0,52.0,145.5,358.0,0.05108113863598224,0.9949211606340652,291.0
12770,415.42333752566884,0.0,0.0,0.0,210.0,0.03556157536451138,1.0,0.0
14873,415.42333752566884,0.0,0.0,0.0,210.0,0.03556157536451138,1.0,0.0
16250,415.1637247687224,1.0,112.0,163.3,373.0,0.04947033688671603,0.9974023300850888,326.6
13506,414.0099686610207,1.0,53.0,157.4,369.0,0.04978995064568565,0.9947598839173362,314.8
12590,413.9398564473345,0.0,0.0,0.0,211.0,0.03543452919469526,1.0,0.0
16006,413.9398564473345,0.0,0.0,0.0,211.0,0.03543452919469526,1.0,0.0
16116,413.9398564473345,0.0,0.0,0.0,211.0,0.03543452919469526,1.0,0.0
14988,413.9398564473345,0.0,0.0,0.0,211.0,0.03543452919469526,1.0,0.0
12976,413.9398564473345,0.0,0.0,0.0,211.0,0.03543452919469526,1.0,0.0
17970,413.9398564473345,0.0,0.0,0.0,211.0,0.03543452919469526,1.0,0.0
14000,413.9398564473345,0.0,0.0,0.0,211.0,0.03543452919469526,1.0,0.0
16897,413.345527672986,1.0,14.0,76.75,313.0,0.0569191540099032,0.9917713226179597,153.5
18133,412.4669332194865,0.0,0.0,0.0,212.0,0.03530838755580341,1.0,0.0
13235,412.4669332194865,0.0,0.0,0.0,212.0,0.03530838755580341,1.0,0.0
13052,412.4669332194865,0.0,0.0,0.0,212.0,0.03530838755580341,1.0,0.0
14920,412.4669332194865,0.0,0.0,0.0,212.0,0.03530838755580341,1.0,0.0
15729,412.4669332194865,0.0,0.0,0.0,212.0,0.03530838755580341,1.0,0.0
13649,412.3386589460558,1.0,110.0,148.8,366.0,0.05026772298765116,0.9974251825530901,297.6
15732,411.76985081732926,1.0,160.0,156.02,372.0,0.04962792576715278,0.9983153753387838,312.04
15545,411.58761518919346,1.0,317.0,153.64,371.0,0.049792442429460446,0.9993530842543186,307.28
13990,411.00445552798476,0.0,0.0,0.0,213.0,0.035183140822113844,1.0,0.0
17597,411.00445552798476,0.0,0.0,0.0,213.0,0.035183140822113844,1.0,0.0
15063,411.00445552798476,0.0,0.0,0.0,213.0,0.035183140822113844,1.0,0.0
14288,411.00445552798476,0.0,0.0,0.0,213.0,0.035183140822113844,1.0,0.0
13133,409.7079285851228,1.0,31.0,57.449999999999996,304.0,0.05844629882359657,0.9943818624094385,114.89999999999999
15889,409.5828376361003,1.0,213.0,148.0,369.0,0.04999527376425788,0.9988620611428151,296.0
14699,409.5523126461623,0.0,0.0,0.0,214.0,0.03505877950400005,1.0,0.0
12821,409.5523126461623,0.0,0.0,0.0,214.0,0.03505877950400005,1.0,0.0
18120,409.5523126461623,0.0,0.0,0.0,214.0,0.03505877950400005,1.0,0.0
16756,409.5523126461623,0.0,0.0,0.0,214.0,0.03505877950400005,1.0,0.0
12355,409.5523126461623,0.0,0.0,0.0,214.0,0.03505877950400005,1.0,0.0
16499,408.9588929752174,1.0,4.0,147.35,364.0,0.049971093366874386,0.986979662713622,294.7
14479,408.74327868758957,1.0,112.0,141.85,365.0,0.05038671182524665,0.9974873688758759,283.7
15882,408.4223806559052,1.0,170.0,145.04,368.0,0.05008990481083328,0.9984674274743625,290.08
14353,408.1103954068957,0.0,0.0,0.0,215.0,0.03493529424553192,1.0,0.0
13642,408.1103954068957,0.0,0.0,0.0,215.0,0.03493529424553192,1.0,0.0
13561,408.1103954068957,0.0,0.0,0.0,215.0,0.03493529424553192,1.0,0.0
12386,406.4320429186952,1.0,29.0,143.0,366.0,0.05000921489935591,0.992295798092555,286.0
17691,406.2056143209182,1.0,10.0,147.9,368.0,0.04959098304781196,0.9885221674241351,295.8
12559,405.60416649481374,1.0,9.0,75.60000000000001,319.0,0.055968444305439666,0.9905268339194633,151.20000000000002
16883,405.30941843760706,1.0,184.0,144.45,371.0,0.04975498364222747,0.9986012722778981,288.9
15668,405.25680882157616,0.0,0.0,0.0,217.0,0.034690915138306494,1.0,0.0
18227,405.25680882157616,0.0,0.0,0.0,217.0,0.034690915138306494,1.0,0.0
17174,405.25680882157616,0.0,0.0,0.0,217.0,0.034690915138306494,1.0,0.0
13723,405.25680882157616,0.0,0.0,0.0,217.0,0.034690915138306494,1.0,0.0
15552,405.25680882157616,0.0,0.0,0.0,217.0,0.034690915138306494,1.0,0.0
16319,405.25680882157616,0.0,0.0,0.0,217.0,0.034690915138306494,1.0,0.0
14199,403.84492869553685,0.0,0.0,0.0,218.0,0.03457000322531145,1.0,0.0
16990,403.84492869553685,0.0,0.0,0.0,218.0,0.03457000322531145,1.0,0.0
14423,403.84492869553685,0.0,0.0,0.0,218.0,0.03457000322531145,1.0,0.0
14393,403.84492869553685,0.0,0.0,0.0,218.0,0.03457000322531145,1.0,0.0
16457,403.84492869553685,0.0,0.0,0.0,218.0,0.03457000322531145,1.0,0.0
13762,403.84492869553685,0.0,0.0,0.0,218.0,0.03457000322531145,1.0,0.0
17578,403.84492869553685,0.0,0.0,0.0,218.0,0.03457000322531145,1.0,0.0
14697,403.84492869553685,0.0,0.0,0.0,218.0,0.03457000322531145,1.0,0.0
13711,403.84492869553685,0.0,0.0,0.0,218.0,0.03457000322531145,1.0,0.0
14340,403.84492869553685,0.0,0.0,0.0,218.0,0.03457000322531145,1.0,0.0
17394,402.4428526001735,0.0,0.0,0.0,219.0,0.034449931239052364,1.0,0.0
16610,402.4428526001735,0.0,0.0,0.0,219.0,0.034449931239052364,1.0,0.0
17443,402.4428526001735,0.0,0.0,0.0,219.0,0.034449931239052364,1.0,0.0
17358,402.0886572084709,1.0,52.0,119.15,355.0,0.051445980360512844,0.9949858357603131,238.3
13666,401.78684534666,1.0,227.0,20.6,287.0,0.06154000737849736,0.9992865176896052,41.2
17446,401.3504449742993,1.0,134.0,52.8,310.0,0.05775370303452528,0.9984078922667625,105.6
17501,401.0504787668746,0.0,0.0,0.0,220.0,0.034330690457865014,1.0,0.0
14149,401.0504787668746,0.0,0.0,0.0,220.0,0.034330690457865014,1.0,0.0
16055,401.0504787668746,0.0,0.0,0.0,220.0,0.034330690457865014,1.0,0.0
16596,400.48905835592285,1.0,351.0,129.5,366.0,0.05037011866343485,0.9994569440799903,259.0
17890,399.0850517110417,1.0,39.0,123.88,361.0,0.05066118878544885,0.9936757146677395,247.76
14304,398.2944378064457,0.0,0.0,0.0,222.0,0.03409466822368065,1.0,0.0
14022,394.2306785524733,0.0,0.0,0.0,225.0,0.033746657678774515,1.0,0.0
17893,394.2306785524733,0.0,0.0,0.0,225.0,0.033746657678774515,1.0,0.0
15210,394.2306785524733,0.0,0.0,0.0,225.0,0.033746657678774515,1.0,0.0
13229,394.2306785524733,0.0,0.0,0.0,225.0,0.033746657678774515,1.0,0.0
15143,394.2306785524733,0.0,0.0,0.0,225.0,0.033746657678774515,1.0,0.0
14271,394.2306785524733,0.0,0.0,0.0,225.0,0.033746657678774515,1.0,0.0
16227,394.2306785524733,0.0,0.0,0.0,225.0,0.033746657678774515,1.0,0.0
17223,393.386737795999,1.0,58.0,124.05000000000001,368.0,0.049923441321427404,0.9951492264783097,248.10000000000002
16965,392.89445809729585,0.0,0.0,0.0,226.0,0.03363222756953342,1.0,0.0
18220,392.89445809729585,0.0,0.0,0.0,226.0,0.03363222756953342,1.0,0.0
15891,392.89445809729585,0.0,0.0,0.0,226.0,0.03363222756953342,1.0,0.0
17187,392.89445809729585,0.0,0.0,0.0,226.0,0.03363222756953342,1.0,0.0
17026,392.3085589644997,1.0,184.0,121.68,369.0,0.04998280017857367,0.9986128497560525,243.36
16834,391.56726551098217,0.0,0.0,0.0,227.0,0.03351857087023882,1.0,0.0
12573,391.56726551098217,0.0,0.0,0.0,227.0,0.03351857087023882,1.0,0.0
17670,391.56726551098217,0.0,0.0,0.0,227.0,0.03351857087023882,1.0,0.0
16823,391.56726551098217,0.0,0.0,0.0,227.0,0.03351857087023882,1.0,0.0
16519,389.46094078159183,1.0,340.0,111.38,365.0,0.05048496090226673,0.9994323700434682,222.76
17969,387.24833645973905,1.0,195.0,103.0,361.0,0.05092035072055766,0.9987589534794962,206.0
17707,386.82210999363974,1.0,151.0,68.7,336.0,0.05404744383081631,0.9984482833362451,137.4
12506,385.06357146688435,0.0,0.0,0.0,232.0,0.032961618648680927,1.0,0.0
12622,385.06357146688435,0.0,0.0,0.0,232.0,0.032961618648680927,1.0,0.0
12354,385.06357146688435,0.0,0.0,0.0,232.0,0.032961618648680927,1.0,0.0
17718,385.06357146688435,0.0,0.0,0.0,232.0,0.032961618648680927,1.0,0.0
16587,385.06357146688435,0.0,0.0,0.0,232.0,0.032961618648680927,1.0,0.0
13482,385.06357146688435,0.0,0.0,0.0,232.0,0.032961618648680927,1.0,0.0
17760,384.7921697012413,1.0,352.0,115.05,373.0,0.049571567529394144,0.999443304237223,230.1
17120,383.7886732905511,0.0,0.0,0.0,233.0,0.03285244191470449,1.0,0.0
15517,383.7886732905511,0.0,0.0,0.0,233.0,0.03285244191470449,1.0,0.0
14148,383.7886732905511,0.0,0.0,0.0,233.0,0.03285244191470449,1.0,0.0
13485,383.7886732905511,0.0,0.0,0.0,233.0,0.03285244191470449,1.0,0.0
17548,383.7886732905511,0.0,0.0,0.0,233.0,0.03285244191470449,1.0,0.0
18037,382.6284360699425,5.0,208.0,7.744,362.0,0.16157533514763067,0.9958102892591639,46.464
15225,382.5221896728982,0.0,0.0,0.0,234.0,0.0327439860318688,1.0,0.0
17217,382.5221896728982,0.0,0.0,0.0,234.0,0.0327439860318688,1.0,0.0
13101,382.5221896728982,0.0,0.0,0.0,234.0,0.0327439860318688,1.0,0.0
15717,382.5221896728982,0.0,0.0,0.0,234.0,0.0327439860318688,1.0,0.0
12733,382.5221896728982,0.0,0.0,0.0,234.0,0.0327439860318688,1.0,0.0
15894,382.19764496636634,1.0,116.0,106.81,369.0,0.04992934262656712,0.9975448143886957,213.62
16947,381.26403757860874,0.0,0.0,0.0,235.0,0.03263624388441924,1.0,0.0
18009,381.26403757860874,0.0,0.0,0.0,235.0,0.03263624388441924,1.0,0.0
16617,381.26403757860874,0.0,0.0,0.0,235.0,0.03263624388441924,1.0,0.0
14594,380.4561504344783,1.0,366.0,108.33,373.0,0.04957316856246147,0.9994755836638933,216.66
17582,380.0141350613526,0.0,0.0,0.0,236.0,0.03252920844994612,1.0,0.0
16193,380.0141350613526,0.0,0.0,0.0,236.0,0.03252920844994612,1.0,0.0
18213,380.0141350613526,0.0,0.0,0.0,236.0,0.03252920844994612,1.0,0.0
17697,380.0141350613526,0.0,0.0,0.0,236.0,0.03252920844994612,1.0,0.0
13474,380.0141350613526,0.0,0.0,0.0,236.0,0.03252920844994612,1.0,0.0
17742,379.4011024922839,1.0,219.0,52.54,332.0,0.05462056189168501,0.9990678724513917,105.08
15139,378.0744679384003,1.0,97.0,56.86,336.0,0.05399105160881769,0.9974065186706619,113.72
12769,377.53875631108787,0.0,0.0,0.0,238.0,0.03231723008792738,1.0,0.0
17367,377.53875631108787,0.0,0.0,0.0,238.0,0.03231723008792738,1.0,0.0
13120,377.53875631108787,0.0,0.0,0.0,238.0,0.03231723008792738,1.0,0.0
12639,377.53875631108787,0.0,0.0,0.0,238.0,0.03231723008792738,1.0,0.0
15135,376.3131214718976,0.0,0.0,0.0,239.0,0.03221227356872927,1.0,0.0
17142,376.3131214718976,0.0,0.0,0.0,239.0,0.03221227356872927,1.0,0.0
14105,376.3131214718976,0.0,0.0,0.0,239.0,0.03221227356872927,1.0,0.0
14154,376.3131214718976,0.0,0.0,0.0,239.0,0.03221227356872927,1.0,0.0
14206,376.3131214718976,0.0,0.0,0.0,239.0,0.03221227356872927,1.0,0.0
17601,376.3131214718976,0.0,0.0,0.0,239.0,0.03221227356872927,1.0,0.0
17746,375.09541896348713,0.0,0.0,0.0,240.0,0.0321079965763002,1.0,0.0
13740,375.09541896348713,0.0,0.0,0.0,240.0,0.0321079965763002,1.0,0.0
16097,375.09541896348713,0.0,0.0,0.0,240.0,0.0321079965763002,1.0,0.0
15147,375.09541896348713,0.0,0.0,0.0,240.0,0.0321079965763002,1.0,0.0
16835,374.32372218228625,1.0,245.0,99.1,373.0,0.04955201670525851,0.9990491278726549,198.2
17278,373.8855720243593,0.0,0.0,0.0,241.0,0.032004392532674876,1.0,0.0
15212,373.8855720243593,0.0,0.0,0.0,241.0,0.032004392532674876,1.0,0.0
16697,373.8855720243593,0.0,0.0,0.0,241.0,0.032004392532674876,1.0,0.0
13484,373.8855720243593,0.0,0.0,0.0,241.0,0.032004392532674876,1.0,0.0
17972,373.8855720243593,0.0,0.0,0.0,241.0,0.032004392532674876,1.0,0.0
14311,372.6835048802685,0.0,0.0,0.0,242.0,0.03190145494452064,1.0,0.0
14326,372.6835048802685,0.0,0.0,0.0,242.0,0.03190145494452064,1.0,0.0
14339,372.6835048802685,0.0,0.0,0.0,242.0,0.03190145494452064,1.0,0.0
17574,372.6835048802685,0.0,0.0,0.0,242.0,0.03190145494452064,1.0,0.0
12982,372.6835048802685,0.0,0.0,0.0,242.0,0.03190145494452064,1.0,0.0
15655,371.4891427284427,0.0,0.0,0.0,243.0,0.031799177401779795,1.0,0.0
12447,371.4891427284427,0.0,0.0,0.0,243.0,0.031799177401779795,1.0,0.0
18129,371.4891427284427,0.0,0.0,0.0,243.0,0.031799177401779795,1.0,0.0
13508,371.4891427284427,0.0,0.0,0.0,243.0,0.031799177401779795,1.0,0.0
13570,371.4891427284427,0.0,0.0,0.0,243.0,0.031799177401779795,1.0,0.0
16402,369.70052048477686,1.0,105.0,87.80000000000001,369.0,0.049914815126577916,0.9972545675815496,175.60000000000002
16623,369.12323895493165,0.0,0.0,0.0,245.0,0.03159657722066818,1.0,0.0
16643,369.12323895493165,0.0,0.0,0.0,245.0,0.03159657722066818,1.0,0.0
14619,369.12323895493165,0.0,0.0,0.0,245.0,0.03159657722066818,1.0,0.0
15109,369.12323895493165,0.0,0.0,0.0,245.0,0.03159657722066818,1.0,0.0
15119,369.12323895493165,0.0,0.0,0.0,245.0,0.03159657722066818,1.0,0.0
14924,369.12323895493165,0.0,0.0,0.0,245.0,0.03159657722066818,1.0,0.0
15775,369.12323895493165,0.0,0.0,0.0,245.0,0.03159657722066818,1.0,0.0
17334,368.4238017078749,1.0,6.0,10.5,308.0,0.0575912881058831,0.9903451312498658,21.0
16144,367.9515524467717,0.0,0.0,0.0,246.0,0.031496242166684764,1.0,0.0
12580,367.9515524467717,0.0,0.0,0.0,246.0,0.031496242166684764,1.0,0.0
13712,367.9515524467717,0.0,0.0,0.0,246.0,0.031496242166684764,1.0,0.0
14981,367.9515524467717,0.0,0.0,0.0,246.0,0.031496242166684764,1.0,0.0
16411,367.4771909864555,1.0,350.0,83.15,369.0,0.05002458565735334,0.9994476872580234,166.3
13863,366.7872811283449,0.0,0.0,0.0,247.0,0.03139654232434573,1.0,0.0
17906,366.7872811283449,0.0,0.0,0.0,247.0,0.03139654232434573,1.0,0.0
15917,366.7872811283449,0.0,0.0,0.0,247.0,0.03139654232434573,1.0,0.0
14964,366.7872811283449,0.0,0.0,0.0,247.0,0.03139654232434573,1.0,0.0
17140,366.7872811283449,0.0,0.0,0.0,247.0,0.03139654232434573,1.0,0.0
16714,365.82704094764017,1.0,99.0,15.0,317.0,0.05666450929013119,0.9976752854890841,30.0
15442,365.6303548271988,0.0,0.0,0.0,248.0,0.03129747168049052,1.0,0.0
17492,365.6303548271988,0.0,0.0,0.0,248.0,0.03129747168049052,1.0,0.0
16105,365.6303548271988,0.0,0.0,0.0,248.0,0.03129747168049052,1.0,0.0
16586,365.6303548271988,0.0,0.0,0.0,248.0,0.03129747168049052,1.0,0.0
17181,364.9234515595327,1.0,316.0,84.4,373.0,0.049566672317150715,0.9993446088087071,168.8
16142,364.48070425354217,0.0,0.0,0.0,249.0,0.03119902429760741,1.0,0.0
14747,364.48070425354217,0.0,0.0,0.0,249.0,0.03119902429760741,1.0,0.0
13059,364.48070425354217,0.0,0.0,0.0,249.0,0.03119902429760741,1.0,0.0
18185,364.48070425354217,0.0,0.0,0.0,249.0,0.03119902429760741,1.0,0.0
17956,364.48070425354217,0.0,0.0,0.0,249.0,0.03119902429760741,1.0,0.0
13781,363.3382609864107,0.0,0.0,0.0,250.0,0.031101194312670558,1.0,0.0
15691,361.07472695079787,0.0,0.0,0.0,252.0,0.030907363449904062,1.0,0.0
13626,361.07472695079787,0.0,0.0,0.0,252.0,0.030907363449904062,1.0,0.0
13841,361.07472695079787,0.0,0.0,0.0,252.0,0.030907363449904062,1.0,0.0
14886,361.07472695079787,0.0,0.0,0.0,252.0,0.030907363449904062,1.0,0.0
16162,361.07472695079787,0.0,0.0,0.0,252.0,0.030907363449904062,1.0,0.0
17701,361.07472695079787,0.0,0.0,0.0,252.0,0.030907363449904062,1.0,0.0
13462,361.07472695079787,0.0,0.0,0.0,252.0,0.030907363449904062,1.0,0.0
14957,359.95350356360143,0.0,0.0,0.0,253.0,0.030811351208006755,1.0,0.0
14890,359.95350356360143,0.0,0.0,0.0,253.0,0.030811351208006755,1.0,0.0
17438,359.95350356360143,0.0,0.0,0.0,253.0,0.030811351208006755,1.0,0.0
17212,359.95350356360143,0.0,0.0,0.0,253.0,0.030811351208006755,1.0,0.0
13060,359.95350356360143,0.0,0.0,0.0,253.0,0.030811351208006755,1.0,0.0
15424,358.8392222195989,0.0,0.0,0.0,254.0,0.03071593363369427,1.0,0.0
15832,358.8392222195989,0.0,0.0,0.0,254.0,0.03071593363369427,1.0,0.0
17775,358.8392222195989,0.0,0.0,0.0,254.0,0.03071593363369427,1.0,0.0
15528,358.8392222195989,0.0,0.0,0.0,254.0,0.03071593363369427,1.0,0.0
18108,358.8392222195989,0.0,0.0,0.0,254.0,0.03071593363369427,1.0,0.0
17816,357.919741067661,3.0,329.0,6.783333333333334,365.0,0.10576575084881973,0.9994527820973356,27.133333333333336
13439,357.7318186433175,0.0,0.0,0.0,255.0,0.03062110521926829,1.0,0.0
13803,357.7318186433175,0.0,0.0,0.0,255.0,0.03062110521926829,1.0,0.0
18010,356.63122935035165,0.0,0.0,0.0,256.0,0.030526860524832923,1.0,0.0
12792,356.63122935035165,0.0,0.0,0.0,256.0,0.030526860524832923,1.0,0.0
15083,356.63122935035165,0.0,0.0,0.0,256.0,0.030526860524832923,1.0,0.0
14476,355.5373916352416,0.0,0.0,0.0,257.0,0.030433194177257247,1.0,0.0
13357,355.5373916352416,0.0,0.0,0.0,257.0,0.030433194177257247,1.0,0.0
15107,354.6176318505077,5.0,61.0,40.7,372.0,0.11362394056283902,0.7165303781591873,244.20000000000002
14536,353.36972394017306,0.0,0.0,0.0,259.0,0.03024757535788675,1.0,0.0
15213,352.36336816684025,1.0,11.0,15.15,329.0,0.054561794311523526,0.9905250417329932,30.3
14348,352.2957723378669,0.0,0.0,0.0,260.0,0.030155612464564795,1.0,0.0
15178,352.2957723378669,0.0,0.0,0.0,260.0,0.030155612464564795,1.0,0.0
13512,352.2957723378669,0.0,0.0,0.0,260.0,0.030155612464564795,1.0,0.0
16769,352.2957723378669,0.0,0.0,0.0,260.0,0.030155612464564795,1.0,0.0
17698,352.2957723378669,0.0,0.0,0.0,260.0,0.030155612464564795,1.0,0.0
16063,352.2957723378669,0.0,0.0,0.0,260.0,0.030155612464564795,1.0,0.0
13341,352.2957723378669,0.0,0.0,0.0,260.0,0.030155612464564795,1.0,0.0
16022,352.2957723378669,0.0,0.0,0.0,260.0,0.030155612464564795,1.0,0.0
12564,351.2283290459734,0.0,0.0,0.0,261.0,0.03006420707309114,1.0,0.0
13132,351.2283290459734,0.0,0.0,0.0,261.0,0.03006420707309114,1.0,0.0
17486,351.2283290459734,0.0,0.0,0.0,261.0,0.03006420707309114,1.0,0.0
12818,351.2283290459734,0.0,0.0,0.0,261.0,0.03006420707309114,1.0,0.0
14870,351.2283290459734,0.0,0.0,0.0,261.0,0.03006420707309114,1.0,0.0
17102,351.2283290459734,0.0,0.0,0.0,261.0,0.03006420707309114,1.0,0.0
13239,351.2283290459734,0.0,0.0,0.0,261.0,0.03006420707309114,1.0,0.0
18191,351.2283290459734,0.0,0.0,0.0,261.0,0.03006420707309114,1.0,0.0
12875,350.9153092119823,1.0,219.0,49.470000000000006,362.0,0.05081122242055112,0.9989366842905588,98.94000000000001
16135,350.16733507934754,0.0,0.0,0.0,262.0,0.029973354129217422,1.0,0.0
16721,350.16733507934754,0.0,0.0,0.0,262.0,0.029973354129217422,1.0,0.0
14632,350.16733507934754,0.0,0.0,0.0,262.0,0.029973354129217422,1.0,0.0
15437,350.16733507934754,0.0,0.0,0.0,262.0,0.029973354129217422,1.0,0.0
15457,350.16733507934754,0.0,0.0,0.0,262.0,0.029973354129217422,1.0,0.0
12831,350.16733507934754,0.0,0.0,0.0,262.0,0.029973354129217422,1.0,0.0
15332,349.68423197413955,1.0,3.0,63.0,369.0,0.049370136716968,0.9863723669669806,126.0
13262,349.1127321634966,0.0,0.0,0.0,263.0,0.029883048639604257,1.0,0.0
14762,349.1127321634966,0.0,0.0,0.0,263.0,0.029883048639604257,1.0,0.0
13934,349.1127321634966,0.0,0.0,0.0,263.0,0.029883048639604257,1.0,0.0
18224,349.1127321634966,0.0,0.0,0.0,263.0,0.029883048639604257,1.0,0.0
16619,349.1127321634966,0.0,0.0,0.0,263.0,0.029883048639604257,1.0,0.0
17678,349.1127321634966,0.0,0.0,0.0,263.0,0.029883048639604257,1.0,0.0
17763,349.1127321634966,0.0,0.0,0.0,263.0,0.029883048639604257,1.0,0.0
12902,348.06446272391844,0.0,0.0,0.0,264.0,0.02979328567090158,1.0,0.0
16096,348.06446272391844,0.0,0.0,0.0,264.0,0.02979328567090158,1.0,0.0
15703,348.06446272391844,0.0,0.0,0.0,264.0,0.02979328567090158,1.0,0.0
15408,348.06446272391844,0.0,0.0,0.0,264.0,0.02979328567090158,1.0,0.0
15445,348.06446272391844,0.0,0.0,0.0,264.0,0.02979328567090158,1.0,0.0
14693,348.06446272391844,0.0,0.0,0.0,264.0,0.02979328567090158,1.0,0.0
17060,345.98669741276063,0.0,0.0,0.0,266.0,0.02961536785746632,1.0,0.0
14059,345.98669741276063,0.0,0.0,0.0,266.0,0.02961536785746632,1.0,0.0
14066,345.98669741276063,0.0,0.0,0.0,266.0,0.02961536785746632,1.0,0.0
15019,345.98669741276063,0.0,0.0,0.0,266.0,0.02961536785746632,1.0,0.0
15695,345.98669741276063,0.0,0.0,0.0,266.0,0.02961536785746632,1.0,0.0
14041,345.98669741276063,0.0,0.0,0.0,266.0,0.02961536785746632,1.0,0.0
14155,345.98669741276063,0.0,0.0,0.0,266.0,0.02961536785746632,1.0,0.0
16256,345.98669741276063,0.0,0.0,0.0,266.0,0.02961536785746632,1.0,0.0
14633,345.98669741276063,0.0,0.0,0.0,266.0,0.02961536785746632,1.0,0.0
13072,345.98669741276063,0.0,0.0,0.0,266.0,0.02961536785746632,1.0,0.0
16634,345.0483948385254,1.0,150.0,53.1,372.0,0.04962081948507406,0.9981724253655375,106.2
14840,344.95708979870165,0.0,0.0,0.0,267.0,0.029527203438018575,1.0,0.0
12514,344.95708979870165,0.0,0.0,0.0,267.0,0.029527203438018575,1.0,0.0
16976,344.95708979870165,0.0,0.0,0.0,267.0,0.029527203438018575,1.0,0.0
13185,344.95708979870165,0.0,0.0,0.0,267.0,0.029527203438018575,1.0,0.0
16216,344.95708979870165,0.0,0.0,0.0,267.0,0.029527203438018575,1.0,0.0
16377,344.95708979870165,0.0,0.0,0.0,267.0,0.029527203438018575,1.0,0.0
13216,344.95708979870165,0.0,0.0,0.0,267.0,0.029527203438018575,1.0,0.0
13358,343.9335921559132,0.0,0.0,0.0,268.0,0.029439562388341084,1.0,0.0
16297,343.9335921559132,0.0,0.0,0.0,268.0,0.029439562388341084,1.0,0.0
13299,343.9335921559132,0.0,0.0,0.0,268.0,0.029439562388341084,1.0,0.0
16152,343.9335921559132,0.0,0.0,0.0,268.0,0.029439562388341084,1.0,0.0
13716,342.9161502563091,0.0,0.0,0.0,269.0,0.029352440061908253,1.0,0.0
13121,342.9161502563091,0.0,0.0,0.0,269.0,0.029352440061908253,1.0,0.0
17542,342.9161502563091,0.0,0.0,0.0,269.0,0.029352440061908253,1.0,0.0
16392,342.9161502563091,0.0,0.0,0.0,269.0,0.029352440061908253,1.0,0.0
15047,342.9161502563091,0.0,0.0,0.0,269.0,0.029352440061908253,1.0,0.0
15388,341.9047105116526,0.0,0.0,0.0,270.0,0.029265831867036133,1.0,0.0
14962,341.9047105116526,0.0,0.0,0.0,270.0,0.029265831867036133,1.0,0.0
13708,340.8992199641444,0.0,0.0,0.0,271.0,0.029179733266083165,1.0,0.0
14037,339.9186307637723,1.0,188.0,35.400000000000006,364.0,0.05056348190809961,0.9986799358759753,70.80000000000001
15049,338.9058777262529,0.0,0.0,0.0,273.0,0.02900904696075684,1.0,0.0
13043,338.9058777262529,0.0,0.0,0.0,273.0,0.02900904696075684,1.0,0.0
13226,338.9058777262529,0.0,0.0,0.0,273.0,0.02900904696075684,1.0,0.0
16766,338.9058777262529,0.0,0.0,0.0,273.0,0.02900904696075684,1.0,0.0
15308,337.9179231900678,0.0,0.0,0.0,274.0,0.028924450444197315,1.0,0.0
18086,337.9179231900678,0.0,0.0,0.0,274.0,0.028924450444197315,1.0,0.0
14350,337.9179231900678,0.0,0.0,0.0,274.0,0.028924450444197315,1.0,0.0
16625,337.9179231900678,0.0,0.0,0.0,274.0,0.028924450444197315,1.0,0.0
14603,337.9179231900678,0.0,0.0,0.0,274.0,0.028924450444197315,1.0,0.0
16471,337.9179231900678,0.0,0.0,0.0,274.0,0.028924450444197315,1.0,0.0
14727,337.9179231900678,0.0,0.0,0.0,274.0,0.028924450444197315,1.0,0.0
17138,336.9357121417372,0.0,0.0,0.0,275.0,0.028840345895657853,1.0,0.0
14165,336.9357121417372,0.0,0.0,0.0,275.0,0.028840345895657853,1.0,0.0
12881,336.9357121417372,0.0,0.0,0.0,275.0,0.028840345895657853,1.0,0.0
14586,335.95919464018573,0.0,0.0,0.0,276.0,0.028756729036046865,1.0,0.0
17639,335.95919464018573,0.0,0.0,0.0,276.0,0.028756729036046865,1.0,0.0
15234,335.95919464018573,0.0,0.0,0.0,276.0,0.028756729036046865,1.0,0.0
16917,335.95919464018573,0.0,0.0,0.0,276.0,0.028756729036046865,1.0,0.0
12623,335.95919464018573,0.0,0.0,0.0,276.0,0.028756729036046865,1.0,0.0
15944,335.95919464018573,0.0,0.0,0.0,276.0,0.028756729036046865,1.0,0.0
15554,334.98832132167604,0.0,0.0,0.0,277.0,0.02867359563575538,1.0,0.0
18280,334.98832132167604,0.0,0.0,0.0,277.0,0.02867359563575538,1.0,0.0
14012,334.98832132167604,0.0,0.0,0.0,277.0,0.02867359563575538,1.0,0.0
16517,334.98832132167604,0.0,0.0,0.0,277.0,0.02867359563575538,1.0,0.0
17654,334.98832132167604,0.0,0.0,0.0,277.0,0.02867359563575538,1.0,0.0
12614,334.98832132167604,0.0,0.0,0.0,277.0,0.02867359563575538,1.0,0.0
15869,334.98832132167604,0.0,0.0,0.0,277.0,0.02867359563575538,1.0,0.0
14247,334.02304339149873,0.0,0.0,0.0,278.0,0.028590941513943615,1.0,0.0
15512,333.5266903022135,1.0,204.0,19.799999999999997,359.0,0.05116262391345063,0.9988424923289043,39.599999999999994
13382,332.1090813134735,0.0,0.0,0.0,280.0,0.028427054622044902,1.0,0.0
14570,332.1090813134735,0.0,0.0,0.0,280.0,0.028427054622044902,1.0,0.0
17508,332.1090813134735,0.0,0.0,0.0,280.0,0.028427054622044902,1.0,0.0
14670,332.1090813134735,0.0,0.0,0.0,280.0,0.028427054622044902,1.0,0.0
17535,332.1090813134735,0.0,0.0,0.0,280.0,0.028427054622044902,1.0,0.0
17325,332.1090813134735,0.0,0.0,0.0,280.0,0.028427054622044902,1.0,0.0
17789,331.16030234843294,0.0,0.0,0.0,281.0,0.02834581372787257,1.0,0.0
15087,331.16030234843294,0.0,0.0,0.0,281.0,0.02834581372787257,1.0,0.0
14483,331.16030234843294,0.0,0.0,0.0,281.0,0.02834581372787257,1.0,0.0
12817,331.16030234843294,0.0,0.0,0.0,281.0,0.02834581372787257,1.0,0.0
17995,331.16030234843294,0.0,0.0,0.0,281.0,0.02834581372787257,1.0,0.0
16159,331.16030234843294,0.0,0.0,0.0,281.0,0.02834581372787257,1.0,0.0
12834,330.216929121674,0.0,0.0,0.0,282.0,0.02826503586267069,1.0,0.0
17923,330.216929121674,0.0,0.0,0.0,282.0,0.02826503586267069,1.0,0.0
16792,330.216929121674,0.0,0.0,0.0,282.0,0.02826503586267069,1.0,0.0
12873,330.216929121674,0.0,0.0,0.0,282.0,0.02826503586267069,1.0,0.0
15733,330.216929121674,0.0,0.0,0.0,282.0,0.02826503586267069,1.0,0.0
15709,329.2789155637291,0.0,0.0,0.0,283.0,0.028184717079160305,1.0,0.0
16078,329.2789155637291,0.0,0.0,0.0,283.0,0.028184717079160305,1.0,0.0
12866,329.2789155637291,0.0,0.0,0.0,283.0,0.028184717079160305,1.0,0.0
15319,329.2789155637291,0.0,0.0,0.0,283.0,0.028184717079160305,1.0,0.0
13166,329.2789155637291,0.0,0.0,0.0,283.0,0.028184717079160305,1.0,0.0
15257,329.2789155637291,0.0,0.0,0.0,283.0,0.028184717079160305,1.0,0.0
14036,328.3462161271562,0.0,0.0,0.0,284.0,0.028104853474813646,1.0,0.0
16339,328.3462161271562,0.0,0.0,0.0,284.0,0.028104853474813646,1.0,0.0
17165,328.3462161271562,0.0,0.0,0.0,284.0,0.028104853474813646,1.0,0.0
12509,328.3462161271562,0.0,0.0,0.0,284.0,0.028104853474813646,1.0,0.0
14046,328.3462161271562,0.0,0.0,0.0,284.0,0.028104853474813646,1.0,0.0
13684,327.4187857791556,0.0,0.0,0.0,285.0,0.02802544119120604,1.0,0.0
16598,327.4187857791556,0.0,0.0,0.0,285.0,0.02802544119120604,1.0,0.0
12755,326.7086205639124,1.0,85.0,17.549999999999997,365.0,0.05034326833985976,0.9966273340301083,35.099999999999994
13973,325.5795547475773,0.0,0.0,0.0,287.0,0.02786795536932187,1.0,0.0
13345,325.5795547475773,0.0,0.0,0.0,287.0,0.02786795536932187,1.0,0.0
13753,325.5795547475773,0.0,0.0,0.0,287.0,0.02786795536932187,1.0,0.0
12361,325.5795547475773,0.0,0.0,0.0,287.0,0.02786795536932187,1.0,0.0
17194,325.54450543066696,1.0,87.0,10.0,360.0,0.05093765817119296,0.9967744671061567,20.0
13501,324.6676665070214,0.0,0.0,0.0,288.0,0.027789874329196163,1.0,0.0
12945,324.6676665070214,0.0,0.0,0.0,288.0,0.027789874329196163,1.0,0.0
15543,324.6676665070214,0.0,0.0,0.0,288.0,0.027789874329196163,1.0,0.0
16072,324.6676665070214,0.0,0.0,0.0,288.0,0.027789874329196163,1.0,0.0
18056,324.6676665070214,0.0,0.0,0.0,288.0,0.027789874329196163,1.0,0.0
17117,324.6676665070214,0.0,0.0,0.0,288.0,0.027789874329196163,1.0,0.0
12565,324.6676665070214,0.0,0.0,0.0,288.0,0.027789874329196163,1.0,0.0
13751,324.6676665070214,0.0,0.0,0.0,288.0,0.027789874329196163,1.0,0.0
17499,323.76087222719343,0.0,0.0,0.0,289.0,0.027712229604912337,1.0,0.0
15397,323.76087222719343,0.0,0.0,0.0,289.0,0.027712229604912337,1.0,0.0
17171,323.76087222719343,0.0,0.0,0.0,289.0,0.027712229604912337,1.0,0.0
18068,323.76087222719343,0.0,0.0,0.0,289.0,0.027712229604912337,1.0,0.0
15303,322.85912934222307,0.0,0.0,0.0,290.0,0.027635017549468534,1.0,0.0
18114,322.85912934222307,0.0,0.0,0.0,290.0,0.027635017549468534,1.0,0.0
16349,322.85912934222307,0.0,0.0,0.0,290.0,0.027635017549468534,1.0,0.0
16913,322.85912934222307,0.0,0.0,0.0,290.0,0.027635017549468534,1.0,0.0
12365,321.96239575917747,0.0,0.0,0.0,291.0,0.027558234556396298,1.0,0.0
12707,321.96239575917747,0.0,0.0,0.0,291.0,0.027558234556396298,1.0,0.0
13044,321.96239575917747,0.0,0.0,0.0,291.0,0.027558234556396298,1.0,0.0
12988,321.0706298515195,0.0,0.0,0.0,292.0,0.027481877059196993,1.0,0.0
14865,320.7888236041305,1.0,365.0,15.0,372.0,0.04968559992455117,0.9994755487129574,30.0
12852,319.30183684963674,0.0,0.0,0.0,294.0,0.02733042448297624,1.0,0.0
13932,319.30183684963674,0.0,0.0,0.0,294.0,0.02733042448297624,1.0,0.0
16765,319.30183684963674,0.0,0.0,0.0,294.0,0.02733042448297624,1.0,0.0
13151,318.42472877685196,0.0,0.0,0.0,295.0,0.027255322465886994,1.0,0.0
14371,318.42472877685196,0.0,0.0,0.0,295.0,0.027255322465886994,1.0,0.0
18138,318.42472877685196,0.0,0.0,0.0,295.0,0.027255322465886994,1.0,0.0
15670,317.55242640997517,0.0,0.0,0.0,296.0,0.027180632067475834,1.0,0.0
14386,317.55242640997517,0.0,0.0,0.0,296.0,0.027180632067475834,1.0,0.0
16148,317.55242640997517,0.0,0.0,0.0,296.0,0.027180632067475834,1.0,0.0
16509,317.55242640997517,0.0,0.0,0.0,296.0,0.027180632067475834,1.0,0.0
16494,317.55242640997517,0.0,0.0,0.0,296.0,0.027180632067475834,1.0,0.0
14935,316.68489035990433,0.0,0.0,0.0,297.0,0.02710634991299583,1.0,0.0
13893,316.68489035990433,0.0,0.0,0.0,297.0,0.02710634991299583,1.0,0.0
16073,316.68489035990433,0.0,0.0,0.0,297.0,0.02710634991299583,1.0,0.0
16738,316.68489035990433,0.0,0.0,0.0,297.0,0.02710634991299583,1.0,0.0
14760,316.68489035990433,0.0,0.0,0.0,297.0,0.02710634991299583,1.0,0.0
15236,315.82208166682904,0.0,0.0,0.0,298.0,0.02703247266449085,1.0,0.0
17829,315.82208166682904,0.0,0.0,0.0,298.0,0.02703247266449085,1.0,0.0
16084,314.9639617944119,0.0,0.0,0.0,299.0,0.02695899702029474,1.0,0.0
18159,313.2616364491695,0.0,0.0,0.0,301.0,0.02681323751667363,1.0,0.0
12561,312.4173559698087,0.0,0.0,0.0,302.0,0.02674094723098834,1.0,0.0
13706,312.4173559698087,0.0,0.0,0.0,302.0,0.02674094723098834,1.0,0.0
16425,312.4173559698087,0.0,0.0,0.0,302.0,0.02674094723098834,1.0,0.0
14431,312.4173559698087,0.0,0.0,0.0,302.0,0.02674094723098834,1.0,0.0
12401,311.5776142870179,0.0,0.0,0.0,303.0,0.026669045696138403,1.0,0.0
15970,311.5776142870179,0.0,0.0,0.0,303.0,0.026669045696138403,1.0,0.0
15843,311.5776142870179,0.0,0.0,0.0,303.0,0.026669045696138403,1.0,0.0
17843,311.5776142870179,0.0,0.0,0.0,303.0,0.026669045696138403,1.0,0.0
17859,310.7423748975451,0.0,0.0,0.0,304.0,0.026597529784690054,1.0,0.0
17881,310.7423748975451,0.0,0.0,0.0,304.0,0.026597529784690054,1.0,0.0
15753,310.7423748975451,0.0,0.0,0.0,304.0,0.026597529784690054,1.0,0.0
13809,309.91160168853673,0.0,0.0,0.0,305.0,0.026526396402672715,1.0,0.0
14048,309.91160168853673,0.0,0.0,0.0,305.0,0.026526396402672715,1.0,0.0
14600,309.91160168853673,0.0,0.0,0.0,305.0,0.026526396402672715,1.0,0.0
14438,309.0852589323376,0.0,0.0,0.0,306.0,0.026455642489120444,1.0,0.0
13584,309.0852589323376,0.0,0.0,0.0,306.0,0.026455642489120444,1.0,0.0
12956,309.0852589323376,0.0,0.0,0.0,306.0,0.026455642489120444,1.0,0.0
12410,307.4457237630449,0.0,0.0,0.0,308.0,0.026315260985967825,1.0,0.0
17226,307.4457237630449,0.0,0.0,0.0,308.0,0.026315260985967825,1.0,0.0
17517,307.4457237630449,0.0,0.0,0.0,308.0,0.026315260985967825,1.0,0.0
17291,307.4457237630449,0.0,0.0,0.0,308.0,0.026315260985967825,1.0,0.0
15090,307.4457237630449,0.0,0.0,0.0,308.0,0.026315260985967825,1.0,0.0
16030,306.63246177490436,0.0,0.0,0.0,309.0,0.026245627435575257,1.0,0.0
13581,306.63246177490436,0.0,0.0,0.0,309.0,0.026245627435575257,1.0,0.0
13800,306.63246177490436,0.0,0.0,0.0,309.0,0.026245627435575257,1.0,0.0
14497,306.63246177490436,0.0,0.0,0.0,309.0,0.026245627435575257,1.0,0.0
15226,305.82349107964,0.0,0.0,0.0,310.0,0.026176361431211555,1.0,0.0
18250,305.82349107964,0.0,0.0,0.0,310.0,0.026176361431211555,1.0,0.0
12350,305.82349107964,0.0,0.0,0.0,310.0,0.026176361431211555,1.0,0.0
14457,305.82349107964,0.0,0.0,0.0,310.0,0.026176361431211555,1.0,0.0
14411,305.82349107964,0.0,0.0,0.0,310.0,0.026176361431211555,1.0,0.0
12929,305.018777800336,0.0,0.0,0.0,311.0,0.02610746007051567,1.0,0.0
14549,305.018777800336,0.0,0.0,0.0,311.0,0.02610746007051567,1.0,0.0
12373,305.018777800336,0.0,0.0,0.0,311.0,0.02610746007051567,1.0,0.0
17356,305.018777800336,0.0,0.0,0.0,311.0,0.02610746007051567,1.0,0.0
13494,305.018777800336,0.0,0.0,0.0,311.0,0.02610746007051567,1.0,0.0
15940,305.018777800336,0.0,0.0,0.0,311.0,0.02610746007051567,1.0,0.0
14850,305.018777800336,0.0,0.0,0.0,311.0,0.02610746007051567,1.0,0.0
13600,304.2182884157301,0.0,0.0,0.0,312.0,0.026038920481601523,1.0,0.0
16403,304.2182884157301,0.0,0.0,0.0,312.0,0.026038920481601523,1.0,0.0
17239,304.2182884157301,0.0,0.0,0.0,312.0,0.026038920481601523,1.0,0.0
17619,304.2182884157301,0.0,0.0,0.0,312.0,0.026038920481601523,1.0,0.0
15448,304.2182884157301,0.0,0.0,0.0,312.0,0.026038920481601523,1.0,0.0
13161,303.42198975554805,0.0,0.0,0.0,313.0,0.025970739822668648,1.0,0.0
17431,303.42198975554805,0.0,0.0,0.0,313.0,0.025970739822668648,1.0,0.0
15415,303.42198975554805,0.0,0.0,0.0,313.0,0.025970739822668648,1.0,0.0
12574,301.84183365497734,0.0,0.0,0.0,315.0,0.02583544407556617,1.0,0.0
12764,301.05791158816436,0.0,0.0,0.0,316.0,0.02576832345067829,1.0,0.0
13328,301.05791158816436,0.0,0.0,0.0,316.0,0.02576832345067829,1.0,0.0
12591,300.2780509841134,0.0,0.0,0.0,317.0,0.025701550681578155,1.0,0.0
17118,300.2780509841134,0.0,0.0,0.0,317.0,0.025701550681578155,1.0,0.0
16124,300.2780509841134,0.0,0.0,0.0,317.0,0.025701550681578155,1.0,0.0
16757,299.5022203602368,0.0,0.0,0.0,318.0,0.025635123071087285,1.0,0.0
13703,299.5022203602368,0.0,0.0,0.0,318.0,0.025635123071087285,1.0,0.0
16222,299.5022203602368,0.0,0.0,0.0,318.0,0.025635123071087285,1.0,0.0
14248,299.5022203602368,0.0,0.0,0.0,318.0,0.025635123071087285,1.0,0.0
13002,299.5022203602368,0.0,0.0,0.0,318.0,0.025635123071087285,1.0,0.0
15222,299.5022203602368,0.0,0.0,0.0,318.0,0.025635123071087285,1.0,0.0
13615,299.5022203602368,0.0,0.0,0.0,318.0,0.025635123071087285,1.0,0.0
15820,298.7303885584828,0.0,0.0,0.0,319.0,0.025569037949835463,1.0,0.0
14782,298.7303885584828,0.0,0.0,0.0,319.0,0.025569037949835463,1.0,0.0
13551,298.7303885584828,0.0,0.0,0.0,319.0,0.025569037949835463,1.0,0.0
14439,298.7303885584828,0.0,0.0,0.0,319.0,0.025569037949835463,1.0,0.0
14368,298.7303885584828,0.0,0.0,0.0,319.0,0.025569037949835463,1.0,0.0
15052,298.7303885584828,0.0,0.0,0.0,319.0,0.025569037949835463,1.0,0.0
14130,298.7303885584828,0.0,0.0,0.0,319.0,0.025569037949835463,1.0,0.0
15167,297.9625247411955,0.0,0.0,0.0,320.0,0.025503292675916212,1.0,0.0
14068,297.9625247411955,0.0,0.0,0.0,320.0,0.025503292675916212,1.0,0.0
17714,297.9625247411955,0.0,0.0,0.0,320.0,0.025503292675916212,1.0,0.0
17094,296.4385792867013,0.0,0.0,0.0,322.0,0.025372811237581748,1.0,0.0
16387,296.4385792867013,0.0,0.0,0.0,322.0,0.025372811237581748,1.0,0.0
15174,296.4385792867013,0.0,0.0,0.0,322.0,0.025372811237581748,1.0,0.0
17862,295.68243753942744,0.0,0.0,0.0,323.0,0.02530806992347397,1.0,0.0
15262,295.68243753942744,0.0,0.0,0.0,323.0,0.02530806992347397,1.0,0.0
12402,295.68243753942744,0.0,0.0,0.0,323.0,0.02530806992347397,1.0,0.0
15422,295.68243753942744,0.0,0.0,0.0,323.0,0.02530806992347397,1.0,0.0
13008,295.68243753942744,0.0,0.0,0.0,323.0,0.02530806992347397,1.0,0.0
12665,294.93014354857866,0.0,0.0,0.0,324.0,0.025243658156636057,1.0,0.0
14090,294.93014354857866,0.0,0.0,0.0,324.0,0.025243658156636057,1.0,0.0
18233,294.18166801803847,0.0,0.0,0.0,325.0,0.025179573427251793,1.0,0.0
12346,294.18166801803847,0.0,0.0,0.0,325.0,0.025179573427251793,1.0,0.0
15395,294.18166801803847,0.0,0.0,0.0,325.0,0.025179573427251793,1.0,0.0
13898,294.18166801803847,0.0,0.0,0.0,325.0,0.025179573427251793,1.0,0.0
13859,293.4369819483421,0.0,0.0,0.0,326.0,0.02511581325093216,1.0,0.0
14238,293.4369819483421,0.0,0.0,0.0,326.0,0.02511581325093216,1.0,0.0
18212,293.4369819483421,0.0,0.0,0.0,326.0,0.02511581325093216,1.0,0.0
15316,293.4369819483421,0.0,0.0,0.0,326.0,0.02511581325093216,1.0,0.0
13385,291.2253748813861,0.0,0.0,0.0,329.0,0.024926455571064744,1.0,0.0
18106,291.2253748813861,0.0,0.0,0.0,329.0,0.024926455571064744,1.0,0.0
12672,291.2253748813861,0.0,0.0,0.0,329.0,0.024926455571064744,1.0,0.0
16315,290.4955624637694,0.0,0.0,0.0,330.0,0.024863969260385997,1.0,0.0
15447,290.4955624637694,0.0,0.0,0.0,330.0,0.024863969260385997,1.0,0.0
13284,290.4955624637694,0.0,0.0,0.0,330.0,0.024863969260385997,1.0,0.0
15510,290.4955624637694,0.0,0.0,0.0,330.0,0.024863969260385997,1.0,0.0
12652,289.7693988304708,0.0,0.0,0.0,331.0,0.024801795451073506,1.0,0.0
14185,289.7693988304708,0.0,0.0,0.0,331.0,0.024801795451073506,1.0,0.0
15171,289.7693988304708,0.0,0.0,0.0,331.0,0.024801795451073506,1.0,0.0
14270,289.7693988304708,0.0,0.0,0.0,331.0,0.024801795451073506,1.0,0.0
12736,289.04685668528043,0.0,0.0,0.0,332.0,0.024739931804691032,1.0,0.0
15346,289.04685668528043,0.0,0.0,0.0,332.0,0.024739931804691032,1.0,0.0
16351,289.04685668528043,0.0,0.0,0.0,332.0,0.024739931804691032,1.0,0.0
17569,289.04685668528043,0.0,0.0,0.0,332.0,0.024739931804691032,1.0,0.0
13144,289.04685668528043,0.0,0.0,0.0,332.0,0.024739931804691032,1.0,0.0
15326,288.3279090035837,0.0,0.0,0.0,333.0,0.02467837600607131,1.0,0.0
16850,288.3279090035837,0.0,0.0,0.0,333.0,0.02467837600607131,1.0,0.0
17128,287.61252902899014,0.0,0.0,0.0,334.0,0.02461712576303556,1.0,0.0
12651,287.61252902899014,0.0,0.0,0.0,334.0,0.02461712576303556,1.0,0.0
18032,287.61252902899014,0.0,0.0,0.0,334.0,0.02461712576303556,1.0,0.0
14889,286.1923664968277,0.0,0.0,0.0,336.0,0.02449553288822438,1.0,0.0
12489,286.1923664968277,0.0,0.0,0.0,336.0,0.02449553288822438,1.0,0.0
15607,286.1923664968277,0.0,0.0,0.0,336.0,0.02449553288822438,1.0,0.0
12501,286.1923664968277,0.0,0.0,0.0,336.0,0.02449553288822438,1.0,0.0
13187,285.48753173798195,0.0,0.0,0.0,337.0,0.02443518578447468,1.0,0.0
15266,284.78616027728833,0.0,0.0,0.0,338.0,0.0243751352918071,1.0,0.0
15464,284.78616027728833,0.0,0.0,0.0,338.0,0.0243751352918071,1.0,0.0
16282,284.08822665066236,0.0,0.0,0.0,339.0,0.024315379228782828,1.0,0.0
13922,275.9722362853422,0.0,0.0,0.0,351.0,0.02362050630469228,1.0,0.0
15562,275.9722362853422,0.0,0.0,0.0,351.0,0.02362050630469228,1.0,0.0
13304,275.9722362853422,0.0,0.0,0.0,351.0,0.02362050630469228,1.0,0.0
12734,275.31678656264273,0.0,0.0,0.0,352.0,0.023564388680912592,1.0,0.0
16270,274.66444300148896,0.0,0.0,0.0,353.0,0.023508537073760386,1.0,0.0
12515,274.66444300148896,0.0,0.0,0.0,353.0,0.023508537073760386,1.0,0.0
15279,274.01518357354655,0.0,0.0,0.0,354.0,0.02345294959619876,1.0,0.0
15460,274.01518357354655,0.0,0.0,0.0,354.0,0.02345294959619876,1.0,0.0
17343,273.36898645829564,0.0,0.0,0.0,355.0,0.023397624378985505,1.0,0.0
15204,272.08569290817746,0.0,0.0,0.0,357.0,0.023287753336452027,1.0,0.0
15160,272.08569290817746,0.0,0.0,0.0,357.0,0.023287753336452027,1.0,0.0
12551,272.08569290817746,0.0,0.0,0.0,357.0,0.023287753336452027,1.0,0.0
13033,272.08569290817746,0.0,0.0,0.0,357.0,0.023287753336452027,1.0,0.0
18176,271.448553849472,0.0,0.0,0.0,358.0,0.023233203859818648,1.0,0.0
14373,271.448553849472,0.0,0.0,0.0,358.0,0.023233203859818648,1.0,0.0
13874,271.448553849472,0.0,0.0,0.0,358.0,0.023233203859818648,1.0,0.0
15789,271.448553849472,0.0,0.0,0.0,358.0,0.023233203859818648,1.0,0.0
17496,271.448553849472,0.0,0.0,0.0,358.0,0.023233203859818648,1.0,0.0
18050,270.81439185105637,0.0,0.0,0.0,359.0,0.023178909340508966,1.0,0.0
17752,270.81439185105637,0.0,0.0,0.0,359.0,0.023178909340508966,1.0,0.0
17525,270.81439185105637,0.0,0.0,0.0,359.0,0.023178909340508966,1.0,0.0
17551,270.81439185105637,0.0,0.0,0.0,359.0,0.023178909340508966,1.0,0.0
13295,270.81439185105637,0.0,0.0,0.0,359.0,0.023178909340508966,1.0,0.0
16202,270.1831860954547,0.0,0.0,0.0,360.0,0.02312486799523397,1.0,0.0
16812,270.1831860954547,0.0,0.0,0.0,360.0,0.02312486799523397,1.0,0.0
13948,270.1831860954547,0.0,0.0,0.0,360.0,0.02312486799523397,1.0,0.0
17303,269.55491595883393,0.0,0.0,0.0,361.0,0.023071078057295323,1.0,0.0
15361,269.55491595883393,0.0,0.0,0.0,361.0,0.023071078057295323,1.0,0.0
17524,269.55491595883393,0.0,0.0,0.0,361.0,0.023071078057295323,1.0,0.0
16665,268.92956100875483,0.0,0.0,0.0,362.0,0.02301753777639456,1.0,0.0
14413,268.92956100875483,0.0,0.0,0.0,362.0,0.02301753777639456,1.0,0.0
15454,268.92956100875483,0.0,0.0,0.0,362.0,0.02301753777639456,1.0,0.0
15503,268.92956100875483,0.0,0.0,0.0,362.0,0.02301753777639456,1.0,0.0
18004,268.92956100875483,0.0,0.0,0.0,362.0,0.02301753777639456,1.0,0.0
17251,268.92956100875483,0.0,0.0,0.0,362.0,0.02301753777639456,1.0,0.0
15723,267.6875158822208,0.0,0.0,0.0,364.0,0.022911199265379767,1.0,0.0
17880,267.6875158822208,0.0,0.0,0.0,364.0,0.022911199265379767,1.0,0.0
16727,267.6875158822208,0.0,0.0,0.0,364.0,0.022911199265379767,1.0,0.0
16565,267.6875158822208,0.0,0.0,0.0,364.0,0.022911199265379767,1.0,0.0
14082,267.6875158822208,0.0,0.0,0.0,364.0,0.022911199265379767,1.0,0.0
12785,267.6875158822208,0.0,0.0,0.0,364.0,0.022911199265379767,1.0,0.0
16795,267.07078577809557,0.0,0.0,0.0,365.0,0.022858397614970927,1.0,0.0
17456,267.07078577809557,0.0,0.0,0.0,365.0,0.022858397614970927,1.0,0.0
16065,267.07078577809557,0.0,0.0,0.0,365.0,0.022858397614970927,1.0,0.0
14437,267.07078577809557,0.0,0.0,0.0,365.0,0.022858397614970927,1.0,0.0
15945,267.07078577809557,0.0,0.0,0.0,365.0,0.022858397614970927,1.0,0.0
12797,267.07078577809557,0.0,0.0,0.0,365.0,0.022858397614970927,1.0,0.0
13369,267.07078577809557,0.0,0.0,0.0,365.0,0.022858397614970927,1.0,0.0
14932,267.07078577809557,0.0,0.0,0.0,365.0,0.022858397614970927,1.0,0.0
14355,267.07078577809557,0.0,0.0,0.0,365.0,0.022858397614970927,1.0,0.0
17978,267.07078577809557,0.0,0.0,0.0,365.0,0.022858397614970927,1.0,0.0
15221,266.45689100090283,0.0,0.0,0.0,366.0,0.02280583878065043,1.0,0.0
14821,266.45689100090283,0.0,0.0,0.0,366.0,0.02280583878065043,1.0,0.0
16679,266.45689100090283,0.0,0.0,0.0,366.0,0.02280583878065043,1.0,0.0
12441,266.45689100090283,0.0,0.0,0.0,366.0,0.02280583878065043,1.0,0.0
15347,266.45689100090283,0.0,0.0,0.0,366.0,0.02280583878065043,1.0,0.0
15973,266.45689100090283,0.0,0.0,0.0,366.0,0.02280583878065043,1.0,0.0
16893,266.45689100090283,0.0,0.0,0.0,366.0,0.02280583878065043,1.0,0.0
18269,266.45689100090283,0.0,0.0,0.0,366.0,0.02280583878065043,1.0,0.0
13270,266.45689100090283,0.0,0.0,0.0,366.0,0.02280583878065043,1.0,0.0
16125,265.8458120425742,0.0,0.0,0.0,367.0,0.022753521091316585,1.0,0.0
13786,265.8458120425742,0.0,0.0,0.0,367.0,0.022753521091316585,1.0,0.0
15180,265.8458120425742,0.0,0.0,0.0,367.0,0.022753521091316585,1.0,0.0
18119,265.8458120425742,0.0,0.0,0.0,367.0,0.022753521091316585,1.0,0.0
13807,265.8458120425742,0.0,0.0,0.0,367.0,0.022753521091316585,1.0,0.0
18113,265.2375295735978,0.0,0.0,0.0,368.0,0.022701442891177544,1.0,0.0
15899,265.2375295735978,0.0,0.0,0.0,368.0,0.022701442891177544,1.0,0.0
16858,265.2375295735978,0.0,0.0,0.0,368.0,0.022701442891177544,1.0,0.0
17860,265.2375295735978,0.0,0.0,0.0,368.0,0.022701442891177544,1.0,0.0
16658,265.2375295735978,0.0,0.0,0.0,368.0,0.022701442891177544,1.0,0.0
14813,264.6320244409797,0.0,0.0,0.0,369.0,0.022649602539561765,1.0,0.0
15880,264.6320244409797,0.0,0.0,0.0,369.0,0.022649602539561765,1.0,0.0
16718,264.6320244409797,0.0,0.0,0.0,369.0,0.022649602539561765,1.0,0.0
14589,263.4292704434109,0.0,0.0,0.0,371.0,0.02254662889379827,1.0,0.0
13370,263.4292704434109,0.0,0.0,0.0,371.0,0.02254662889379827,1.0,0.0
16926,263.4292704434109,0.0,0.0,0.0,371.0,0.02254662889379827,1.0,0.0
12725,263.4292704434109,0.0,0.0,0.0,371.0,0.02254662889379827,1.0,0.0
17967,263.4292704434109,0.0,0.0,0.0,371.0,0.02254662889379827,1.0,0.0
12686,263.4292704434109,0.0,0.0,0.0,371.0,0.02254662889379827,1.0,0.0
15363,262.83198413710926,0.0,0.0,0.0,372.0,0.022495492392393696,1.0,0.0
16754,262.83198413710926,0.0,0.0,0.0,372.0,0.022495492392393696,1.0,0.0
16781,262.83198413710926,0.0,0.0,0.0,372.0,0.022495492392393696,1.0,0.0
15070,262.83198413710926,0.0,0.0,0.0,372.0,0.022495492392393696,1.0,0.0
17732,262.83198413710926,0.0,0.0,0.0,372.0,0.022495492392393696,1.0,0.0
12738,262.83198413710926,0.0,0.0,0.0,372.0,0.022495492392393696,1.0,0.0
15923,262.83198413710926,0.0,0.0,0.0,372.0,0.022495492392393696,1.0,0.0
15823,262.83198413710926,0.0,0.0,0.0,372.0,0.022495492392393696,1.0,0.0
13108,262.83198413710926,0.0,0.0,0.0,372.0,0.022495492392393696,1.0,0.0
16752,262.83198413710926,0.0,0.0,0.0,372.0,0.022495492392393696,1.0,0.0
16510,262.83198413710926,0.0,0.0,0.0,372.0,0.022495492392393696,1.0,0.0
14576,262.83198413710926,0.0,0.0,0.0,372.0,0.022495492392393696,1.0,0.0
17976,262.83198413710926,0.0,0.0,0.0,372.0,0.022495492392393696,1.0,0.0
12855,262.83198413710926,0.0,0.0,0.0,372.0,0.022495492392393696,1.0,0.0
17855,262.83198413710926,0.0,0.0,0.0,372.0,0.022495492392393696,1.0,0.0
13011,262.83198413710926,0.0,0.0,0.0,372.0,0.022495492392393696,1.0,0.0
17925,262.83198413710926,0.0,0.0,0.0,372.0,0.022495492392393696,1.0,0.0
15165,262.2374002805863,0.0,0.0,0.0,373.0,0.02244458732465411,1.0,0.0
13747,262.2374002805863,0.0,0.0,0.0,373.0,0.02244458732465411,1.0,0.0
16274,262.2374002805863,0.0,0.0,0.0,373.0,0.02244458732465411,1.0,0.0
14142,262.2374002805863,0.0,0.0,0.0,373.0,0.02244458732465411,1.0,0.0
18074,262.2374002805863,0.0,0.0,0.0,373.0,0.02244458732465411,1.0,0.0
15922,262.2374002805863,0.0,0.0,0.0,373.0,0.02244458732465411,1.0,0.0
17908,262.2374002805863,0.0,0.0,0.0,373.0,0.02244458732465411,1.0,0.0
15350,262.2374002805863,0.0,0.0,0.0,373.0,0.02244458732465411,1.0,0.0
14237,262.2374002805863,0.0,0.0,0.0,373.0,0.02244458732465411,1.0,0.0
16583,262.2374002805863,0.0,0.0,0.0,373.0,0.02244458732465411,1.0,0.0
17968,262.2374002805863,0.0,0.0,0.0,373.0,0.02244458732465411,1.0,0.0
14729,262.2374002805863,0.0,0.0,0.0,373.0,0.02244458732465411,1.0,0.0
18011,262.2374002805863,0.0,0.0,0.0,373.0,0.02244458732465411,1.0,0.0
13065,262.2374002805863,0.0,0.0,0.0,373.0,0.02244458732465411,1.0,0.0
16048,262.2374002805863,0.0,0.0,0.0,373.0,0.02244458732465411,1.0,0.0
12791,262.2374002805863,0.0,0.0,0.0,373.0,0.02244458732465411,1.0,0.0
17643,262.2374002805863,0.0,0.0,0.0,373.0,0.02244458732465411,1.0,0.0
