CustomerID,Segment,Recency,Frequency,Monetary,Predicted_CLV_12m,Churn_Probability,Risk_Level,Recommended_Action
12346,Gold Tier,326,1,77183.6,294.18166801803847,0.9999776962114252,High,High Priority: Send retention offer
12347,Silver Tier,2,7,4310.0,3010.6975655071533,2.2303788574990185e-05,Low,Maintain: Standard loyalty program
12348,Silver Tier,75,4,1797.24,1006.785749714311,2.2303788574993156e-05,Low,Maintain: Standard loyalty program
12349,Silver Tier,19,1,1757.55,1332.1040378327834,2.230378857499007e-05,Low,Maintain: Standard loyalty program
12350,Inactive,310,1,334.4,305.82349107964,0.9999776962114252,High,Low Priority: Automated email only
12352,Silver Tier,36,8,2506.04,2370.7550443923924,2.230378857499003e-05,Low,Maintain: Standard loyalty program
12353,Inactive,204,1,89.0,424.55243579789015,0.9999776962114252,High,Low Priority: Automated email only
12354,Inactive,232,1,1079.4,385.0635714668843,0.9999776962114252,High,Low Priority: Automated email only
12355,Inactive,214,1,459.4,409.5523126461623,0.9999776962114252,High,Low Priority: Automated email only
12356,Silver Tier,23,3,2811.43,782.0819812103747,2.230378857499003e-05,Low,Maintain: Standard loyalty program
12357,Silver Tier,33,1,6207.67,1136.2013539108086,2.2303788574990663e-05,Low,Maintain: Standard loyalty program
12358,Silver Tier,2,2,1168.06,1518.406214599299,2.2303788574990148e-05,Low,Maintain: Standard loyalty program
12359,Silver Tier,58,4,6310.03,4847.581254224086,2.2303788574990974e-05,Low,Maintain: Standard loyalty program
12360,Silver Tier,52,3,2662.06,2311.670765624694,2.2303788574990307e-05,Low,Maintain: Standard loyalty program
12361,Inactive,287,1,189.9,325.5795547475773,0.9999776962114252,High,Low Priority: Automated email only
12362,Silver Tier,3,10,5226.2300000000005,4687.340986656016,2.2303788574990185e-05,Low,Maintain: Standard loyalty program
12363,Silver Tier,110,2,552.0,673.2151474041973,0.9999776962114252,High,Send: Standard win-back offer
12364,Silver Tier,8,4,1313.1,2005.7544878643228,2.2303788574990185e-05,Low,Maintain: Standard loyalty program
12365,Inactive,291,2,641.38,321.96239575917747,0.9999776962114252,High,Low Priority: Automated email only
12367,Silver Tier,4,1,168.9,1587.6067673138905,2.230378857499086e-05,Low,Maintain: Standard loyalty program
12370,Silver Tier,51,4,3541.94,1762.9576794072923,2.2303788574990785e-05,Low,Maintain: Standard loyalty program
12371,Silver Tier,45,2,1887.96,1874.4457158823593,2.230378857499003e-05,Low,Maintain: Standard loyalty program
12372,Silver Tier,72,3,1298.04,1141.1640145083736,2.2303788574991693e-05,Low,Maintain: Standard loyalty program
12373,Inactive,311,1,364.6,305.018777800336,0.9999776962114252,High,Low Priority: Automated email only
12374,Silver Tier,25,1,742.9300000000001,1232.9005241921468,2.2303788574990107e-05,Low,Maintain: Standard loyalty program
12375,Silver Tier,11,2,457.5,1210.1923455152787,2.230378857499007e-05,Low,Maintain: Standard loyalty program
12377,Inactive,315,2,1628.12,743.7685591855372,0.9999776962114252,High,Low Priority: Automated email only
12378,Silver Tier,130,1,4008.62,585.3455299462746,0.9999776962114252,High,Send: Standard win-back offer
12379,Silver Tier,82,2,852.24,1042.821709430169,2.2303788574993356e-05,Low,Maintain: Standard loyalty program
12380,Silver Tier,22,4,2724.81,3175.8717992489464,2.230378857499003e-05,Low,Maintain: Standard loyalty program
12381,Silver Tier,5,5,1845.31,1774.02747016479,2.230378857499007e-05,Low,Maintain: Standard loyalty program
12383,Inactive,185,5,1850.56,1290.8874700188408,0.9999776962114252,High,Low Priority: Automated email only
12384,Silver Tier,29,2,585.27,1161.9987065507648,2.2303788574989992e-05,Low,Maintain: Standard loyalty program
12386,Inactive,338,2,401.9,406.4320429186952,0.9999776962114252,High,Low Priority: Automated email only
12388,Silver Tier,16,6,2780.66,2287.2153109441033,2.230378857499003e-05,Low,Maintain: Standard loyalty program
12390,Silver Tier,80,1,549.84,783.0733593220475,2.230378857499312e-05,Low,Maintain: Standard loyalty program
12391,Silver Tier,22,1,439.66,1287.698184584735,2.230378857499007e-05,Low,Maintain: Standard loyalty program
12393,Silver Tier,72,4,1582.6,1239.064958479354,2.2303788574991693e-05,Low,Maintain: Standard loyalty program
12394,Silver Tier,64,2,1272.48,1370.5726709413168,2.2303788574990974e-05,Low,Maintain: Standard loyalty program
12395,Silver Tier,19,12,3018.63,2345.5187972437902,2.230378857499007e-05,Low,Maintain: Standard loyalty program
12397,Silver Tier,36,2,2409.9,2347.1009419392344,2.230378857499003e-05,Low,Maintain: Standard loyalty program
12398,Silver Tier,46,1,1635.66,1016.603648575807,2.2303788574990107e-05,Low,Maintain: Standard loyalty program
12399,Silver Tier,119,4,1108.65,1222.042541528601,0.9999776962114252,High,Send: Standard win-back offer
12401,Inactive,303,1,84.3,311.5776142870179,0.9999776962114252,High,Low Priority: Automated email only
12402,Inactive,323,1,225.6,295.68243753942744,0.9999776962114252,High,Low Priority: Automated email only
12403,Silver Tier,50,1,427.7,982.1439581906712,2.2303788574990148e-05,Low,Maintain: Standard loyalty program
12405,Inactive,149,1,1710.39,534.0998019112836,0.9999776962114252,High,Low Priority: Automated email only
12406,Silver Tier,22,2,3415.3,2580.0286652954956,2.230378857499007e-05,Low,Maintain: Standard loyalty program
12407,Silver Tier,50,5,1708.12,1859.8065092717056,2.2303788574990107e-05,Low,Maintain: Standard loyalty program
12408,Silver Tier,33,5,2888.55,2389.4582138932165,2.230378857499003e-05,Low,Maintain: Standard loyalty program
12409,Silver Tier,79,3,11072.67,6431.232600290743,2.2303788574994823e-05,Low,Maintain: Standard loyalty program
12410,Inactive,309,2,693.3299999999999,307.4457237630449,0.9999776962114252,High,Low Priority: Automated email only
12412,Silver Tier,75,3,1226.88,1512.4931633374072,2.230378857499312e-05,Low,Maintain: Standard loyalty program
12413,Silver Tier,67,3,758.1,564.5670274911122,2.2303788574990703e-05,Low,Maintain: Standard loyalty program
12414,Inactive,217,3,562.41,705.3295808831213,0.9999776962114252,High,Low Priority: Automated email only
12415,Platinum Tier,24,21,124914.53,96342.3746196274,2.2303788574990937e-05,Low,Maintain: Continue white-glove service
12417,Silver Tier,3,9,3649.1,2930.0385794904214,2.2303788574990148e-05,Low,Maintain: Standard loyalty program
12418,Silver Tier,113,1,668.58,640.3162225470167,0.9999776962114252,High,Send: Standard win-back offer
12420,Silver Tier,64,1,600.39,877.9831095133258,2.2303788574990703e-05,Low,Maintain: Standard loyalty program
12421,Silver Tier,16,4,807.04,904.2696576814528,2.2303788574989992e-05,Low,Maintain: Standard loyalty program
12422,Silver Tier,96,3,803.5600000000001,803.1320188131793,0.9999776962114252,High,Send: Standard win-back offer
12423,Silver Tier,1,8,1859.31,1612.0745574288464,2.2303788574990185e-05,Low,Maintain: Standard loyalty program
12424,Inactive,163,2,1760.96,501.73383744486046,0.9999776962114252,High,Low Priority: Automated email only
12425,Silver Tier,78,1,777.2,788.3999061904082,2.230378857499229e-05,Low,Maintain: Standard loyalty program
12426,Inactive,195,1,582.73,440.69317179989525,0.9999776962114252,High,Low Priority: Automated email only
12427,Silver Tier,22,3,825.8,688.3194438651655,2.2303788574989992e-05,Low,Maintain: Standard loyalty program
12428,Silver Tier,26,9,7956.46,3169.546632834737,2.2303788574990107e-05,Low,Maintain: Standard loyalty program
12429,Silver Tier,9,4,3750.4,2111.0536245683907,2.230378857499007e-05,Low,Maintain: Standard loyalty program
12430,Silver Tier,43,1,256.4,1034.75663059681,2.230378857499003e-05,Low,Maintain: Standard loyalty program
12431,Gold Tier,36,15,6419.95,4875.216051307276,2.2303788574990385e-05,Low,Maintain: VIP loyalty program
12432,Silver Tier,43,5,5059.32,2786.1151243148706,2.230378857499007e-05,Low,Maintain: Standard loyalty program
12433,Silver Tier,1,7,13375.87,8625.387710487077,2.2303788574990785e-05,Low,Maintain: Standard loyalty program
12434,Silver Tier,85,2,806.14,868.5592299211354,2.2303788574994623e-05,Low,Maintain: Standard loyalty program
12435,Silver Tier,80,2,7829.89,3684.9319105546056,2.2303788574995416e-05,Low,Maintain: Standard loyalty program
12436,Silver Tier,100,1,509.01,689.8589465351988,0.9999776962114252,High,Send: Standard win-back offer
12437,Gold Tier,2,18,4951.41,4157.177030304067,2.2303788574990385e-05,Low,Maintain: VIP loyalty program
12438,Silver Tier,14,2,2906.85,3415.498580226149,2.230378857499007e-05,Low,Maintain: Standard loyalty program
12441,Inactive,367,1,173.55,266.45689100090283,0.9999776962114252,High,Low Priority: Automated email only
12442,Silver Tier,3,1,172.06,1609.660589705031,2.230378857499086e-05,Low,Maintain: Standard loyalty program
12444,Silver Tier,21,5,5005.46,4756.044239187997,2.230378857499007e-05,Low,Maintain: Standard loyalty program
12445,Silver Tier,22,1,133.4,1273.5470319616638,2.2303788574990148e-05,Low,Maintain: Standard loyalty program
12446,Silver Tier,58,1,1002.31,919.7889416513344,2.2303788574990426e-05,Low,Maintain: Standard loyalty program
12447,Inactive,243,1,476.49,371.4891427284427,0.9999776962114252,High,Low Priority: Automated email only
12448,Silver Tier,44,1,449.45,1025.5998068295544,2.230378857499003e-05,Low,Maintain: Standard loyalty program
12449,Silver Tier,22,4,4067.29,4474.985593842138,2.230378857499007e-05,Low,Maintain: Standard loyalty program
12450,Inactive,156,2,197.88,678.2822205514992,0.9999776962114252,High,Low Priority: Automated email only
12451,Silver Tier,11,5,9035.52,5301.353806814517,2.230378857499007e-05,Low,Maintain: Standard loyalty program
12452,Silver Tier,17,2,430.57,1363.4498314612754,2.230378857499007e-05,Low,Maintain: Standard loyalty program
12453,Silver Tier,134,1,707.09,570.9298029785416,0.9999776962114252,High,Send: Standard win-back offer
12454,Silver Tier,56,1,3528.34,927.1467966421674,2.2303788574990937e-05,Low,Maintain: Standard loyalty program
12455,Silver Tier,73,6,2466.86,1103.7981818039862,2.230378857499233e-05,Low,Maintain: Standard loyalty program
12456,Silver Tier,44,3,3181.04,2545.3360106050745,2.230378857499003e-05,Low,Maintain: Standard loyalty program
12457,Silver Tier,66,7,2363.23,2268.581142918128,2.230378857499161e-05,Low,Maintain: Standard loyalty program
12458,Silver Tier,71,2,947.4,797.93290549995,2.2303788574991337e-05,Low,Maintain: Standard loyalty program
12461,Silver Tier,94,2,826.88,870.7720487584959,0.9999776962114252,High,Send: Standard win-back offer
12462,Silver Tier,19,2,1189.59,697.3794651840036,2.230378857499003e-05,Low,Maintain: Standard loyalty program
12463,Silver Tier,53,4,1344.78,1476.568597386242,2.2303788574990307e-05,Low,Maintain: Standard loyalty program
12464,Silver Tier,10,8,1212.05,1258.318271587685,2.230378857499003e-05,Low,Maintain: Standard loyalty program
12465,Silver Tier,17,2,742.1899999999999,938.2113283938698,2.230378857499003e-05,Low,Maintain: Standard loyalty program
12468,Inactive,188,2,729.54,733.5062113414272,0.9999776962114252,High,Low Priority: Automated email only
12471,Gold Tier,2,30,19788.65,13752.2800408325,2.230378857499205e-05,Low,Maintain: VIP loyalty program
12472,Silver Tier,32,7,6572.11,3982.93133822203,2.230378857499007e-05,Low,Maintain: Standard loyalty program
12473,Silver Tier,29,5,3928.05,4475.1787765485415,2.230378857499007e-05,Low,Maintain: Standard loyalty program
12474,Gold Tier,17,18,7324.09,6279.531054980869,2.2303788574990307e-05,Low,Maintain: VIP loyalty program
12475,Silver Tier,54,1,723.38,949.944145249896,2.2303788574990385e-05,Low,Maintain: Standard loyalty program
12476,Silver Tier,16,11,6816.42,5529.38152001383,2.2303788574990107e-05,Low,Maintain: Standard loyalty program
12477,Silver Tier,23,6,13219.74,9789.930954081852,2.2303788574990663e-05,Low,Maintain: Standard loyalty program
12478,Silver Tier,4,1,680.99,1609.660589705031,2.2303788574990226e-05,Low,Maintain: Standard loyalty program
12479,Silver Tier,11,1,527.2,1448.6733665307254,2.230378857499007e-05,Low,Maintain: Standard loyalty program
12480,Silver Tier,28,4,3281.63,2259.257635387907,2.230378857499003e-05,Low,Maintain: Standard loyalty program
12481,Silver Tier,23,10,5579.82,4401.340621112907,2.2303788574990107e-05,Low,Maintain: Standard loyalty program
12483,Silver Tier,17,8,2484.98,1917.9716879237944,2.230378857499007e-05,Low,Maintain: Standard loyalty program
12484,Silver Tier,33,6,4527.32,3049.9327017774935,2.230378857499007e-05,Low,Maintain: Standard loyalty program
12488,Silver Tier,10,3,1298.66,2570.1824829113693,2.230378857499003e-05,Low,Maintain: Standard loyalty program
12489,Inactive,336,1,334.93,286.1923664968277,0.9999776962114252,High,Low Priority: Automated email only
12490,Silver Tier,5,10,5417.93,4128.421162448699,2.2303788574990185e-05,Low,Maintain: Standard loyalty program
12491,Silver Tier,39,1,460.4,1083.108434623702,2.230378857499003e-05,Low,Maintain: Standard loyalty program
12492,Silver Tier,63,2,263.21000000000004,1012.4024628857672,2.2303788574990663e-05,Low,Maintain: Standard loyalty program
12493,Inactive,166,2,433.74,730.2031166979693,0.9999776962114252,High,Low Priority: Automated email only
12494,Silver Tier,16,7,1246.1,1237.173569706693,2.230378857499003e-05,Low,Maintain: Standard loyalty program
12497,Silver Tier,82,1,1043.1,772.6333322467653,2.230378857499379e-05,Low,Maintain: Standard loyalty program
12498,Silver Tier,21,3,403.7000000000001,1443.1167681369452,2.230378857499003e-05,Low,Maintain: Standard loyalty program
12500,Silver Tier,23,11,4257.82,3566.4289518769106,2.2303788574990107e-05,Low,Maintain: Standard loyalty program
12501,Inactive,337,1,2169.39,286.1923664968277,0.9999776962114252,High,Low Priority: Automated email only
12502,Silver Tier,96,5,3723.87,2993.768602156485,0.9999776962114252,High,Send: Standard win-back offer
12504,Silver Tier,18,2,482.0499999999999,1479.0902238701728,2.230378857499007e-05,Low,Maintain: Standard loyalty program
12506,Inactive,233,1,73.5,385.0635714668843,0.9999776962114252,High,Low Priority: Automated email only
12507,Silver Tier,134,3,1304.81,1101.008664451282,0.9999776962114252,High,Send: Standard win-back offer
12508,Silver Tier,26,2,397.88,1757.6637633027726,2.230378857499007e-05,Low,Maintain: Standard loyalty program
12509,Inactive,284,1,176.5,328.3462161271562,0.9999776962114252,High,Low Priority: Automated email only
12510,Silver Tier,143,2,982.57,566.6782632650768,0.9999776962114252,High,Send: Standard win-back offer
12512,Silver Tier,66,2,132.18,858.4738053899073,2.2303788574991137e-05,Low,Maintain: Standard loyalty program
12513,Silver Tier,113,1,612.29,640.3162225470167,0.9999776962114252,High,Send: Standard win-back offer
12514,Inactive,267,1,1017.68,344.95708979870165,0.9999776962114252,High,Low Priority: Automated email only
12515,Inactive,353,1,383.7,274.66444300148896,0.9999776962114252,High,Low Priority: Automated email only
12516,Silver Tier,78,2,1312.06,1387.2756793720375,2.2303788574993156e-05,Low,Maintain: Standard loyalty program
12517,Silver Tier,28,5,2481.6,2652.2382219349533,2.230378857499003e-05,Low,Maintain: Standard loyalty program
12518,Silver Tier,1,5,2056.89,3901.672042508319,2.2303788574990185e-05,Low,Maintain: Standard loyalty program
12519,Silver Tier,64,1,330.84000000000003,877.9831095133258,2.2303788574990663e-05,Low,Maintain: Standard loyalty program
12520,Silver Tier,79,5,2634.26,1962.2714443770997,2.2303788574994505e-05,Low,Maintain: Standard loyalty program
12521,Silver Tier,143,1,599.68,549.2856589747144,0.9999776962114252,High,Send: Standard win-back offer
12522,Silver Tier,39,2,192.72,1388.2224266693113,2.230378857499007e-05,Low,Maintain: Standard loyalty program
12523,Silver Tier,19,11,1789.77,1773.138359210036,2.230378857499003e-05,Low,Maintain: Standard loyalty program
12524,Silver Tier,9,8,4485.72,3727.363867877581,2.2303788574990107e-05,Low,Maintain: Standard loyalty program
12526,Silver Tier,1,3,1316.66,2365.625706211568,2.2303788574990185e-05,Low,Maintain: Standard loyalty program
12527,Silver Tier,82,3,348.71000000000004,533.6330502999667,2.2303788574993753e-05,Low,Maintain: Standard loyalty program
12528,Silver Tier,9,6,1933.48,1609.0180242714996,2.2303788574989992e-05,Low,Maintain: Standard loyalty program
12530,Silver Tier,60,4,1662.28,1345.694526744733,2.2303788574990385e-05,Low,Maintain: Standard loyalty program
12531,Silver Tier,15,1,125.22,1396.3067155040203,2.2303788574990148e-05,Low,Maintain: Standard loyalty program
12532,Silver Tier,30,1,349.83000000000004,1170.6317638661749,2.230378857499007e-05,Low,Maintain: Standard loyalty program
12534,Silver Tier,131,1,1089.18,582.4044341532608,0.9999776962114252,High,Send: Standard win-back offer
12535,Silver Tier,92,2,716.35,924.1140522325708,0.9999776962114252,High,Send: Standard win-back offer
12536,Silver Tier,43,3,12601.830000000002,19650.30491347044,2.2303788574990585e-05,Low,Maintain: Standard loyalty program
12538,Silver Tier,29,1,363.95,1182.577097323801,2.230378857499007e-05,Low,Maintain: Standard loyalty program
12539,Silver Tier,22,4,5568.35,3348.2793410522045,2.230378857499007e-05,Low,Maintain: Standard loyalty program
12540,Gold Tier,20,17,13400.24,10001.552894480454,2.23037885749909e-05,Low,Maintain: VIP loyalty program
12541,Silver Tier,30,3,981.18,994.5435478050238,2.2303788574989992e-05,Low,Maintain: Standard loyalty program
12544,Silver Tier,36,1,372.7,1103.738729125816,2.2303788574990107e-05,Low,Maintain: Standard loyalty program
12545,Silver Tier,75,2,1000.39,742.5501501966602,2.230378857499217e-05,Low,Maintain: Standard loyalty program
12546,Silver Tier,47,2,1161.5,1724.389124083527,2.2303788574990107e-05,Low,Maintain: Standard loyalty program
12547,Inactive,198,2,207.8,431.9247712533648,0.9999776962114252,High,Low Priority: Automated email only
12548,Inactive,166,1,95.2,493.1946945131873,0.9999776962114252,High,Low Priority: Automated email only
12550,Silver Tier,79,1,964.83,783.0733593220475,2.2303788574992445e-05,Low,Maintain: Standard loyalty program
12551,Inactive,358,1,168.0,272.08569290817746,0.9999776962114252,High,Low Priority: Automated email only
12552,Silver Tier,39,2,437.82,1586.4356780007242,2.230378857499003e-05,Low,Maintain: Standard loyalty program
12553,Silver Tier,8,10,3692.28,2847.396961680295,2.2303788574990148e-05,Low,Maintain: Standard loyalty program
12556,Silver Tier,50,2,599.56,1001.1501044695552,2.2303788574990107e-05,Low,Maintain: Standard loyalty program
12557,Silver Tier,16,5,11990.96,8507.826095027614,2.230378857499007e-05,Low,Maintain: Standard loyalty program
12558,Silver Tier,8,1,269.96,1524.9288592155797,2.230378857499086e-05,Low,Maintain: Standard loyalty program
12559,Inactive,311,2,561.71,405.60416649481374,0.9999776962114252,High,Low Priority: Automated email only
12560,Silver Tier,5,3,2134.01,1883.6209194469511,2.230378857499007e-05,Low,Maintain: Standard loyalty program
12561,Inactive,303,1,238.85,312.4173559698087,0.9999776962114252,High,Low Priority: Automated email only
12562,Silver Tier,8,7,3781.74,4599.787200200921,2.2303788574990185e-05,Low,Maintain: Standard loyalty program
12564,Inactive,261,1,456.9,351.2283290459734,0.9999776962114252,High,Low Priority: Automated email only
12565,Inactive,289,1,145.92,324.6676665070214,0.9999776962114252,High,Low Priority: Automated email only
12566,Silver Tier,86,1,351.65,747.7119978348546,2.230378857499724e-05,Low,Maintain: Standard loyalty program
12567,Silver Tier,23,10,9401.28,6203.225818349643,2.2303788574990107e-05,Low,Maintain: Standard loyalty program
12569,Gold Tier,2,32,4124.69,4415.444177740052,2.230378857499157e-05,Low,Maintain: VIP loyalty program
12571,Silver Tier,40,2,519.61,1129.8109541211898,2.230378857499003e-05,Low,Maintain: Standard loyalty program
12572,Silver Tier,9,2,1020.42,2304.6208511361683,2.230378857499003e-05,Low,Maintain: Standard loyalty program
12573,Inactive,227,1,160.54000000000002,391.56726551098217,0.9999776962114252,High,Low Priority: Automated email only
12574,Inactive,316,1,218.45,301.84183365497734,0.9999776962114252,High,Low Priority: Automated email only
12576,Silver Tier,36,5,1315.83,1294.2733210312367,2.230378857499003e-05,Low,Maintain: Standard loyalty program
12577,Silver Tier,35,3,626.6,608.2866805831235,2.230378857499003e-05,Low,Maintain: Standard loyalty program
12578,Silver Tier,21,2,2794.51,1193.7833149700828,2.230378857499007e-05,Low,Maintain: Standard loyalty program
12579,Silver Tier,78,1,440.42,788.3999061904082,2.2303788574992364e-05,Low,Maintain: Standard loyalty program
12580,Inactive,247,1,415.7,367.9515524467717,0.9999776962114252,High,Low Priority: Automated email only
12581,Silver Tier,40,1,197.71,1073.0798618180827,2.230378857499007e-05,Low,Maintain: Standard loyalty program
12582,Inactive,239,2,511.36,627.4878173218895,0.9999776962114252,High,Low Priority: Automated email only
12583,Gold Tier,3,15,7281.38,5156.36473909585,2.2303788574990426e-05,Low,Maintain: VIP loyalty program
12584,Silver Tier,4,9,2338.15,2193.865113983952,2.2303788574990148e-05,Low,Maintain: Standard loyalty program
12585,Inactive,234,2,2040.1,854.4214646866964,0.9999776962114252,High,Low Priority: Automated email only
12586,Silver Tier,17,1,196.94000000000003,1347.594640248632,2.2303788574990107e-05,Low,Maintain: Standard loyalty program
12587,Silver Tier,8,1,144.0,1524.9288592155797,2.2303788574990937e-05,Low,Maintain: Standard loyalty program
12588,Silver Tier,39,1,214.9,1073.0798618180827,2.230378857499007e-05,Low,Maintain: Standard loyalty program
12589,Silver Tier,29,2,646.68,1335.3936419630215,2.2303788574989992e-05,Low,Maintain: Standard loyalty program
12590,Inactive,211,2,9864.26,413.9398564473345,0.9999776962114252,High,Low Priority: Automated email only
12591,Inactive,317,1,452.85,300.2780509841134,0.9999776962114252,High,Low Priority: Automated email only
12592,Silver Tier,92,2,437.6,694.7420352028616,0.9999776962114252,High,Send: Standard win-back offer
12593,Silver Tier,109,3,418.1,696.0417298401095,0.9999776962114252,High,Send: Standard win-back offer
12594,Silver Tier,38,10,3338.2200000000003,2891.295359602827,2.230378857499007e-05,Low,Maintain: Standard loyalty program
12596,Silver Tier,51,2,618.27,761.2250566068325,2.2303788574990226e-05,Low,Maintain: Standard loyalty program
12597,Silver Tier,19,4,3811.22,3479.9259263885356,2.230378857499007e-05,Low,Maintain: Standard loyalty program
12598,Silver Tier,10,8,3023.08,2536.4135733594862,2.230378857499007e-05,Low,Maintain: Standard loyalty program
12599,Silver Tier,29,7,1032.58,1130.523746648523,2.230378857499003e-05,Low,Maintain: Standard loyalty program
12600,Silver Tier,29,10,2599.04,2227.079653119142,2.230378857499007e-05,Low,Maintain: Standard loyalty program
12601,Inactive,190,5,577.0600000000001,713.5728193001327,0.9999776962114252,High,Low Priority: Automated email only
12602,Silver Tier,59,1,153.12,912.546967178022,2.230378857499082e-05,Low,Maintain: Standard loyalty program
12603,Silver Tier,22,1,739.1999999999999,1287.698184584735,2.2303788574990107e-05,Low,Maintain: Standard loyalty program
12604,Silver Tier,79,2,254.18,481.1010168983694,2.2303788574992563e-05,Low,Maintain: Standard loyalty program
12607,Silver Tier,60,1,1579.51,898.3998783426291,2.2303788574990463e-05,Low,Maintain: Standard loyalty program
12609,Silver Tier,78,3,1126.85,1029.5179464119203,2.2303788574992563e-05,Low,Maintain: Standard loyalty program
12610,Silver Tier,23,5,2099.54,2642.873575674416,2.2303788574989992e-05,Low,Maintain: Standard loyalty program
12611,Silver Tier,52,1,1193.32,957.7944940514782,2.2303788574990344e-05,Low,Maintain: Standard loyalty program
12612,Silver Tier,74,1,704.04,810.4510859892586,2.230378857499197e-05,Low,Maintain: Standard loyalty program
12613,Silver Tier,57,5,3344.38,2740.933575562626,2.23037885749909e-05,Low,Maintain: Standard loyalty program
12614,Inactive,278,1,315.6,334.98832132167604,0.9999776962114252,High,Low Priority: Automated email only
12615,Silver Tier,2,4,2291.19,2800.012250926984,2.2303788574990148e-05,Low,Maintain: Standard loyalty program
12616,Silver Tier,95,2,713.3,732.1859247504879,0.9999776962114252,High,Send: Standard win-back offer
12617,Silver Tier,29,1,352.98,1182.577097323801,2.230378857499007e-05,Low,Maintain: Standard loyalty program
12618,Silver Tier,22,1,177.31,1287.698184584735,2.2303788574990107e-05,Low,Maintain: Standard loyalty program
12619,Silver Tier,16,9,3641.24,3953.608366022096,2.230378857499007e-05,Low,Maintain: Standard loyalty program
12620,Silver Tier,15,3,1339.41,1392.016513026125,2.230378857499003e-05,Low,Maintain: Standard loyalty program
12621,Gold Tier,2,20,13689.67,10449.316100562122,2.23037885749909e-05,Low,Maintain: VIP loyalty program
12622,Inactive,232,1,180.1,385.0635714668843,0.9999776962114252,High,Low Priority: Automated email only
12623,Inactive,276,1,305.1,335.95919464018573,0.9999776962114252,High,Low Priority: Automated email only
12624,Silver Tier,106,2,641.13,953.3316138439508,0.9999776962114252,High,Send: Standard win-back offer
12625,Inactive,212,2,2683.82,1064.776298078639,0.9999776962114252,High,Low Priority: Automated email only
12626,Silver Tier,23,9,6620.48,4943.269806428039,2.2303788574990107e-05,Low,Maintain: Standard loyalty program
12627,Silver Tier,11,7,4478.53,6450.496270099508,2.2303788574990107e-05,Low,Maintain: Standard loyalty program
12628,Silver Tier,4,3,786.46,2118.3891948922646,2.2303788574990148e-05,Low,Maintain: Standard loyalty program
12630,Silver Tier,10,2,1270.88,2676.964100243775,2.230378857499003e-05,Low,Maintain: Standard loyalty program
12631,Silver Tier,57,1,640.5,919.7889416513344,2.2303788574990385e-05,Low,Maintain: Standard loyalty program
12633,Silver Tier,59,4,2163.98,1422.8157547154285,2.2303788574990385e-05,Low,Maintain: Standard loyalty program
12635,Silver Tier,90,2,1689.18,1903.0590219365247,2.230378857500021e-05,Low,Maintain: Standard loyalty program
12637,Silver Tier,67,8,6002.9,4074.602775483,2.230378857499181e-05,Low,Maintain: Standard loyalty program
12638,Silver Tier,33,1,671.69,1136.2013539108086,2.2303788574990107e-05,Low,Maintain: Standard loyalty program
12639,Inactive,239,1,486.1,377.53875631108787,0.9999776962114252,High,Low Priority: Automated email only
12640,Silver Tier,24,3,1174.58,1791.7094425460057,2.230378857499003e-05,Low,Maintain: Standard loyalty program
12641,Silver Tier,115,1,185.9,629.8774363004163,0.9999776962114252,High,Send: Standard win-back offer
12642,Silver Tier,25,3,1013.26,1933.704842892864,2.230378857499003e-05,Low,Maintain: Standard loyalty program
12643,Silver Tier,128,6,3344.64,2321.92610505784,0.9999776962114252,High,Send: Standard win-back offer
12644,Silver Tier,130,1,477.91,585.3455299462746,0.9999776962114252,High,Send: Standard win-back offer
12645,Silver Tier,34,4,1775.18,1521.5202627134977,2.2303788574989992e-05,Low,Maintain: Standard loyalty program
12646,Silver Tier,5,2,1346.97,2652.928291409981,2.2303788574990107e-05,Low,Maintain: Standard loyalty program
12647,Silver Tier,22,12,3722.82,2863.1597369416986,2.230378857499007e-05,Low,Maintain: Standard loyalty program
12648,Inactive,155,1,318.05,519.7310816912019,0.9999776962114252,High,Low Priority: Automated email only
12649,Silver Tier,107,3,623.51,740.5293753404133,0.9999776962114252,High,Send: Standard win-back offer
12650,Silver Tier,3,1,314.44,1609.660589705031,2.230378857499082e-05,Low,Maintain: Standard loyalty program
12651,Inactive,335,1,114.0,287.61252902899014,0.9999776962114252,High,Low Priority: Automated email only
12652,Inactive,331,1,919.98,289.7693988304708,0.9999776962114252,High,Low Priority: Automated email only
12653,Inactive,149,2,2209.85,1495.719924951022,0.9999776962114252,High,Low Priority: Automated email only
12654,Silver Tier,11,5,601.98,781.0403283214748,2.230378857499003e-05,Low,Maintain: Standard loyalty program
12656,Silver Tier,17,5,4051.17,4172.223028863962,2.230378857499007e-05,Low,Maintain: Standard loyalty program
12657,Silver Tier,11,4,1643.18,3092.136646603198,2.230378857499003e-05,Low,Maintain: Standard loyalty program
12658,Silver Tier,19,1,686.05,1332.1040378327834,2.2303788574990107e-05,Low,Maintain: Standard loyalty program
12659,Silver Tier,30,1,91.68,1182.577097323801,2.2303788574990148e-05,Low,Maintain: Standard loyalty program
12660,Silver Tier,11,1,245.1,1448.6733665307254,2.230378857499007e-05,Low,Maintain: Standard loyalty program
12662,Silver Tier,1,11,3849.78,3004.675942198041,2.2303788574990263e-05,Low,Maintain: Standard loyalty program
12664,Silver Tier,8,9,4881.88,3909.5707101346,2.2303788574990185e-05,Low,Maintain: Standard loyalty program
12665,Inactive,325,1,63.0,294.93014354857866,0.9999776962114252,High,Low Priority: Automated email only
12667,Silver Tier,58,1,620.13,912.546967178022,2.2303788574990426e-05,Low,Maintain: Standard loyalty program
12668,Silver Tier,12,4,3807.15,2797.195302618751,2.2303788574990107e-05,Low,Maintain: Standard loyalty program
12669,Inactive,151,3,2744.0299999999997,1937.2982726226508,0.9999776962114252,High,Low Priority: Automated email only
12670,Silver Tier,10,5,2996.05,2982.7723547971173,2.230378857499007e-05,Low,Maintain: Standard loyalty program
12672,Inactive,330,1,225.9,291.2253748813861,0.9999776962114252,High,Low Priority: Automated email only
12673,Silver Tier,5,2,610.52,629.3914158003049,2.2303788574990148e-05,Low,Maintain: Standard loyalty program
12674,Silver Tier,39,4,1970.6,2097.0666277087635,2.2303788574989992e-05,Low,Maintain: Standard loyalty program
12676,Silver Tier,25,6,1331.39,1093.7089532463467,2.2303788574989992e-05,Low,Maintain: Standard loyalty program
12678,Gold Tier,42,12,17628.46,13781.868531521535,2.2303788574990744e-05,Low,Maintain: VIP loyalty program
12679,Silver Tier,59,4,1113.02,704.651106589701,2.2303788574990385e-05,Low,Maintain: Standard loyalty program
12680,Silver Tier,1,4,862.81,1759.0771356451123,2.2303788574990226e-05,Low,Maintain: Standard loyalty program
12681,Gold Tier,15,22,13787.54,10071.79066870089,2.2303788574990937e-05,Low,Maintain: VIP loyalty program
12682,Gold Tier,4,31,12279.82,9409.949229485575,2.230378857499157e-05,Low,Maintain: VIP loyalty program
12683,Gold Tier,4,15,8476.57,5955.09042926908,2.2303788574990385e-05,Low,Maintain: VIP loyalty program
12684,Silver Tier,8,7,2283.63,2595.2760716501925,2.2303788574990107e-05,Low,Maintain: Standard loyalty program
12685,Silver Tier,28,6,2863.08,5501.135282899568,2.230378857499003e-05,Low,Maintain: Standard loyalty program
12686,Inactive,372,1,89.14,263.4292704434109,0.9999776962114252,High,Low Priority: Automated email only
12688,Silver Tier,114,1,4873.8099999999995,636.7983907445174,0.9999776962114252,High,Send: Standard win-back offer
12689,Silver Tier,26,2,1247.61,1774.167035804349,2.230378857499003e-05,Low,Maintain: Standard loyalty program
12690,Inactive,206,1,389.01,423.0031564436664,0.9999776962114252,High,Low Priority: Automated email only
12691,Silver Tier,28,6,1035.8,1001.0677854954668,2.2303788574989992e-05,Low,Maintain: Standard loyalty program
12693,Silver Tier,127,4,855.91,938.4679906627553,0.9999776962114252,High,Send: Standard win-back offer
12694,Silver Tier,70,2,869.67,1032.044666937525,2.2303788574991337e-05,Low,Maintain: Standard loyalty program
12695,Silver Tier,7,4,582.1,1082.8868364125904,2.2303788574990148e-05,Low,Maintain: Standard loyalty program
12697,Silver Tier,29,3,957.59,1328.988286389172,2.2303788574989992e-05,Low,Maintain: Standard loyalty program
12700,Silver Tier,8,4,4939.99,4733.7084415819,2.2303788574990185e-05,Low,Maintain: Standard loyalty program
12701,Silver Tier,80,2,797.71,864.3439684282461,2.230378857499312e-05,Low,Maintain: Standard loyalty program
12702,Silver Tier,20,1,219.0,1316.965589877716,2.2303788574990107e-05,Low,Maintain: Standard loyalty program
12703,Silver Tier,71,1,283.55,827.8164177882809,2.2303788574991378e-05,Low,Maintain: Standard loyalty program
12704,Silver Tier,7,8,2340.84,3367.802690167867,2.2303788574990107e-05,Low,Maintain: Standard loyalty program
12705,Silver Tier,15,9,6868.29,4932.472310925152,2.2303788574990107e-05,Low,Maintain: Standard loyalty program
12707,Inactive,292,1,603.42,321.96239575917747,0.9999776962114252,High,Low Priority: Automated email only
12708,Silver Tier,30,10,2712.91,2237.798463612427,2.230378857499007e-05,Low,Maintain: Standard loyalty program
12709,Gold Tier,15,15,9706.52,7331.382145382064,2.2303788574990307e-05,Low,Maintain: VIP loyalty program
12710,Silver Tier,97,3,1149.02,1017.2401437205456,0.9999776962114252,High,Send: Standard win-back offer
12712,Silver Tier,29,13,4396.13,3513.099409358994,2.2303788574990107e-05,Low,Maintain: Standard loyalty program
12713,Silver Tier,1,1,848.55,1679.659240030157,2.2303788574990263e-05,Low,Maintain: Standard loyalty program
12714,Silver Tier,9,5,4708.86,3672.267394540717,2.2303788574990107e-05,Low,Maintain: Standard loyalty program
12715,Silver Tier,106,1,343.36,662.2674747601277,0.9999776962114252,High,Send: Standard win-back offer
12716,Silver Tier,4,2,1053.49,1210.6733376858142,2.2303788574990148e-05,Low,Maintain: Standard loyalty program
12717,Inactive,151,2,1030.98,819.553683314288,0.9999776962114252,High,Low Priority: Automated email only
12718,Silver Tier,71,1,238.25,827.8164177882809,2.2303788574991378e-05,Low,Maintain: Standard loyalty program
12719,Silver Tier,5,2,644.95,1794.410135907902,2.2303788574990148e-05,Low,Maintain: Standard loyalty program
12720,Gold Tier,3,25,5781.73,4388.8869704337185,2.2303788574990544e-05,Low,Maintain: VIP loyalty program
12721,Silver Tier,32,6,2656.13,2150.894359094374,2.230378857499003e-05,Low,Maintain: Standard loyalty program
12722,Silver Tier,85,4,997.63,1662.192898815425,2.2303788574994983e-05,Low,Maintain: Standard loyalty program
12723,Silver Tier,4,5,725.07,2041.364517019615,2.2303788574990148e-05,Low,Maintain: Standard loyalty program
12724,Silver Tier,5,4,1031.41,1050.8391796728945,2.2303788574990148e-05,Low,Maintain: Standard loyalty program
12725,Inactive,371,1,427.8,263.4292704434109,0.9999776962114252,High,Low Priority: Automated email only
12726,Silver Tier,28,7,2609.1,2204.9072970907805,2.230378857499003e-05,Low,Maintain: Standard loyalty program
12727,Silver Tier,11,7,3980.7,3239.452078643257,2.2303788574990107e-05,Low,Maintain: Standard loyalty program
12728,Silver Tier,71,4,836.33,823.6731564447418,2.2303788574991337e-05,Low,Maintain: Standard loyalty program
12729,Silver Tier,114,1,453.01,636.7983907445174,0.9999776962114252,High,Send: Standard win-back offer
12731,Gold Tier,24,12,18895.91,13839.245388894507,2.2303788574990703e-05,Low,Maintain: VIP loyalty program
12732,Inactive,180,1,236.26,467.3447423141662,0.9999776962114252,High,Low Priority: Automated email only
12733,Inactive,234,1,383.95,382.5221896728982,0.9999776962114252,High,Low Priority: Automated email only
12734,Inactive,353,1,110.4,275.31678656264273,0.9999776962114252,High,Low Priority: Automated email only
12735,Inactive,315,2,779.5699999999999,656.9772547346166,0.9999776962114252,High,Low Priority: Automated email only
12736,Inactive,333,1,234.0,289.04685668528043,0.9999776962114252,High,Low Priority: Automated email only
12738,Inactive,372,1,155.35,262.83198413710926,0.9999776962114252,High,Low Priority: Automated email only
12739,Silver Tier,78,2,1013.04,879.2253211398036,2.2303788574992208e-05,Low,Maintain: Standard loyalty program
12740,Silver Tier,64,1,427.6,877.9831095133258,2.2303788574990663e-05,Low,Maintain: Standard loyalty program
12743,Silver Tier,134,2,540.13,570.9298029785416,0.9999776962114252,High,Send: Standard win-back offer
12744,Gold Tier,52,7,21279.29,16255.945022462398,2.2303788574990974e-05,Low,Maintain: VIP loyalty program
12747,Silver Tier,2,11,4196.01,3227.3943189375486,2.2303788574990185e-05,Low,Maintain: Standard loyalty program
12748,Platinum Tier,1,209,33053.19,25515.79931043661,2.230378857499213e-05,Low,Maintain: Continue white-glove service
12749,Silver Tier,4,5,4090.88,4088.954155520698,2.2303788574990185e-05,Low,Maintain: Standard loyalty program
12750,Silver Tier,129,1,275.88,588.3164834524878,0.9999776962114252,High,Send: Standard win-back offer
12752,Silver Tier,81,1,4366.78,772.6333322467653,2.2303788574995498e-05,Low,Maintain: Standard loyalty program
12753,Gold Tier,23,6,21429.39,13573.323216909648,2.2303788574990663e-05,Low,Maintain: VIP loyalty program
12754,Inactive,236,3,3010.74,2744.075186547892,0.9999776962114252,High,Low Priority: Automated email only
12755,Inactive,281,2,3811.95,326.7086205639124,0.9999776962114252,High,Low Priority: Automated email only
12756,Silver Tier,87,1,112.08,747.7119978348546,2.2303788574998032e-05,Low,Maintain: Standard loyalty program
12757,Gold Tier,16,13,7834.650000000001,8307.376515234224,2.2303788574990107e-05,Low,Maintain: VIP loyalty program
12758,Silver Tier,117,2,2791.59,1409.336719992582,0.9999776962114252,High,Send: Standard win-back offer
12759,Silver Tier,52,3,1531.44,1375.9404659226602,2.2303788574990263e-05,Low,Maintain: Standard loyalty program
12762,Silver Tier,8,2,1898.52,5828.859724617259,2.2303788574990148e-05,Low,Maintain: Standard loyalty program
12763,Silver Tier,138,2,494.08,426.60227496057064,0.9999776962114252,High,Send: Standard win-back offer
12764,Inactive,317,1,1693.88,301.05791158816436,0.9999776962114252,High,Low Priority: Automated email only
12766,Silver Tier,4,7,6989.63,4676.781656934745,2.2303788574990263e-05,Low,Maintain: Standard loyalty program
12769,Inactive,239,1,1143.6,377.53875631108787,0.9999776962114252,High,Low Priority: Automated email only
12770,Inactive,211,1,1351.45,415.4233375256688,0.9999776962114252,High,Low Priority: Automated email only
12772,Silver Tier,60,1,892.47,905.4181567991492,2.2303788574990463e-05,Low,Maintain: Standard loyalty program
12775,Silver Tier,17,5,1386.04,1372.5188337226025,2.2303788574989992e-05,Low,Maintain: Standard loyalty program
12778,Silver Tier,20,6,822.23,978.4482685947098,2.2303788574989992e-05,Low,Maintain: Standard loyalty program
12779,Silver Tier,38,8,3981.36,3099.446879596527,2.230378857499007e-05,Low,Maintain: Standard loyalty program
12781,Silver Tier,64,2,826.74,613.2757413603792,2.2303788574990625e-05,Low,Maintain: Standard loyalty program
12782,Silver Tier,5,5,2330.92,1740.4444743056908,2.2303788574990107e-05,Low,Maintain: Standard loyalty program
12783,Silver Tier,2,6,2225.91,5188.7636521789245,2.2303788574990107e-05,Low,Maintain: Standard loyalty program
12784,Silver Tier,9,2,532.82,1822.8137252919717,2.230378857499007e-05,Low,Maintain: Standard loyalty program
12785,Inactive,364,1,311.95,267.6875158822208,0.9999776962114252,High,Low Priority: Automated email only
12787,Silver Tier,10,3,463.66,909.2356650583944,2.230378857499007e-05,Low,Maintain: Standard loyalty program
12789,Silver Tier,65,1,91.85,864.8798402201314,2.2303788574991174e-05,Low,Maintain: Standard loyalty program
12790,Inactive,192,1,324.92,444.0697294609968,0.9999776962114252,High,Low Priority: Automated email only
12791,Inactive,374,1,192.6,262.2374002805863,0.9999776962114252,High,Low Priority: Automated email only
12792,Inactive,257,1,400.54,356.63122935035165,0.9999776962114252,High,Low Priority: Automated email only
12793,Inactive,335,2,545.48,577.013729469604,0.9999776962114252,High,Low Priority: Automated email only
12794,Silver Tier,53,2,860.41,1750.8031199171778,2.2303788574990307e-05,Low,Maintain: Standard loyalty program
12795,Silver Tier,19,1,430.48,1332.1040378327834,2.230378857499007e-05,Low,Maintain: Standard loyalty program
12797,Inactive,366,1,254.03,267.07078577809557,0.9999776962114252,High,Low Priority: Automated email only
12798,Silver Tier,10,3,6977.04,7397.066731665463,2.2303788574990107e-05,Low,Maintain: Standard loyalty program
12802,Inactive,187,1,427.58,454.51717492507487,0.9999776962114252,High,Low Priority: Automated email only
12808,Silver Tier,37,3,483.65,576.7681482467322,2.230378857499003e-05,Low,Maintain: Standard loyalty program
12809,Inactive,178,1,489.31,471.1438391061143,0.9999776962114252,High,Low Priority: Automated email only
12811,Inactive,261,3,514.85,633.907279662227,0.9999776962114252,High,Low Priority: Automated email only
12812,Silver Tier,45,1,229.64,1025.5998068295544,2.230378857499007e-05,Low,Maintain: Standard loyalty program
12814,Silver Tier,102,1,125.92,681.7438105098372,0.9999776962114252,High,Send: Standard win-back offer
12815,Inactive,148,2,1063.46,992.013239470534,0.9999776962114252,High,Low Priority: Automated email only
12816,Silver Tier,96,2,572.2,855.1689959256231,0.9999776962114252,High,Send: Standard win-back offer
12817,Inactive,281,1,166.04,331.16030234843294,0.9999776962114252,High,Low Priority: Automated email only
12818,Inactive,262,1,1542.08,351.2283290459734,0.9999776962114252,High,Low Priority: Automated email only
12820,Silver Tier,3,4,942.34,984.4964674095692,2.2303788574990148e-05,Low,Maintain: Standard loyalty program
12821,Inactive,214,1,92.72,409.5523126461623,0.9999776962114252,High,Low Priority: Automated email only
12822,Silver Tier,71,2,948.88,1350.6439240596385,2.2303788574991337e-05,Low,Maintain: Standard loyalty program
12823,Silver Tier,75,5,1759.5,1671.8314117406912,2.2303788574993156e-05,Low,Maintain: Standard loyalty program
12824,Silver Tier,60,1,397.12,905.4181567991492,2.2303788574990426e-05,Low,Maintain: Standard loyalty program
12826,Silver Tier,3,7,1474.72,1334.587391004014,2.2303788574990107e-05,Low,Maintain: Standard loyalty program
12827,Silver Tier,6,3,430.15,1850.289116230989,2.2303788574990185e-05,Low,Maintain: Standard loyalty program
12828,Silver Tier,3,6,1018.71,2039.6504299277635,2.2303788574990148e-05,Low,Maintain: Standard loyalty program
12829,Inactive,337,2,293.0,454.387507459371,0.9999776962114252,High,Low Priority: Automated email only
12830,Silver Tier,38,6,6814.64,6672.089277957228,2.230378857499007e-05,Low,Maintain: Standard loyalty program
12831,Inactive,262,1,215.05,350.16733507934754,0.9999776962114252,High,Low Priority: Automated email only
12832,Silver Tier,32,2,383.03,1018.2965008568732,2.230378857499003e-05,Low,Maintain: Standard loyalty program
12833,Inactive,145,1,417.38,541.5862926153269,0.9999776962114252,High,Low Priority: Automated email only
12834,Inactive,283,1,312.38,330.216929121674,0.9999776962114252,High,Low Priority: Automated email only
12836,Silver Tier,59,4,2610.36,1833.6937108269824,2.2303788574990426e-05,Low,Maintain: Standard loyalty program
12837,Inactive,173,1,134.1,478.9304059352244,0.9999776962114252,High,Low Priority: Automated email only
12838,Silver Tier,34,2,671.95,492.2620066824357,2.230378857499003e-05,Low,Maintain: Standard loyalty program
12839,Gold Tier,3,14,5591.42,4284.382160984411,2.2303788574990385e-05,Low,Maintain: VIP loyalty program
12840,Silver Tier,144,4,2726.77,2466.1967920183706,0.9999776962114252,High,Send: Standard win-back offer
12841,Gold Tier,5,25,3991.58,3159.0104934161427,2.2303788574990544e-05,Low,Maintain: VIP loyalty program
12842,Silver Tier,70,2,1118.99,976.8156621366016,2.2303788574991693e-05,Low,Maintain: Standard loyalty program
12843,Silver Tier,66,8,1702.26,2028.0736215835616,2.23037885749911e-05,Low,Maintain: Standard loyalty program
12844,Silver Tier,29,2,325.96000000000004,906.1617308709632,2.230378857499003e-05,Low,Maintain: Standard loyalty program
12845,Inactive,267,4,354.09000000000003,620.7150316826637,0.9999776962114252,High,Low Priority: Automated email only
12847,Silver Tier,22,1,843.64,1273.5470319616638,2.2303788574990107e-05,Low,Maintain: Standard loyalty program
12849,Silver Tier,31,2,1010.29,696.7399065667531,2.2303788574989992e-05,Low,Maintain: Standard loyalty program
12851,Silver Tier,97,1,131.81,702.4005175556322,0.9999776962114252,High,Send: Standard win-back offer
12852,Inactive,295,1,311.55,319.30183684963674,0.9999776962114252,High,Low Priority: Automated email only
12853,Silver Tier,135,6,1957.1,1580.0998259519963,0.9999776962114252,High,Send: Standard win-back offer
12854,Silver Tier,79,3,1316.25,1097.7834663542092,2.2303788574993356e-05,Low,Maintain: Standard loyalty program
12855,Inactive,373,1,38.1,262.83198413710926,0.9999776962114252,High,Low Priority: Automated email only
12856,Silver Tier,8,6,2170.78,5459.232543650492,2.2303788574990107e-05,Low,Maintain: Standard loyalty program
12857,Inactive,211,2,1106.4,603.6113226258243,0.9999776962114252,High,Low Priority: Automated email only
12863,Silver Tier,52,1,521.2,957.7944940514782,2.2303788574990307e-05,Low,Maintain: Standard loyalty program
12864,Silver Tier,138,1,147.12,559.8986179491969,0.9999776962114252,High,Send: Standard win-back offer
12865,Silver Tier,26,2,1568.23,1588.128773364643,2.230378857499003e-05,Low,Maintain: Standard loyalty program
12866,Inactive,283,1,559.12,329.2789155637291,0.9999776962114252,High,Low Priority: Automated email only
12867,Silver Tier,26,7,4009.34,3095.620688258321,2.2303788574990107e-05,Low,Maintain: Standard loyalty program
12868,Inactive,186,6,1607.0600000000002,1351.202812770267,0.9999776962114252,High,Low Priority: Automated email only
12871,Silver Tier,84,2,380.64,754.2525975231288,2.2303788574994583e-05,Low,Maintain: Standard loyalty program
12872,Inactive,327,2,599.97,459.27852054004256,0.9999776962114252,High,Low Priority: Automated email only
12873,Inactive,282,1,374.0,330.216929121674,0.9999776962114252,High,Low Priority: Automated email only
12875,Silver Tier,143,2,343.2300000000001,350.9153092119823,0.9999776962114252,High,Send: Standard win-back offer
12876,Silver Tier,58,2,2218.02,2126.7052779228375,2.2303788574990344e-05,Low,Maintain: Standard loyalty program
12877,Silver Tier,4,12,1535.77,1433.9566888060249,2.2303788574990107e-05,Low,Maintain: Standard loyalty program
12878,Inactive,236,2,854.99,866.6680952000443,0.9999776962114252,High,Low Priority: Automated email only
12879,Silver Tier,45,3,573.22,1722.0169682028843,2.230378857499003e-05,Low,Maintain: Standard loyalty program
12881,Inactive,276,1,298.0,336.9357121417372,0.9999776962114252,High,Low Priority: Automated email only
12882,Silver Tier,9,2,1463.04,4122.408296683797,2.230378857499003e-05,Low,Maintain: Standard loyalty program
12883,Silver Tier,25,4,703.47,1613.0538518387048,2.230378857499003e-05,Low,Maintain: Standard loyalty program
12884,Silver Tier,88,1,309.05,738.1879265173318,2.2303788574999855e-05,Low,Maintain: Standard loyalty program
12885,Silver Tier,63,3,1175.22,1502.6926211198827,2.2303788574990974e-05,Low,Maintain: Standard loyalty program
12886,Silver Tier,68,2,1378.4,1075.124212922079,2.230378857499106e-05,Low,Maintain: Standard loyalty program
12888,Inactive,214,2,354.12,493.6248863153507,0.9999776962114252,High,Low Priority: Automated email only
12890,Silver Tier,24,1,376.72,1246.1579201425084,2.230378857499007e-05,Low,Maintain: Standard loyalty program
12891,Inactive,186,3,331.0,641.7176091221991,0.9999776962114252,High,Low Priority: Automated email only
12893,Silver Tier,31,1,176.55,1170.6317638661749,2.2303788574990107e-05,Low,Maintain: Standard loyalty program
12895,Silver Tier,42,2,372.8,1078.0732723101096,2.230378857499003e-05,Low,Maintain: Standard loyalty program
12897,Inactive,205,2,216.5,437.79263292308514,0.9999776962114252,High,Low Priority: Automated email only
12901,Gold Tier,9,28,17654.54,17443.258797329767,2.230378857499106e-05,Low,Maintain: VIP loyalty program
12902,Inactive,265,1,138.68,348.06446272391844,0.9999776962114252,High,Low Priority: Automated email only
12904,Silver Tier,18,2,496.06,867.3473447338708,2.230378857499007e-05,Low,Maintain: Standard loyalty program
12906,Silver Tier,12,5,2919.81,2845.240090692342,2.230378857499003e-05,Low,Maintain: Standard loyalty program
12908,Inactive,176,2,750.0,683.6030478879559,0.9999776962114252,High,Low Priority: Automated email only
12909,Silver Tier,40,5,2178.67,1692.8795006211258,2.2303788574989992e-05,Low,Maintain: Standard loyalty program
12910,Silver Tier,23,8,3075.04,2919.367303087901,2.230378857499007e-05,Low,Maintain: Standard loyalty program
12912,Silver Tier,3,5,1662.3,5282.156573989154,2.2303788574990107e-05,Low,Maintain: Standard loyalty program
12913,Silver Tier,5,5,2483.63,1840.2098576926105,2.2303788574990107e-05,Low,Maintain: Standard loyalty program
12915,Inactive,149,2,363.65,417.1941538062273,0.9999776962114252,High,Low Priority: Automated email only
12916,Silver Tier,139,4,2944.95,2087.2870952565577,0.9999776962114252,High,Send: Standard win-back offer
12917,Silver Tier,128,1,594.0,588.3164834524878,0.9999776962114252,High,Send: Standard win-back offer
12919,Silver Tier,8,6,1335.19,2157.972920772724,2.2303788574990107e-05,Low,Maintain: Standard loyalty program
12920,Silver Tier,17,1,162.78,1347.594640248632,2.2303788574990107e-05,Low,Maintain: Standard loyalty program
12921,Gold Tier,9,37,16587.09,12598.33718939018,2.230378857499209e-05,Low,Maintain: VIP loyalty program
12922,Inactive,161,1,405.38,503.91502891787184,0.9999776962114252,High,Low Priority: Automated email only
12923,Silver Tier,64,1,172.82,871.382211660038,2.230378857499106e-05,Low,Maintain: Standard loyalty program
12924,Silver Tier,88,4,933.7,1062.6636875506897,2.230378857500021e-05,Low,Maintain: Standard loyalty program
12925,Silver Tier,5,2,694.05,1610.3189543476865,2.2303788574990148e-05,Low,Maintain: Standard loyalty program
12928,Silver Tier,35,5,2062.7,1586.6084448974536,2.2303788574989992e-05,Low,Maintain: Standard loyalty program
12929,Inactive,312,1,117.85,305.018777800336,0.9999776962114252,High,Low Priority: Automated email only
12930,Silver Tier,78,2,415.8,802.5237365529239,2.230378857499217e-05,Low,Maintain: Standard loyalty program
12931,Gold Tier,22,15,42055.96,32634.31640110188,2.23037885749909e-05,Low,Maintain: VIP loyalty program
12933,Silver Tier,24,3,607.53,838.4037281034418,2.230378857499003e-05,Low,Maintain: Standard loyalty program
12935,Silver Tier,2,7,2160.7,1818.0460978496412,2.2303788574990107e-05,Low,Maintain: Standard loyalty program
12936,Silver Tier,17,4,1063.9,1531.317322225295,2.2303788574989992e-05,Low,Maintain: Standard loyalty program
12937,Silver Tier,15,4,1504.27,1633.3993564741331,2.2303788574989992e-05,Low,Maintain: Standard loyalty program
12938,Silver Tier,26,1,114.14,1232.9005241921468,2.2303788574990226e-05,Low,Maintain: Standard loyalty program
12939,Silver Tier,64,8,11581.8,8022.314344445892,2.2303788574991693e-05,Low,Maintain: Standard loyalty program
12940,Silver Tier,55,2,899.69,1864.9229713422017,2.2303788574990307e-05,Low,Maintain: Standard loyalty program
12942,Silver Tier,131,3,675.6,623.9407299715332,0.9999776962114252,High,Send: Standard win-back offer
12944,Silver Tier,36,2,604.51,538.9738178813565,2.230378857499003e-05,Low,Maintain: Standard loyalty program
12945,Inactive,288,1,462.95,324.6676665070214,0.9999776962114252,High,Low Priority: Automated email only
12947,Silver Tier,144,6,1603.99,1282.3524622745852,0.9999776962114252,High,Send: Standard win-back offer
12948,Silver Tier,16,7,2064.95,2099.875157829866,2.230378857499003e-05,Low,Maintain: Standard loyalty program
12949,Silver Tier,31,8,4167.22,3062.135396178438,2.230378857499007e-05,Low,Maintain: Standard loyalty program
12950,Silver Tier,2,3,1843.0,6533.055583352396,2.2303788574990148e-05,Low,Maintain: Standard loyalty program
12951,Silver Tier,9,6,1064.07,1084.5762607365266,2.2303788574989992e-05,Low,Maintain: Standard loyalty program
12952,Silver Tier,6,4,1387.79,2334.8717725925585,2.2303788574990107e-05,Low,Maintain: Standard loyalty program
12953,Silver Tier,10,1,329.85,1485.8231282945333,2.230378857499007e-05,Low,Maintain: Standard loyalty program
12955,Silver Tier,1,11,4757.16,4641.0337043579,2.2303788574990263e-05,Low,Maintain: Standard loyalty program
12956,Inactive,306,1,108.07,309.0852589323376,0.9999776962114252,High,Low Priority: Automated email only
12957,Silver Tier,10,8,4017.54,3221.554493872064,2.2303788574990107e-05,Low,Maintain: Standard loyalty program
12962,Silver Tier,7,2,266.39,904.135899379364,2.230378857499082e-05,Low,Maintain: Standard loyalty program
12963,Silver Tier,8,8,1856.63,1461.4571327875813,2.2303788574990107e-05,Low,Maintain: Standard loyalty program
12965,Silver Tier,89,1,769.8100000000001,733.5163099957323,2.2303788574999855e-05,Low,Maintain: Standard loyalty program
12966,Silver Tier,10,1,160.18,1485.8231282945333,2.2303788574990107e-05,Low,Maintain: Standard loyalty program
12967,Inactive,358,2,1660.9,496.709615070308,0.9999776962114252,High,Low Priority: Automated email only
12968,Silver Tier,112,1,135.95,640.3162225470167,0.9999776962114252,High,Send: Standard win-back offer
12970,Silver Tier,7,4,405.47,630.0103913556623,2.2303788574990185e-05,Low,Maintain: Standard loyalty program
12971,Platinum Tier,4,86,11189.91,8851.175403324414,2.230378857499157e-05,Low,Maintain: Continue white-glove service
12974,Inactive,198,1,144.8,435.72353274756034,0.9999776962114252,High,Low Priority: Automated email only
12976,Inactive,212,1,738.6,413.9398564473345,0.9999776962114252,High,Low Priority: Automated email only
12977,Inactive,156,1,39.239999999999995,515.1117955259693,0.9999776962114252,High,Low Priority: Automated email only
12980,Silver Tier,158,9,7374.900000000001,5232.38270189354,0.9999776962114252,High,Send: Standard win-back offer
12981,Silver Tier,30,2,372.22,940.7783835128548,2.230378857499003e-05,Low,Maintain: Standard loyalty program
12982,Inactive,243,1,390.54,372.6835048802685,0.9999776962114252,High,Low Priority: Automated email only
12984,Silver Tier,19,1,97.5,1332.1040378327834,2.2303788574990185e-05,Low,Maintain: Standard loyalty program
12985,Silver Tier,1,2,1239.38,2843.2301464042826,2.2303788574990226e-05,Low,Maintain: Standard loyalty program
12987,Silver Tier,74,2,558.7,788.8481840438061,2.230378857499201e-05,Low,Maintain: Standard loyalty program
12988,Inactive,292,1,505.82,321.0706298515195,0.9999776962114252,High,Low Priority: Automated email only
12989,Gold Tier,3,15,6924.11,5470.709796730433,2.2303788574990426e-05,Low,Maintain: VIP loyalty program
12990,Silver Tier,31,3,409.5,631.3135243818655,2.230378857499003e-05,Low,Maintain: Standard loyalty program
12991,Silver Tier,23,2,503.76,1073.868958875799,2.230378857499007e-05,Low,Maintain: Standard loyalty program
12993,Silver Tier,23,4,414.76,670.0389752523664,2.230378857499003e-05,Low,Maintain: Standard loyalty program
12994,Silver Tier,4,3,974.42,987.9369488271406,2.2303788574990148e-05,Low,Maintain: Standard loyalty program
12995,Silver Tier,85,1,211.32,752.5668013948482,2.23037885749949e-05,Low,Maintain: Standard loyalty program
12997,Silver Tier,22,4,1226.89,1127.6582968646085,2.2303788574989992e-05,Low,Maintain: Standard loyalty program
12999,Inactive,196,3,455.88,588.3422424163754,0.9999776962114252,High,Low Priority: Automated email only
13000,Silver Tier,107,3,534.85,567.0951342600156,0.9999776962114252,High,Send: Standard win-back offer
13001,Gold Tier,4,13,9785.97,7877.711370780712,2.2303788574990226e-05,Low,Maintain: VIP loyalty program
13002,Inactive,318,1,120.95,299.5022203602368,0.9999776962114252,High,Low Priority: Automated email only
13003,Silver Tier,106,3,149.05,607.6545650543758,0.9999776962114252,High,Send: Standard win-back offer
13004,Gold Tier,12,18,5655.91,4488.2383412866975,2.2303788574990307e-05,Low,Maintain: VIP loyalty program
13005,Inactive,174,2,513.7,608.8074720288337,0.9999776962114252,High,Low Priority: Automated email only
13006,Silver Tier,56,1,81.57,927.1467966421674,2.230378857499086e-05,Low,Maintain: Standard loyalty program
13008,Inactive,323,1,229.46999999999997,295.68243753942744,0.9999776962114252,High,Low Priority: Automated email only
13011,Inactive,372,1,50.55,262.83198413710926,0.9999776962114252,High,Low Priority: Automated email only
13012,Silver Tier,9,8,1646.84,1560.0742544939033,2.230378857499003e-05,Low,Maintain: Standard loyalty program
13013,Silver Tier,1,13,4810.9400000000005,2806.8023380872773,2.2303788574990263e-05,Low,Maintain: Standard loyalty program
13014,Silver Tier,11,10,3466.2799999999997,3199.293227164935,2.230378857499007e-05,Low,Maintain: Standard loyalty program
13015,Silver Tier,53,5,3339.64,3080.926011377424,2.230378857499086e-05,Low,Maintain: Standard loyalty program
13016,Silver Tier,73,3,789.89,1256.5263251154404,2.2303788574991415e-05,Low,Maintain: Standard loyalty program
13017,Silver Tier,7,1,204.0,1524.9288592155797,2.230378857499086e-05,Low,Maintain: Standard loyalty program
13018,Gold Tier,16,28,7277.7,6768.543648608035,2.2303788574990544e-05,Low,Maintain: VIP loyalty program
13021,Silver Tier,4,9,2616.38,2228.3578307063044,2.2303788574990148e-05,Low,Maintain: Standard loyalty program
13023,Silver Tier,64,2,689.9,1202.6005395379034,2.2303788574990625e-05,Low,Maintain: Standard loyalty program
13026,Silver Tier,1,5,975.36,1258.566985416853,2.2303788574990263e-05,Low,Maintain: Standard loyalty program
13027,Silver Tier,114,6,6912.0,4486.484897391565,0.9999776962114252,High,Send: Standard win-back offer
13028,Silver Tier,23,2,661.3199999999999,1968.349388346962,2.230378857499003e-05,Low,Maintain: Standard loyalty program
13029,Silver Tier,31,3,1247.5,963.110065287782,2.2303788574989992e-05,Low,Maintain: Standard loyalty program
13030,Silver Tier,11,2,752.4399999999999,543.0269398963482,2.230378857499003e-05,Low,Maintain: Standard loyalty program
13032,Silver Tier,52,2,1010.18,1820.038950505339,2.2303788574990263e-05,Low,Maintain: Standard loyalty program
13033,Inactive,357,1,190.55,272.08569290817746,0.9999776962114252,High,Low Priority: Automated email only
13034,Silver Tier,55,2,642.77,624.5351805383577,2.2303788574990307e-05,Low,Maintain: Standard loyalty program
13035,Silver Tier,74,2,921.88,928.57304457052,2.230378857499189e-05,Low,Maintain: Standard loyalty program
13037,Silver Tier,138,3,881.07,1030.905799181052,0.9999776962114252,High,Send: Standard win-back offer
13038,Silver Tier,80,3,908.46,835.7166250248064,2.230378857499312e-05,Low,Maintain: Standard loyalty program
13040,Silver Tier,9,2,676.99,2391.820743901438,2.230378857499003e-05,Low,Maintain: Standard loyalty program
13043,Inactive,273,1,516.42,338.9058777262529,0.9999776962114252,High,Low Priority: Automated email only
13044,Inactive,291,1,560.47,321.96239575917747,0.9999776962114252,High,Low Priority: Automated email only
13045,Silver Tier,99,1,305.28,689.8589465351988,0.9999776962114252,High,Send: Standard win-back offer
13046,Silver Tier,31,2,629.31,777.8576191661369,2.2303788574989992e-05,Low,Maintain: Standard loyalty program
13047,Silver Tier,32,10,3237.54,2454.0423521055477,2.230378857499007e-05,Low,Maintain: Standard loyalty program
13048,Silver Tier,14,4,1819.41,1429.1428616846354,2.2303788574989992e-05,Low,Maintain: Standard loyalty program
13049,Silver Tier,64,2,656.6800000000001,725.9813765168532,2.2303788574990625e-05,Low,Maintain: Standard loyalty program
13050,Gold Tier,15,17,5836.86,4554.997639350897,2.2303788574990307e-05,Low,Maintain: VIP loyalty program
13052,Inactive,212,1,348.15000000000003,412.4669332194865,0.9999776962114252,High,Low Priority: Automated email only
13055,Silver Tier,78,3,1214.41,1367.69482794926,2.2303788574993156e-05,Low,Maintain: Standard loyalty program
13058,Silver Tier,25,3,271.40000000000003,966.2491414921265,2.2303788574990148e-05,Low,Maintain: Standard loyalty program
13059,Inactive,250,1,183.4,364.48070425354217,0.9999776962114252,High,Low Priority: Automated email only
13060,Inactive,254,1,307.53000000000003,359.95350356360143,0.9999776962114252,High,Low Priority: Automated email only
13061,Silver Tier,72,1,248.61,821.9458652291272,2.2303788574991378e-05,Low,Maintain: Standard loyalty program
13062,Inactive,191,1,346.98,445.77748714189454,0.9999776962114252,High,Low Priority: Automated email only
13064,Silver Tier,13,4,1105.59,1084.2991227493983,2.230378857499003e-05,Low,Maintain: Standard loyalty program
13065,Inactive,373,1,205.86,262.2374002805863,0.9999776962114252,High,Low Priority: Automated email only
13066,Silver Tier,24,2,470.8,2259.9689465970287,2.230378857499007e-05,Low,Maintain: Standard loyalty program
13067,Silver Tier,82,1,115.46,767.5170296675334,2.230378857499419e-05,Low,Maintain: Standard loyalty program
13068,Silver Tier,10,2,344.0,485.482990610191,2.230378857499007e-05,Low,Maintain: Standard loyalty program
13069,Gold Tier,1,24,4431.44,3469.162488381532,2.2303788574990663e-05,Low,Maintain: VIP loyalty program
13070,Inactive,192,1,228.8,444.0697294609968,0.9999776962114252,High,Low Priority: Automated email only
13072,Inactive,267,1,177.15,345.98669741276063,0.9999776962114252,High,Low Priority: Automated email only
13075,Silver Tier,130,1,919.61,585.3455299462746,0.9999776962114252,High,Send: Standard win-back offer
13077,Silver Tier,1,4,728.02,621.2193902881586,2.2303788574990226e-05,Low,Maintain: Standard loyalty program
13078,Gold Tier,3,26,12627.94,9638.907157693851,2.2303788574990585e-05,Low,Maintain: VIP loyalty program
13079,Silver Tier,4,5,220.1,1021.2950164564136,2.230378857499086e-05,Low,Maintain: Standard loyalty program
13080,Inactive,179,1,58.08,467.3447423141662,0.9999776962114252,High,Low Priority: Automated email only
13081,Gold Tier,12,11,28337.38,19552.900416276792,2.2303788574990703e-05,Low,Maintain: VIP loyalty program
13082,Silver Tier,126,9,3613.63,2927.358199329394,0.9999776962114252,High,Send: Standard win-back offer
13083,Silver Tier,4,2,303.75,1173.4616938077709,2.230378857499082e-05,Low,Maintain: Standard loyalty program
13085,Inactive,158,2,416.08,484.82220284983106,0.9999776962114252,High,Low Priority: Automated email only
13089,Platinum Tier,3,97,58762.08,44838.98912920771,2.230378857499205e-05,Low,Maintain: Continue white-glove service
13090,Gold Tier,9,14,8910.82,6884.465004184703,2.2303788574990307e-05,Low,Maintain: VIP loyalty program
13091,Silver Tier,28,1,345.82,1194.7687753130083,2.230378857499007e-05,Low,Maintain: Standard loyalty program
13092,Silver Tier,71,5,477.83,569.5355651149534,2.2303788574991378e-05,Low,Maintain: Standard loyalty program
13093,Inactive,276,8,7832.47,4466.200202959722,0.9999776962114252,High,Low Priority: Automated email only
13094,Silver Tier,21,12,1927.32,1639.7389813991483,2.230378857499003e-05,Low,Maintain: Standard loyalty program
13095,Silver Tier,71,1,74.39999999999999,833.7714421202147,2.2303788574991852e-05,Low,Maintain: Standard loyalty program
13097,Silver Tier,33,10,6003.22,4683.131079892141,2.2303788574990107e-05,Low,Maintain: Standard loyalty program
13098,Gold Tier,1,28,28882.44,24778.212930702663,2.2303788574991174e-05,Low,Maintain: VIP loyalty program
13099,Silver Tier,99,1,207.36,689.8589465351988,0.9999776962114252,High,Send: Standard win-back offer
13101,Inactive,234,1,101.19,382.5221896728982,0.9999776962114252,High,Low Priority: Automated email only
13102,Gold Tier,1,24,6424.09,5036.808594893019,2.2303788574990663e-05,Low,Maintain: VIP loyalty program
13103,Silver Tier,40,1,243.94,1073.0798618180827,2.230378857499003e-05,Low,Maintain: Standard loyalty program
13104,Silver Tier,3,6,1098.48,1114.7094003500436,2.2303788574990148e-05,Low,Maintain: Standard loyalty program
13106,Silver Tier,133,1,76.5,573.7558586401718,0.9999776962114252,High,Send: Standard win-back offer
13107,Silver Tier,44,4,1531.62,1116.2313892492068,2.2303788574989992e-05,Low,Maintain: Standard loyalty program
13108,Inactive,373,1,350.06,262.83198413710926,0.9999776962114252,High,Low Priority: Automated email only
13109,Silver Tier,60,2,786.54,1133.7350339494044,2.2303788574990385e-05,Low,Maintain: Standard loyalty program
13110,Silver Tier,31,7,1488.67,1425.7543608195576,2.2303788574989992e-05,Low,Maintain: Standard loyalty program
13113,Gold Tier,1,24,12245.96,9444.215868870962,2.2303788574990663e-05,Low,Maintain: VIP loyalty program
13115,Silver Tier,12,4,2294.78,2327.890737680116,2.230378857499007e-05,Low,Maintain: Standard loyalty program
13116,Silver Tier,138,1,501.14,559.8986179491969,0.9999776962114252,High,Send: Standard win-back offer
13117,Silver Tier,22,8,984.91,926.8028192308022,2.230378857499003e-05,Low,Maintain: Standard loyalty program
13118,Silver Tier,20,5,1197.81,1293.6805643164548,2.2303788574989992e-05,Low,Maintain: Standard loyalty program
13120,Inactive,239,1,30.6,377.53875631108787,0.9999776962114252,High,Low Priority: Automated email only
13121,Inactive,269,1,283.73,342.9161502563091,0.9999776962114252,High,Low Priority: Automated email only
13122,Silver Tier,94,2,922.39,461.01876421045733,0.9999776962114252,High,Send: Standard win-back offer
13124,Silver Tier,90,3,3756.33,2103.653176532489,2.2303788575000807e-05,Low,Maintain: Standard loyalty program
13126,Silver Tier,5,8,2099.64,1743.302028026141,2.2303788574990107e-05,Low,Maintain: Standard loyalty program
13127,Silver Tier,78,1,259.17,793.7994213099503,2.2303788574992404e-05,Low,Maintain: Standard loyalty program
13130,Silver Tier,94,1,64.0,711.0180375807835,0.9999776962114252,High,Send: Standard win-back offer
13131,Silver Tier,23,3,1073.3,1449.6787324886295,2.2303788574989992e-05,Low,Maintain: Standard loyalty program
13132,Inactive,262,1,77.3,351.2283290459734,0.9999776962114252,High,Low Priority: Automated email only
13133,Inactive,274,2,109.8,409.7079285851228,0.9999776962114252,High,Low Priority: Automated email only
13134,Silver Tier,86,4,1793.58,1781.078164608378,2.2303788574997995e-05,Low,Maintain: Standard loyalty program
13135,Inactive,197,1,3096.0,437.3675776942195,0.9999776962114252,High,Low Priority: Automated email only
13136,Silver Tier,56,5,2607.61,2776.819184963866,2.2303788574990344e-05,Low,Maintain: Standard loyalty program
13137,Silver Tier,11,8,3603.29,3328.8553200275564,2.230378857499007e-05,Low,Maintain: Standard loyalty program
13138,Silver Tier,22,6,962.39,904.3317068052178,2.2303788574989992e-05,Low,Maintain: Standard loyalty program
13139,Silver Tier,16,7,5064.94,4999.174843636899,2.2303788574990107e-05,Low,Maintain: Standard loyalty program
13140,Silver Tier,108,3,422.47,516.6330752182705,0.9999776962114252,High,Send: Standard win-back offer
13141,Silver Tier,85,5,2388.75,1895.4069756575896,2.2303788574996528e-05,Low,Maintain: Standard loyalty program
13142,Silver Tier,19,1,307.09000000000003,1316.965589877716,2.230378857499007e-05,Low,Maintain: Standard loyalty program
13144,Inactive,333,1,110.95,289.04685668528043,0.9999776962114252,High,Low Priority: Automated email only
13145,Silver Tier,40,4,618.52,565.8236694450436,2.2303788574989992e-05,Low,Maintain: Standard loyalty program
13146,Silver Tier,26,1,228.91,1219.9222926807831,2.2303788574990107e-05,Low,Maintain: Standard loyalty program
13147,Silver Tier,10,4,712.8,1984.8345684832384,2.230378857499003e-05,Low,Maintain: Standard loyalty program
13148,Silver Tier,29,12,3683.26,2864.2807282403137,2.230378857499007e-05,Low,Maintain: Standard loyalty program
13149,Silver Tier,14,4,1676.06,1543.905443139317,2.2303788574989992e-05,Low,Maintain: Standard loyalty program
13151,Inactive,296,1,1257.87,318.42472877685196,0.9999776962114252,High,Low Priority: Automated email only
13153,Silver Tier,6,1,486.22,1566.149238768915,2.2303788574990185e-05,Low,Maintain: Standard loyalty program
13155,Silver Tier,33,4,971.76,761.9452284313682,2.2303788574989992e-05,Low,Maintain: Standard loyalty program
13157,Silver Tier,49,4,1741.22,1712.315969278885,2.2303788574990107e-05,Low,Maintain: Standard loyalty program
13158,Silver Tier,95,4,1201.06,1142.7192873319725,0.9999776962114252,High,Send: Standard win-back offer
13159,Silver Tier,9,4,1429.35,2450.546190805746,2.230378857499003e-05,Low,Maintain: Standard loyalty program
13160,Silver Tier,22,1,91.8,1273.5470319616638,2.2303788574990185e-05,Low,Maintain: Standard loyalty program
13161,Inactive,313,1,112.75,303.42198975554805,0.9999776962114252,High,Low Priority: Automated email only
13162,Silver Tier,122,4,1688.29,1089.4942610872824,0.9999776962114252,High,Send: Standard win-back offer
13165,Silver Tier,46,2,1021.48,780.6320677686238,2.230378857499003e-05,Low,Maintain: Standard loyalty program
13166,Inactive,283,1,417.2,329.2789155637291,0.9999776962114252,High,Low Priority: Automated email only
13167,Silver Tier,19,4,791.33,1506.1959112753875,2.2303788574989992e-05,Low,Maintain: Standard loyalty program
13168,Silver Tier,36,4,1299.59,928.7149155284033,2.230378857499003e-05,Low,Maintain: Standard loyalty program
13169,Silver Tier,64,2,712.88,612.2040008701827,2.2303788574990625e-05,Low,Maintain: Standard loyalty program
13170,Silver Tier,27,1,108.81,1219.9222926807831,2.2303788574990185e-05,Low,Maintain: Standard loyalty program
13171,Silver Tier,22,3,468.41,663.3963241220863,2.230378857499003e-05,Low,Maintain: Standard loyalty program
13173,Silver Tier,4,2,353.65000000000003,437.766331471376,2.2303788574990185e-05,Low,Maintain: Standard loyalty program
13174,Silver Tier,16,3,2742.82,1279.1070274022156,2.230378857499007e-05,Low,Maintain: Standard loyalty program
13176,Silver Tier,46,1,481.49,1007.7639635956134,2.230378857499007e-05,Low,Maintain: Standard loyalty program
13177,Silver Tier,65,1,282.45,871.382211660038,2.2303788574990663e-05,Low,Maintain: Standard loyalty program
13178,Silver Tier,26,11,5725.47,4193.369790858868,2.2303788574990107e-05,Low,Maintain: Standard loyalty program
13182,Silver Tier,45,1,121.18,1016.603648575807,2.2303788574990148e-05,Low,Maintain: Standard loyalty program
13183,Silver Tier,8,9,3957.78,3076.9061006332786,2.2303788574990185e-05,Low,Maintain: Standard loyalty program
13184,Silver Tier,15,10,1668.95,1753.8583634767808,2.230378857499003e-05,Low,Maintain: Standard loyalty program
13185,Inactive,268,1,71.4,344.95708979870165,0.9999776962114252,High,Low Priority: Automated email only
13186,Silver Tier,40,3,1575.89,1636.5262246387174,2.2303788574989992e-05,Low,Maintain: Standard loyalty program
13187,Inactive,337,1,236.02,285.48753173798195,0.9999776962114252,High,Low Priority: Automated email only
13188,Silver Tier,11,1,114.6,1448.6733665307254,2.2303788574990226e-05,Low,Maintain: Standard loyalty program
13189,Silver Tier,19,2,260.68,953.036599963996,2.230378857499007e-05,Low,Maintain: Standard loyalty program
13192,Silver Tier,95,2,911.94,967.2264113640928,0.9999776962114252,High,Send: Standard win-back offer
13193,Silver Tier,61,1,112.08,891.4895806459505,2.23037885749911e-05,Low,Maintain: Standard loyalty program
13194,Silver Tier,136,1,60.7,568.1314526115447,0.9999776962114252,High,Send: Standard win-back offer
13196,Silver Tier,11,4,1797.78,1612.005166519793,2.230378857499003e-05,Low,Maintain: Standard loyalty program
13198,Silver Tier,10,6,3401.24,2596.8424817915225,2.230378857499003e-05,Low,Maintain: Standard loyalty program
13199,Gold Tier,4,38,9817.12,7546.392189094372,2.230378857499157e-05,Low,Maintain: VIP loyalty program
13200,Silver Tier,19,4,870.09,1641.1352880099032,2.2303788574989992e-05,Low,Maintain: Standard loyalty program
13203,Silver Tier,10,4,869.46,1182.1902111900793,2.230378857499003e-05,Low,Maintain: Standard loyalty program
13207,Silver Tier,15,2,250.26,695.1070821835909,2.230378857499007e-05,Low,Maintain: Standard loyalty program
13208,Silver Tier,59,6,1217.65,1291.0349207173676,2.2303788574990385e-05,Low,Maintain: Standard loyalty program
13209,Silver Tier,30,8,5891.61,4494.791234667556,2.230378857499007e-05,Low,Maintain: Standard loyalty program
13210,Silver Tier,94,1,353.48,715.4065893045822,0.9999776962114252,High,Send: Standard win-back offer
13211,Silver Tier,10,3,1095.42,1029.427853396639,2.230378857499003e-05,Low,Maintain: Standard loyalty program
13212,Silver Tier,20,3,786.83,2144.0589814215346,2.2303788574989992e-05,Low,Maintain: Standard loyalty program
13213,Silver Tier,57,5,1520.58,1836.310346133434,2.2303788574990307e-05,Low,Maintain: Standard loyalty program
13216,Inactive,268,1,333.74,344.95708979870165,0.9999776962114252,High,Low Priority: Automated email only
13217,Silver Tier,122,3,533.98,1242.8819005269202,0.9999776962114252,High,Send: Standard win-back offer
13218,Silver Tier,127,1,62.63999999999999,591.3177516889655,0.9999776962114252,High,Send: Standard win-back offer
13220,Silver Tier,78,4,819.2900000000001,1237.2147801289052,2.2303788574992404e-05,Low,Maintain: Standard loyalty program
13221,Inactive,240,2,847.41,552.9176982190947,0.9999776962114252,High,Low Priority: Automated email only
13223,Inactive,200,2,163.2,513.3355729070215,0.9999776962114252,High,Low Priority: Automated email only
13224,Silver Tier,60,2,2155.95,1849.3718958770755,2.2303788574990385e-05,Low,Maintain: Standard loyalty program
13225,Silver Tier,3,7,6463.84,4294.5387009608185,2.2303788574990226e-05,Low,Maintain: Standard loyalty program
13226,Inactive,273,1,108.21,338.9058777262529,0.9999776962114252,High,Low Priority: Automated email only
13227,Inactive,202,1,257.7,429.2691259765146,0.9999776962114252,High,Low Priority: Automated email only
13228,Silver Tier,81,1,358.0,772.6333322467653,2.2303788574992963e-05,Low,Maintain: Standard loyalty program
13229,Inactive,226,1,160.95,394.2306785524733,0.9999776962114252,High,Low Priority: Automated email only
13230,Silver Tier,4,14,2755.63,2381.2850458363546,2.2303788574990307e-05,Low,Maintain: Standard loyalty program
13232,Silver Tier,13,7,1328.35,1743.782226078268,2.230378857499003e-05,Low,Maintain: Standard loyalty program
13233,Silver Tier,74,2,605.12,551.0676279762857,2.230378857499201e-05,Low,Maintain: Standard loyalty program
13235,Inactive,212,1,1031.07,412.4669332194865,0.9999776962114252,High,Low Priority: Automated email only
13236,Silver Tier,25,2,744.85,1282.892237849508,2.230378857499003e-05,Low,Maintain: Standard loyalty program
13238,Silver Tier,17,4,700.73,788.8947917210306,2.2303788574989992e-05,Low,Maintain: Standard loyalty program
13239,Inactive,262,1,329.56,351.2283290459734,0.9999776962114252,High,Low Priority: Automated email only
13240,Silver Tier,96,4,663.65,657.726905949656,0.9999776962114252,High,Send: Standard win-back offer
13242,Silver Tier,112,3,270.40000000000003,654.6515548045437,0.9999776962114252,High,Send: Standard win-back offer
13243,Inactive,203,1,585.12,426.1131061294917,0.9999776962114252,High,Low Priority: Automated email only
13244,Silver Tier,93,1,121.74,719.8496572064222,0.9999776962114252,High,Send: Standard win-back offer
13245,Silver Tier,51,1,430.5,973.891045138813,2.2303788574990263e-05,Low,Maintain: Standard loyalty program
13246,Silver Tier,18,6,1961.52,1687.974332211244,2.2303788574989992e-05,Low,Maintain: Standard loyalty program
13247,Silver Tier,18,4,501.12,1389.5170427181652,2.230378857499003e-05,Low,Maintain: Standard loyalty program
13248,Silver Tier,125,2,465.68,617.6055300927125,0.9999776962114252,High,Send: Standard win-back offer
13249,Silver Tier,92,3,711.41,823.0890596976096,0.9999776962114252,High,Send: Standard win-back offer
13253,Inactive,157,2,1030.4,724.0046229291445,0.9999776962114252,High,Low Priority: Automated email only
13255,Silver Tier,9,2,399.51,422.8257509117952,2.230378857499007e-05,Low,Maintain: Standard loyalty program
13258,Silver Tier,12,3,672.83,1051.8606604207823,2.230378857499003e-05,Low,Maintain: Standard loyalty program
13259,Silver Tier,62,1,283.18,891.4895806459505,2.2303788574990663e-05,Low,Maintain: Standard loyalty program
13260,Silver Tier,61,1,557.62,891.4895806459505,2.2303788574990544e-05,Low,Maintain: Standard loyalty program
13261,Inactive,269,2,944.1,464.5750931506053,0.9999776962114252,High,Low Priority: Automated email only
13262,Inactive,263,1,200.29,349.1127321634966,0.9999776962114252,High,Low Priority: Automated email only
13263,Gold Tier,1,35,7436.93,6590.800427962158,2.2303788574991693e-05,Low,Maintain: VIP loyalty program
13265,Silver Tier,53,5,2092.66,2090.92418781313,2.2303788574990307e-05,Low,Maintain: Standard loyalty program
13266,Silver Tier,11,12,3834.26,4050.846810325224,2.2303788574990107e-05,Low,Maintain: Standard loyalty program
13267,Gold Tier,3,19,4521.49,3539.8615088089905,2.2303788574990385e-05,Low,Maintain: VIP loyalty program
13268,Silver Tier,18,11,3174.75,2919.7444713324853,2.230378857499007e-05,Low,Maintain: Standard loyalty program
13269,Gold Tier,1,15,5343.28,4109.251521330994,2.2303788574990463e-05,Low,Maintain: VIP loyalty program
13270,Inactive,366,1,590.0,266.45689100090283,0.9999776962114252,High,Low Priority: Automated email only
13271,Silver Tier,37,1,211.49,1093.3262542128698,2.230378857499007e-05,Low,Maintain: Standard loyalty program
13272,Silver Tier,31,2,276.56,1113.1314361069244,2.230378857499003e-05,Low,Maintain: Standard loyalty program
13273,Silver Tier,113,1,138.98,636.7983907445174,0.9999776962114252,High,Send: Standard win-back offer
13276,Silver Tier,64,2,590.9300000000001,1587.2299863384571,2.2303788574990625e-05,Low,Maintain: Standard loyalty program
13277,Silver Tier,16,4,258.4,1018.1061399950084,2.2303788574990107e-05,Low,Maintain: Standard loyalty program
13278,Silver Tier,41,1,542.73,1063.2353258039057,2.230378857499003e-05,Low,Maintain: Standard loyalty program
13279,Silver Tier,78,1,137.75,788.3999061904082,2.230378857499288e-05,Low,Maintain: Standard loyalty program
13280,Silver Tier,122,3,798.46,734.4134817263592,0.9999776962114252,High,Send: Standard win-back offer
13282,Silver Tier,18,3,1132.14,1325.0865176263285,2.2303788574989992e-05,Low,Maintain: Standard loyalty program
13283,Silver Tier,60,2,93.66,616.55703383035,2.2303788574990937e-05,Low,Maintain: Standard loyalty program
13284,Inactive,331,1,201.19,290.4955624637694,0.9999776962114252,High,Low Priority: Automated email only
13285,Silver Tier,23,4,2709.12,2182.4618675710035,2.230378857499003e-05,Low,Maintain: Standard loyalty program
13291,Inactive,156,1,361.11,517.4111282486208,0.9999776962114252,High,Low Priority: Automated email only
13292,Silver Tier,39,2,578.9399999999999,655.3754142579589,2.2303788574989992e-05,Low,Maintain: Standard loyalty program
13294,Inactive,190,2,873.74,780.5157432702881,0.9999776962114252,High,Low Priority: Automated email only
13295,Inactive,360,1,201.2,270.81439185105637,0.9999776962114252,High,Low Priority: Automated email only
13296,Silver Tier,137,1,87.4,562.6162538325339,0.9999776962114252,High,Send: Standard win-back offer
13297,Silver Tier,8,4,2089.85,2786.2279074268195,2.2303788574990107e-05,Low,Maintain: Standard loyalty program
13298,Silver Tier,1,1,360.0,1655.6594005589177,2.2303788574990263e-05,Low,Maintain: Standard loyalty program
13299,Inactive,268,1,142.5,343.9335921559132,0.9999776962114252,High,Low Priority: Automated email only
13300,Inactive,169,1,371.89,486.97869006985377,0.9999776962114252,High,Low Priority: Automated email only
13301,Silver Tier,104,4,618.09,794.3208996784267,0.9999776962114252,High,Send: Standard win-back offer
13302,Inactive,155,1,63.75,517.4111282486208,0.9999776962114252,High,Low Priority: Automated email only
13304,Inactive,351,1,300.42,275.9722362853422,0.9999776962114252,High,Low Priority: Automated email only
13305,Silver Tier,4,10,2000.86,1735.4350765843649,2.2303788574990107e-05,Low,Maintain: Standard loyalty program
13307,Silver Tier,120,1,15.0,613.2158625724459,0.9999776962114252,High,Send: Standard win-back offer
13308,Silver Tier,23,3,1385.51,1166.8558285818467,2.2303788574989992e-05,Low,Maintain: Standard loyalty program
13309,Silver Tier,7,5,1456.79,1295.1063778323294,2.230378857499007e-05,Low,Maintain: Standard loyalty program
13310,Silver Tier,28,3,1132.03,924.06054572149,2.2303788574989992e-05,Low,Maintain: Standard loyalty program
13311,Silver Tier,4,2,598.57,767.9020439968582,2.2303788574990148e-05,Low,Maintain: Standard loyalty program
13313,Silver Tier,22,5,1555.3200000000002,1337.50520921105,2.2303788574989992e-05,Low,Maintain: Standard loyalty program
13314,Silver Tier,2,3,775.94,1608.645562787919,2.2303788574990148e-05,Low,Maintain: Standard loyalty program
13316,Silver Tier,37,4,5732.93,4414.379790423776,2.230378857499007e-05,Low,Maintain: Standard loyalty program
13317,Silver Tier,66,6,2273.68,1829.7693159094297,2.230378857499157e-05,Low,Maintain: Standard loyalty program
13318,Silver Tier,1,3,640.76,2329.964933110341,2.2303788574990226e-05,Low,Maintain: Standard loyalty program
13319,Gold Tier,5,26,10845.55,8055.879853986061,2.2303788574990585e-05,Low,Maintain: VIP loyalty program
13320,Silver Tier,78,4,1532.2,1610.1330334337038,2.2303788574993475e-05,Low,Maintain: Standard loyalty program
13321,Silver Tier,72,2,567.36,1452.0093598550854,2.2303788574991337e-05,Low,Maintain: Standard loyalty program
13322,Silver Tier,17,1,199.48,1347.594640248632,2.2303788574990107e-05,Low,Maintain: Standard loyalty program
13323,Silver Tier,3,5,787.85,2367.360526620512,2.2303788574990148e-05,Low,Maintain: Standard loyalty program
13324,Silver Tier,36,10,7121.95,5174.292600471281,2.2303788574990107e-05,Low,Maintain: Standard loyalty program
13325,Silver Tier,82,1,675.3,772.6333322467653,2.230378857499344e-05,Low,Maintain: Standard loyalty program
13327,Silver Tier,39,8,3627.77,2493.3059797578694,2.230378857499003e-05,Low,Maintain: Standard loyalty program
13328,Inactive,316,1,1308.48,301.05791158816436,0.9999776962114252,High,Low Priority: Automated email only
13329,Silver Tier,32,2,789.0,634.069567521921,2.2303788574989992e-05,Low,Maintain: Standard loyalty program
13330,Silver Tier,93,3,1140.93,1010.8282997773396,0.9999776962114252,High,Send: Standard win-back offer
13332,Silver Tier,14,1,350.9,1396.3067155040203,2.230378857499007e-05,Low,Maintain: Standard loyalty program
13334,Silver Tier,82,3,3502.32,1894.2990151409756,2.230378857499605e-05,Low,Maintain: Standard loyalty program
13336,Silver Tier,77,1,795.12,793.7994213099503,2.230378857499201e-05,Low,Maintain: Standard loyalty program
13338,Inactive,158,1,487.02,512.832809797066,0.9999776962114252,High,Low Priority: Automated email only
13339,Inactive,201,1,860.12,430.86473332273926,0.9999776962114252,High,Low Priority: Automated email only
13340,Silver Tier,45,7,10736.48,6899.445554022972,2.2303788574990148e-05,Low,Maintain: Standard loyalty program
13341,Inactive,261,1,775.85,352.2957723378669,0.9999776962114252,High,Low Priority: Automated email only
13343,Inactive,178,1,353.43,471.1438391061143,0.9999776962114252,High,Low Priority: Automated email only
13344,Silver Tier,68,3,2511.69,1103.3715383280537,2.230378857499157e-05,Low,Maintain: Standard loyalty program
13345,Inactive,288,1,389.5,325.5795547475773,0.9999776962114252,High,Low Priority: Automated email only
13347,Silver Tier,70,1,341.35999999999996,833.7714421202147,2.2303788574991378e-05,Low,Maintain: Standard loyalty program
13348,Silver Tier,64,1,233.76,871.382211660038,2.2303788574990663e-05,Low,Maintain: Standard loyalty program
13349,Silver Tier,11,1,247.32,1467.013040655582,2.230378857499007e-05,Low,Maintain: Standard loyalty program
13350,Silver Tier,16,2,979.12,1568.944545111294,2.230378857499003e-05,Low,Maintain: Standard loyalty program
13351,Silver Tier,66,1,373.94,858.4738053899073,2.2303788574990744e-05,Low,Maintain: Standard loyalty program
13352,Silver Tier,60,1,397.98,898.3998783426291,2.2303788574990426e-05,Low,Maintain: Standard loyalty program
13354,Silver Tier,71,1,743.53,827.8164177882809,2.2303788574991415e-05,Low,Maintain: Standard loyalty program
13355,Silver Tier,122,1,674.7,606.7954794472454,0.9999776962114252,High,Send: Standard win-back offer
13356,Silver Tier,80,1,768.24,777.8183113846773,2.230378857499308e-05,Low,Maintain: Standard loyalty program
13357,Inactive,257,1,609.4,355.5373916352416,0.9999776962114252,High,Low Priority: Automated email only
13358,Inactive,269,1,439.03,343.9335921559132,0.9999776962114252,High,Low Priority: Automated email only
13359,Silver Tier,64,1,439.56,877.9831095133258,2.2303788574990663e-05,Low,Maintain: Standard loyalty program
13362,Silver Tier,9,4,3090.74,2406.816196358739,2.230378857499007e-05,Low,Maintain: Standard loyalty program
13363,Silver Tier,18,2,992.5,2216.234907502169,2.230378857499003e-05,Low,Maintain: Standard loyalty program
13364,Silver Tier,71,1,134.96,827.8164177882809,2.2303788574991852e-05,Low,Maintain: Standard loyalty program
13365,Silver Tier,34,2,2225.37,2004.06763112118,2.2303788574989992e-05,Low,Maintain: Standard loyalty program
13366,Silver Tier,50,1,56.16,973.891045138813,2.2303788574990625e-05,Low,Maintain: Standard loyalty program
13368,Inactive,257,2,623.4,750.1270659196837,0.9999776962114252,High,Low Priority: Automated email only
13369,Inactive,366,1,308.28000000000003,267.07078577809557,0.9999776962114252,High,Low Priority: Automated email only
13370,Inactive,372,1,754.87,263.4292704434109,0.9999776962114252,High,Low Priority: Automated email only
13372,Silver Tier,90,1,378.64,733.5163099957323,2.2303788574999817e-05,Low,Maintain: Standard loyalty program
13373,Silver Tier,61,3,3312.25,2456.15366441566,2.230378857499205e-05,Low,Maintain: Standard loyalty program
13375,Silver Tier,89,1,778.65,738.1879265173318,2.2303788574999855e-05,Low,Maintain: Standard loyalty program
13376,Silver Tier,99,3,1019.76,1119.637257170714,0.9999776962114252,High,Send: Standard win-back offer
13379,Silver Tier,26,3,572.56,1349.983557007314,2.230378857499003e-05,Low,Maintain: Standard loyalty program
13381,Silver Tier,32,6,3639.31,3221.5796793337095,2.230378857499003e-05,Low,Maintain: Standard loyalty program
13382,Inactive,281,1,222.99,332.1090813134735,0.9999776962114252,High,Low Priority: Automated email only
13384,Silver Tier,31,7,4151.93,4469.948068466897,2.230378857499007e-05,Low,Maintain: Standard loyalty program
13385,Inactive,330,1,534.57,291.2253748813861,0.9999776962114252,High,Low Priority: Automated email only
13388,Silver Tier,131,2,677.1,579.492748197398,0.9999776962114252,High,Send: Standard win-back offer
13389,Silver Tier,11,3,797.96,1023.927977972005,2.230378857499003e-05,Low,Maintain: Standard loyalty program
13390,Silver Tier,75,1,544.08,810.4510859892586,2.230378857499233e-05,Low,Maintain: Standard loyalty program
13391,Inactive,204,1,59.8,426.1131061294917,0.9999776962114252,High,Low Priority: Automated email only
13394,Silver Tier,2,8,2520.02,2300.601627814754,2.2303788574990148e-05,Low,Maintain: Standard loyalty program
13395,Inactive,185,1,307.72,456.3063996534212,0.9999776962114252,High,Low Priority: Automated email only
13396,Silver Tier,29,2,1360.99,1071.2325216009635,2.2303788574989992e-05,Low,Maintain: Standard loyalty program
13397,Silver Tier,73,5,1544.13,1333.9693991715428,2.230378857499177e-05,Low,Maintain: Standard loyalty program
13398,Inactive,192,1,457.34,444.0697294609968,0.9999776962114252,High,Low Priority: Automated email only
13402,Silver Tier,127,2,621.23,513.8091975231908,0.9999776962114252,High,Send: Standard win-back offer
13403,Silver Tier,18,1,75.0,1347.594640248632,2.2303788574990185e-05,Low,Maintain: Standard loyalty program
13404,Silver Tier,1,2,252.49,523.4292494956887,2.23037885749909e-05,Low,Maintain: Standard loyalty program
13405,Silver Tier,74,3,572.451,698.3148329889791,2.230378857499177e-05,Low,Maintain: Standard loyalty program
13408,Gold Tier,2,62,28117.04,20876.55023387551,2.230378857499205e-05,Low,Maintain: VIP loyalty program
13410,Silver Tier,24,5,1003.06,1081.2615019413176,2.230378857499003e-05,Low,Maintain: Standard loyalty program
13411,Silver Tier,107,1,213.55,658.5049988584291,0.9999776962114252,High,Send: Standard win-back offer
13414,Silver Tier,134,3,1390.5,1224.3870508682248,0.9999776962114252,High,Send: Standard win-back offer
13416,Silver Tier,44,2,712.5,1747.5172740874586,2.2303788574989992e-05,Low,Maintain: Standard loyalty program
13417,Silver Tier,5,2,640.83,923.1314017789894,2.2303788574990148e-05,Low,Maintain: Standard loyalty program
13418,Gold Tier,12,18,6127.43,4463.174541989253,2.2303788574990307e-05,Low,Maintain: VIP loyalty program
13419,Silver Tier,64,1,221.06,877.9831095133258,2.2303788574990703e-05,Low,Maintain: Standard loyalty program
13420,Inactive,150,2,159.85,696.6343666835968,0.9999776962114252,High,Low Priority: Automated email only
13421,Silver Tier,40,2,1833.71,1185.535458436996,2.2303788574989992e-05,Low,Maintain: Standard loyalty program
13422,Silver Tier,64,1,2626.3,871.382211660038,2.230378857499157e-05,Low,Maintain: Standard loyalty program
13425,Silver Tier,108,3,1624.21,1416.4590299992335,0.9999776962114252,High,Send: Standard win-back offer
13426,Silver Tier,1,10,3641.32,2886.313640339893,2.2303788574990226e-05,Low,Maintain: Standard loyalty program
13427,Silver Tier,19,3,582.6,902.1380751782576,2.2303788574989992e-05,Low,Maintain: Standard loyalty program
13428,Silver Tier,10,1,201.78,1467.013040655582,2.2303788574990107e-05,Low,Maintain: Standard loyalty program
13429,Silver Tier,11,4,1006.8,2492.692514622775,2.230378857499003e-05,Low,Maintain: Standard loyalty program
13430,Silver Tier,19,2,679.4499999999999,1517.6265765157063,2.230378857499003e-05,Low,Maintain: Standard loyalty program
13431,Silver Tier,67,2,1269.1,1628.6714881670214,2.230378857499106e-05,Low,Maintain: Standard loyalty program
13434,Silver Tier,74,2,534.24,1629.1721771833977,2.230378857499181e-05,Low,Maintain: Standard loyalty program
13435,Silver Tier,5,7,3809.89,4796.93501757431,2.2303788574990185e-05,Low,Maintain: Standard loyalty program
13436,Silver Tier,2,1,196.89,1655.6594005589177,2.230378857499086e-05,Low,Maintain: Standard loyalty program
13437,Silver Tier,14,7,3408.06,3039.8597161276143,2.230378857499007e-05,Low,Maintain: Standard loyalty program
13439,Inactive,255,1,283.71,357.7318186433175,0.9999776962114252,High,Low Priority: Automated email only
13441,Silver Tier,92,1,296.64,724.3482635460014,0.9999776962114252,High,Send: Standard win-back offer
13447,Silver Tier,23,3,1129.14,4022.04007979246,2.2303788574989992e-05,Low,Maintain: Standard loyalty program
13448,Silver Tier,17,6,3534.69,2551.649239554376,2.230378857499003e-05,Low,Maintain: Standard loyalty program
13449,Silver Tier,24,1,291.88,1259.703587062989,2.2303788574990107e-05,Low,Maintain: Standard loyalty program
13450,Silver Tier,27,6,2043.72,2539.31939241373,2.2303788574989992e-05,Low,Maintain: Standard loyalty program
13451,Silver Tier,26,5,2898.26,2365.934726832046,2.230378857499003e-05,Low,Maintain: Standard loyalty program
13452,Inactive,259,2,590.0,649.2193271144193,0.9999776962114252,High,Low Priority: Automated email only
13453,Inactive,166,2,356.97999999999996,520.0074283133172,0.9999776962114252,High,Low Priority: Automated email only
13455,Silver Tier,25,2,1058.34,555.5785265888848,2.230378857499003e-05,Low,Maintain: Standard loyalty program
13456,Silver Tier,18,6,1766.72,2358.384053148606,2.2303788574989992e-05,Low,Maintain: Standard loyalty program
13458,Gold Tier,7,14,9646.57,6883.388080194688,2.2303788574990385e-05,Low,Maintain: VIP loyalty program
13460,Silver Tier,29,2,183.44,1345.7924642229711,2.2303788574990148e-05,Low,Maintain: Standard loyalty program
13461,Silver Tier,39,3,1445.0,1755.8827056330658,2.2303788574989992e-05,Low,Maintain: Standard loyalty program
13462,Inactive,253,1,151.5,361.07472695079787,0.9999776962114252,High,Low Priority: Automated email only
13464,Silver Tier,58,1,674.68,912.546967178022,2.2303788574990426e-05,Low,Maintain: Standard loyalty program
13466,Inactive,184,1,307.90000000000003,458.10976754228847,0.9999776962114252,High,Low Priority: Automated email only
13467,Silver Tier,11,2,1071.91,2126.0818535131702,2.230378857499003e-05,Low,Maintain: Standard loyalty program
13468,Gold Tier,2,37,5704.97,4405.250625035389,2.230378857499157e-05,Low,Maintain: VIP loyalty program
13470,Silver Tier,99,2,165.0,821.0141024315107,0.9999776962114252,High,Send: Standard win-back offer
13471,Silver Tier,1,4,2501.84,5460.97970832366,2.2303788574990226e-05,Low,Maintain: Standard loyalty program
13473,Silver Tier,61,2,422.64,471.37384875381895,2.2303788574990585e-05,Low,Maintain: Standard loyalty program
13474,Inactive,236,1,226.84,380.0141350613526,0.9999776962114252,High,Low Priority: Automated email only
13475,Inactive,191,4,1431.78,1341.5555130692553,0.9999776962114252,High,Low Priority: Automated email only
13476,Inactive,179,2,1238.47,808.2870240041974,0.9999776962114252,High,Low Priority: Automated email only
13477,Silver Tier,38,6,1454.58,1550.9834016055052,2.2303788574989992e-05,Low,Maintain: Standard loyalty program
13479,Inactive,201,2,300.95,598.6267399829674,0.9999776962114252,High,Low Priority: Automated email only
13481,Silver Tier,46,5,1804.56,1547.249697597731,2.230378857499003e-05,Low,Maintain: Standard loyalty program
13482,Inactive,232,1,184.64,385.0635714668843,0.9999776962114252,High,Low Priority: Automated email only
13483,Silver Tier,66,1,140.34,864.8798402201314,2.2303788574991174e-05,Low,Maintain: Standard loyalty program
13484,Inactive,241,1,313.8,373.8855720243593,0.9999776962114252,High,Low Priority: Automated email only
13485,Inactive,233,1,454.24,383.7886732905511,0.9999776962114252,High,Low Priority: Automated email only
13486,Silver Tier,78,3,1122.41,1886.8181660161888,2.2303788574992563e-05,Low,Maintain: Standard loyalty program
13487,Silver Tier,58,3,575.4,617.255403919611,2.2303788574990344e-05,Low,Maintain: Standard loyalty program
13488,Gold Tier,17,13,8968.31,6072.108470252852,2.2303788574990107e-05,Low,Maintain: VIP loyalty program
13489,Silver Tier,105,4,449.52,728.4076169881873,0.9999776962114252,High,Send: Standard win-back offer
13491,Silver Tier,52,10,1215.82,1181.2739842134208,2.2303788574990344e-05,Low,Maintain: Standard loyalty program
13492,Silver Tier,136,3,1269.84,1528.1191627140895,0.9999776962114252,High,Send: Standard win-back offer
13493,Inactive,275,2,618.63,733.0159534028948,0.9999776962114252,High,Low Priority: Automated email only
13494,Inactive,312,1,316.26000000000005,305.018777800336,0.9999776962114252,High,Low Priority: Automated email only
13495,Silver Tier,8,5,2044.87,1455.548989328996,2.2303788574990107e-05,Low,Maintain: Standard loyalty program
13496,Silver Tier,11,2,653.33,422.2917958650079,2.230378857499003e-05,Low,Maintain: Standard loyalty program
13497,Inactive,283,2,348.05,439.9801588546404,0.9999776962114252,High,Low Priority: Automated email only
13499,Silver Tier,18,5,1159.11,1383.4551545261909,2.2303788574989992e-05,Low,Maintain: Standard loyalty program
13500,Silver Tier,23,3,1166.77,2088.191167299479,2.2303788574989992e-05,Low,Maintain: Standard loyalty program
13501,Inactive,288,1,1340.32,324.6676665070214,0.9999776962114252,High,Low Priority: Automated email only
13502,Silver Tier,17,3,292.0,506.6320434944609,2.2303788574990148e-05,Low,Maintain: Standard loyalty program
13503,Silver Tier,71,1,216.85,827.8164177882809,2.2303788574991415e-05,Low,Maintain: Standard loyalty program
13504,Silver Tier,64,1,295.93,871.382211660038,2.2303788574990663e-05,Low,Maintain: Standard loyalty program
13505,Silver Tier,73,4,4393.63,3985.181811651224,2.2303788574992963e-05,Low,Maintain: Standard loyalty program
13506,Inactive,316,2,458.52,414.0099686610207,0.9999776962114252,High,Low Priority: Automated email only
13507,Silver Tier,3,4,2479.16,2491.573044780966,2.2303788574990107e-05,Low,Maintain: Standard loyalty program
13508,Inactive,244,1,110.97,371.4891427284427,0.9999776962114252,High,Low Priority: Automated email only
13509,Silver Tier,9,7,979.72,1139.744949092549,2.230378857499003e-05,Low,Maintain: Standard loyalty program
13510,Silver Tier,1,4,1791.56,2078.3963547571084,2.2303788574990185e-05,Low,Maintain: Standard loyalty program
13512,Inactive,261,1,251.21,352.2957723378669,0.9999776962114252,High,Low Priority: Automated email only
13513,Silver Tier,127,1,205.1,594.3498010481835,0.9999776962114252,High,Send: Standard win-back offer
13514,Silver Tier,74,1,152.20000000000002,816.1579995989189,2.2303788574992445e-05,Low,Maintain: Standard loyalty program
13515,Silver Tier,73,4,891.12,1147.0228529984258,2.2303788574991415e-05,Low,Maintain: Standard loyalty program
13516,Silver Tier,21,3,1389.41,1696.304610574665,2.2303788574989992e-05,Low,Maintain: Standard loyalty program
13517,Silver Tier,60,3,2128.42,1834.6900383186085,2.2303788574990385e-05,Low,Maintain: Standard loyalty program
13518,Silver Tier,86,1,627.16,752.5668013948482,2.230378857499728e-05,Low,Maintain: Standard loyalty program
13519,Silver Tier,78,1,122.75,788.3999061904082,2.230378857499284e-05,Low,Maintain: Standard loyalty program
13520,Silver Tier,59,6,3624.35,2757.699525035608,2.230378857499106e-05,Low,Maintain: Standard loyalty program
13521,Silver Tier,1,3,1071.73,4871.514140213968,2.2303788574990226e-05,Low,Maintain: Standard loyalty program
13522,Silver Tier,30,1,125.8,1170.6317638661749,2.2303788574990148e-05,Low,Maintain: Standard loyalty program
13523,Silver Tier,33,5,3964.88,2769.539241956423,2.230378857499007e-05,Low,Maintain: Standard loyalty program
13524,Silver Tier,41,5,680.1800000000001,1096.962845690202,2.2303788574989992e-05,Low,Maintain: Standard loyalty program
13525,Silver Tier,15,2,628.78,744.7516956637169,2.230378857499003e-05,Low,Maintain: Standard loyalty program
13527,Silver Tier,34,7,2242.36,2111.131571364328,2.2303788574989992e-05,Low,Maintain: Standard loyalty program
13529,Silver Tier,79,2,307.76,634.8468446958551,2.2303788574992563e-05,Low,Maintain: Standard loyalty program
13531,Inactive,205,2,483.8,432.1368988913622,0.9999776962114252,High,Low Priority: Automated email only
13532,Silver Tier,34,1,210.31,1136.2013539108086,2.2303788574990107e-05,Low,Maintain: Standard loyalty program
13533,Inactive,183,3,269.09,513.0994902157628,0.9999776962114252,High,Low Priority: Automated email only
13534,Gold Tier,2,25,5870.08,4706.274933274585,2.2303788574990544e-05,Low,Maintain: VIP loyalty program
13536,Silver Tier,1,7,3444.39,7749.512127470579,2.2303788574990226e-05,Low,Maintain: Standard loyalty program
13538,Silver Tier,43,7,1280.85,1335.403511146861,2.2303788574989992e-05,Low,Maintain: Standard loyalty program
13539,Silver Tier,86,3,631.34,756.8514691192875,2.2303788574997517e-05,Low,Maintain: Standard loyalty program
13544,Silver Tier,40,2,276.06,594.7399850353675,2.230378857499003e-05,Low,Maintain: Standard loyalty program
13546,Silver Tier,12,3,621.09,1031.927575540467,2.230378857499003e-05,Low,Maintain: Standard loyalty program
13548,Silver Tier,96,2,678.16,803.3037978297444,0.9999776962114252,High,Send: Standard win-back offer
13549,Silver Tier,26,7,918.2,1256.4182714740691,2.230378857499003e-05,Low,Maintain: Standard loyalty program
13551,Inactive,319,1,91.8,298.7303885584828,0.9999776962114252,High,Low Priority: Automated email only
13552,Silver Tier,66,12,3740.07,3290.463223825963,2.230378857499181e-05,Low,Maintain: Standard loyalty program
13555,Silver Tier,74,4,4098.88,3164.13866435337,2.2303788574993556e-05,Low,Maintain: Standard loyalty program
13557,Silver Tier,28,2,584.0600000000001,674.3877330308255,2.2303788574989992e-05,Low,Maintain: Standard loyalty program
13558,Silver Tier,6,4,594.52,1998.16038406044,2.2303788574990148e-05,Low,Maintain: Standard loyalty program
13560,Silver Tier,7,1,171.42000000000002,1524.9288592155797,2.230378857499086e-05,Low,Maintain: Standard loyalty program
13561,Inactive,216,1,141.86,408.1103954068957,0.9999776962114252,High,Low Priority: Automated email only
13562,Silver Tier,82,3,1799.33,1612.1356356658346,2.2303788574994664e-05,Low,Maintain: Standard loyalty program
13563,Silver Tier,84,2,777.53,1293.7191045630177,2.2303788574994546e-05,Low,Maintain: Standard loyalty program
13564,Silver Tier,144,3,1724.67,1152.951387689175,0.9999776962114252,High,Send: Standard win-back offer
13565,Silver Tier,19,2,240.22,432.66052337429056,2.230378857499007e-05,Low,Maintain: Standard loyalty program
13566,Silver Tier,41,2,856.84,1455.9394451884932,2.2303788574989992e-05,Low,Maintain: Standard loyalty program
13568,Inactive,173,1,187.05,478.9304059352244,0.9999776962114252,High,Low Priority: Automated email only
13569,Silver Tier,17,2,338.62,464.70745806881007,2.230378857499007e-05,Low,Maintain: Standard loyalty program
13570,Inactive,243,1,239.49,371.4891427284427,0.9999776962114252,High,Low Priority: Automated email only
13571,Silver Tier,13,12,2088.94,2469.712185432637,2.230378857499003e-05,Low,Maintain: Standard loyalty program
13572,Inactive,206,1,1384.25,423.0031564436664,0.9999776962114252,High,Low Priority: Automated email only
13573,Silver Tier,50,2,290.25,655.4554490970639,2.2303788574990148e-05,Low,Maintain: Standard loyalty program
13575,Silver Tier,23,5,732.0699999999999,1447.5282028659674,2.2303788574989992e-05,Low,Maintain: Standard loyalty program
13576,Gold Tier,10,18,6717.34,5131.891909781247,2.2303788574990307e-05,Low,Maintain: VIP loyalty program
13577,Silver Tier,25,4,1687.6,1814.311789981155,2.2303788574989992e-05,Low,Maintain: Standard loyalty program
13579,Silver Tier,15,2,467.04,510.61002246062776,2.230378857499007e-05,Low,Maintain: Standard loyalty program
13581,Inactive,309,1,118.0,306.63246177490436,0.9999776962114252,High,Low Priority: Automated email only
13583,Inactive,156,1,781.03,517.4111282486208,0.9999776962114252,High,Low Priority: Automated email only
13584,Inactive,307,1,142.4,309.0852589323376,0.9999776962114252,High,Low Priority: Automated email only
13587,Silver Tier,64,1,712.4,877.9831095133258,2.2303788574990703e-05,Low,Maintain: Standard loyalty program
13588,Silver Tier,16,9,2478.95,2855.724199696705,2.230378857499007e-05,Low,Maintain: Standard loyalty program
13589,Silver Tier,15,2,379.65,821.3037596403701,2.230378857499007e-05,Low,Maintain: Standard loyalty program
13590,Silver Tier,11,6,1981.92,1847.8548787435852,2.2303788574989992e-05,Low,Maintain: Standard loyalty program
13591,Silver Tier,65,3,1117.13,1023.3513603800376,2.2303788574990974e-05,Low,Maintain: Standard loyalty program
13592,Silver Tier,36,4,247.96,607.1717499773217,2.2303788574990107e-05,Low,Maintain: Standard loyalty program
13593,Silver Tier,108,5,2011.88,1504.8407971589672,0.9999776962114252,High,Send: Standard win-back offer
13594,Silver Tier,53,1,396.97,957.7944940514782,2.2303788574990344e-05,Low,Maintain: Standard loyalty program
13596,Silver Tier,6,2,664.11,2700.205412227833,2.2303788574990148e-05,Low,Maintain: Standard loyalty program
13598,Silver Tier,47,1,160.04,999.0767042537736,2.2303788574990544e-05,Low,Maintain: Standard loyalty program
13599,Gold Tier,1,21,5149.92,4003.736158616051,2.2303788574990503e-05,Low,Maintain: VIP loyalty program
13600,Inactive,312,1,219.52,304.2182884157301,0.9999776962114252,High,Low Priority: Automated email only
13601,Silver Tier,45,2,693.32,816.68853490615,2.230378857499003e-05,Low,Maintain: Standard loyalty program
13602,Silver Tier,65,1,428.89,871.382211660038,2.2303788574990663e-05,Low,Maintain: Standard loyalty program
13603,Silver Tier,26,1,164.34,1219.9222926807831,2.2303788574990107e-05,Low,Maintain: Standard loyalty program
13606,Silver Tier,29,3,276.75,545.9261894852671,2.2303788574990107e-05,Low,Maintain: Standard loyalty program
13607,Silver Tier,40,1,675.51,1063.2353258039057,2.230378857499007e-05,Low,Maintain: Standard loyalty program
13610,Silver Tier,12,7,1082.33,1207.2383851740883,2.230378857499003e-05,Low,Maintain: Standard loyalty program
13611,Silver Tier,89,3,1154.4,939.6092136749236,2.230378857500053e-05,Low,Maintain: Standard loyalty program
13614,Silver Tier,24,4,1585.46,1447.8544380030542,2.2303788574989992e-05,Low,Maintain: Standard loyalty program
13615,Inactive,319,1,417.69,299.5022203602368,0.9999776962114252,High,Low Priority: Automated email only
13617,Silver Tier,40,3,544.18,1083.2744291977135,2.230378857499003e-05,Low,Maintain: Standard loyalty program
13618,Inactive,174,1,177.34,478.9304059352244,0.9999776962114252,High,Low Priority: Automated email only
13621,Silver Tier,117,1,213.85,626.4730735073999,0.9999776962114252,High,Send: Standard win-back offer
13623,Silver Tier,31,5,727.74,907.2415280075438,2.2303788574989992e-05,Low,Maintain: Standard loyalty program
13626,Inactive,253,1,257.23,361.07472695079787,0.9999776962114252,High,Low Priority: Automated email only
13627,Silver Tier,59,5,1638.47,1339.4285034802467,2.2303788574990385e-05,Low,Maintain: Standard loyalty program
13629,Silver Tier,23,11,7792.36,6122.740176711547,2.2303788574990107e-05,Low,Maintain: Standard loyalty program
13630,Silver Tier,5,7,2031.78,2011.442517319114,2.2303788574990107e-05,Low,Maintain: Standard loyalty program
13631,Silver Tier,100,11,3070.42,3314.537179954108,0.9999776962114252,High,Send: Standard win-back offer
13632,Silver Tier,25,5,2118.93,2367.8968103226566,2.2303788574989992e-05,Low,Maintain: Standard loyalty program
13634,Silver Tier,33,5,1547.36,1350.1121062995226,2.2303788574989992e-05,Low,Maintain: Standard loyalty program
13635,Silver Tier,68,1,1071.03,852.1619817857782,2.23037885749911e-05,Low,Maintain: Standard loyalty program
13636,Silver Tier,37,5,949.12,1136.7608956029094,2.2303788574989992e-05,Low,Maintain: Standard loyalty program
13637,Silver Tier,52,3,804.3,888.5931447685547,2.2303788574990263e-05,Low,Maintain: Standard loyalty program
13638,Silver Tier,16,1,122.64,1379.6826382410247,2.2303788574990148e-05,Low,Maintain: Standard loyalty program
13639,Silver Tier,74,1,1033.34,810.4510859892586,2.230378857499197e-05,Low,Maintain: Standard loyalty program
13642,Inactive,216,1,312.28,408.1103954068957,0.9999776962114252,High,Low Priority: Automated email only
13643,Silver Tier,31,3,519.44,1084.0240928918497,2.230378857499003e-05,Low,Maintain: Standard loyalty program
13644,Silver Tier,16,4,2624.26,4020.9721796757526,2.230378857499003e-05,Low,Maintain: Standard loyalty program
13645,Silver Tier,120,1,252.1,613.2158625724459,0.9999776962114252,High,Send: Standard win-back offer
13647,Silver Tier,10,4,1648.12,1746.303788232647,2.230378857499003e-05,Low,Maintain: Standard loyalty program
13649,Inactive,257,2,346.6,412.3386589460558,0.9999776962114252,High,Low Priority: Automated email only
13650,Silver Tier,17,6,1836.34,1827.242723413679,2.2303788574989992e-05,Low,Maintain: Standard loyalty program
13651,Silver Tier,35,2,94.2,1308.7418202548583,2.2303788574990185e-05,Low,Maintain: Standard loyalty program
13652,Silver Tier,46,3,1095.08,875.5605922668857,2.230378857499003e-05,Low,Maintain: Standard loyalty program
13654,Silver Tier,43,6,2707.33,2653.645198920076,2.230378857499003e-05,Low,Maintain: Standard loyalty program
13655,Silver Tier,114,2,932.97,948.6334428827988,0.9999776962114252,High,Send: Standard win-back offer
13656,Inactive,165,2,379.65,490.31650015373384,0.9999776962114252,High,Low Priority: Automated email only
13657,Silver Tier,11,2,382.14,751.3961630704757,2.230378857499007e-05,Low,Maintain: Standard loyalty program
13658,Silver Tier,10,5,2639.17,2419.591343435017,2.230378857499007e-05,Low,Maintain: Standard loyalty program
13659,Inactive,206,2,1563.0,739.5984966368974,0.9999776962114252,High,Low Priority: Automated email only
13662,Silver Tier,86,3,881.26,1043.6842070218895,2.230378857499755e-05,Low,Maintain: Standard loyalty program
13663,Inactive,179,1,189.47,467.3447423141662,0.9999776962114252,High,Low Priority: Automated email only
13666,Silver Tier,60,3,84.65,401.78684534666,2.2303788574990937e-05,Low,Maintain: Standard loyalty program
13667,Inactive,149,1,299.05,531.6500917101112,0.9999776962114252,High,Low Priority: Automated email only
13668,Gold Tier,3,21,6309.83,5094.958235981127,2.2303788574990426e-05,Low,Maintain: VIP loyalty program
13669,Silver Tier,51,2,218.55,852.4246278250193,2.2303788574990344e-05,Low,Maintain: Standard loyalty program
13670,Silver Tier,75,1,349.7,804.82343769289,2.230378857499209e-05,Low,Maintain: Standard loyalty program
13672,Inactive,301,2,186.39,428.17417163705295,0.9999776962114252,High,Low Priority: Automated email only
13673,Silver Tier,19,2,387.44,1876.240104657138,2.230378857499007e-05,Low,Maintain: Standard loyalty program
13675,Inactive,151,2,486.8200000000001,532.6377024969637,0.9999776962114252,High,Low Priority: Automated email only
13678,Inactive,152,1,232.6,526.8174782562388,0.9999776962114252,High,Low Priority: Automated email only
13680,Silver Tier,1,4,3719.12,2534.0510935609027,2.2303788574990263e-05,Low,Maintain: Standard loyalty program
13681,Silver Tier,18,4,827.83,1530.8907856869969,2.2303788574989992e-05,Low,Maintain: Standard loyalty program
13682,Inactive,187,1,59.5,452.74192762029065,0.9999776962114252,High,Low Priority: Automated email only
13684,Inactive,286,1,65.13,327.4187857791556,0.9999776962114252,High,Low Priority: Automated email only
13685,Silver Tier,3,7,3119.44,5603.904307394657,2.2303788574990148e-05,Low,Maintain: Standard loyalty program
13686,Inactive,183,1,72.0,461.75960895582784,0.9999776962114252,High,Low Priority: Automated email only
13689,Silver Tier,63,1,910.0,877.9831095133258,2.2303788574990703e-05,Low,Maintain: Standard loyalty program
13690,Silver Tier,59,1,172.25,905.4181567991492,2.230378857499082e-05,Low,Maintain: Standard loyalty program
13692,Silver Tier,25,3,1488.32,1101.2253381975072,2.2303788574989992e-05,Low,Maintain: Standard loyalty program
13694,Gold Tier,4,50,65039.62,48903.49296370184,2.230378857499209e-05,Low,Maintain: VIP loyalty program
13695,Gold Tier,31,15,2504.13,2912.2365389979313,2.2303788574990307e-05,Low,Maintain: VIP loyalty program
13697,Silver Tier,39,1,151.29999999999998,1083.108434623702,2.230378857499007e-05,Low,Maintain: Standard loyalty program
13699,Inactive,155,1,308.58000000000004,517.4111282486208,0.9999776962114252,High,Low Priority: Automated email only
13700,Silver Tier,26,10,2248.63,2116.2557870442593,2.230378857499003e-05,Low,Maintain: Standard loyalty program
13703,Inactive,318,1,99.5,299.5022203602368,0.9999776962114252,High,Low Priority: Automated email only
13704,Silver Tier,5,9,2308.06,5588.2738423318515,2.2303788574990148e-05,Low,Maintain: Standard loyalty program
13705,Silver Tier,8,3,711.86,597.297755507903,2.2303788574990185e-05,Low,Maintain: Standard loyalty program
13706,Inactive,303,1,330.79,312.4173559698087,0.9999776962114252,High,Low Priority: Automated email only
13707,Inactive,267,2,806.41,521.2591419219532,0.9999776962114252,High,Low Priority: Automated email only
13708,Inactive,271,1,285.33,340.8992199641444,0.9999776962114252,High,Low Priority: Automated email only
13709,Gold Tier,4,13,6307.650000000001,5339.754115855536,2.2303788574990185e-05,Low,Maintain: VIP loyalty program
13710,Silver Tier,32,1,180.48,1158.925382250077,2.2303788574990107e-05,Low,Maintain: Standard loyalty program
13711,Inactive,219,2,252.06,403.8449286955369,0.9999776962114252,High,Low Priority: Automated email only
13712,Inactive,247,1,228.84,367.9515524467717,0.9999776962114252,High,Low Priority: Automated email only
13715,Inactive,281,5,1077.39,888.4292214052654,0.9999776962114252,High,Low Priority: Automated email only
13716,Inactive,269,1,138.28,342.9161502563091,0.9999776962114252,High,Low Priority: Automated email only
13717,Silver Tier,32,6,1445.01,1415.166349222023,2.2303788574989992e-05,Low,Maintain: Standard loyalty program
13718,Inactive,246,2,306.55,526.2740002409716,0.9999776962114252,High,Low Priority: Automated email only
13719,Silver Tier,15,5,1041.68,1447.18984065954,2.2303788574989992e-05,Low,Maintain: Standard loyalty program
13720,Silver Tier,117,4,799.9,973.0432582839828,0.9999776962114252,High,Send: Standard win-back offer
13721,Silver Tier,36,1,524.14,1103.738729125816,2.2303788574990107e-05,Low,Maintain: Standard loyalty program
13722,Silver Tier,132,3,2375.41,1133.1026513912393,0.9999776962114252,High,Send: Standard win-back offer
13723,Inactive,217,1,199.85,405.25680882157616,0.9999776962114252,High,Low Priority: Automated email only
13725,Silver Tier,50,8,1980.56,1298.314532950874,2.2303788574990148e-05,Low,Maintain: Standard loyalty program
13726,Silver Tier,39,2,1079.66,2142.455649491357,2.2303788574989992e-05,Low,Maintain: Standard loyalty program
13727,Silver Tier,29,2,333.48,1653.186897830495,2.230378857499003e-05,Low,Maintain: Standard loyalty program
13728,Silver Tier,37,6,1016.14,1126.5298563586775,2.2303788574989992e-05,Low,Maintain: Standard loyalty program
13730,Silver Tier,136,2,752.6,1148.3394703097497,0.9999776962114252,High,Send: Standard win-back offer
13731,Inactive,219,2,610.59,707.2806874026992,0.9999776962114252,High,Low Priority: Automated email only
13732,Silver Tier,28,1,491.86,1194.7687753130083,2.230378857499007e-05,Low,Maintain: Standard loyalty program
13735,Silver Tier,25,4,2883.54,2489.3598820686334,2.230378857499003e-05,Low,Maintain: Standard loyalty program
13736,Silver Tier,5,2,729.8,740.5379371089286,2.2303788574990148e-05,Low,Maintain: Standard loyalty program
13737,Inactive,200,1,339.59999999999997,430.86473332273926,0.9999776962114252,High,Low Priority: Automated email only
13739,Silver Tier,18,1,216.9,1332.1040378327834,2.2303788574990107e-05,Low,Maintain: Standard loyalty program
13740,Inactive,241,1,350.75,375.09541896348713,0.9999776962114252,High,Low Priority: Automated email only
13741,Silver Tier,72,3,668.4300000000001,1040.525104786591,2.2303788574991337e-05,Low,Maintain: Standard loyalty program
13742,Silver Tier,17,12,3107.87,2634.6704224683344,2.230378857499007e-05,Low,Maintain: Standard loyalty program
13743,Silver Tier,3,7,1341.6,1648.0567222521706,2.2303788574990107e-05,Low,Maintain: Standard loyalty program
13744,Silver Tier,95,2,1080.52,588.2827601069303,0.9999776962114252,High,Send: Standard win-back offer
13745,Inactive,162,1,300.04,501.73383744486046,0.9999776962114252,High,Low Priority: Automated email only
13747,Inactive,374,1,79.6,262.2374002805863,0.9999776962114252,High,Low Priority: Automated email only
13748,Silver Tier,96,5,948.25,859.9127670677433,0.9999776962114252,High,Send: Standard win-back offer
13750,Silver Tier,54,5,1647.26,1404.6389729879982,2.2303788574990307e-05,Low,Maintain: Standard loyalty program
13751,Inactive,288,1,296.25,324.6676665070214,0.9999776962114252,High,Low Priority: Automated email only
13752,Silver Tier,124,6,1175.38,1388.657125349367,0.9999776962114252,High,Send: Standard win-back offer
13753,Inactive,288,1,741.26,325.5795547475773,0.9999776962114252,High,Low Priority: Automated email only
13754,Inactive,152,2,282.6,448.84629822235775,0.9999776962114252,High,Low Priority: Automated email only
13755,Silver Tier,4,9,2108.06,5208.383069400872,2.2303788574990107e-05,Low,Maintain: Standard loyalty program
13756,Gold Tier,2,14,5189.52,3867.0791353785494,2.2303788574990385e-05,Low,Maintain: VIP loyalty program
13758,Silver Tier,12,7,3190.55,2408.8715472690747,2.230378857499007e-05,Low,Maintain: Standard loyalty program
13759,Silver Tier,33,2,659.4100000000001,1181.3864128956775,2.2303788574989992e-05,Low,Maintain: Standard loyalty program
13760,Silver Tier,54,2,286.79,555.448326587453,2.2303788574990344e-05,Low,Maintain: Standard loyalty program
13761,Silver Tier,50,2,1070.65,1220.3573632035143,2.2303788574990107e-05,Low,Maintain: Standard loyalty program
13762,Inactive,219,1,306.72,403.8449286955369,0.9999776962114252,High,Low Priority: Automated email only
13763,Silver Tier,63,1,1714.96,877.9831095133258,2.230378857499106e-05,Low,Maintain: Standard loyalty program
13764,Silver Tier,71,3,1519.42,1115.864953282052,2.2303788574991693e-05,Low,Maintain: Standard loyalty program
13767,Gold Tier,2,37,17220.36,12983.670081751436,2.230378857499205e-05,Low,Maintain: VIP loyalty program
13769,Silver Tier,2,10,2796.51,2203.7093707730746,2.2303788574990148e-05,Low,Maintain: Standard loyalty program
13771,Silver Tier,64,4,2634.45,2144.189453037642,2.2303788574991496e-05,Low,Maintain: Standard loyalty program
13772,Silver Tier,34,3,1122.63,1348.0376640301918,2.230378857499003e-05,Low,Maintain: Standard loyalty program
13774,Silver Tier,82,1,345.0,772.6333322467653,2.230378857499344e-05,Low,Maintain: Standard loyalty program
13777,Gold Tier,1,33,25977.16,14961.299986136475,2.2303788574992208e-05,Low,Maintain: VIP loyalty program
13778,Silver Tier,103,1,178.7,673.8173966140971,0.9999776962114252,High,Send: Standard win-back offer
13780,Silver Tier,7,2,360.01,865.5051286760029,2.2303788574990185e-05,Low,Maintain: Standard loyalty program
13781,Inactive,251,1,127.84,363.3382609864107,0.9999776962114252,High,Low Priority: Automated email only
13782,Silver Tier,13,6,908.86,964.9713933937014,2.2303788574989992e-05,Low,Maintain: Standard loyalty program
13784,Silver Tier,10,11,2462.79,2309.665986225577,2.230378857499007e-05,Low,Maintain: Standard loyalty program
13786,Inactive,367,1,230.4,265.8458120425742,0.9999776962114252,High,Low Priority: Automated email only
13787,Silver Tier,76,2,309.04,450.5691812011706,2.230378857499189e-05,Low,Maintain: Standard loyalty program
13790,Silver Tier,4,1,348.79999999999995,1587.6067673138905,2.230378857499082e-05,Low,Maintain: Standard loyalty program
13791,Silver Tier,128,2,1516.0,1275.3943683794514,0.9999776962114252,High,Send: Standard win-back offer
13792,Silver Tier,66,2,195.55,482.37703065158087,2.2303788574991174e-05,Low,Maintain: Standard loyalty program
13798,Gold Tier,1,57,37153.85,28300.82954933313,2.230378857499213e-05,Low,Maintain: VIP loyalty program
13799,Silver Tier,117,2,688.86,651.0781942530039,0.9999776962114252,High,Send: Standard win-back offer
13800,Inactive,310,1,558.32,306.63246177490436,0.9999776962114252,High,Low Priority: Automated email only
13801,Silver Tier,67,1,324.8,858.4738053899073,2.2303788574990744e-05,Low,Maintain: Standard loyalty program
13802,Silver Tier,139,3,4599.42,3265.1866453592597,0.9999776962114252,High,Send: Standard win-back offer
13803,Inactive,255,1,277.07,357.7318186433175,0.9999776962114252,High,Low Priority: Automated email only
13804,Silver Tier,31,7,2588.39,2090.949172267815,2.230378857499003e-05,Low,Maintain: Standard loyalty program
13805,Silver Tier,52,2,924.6,1305.0831418203256,2.2303788574990263e-05,Low,Maintain: Standard loyalty program
13806,Silver Tier,64,1,256.38,877.9831095133258,2.2303788574990663e-05,Low,Maintain: Standard loyalty program
13807,Inactive,367,1,112.6,265.8458120425742,0.9999776962114252,High,Low Priority: Automated email only
13808,Silver Tier,6,5,1747.66,3164.76640479391,2.230378857499007e-05,Low,Maintain: Standard loyalty program
13809,Inactive,305,1,155.05,309.91160168853673,0.9999776962114252,High,Low Priority: Automated email only
13810,Silver Tier,29,3,1499.01,1659.313806326585,2.2303788574989992e-05,Low,Maintain: Standard loyalty program
13811,Inactive,184,3,814.5,1010.8063004276746,0.9999776962114252,High,Low Priority: Automated email only
13812,Silver Tier,42,3,539.0,1284.354338594158,2.230378857499003e-05,Low,Maintain: Standard loyalty program
13813,Silver Tier,40,4,1366.86,2235.153935274794,2.2303788574989992e-05,Low,Maintain: Standard loyalty program
13814,Silver Tier,92,2,1579.12,1998.6668413786165,0.9999776962114252,High,Send: Standard win-back offer
13815,Silver Tier,22,4,4027.36,2805.9005038696455,2.230378857499007e-05,Low,Maintain: Standard loyalty program
13816,Silver Tier,24,2,571.67,1460.7331547033573,2.230378857499003e-05,Low,Maintain: Standard loyalty program
13817,Silver Tier,29,2,382.98,499.74158872497816,2.230378857499003e-05,Low,Maintain: Standard loyalty program
13819,Inactive,302,3,1140.35,916.5218403096062,0.9999776962114252,High,Low Priority: Automated email only
13821,Inactive,145,2,385.64,515.2762450015617,0.9999776962114252,High,Low Priority: Automated email only
13822,Silver Tier,6,2,632.0,1687.19538510404,2.2303788574990148e-05,Low,Maintain: Standard loyalty program
13823,Silver Tier,19,2,957.66,1406.0697342827866,2.230378857499003e-05,Low,Maintain: Standard loyalty program
13824,Silver Tier,33,5,1698.94,1446.3925613189722,2.2303788574989992e-05,Low,Maintain: Standard loyalty program
13826,Inactive,176,1,189.5,473.0666458355044,0.9999776962114252,High,Low Priority: Automated email only
13827,Silver Tier,58,3,409.8,1106.5384091839944,2.2303788574990385e-05,Low,Maintain: Standard loyalty program
13828,Silver Tier,22,1,209.49,1273.5470319616638,2.2303788574990107e-05,Low,Maintain: Standard loyalty program
13831,Silver Tier,16,6,2198.45,1655.2330755660191,2.2303788574989992e-05,Low,Maintain: Standard loyalty program
13832,Silver Tier,19,1,52.2,1316.965589877716,2.2303788574990185e-05,Low,Maintain: Standard loyalty program
13833,Inactive,159,1,383.85,508.3348084278073,0.9999776962114252,High,Low Priority: Automated email only
13835,Silver Tier,25,4,834.57,1078.21046699723,2.230378857499003e-05,Low,Maintain: Standard loyalty program
13837,Inactive,212,2,266.59000000000003,471.33035121813447,0.9999776962114252,High,Low Priority: Automated email only
13838,Silver Tier,6,4,674.82,637.5669007556698,2.2303788574990148e-05,Low,Maintain: Standard loyalty program
13841,Inactive,253,1,85.0,361.07472695079787,0.9999776962114252,High,Low Priority: Automated email only
13842,Silver Tier,59,9,3385.62,2656.4030944399537,2.2303788574990625e-05,Low,Maintain: Standard loyalty program
13844,Silver Tier,11,1,361.62,1448.6733665307254,2.230378857499007e-05,Low,Maintain: Standard loyalty program
13845,Silver Tier,65,1,312.98,871.382211660038,2.2303788574990663e-05,Low,Maintain: Standard loyalty program
13846,Silver Tier,25,3,865.0600000000001,657.5910288969417,2.230378857499003e-05,Low,Maintain: Standard loyalty program
13848,Silver Tier,92,3,1255.0,982.659572473466,0.9999776962114252,High,Send: Standard win-back offer
13849,Silver Tier,52,2,1537.95,1703.4090836273083,2.2303788574990263e-05,Low,Maintain: Standard loyalty program
13850,Silver Tier,129,1,1595.48,585.3455299462746,0.9999776962114252,High,Send: Standard win-back offer
13851,Silver Tier,96,3,2651.46,2441.0964976386035,0.9999776962114252,High,Send: Standard win-back offer
13853,Silver Tier,57,1,1090.14,919.7889416513344,2.2303788574990385e-05,Low,Maintain: Standard loyalty program
13854,Gold Tier,9,25,8109.52,6351.675263264089,2.2303788574990463e-05,Low,Maintain: VIP loyalty program
13856,Inactive,169,3,388.5,854.4139427486348,0.9999776962114252,High,Low Priority: Automated email only
13858,Silver Tier,57,1,216.17,919.7889416513344,2.2303788574990385e-05,Low,Maintain: Standard loyalty program
13859,Inactive,326,1,201.16,293.4369819483421,0.9999776962114252,High,Low Priority: Automated email only
13860,Silver Tier,1,5,1245.9,2644.420651181159,2.2303788574990226e-05,Low,Maintain: Standard loyalty program
13862,Silver Tier,18,8,2209.36,1827.7620854438287,2.230378857499003e-05,Low,Maintain: Standard loyalty program
13863,Inactive,248,1,305.78,366.7872811283449,0.9999776962114252,High,Low Priority: Automated email only
13865,Silver Tier,58,4,501.56,744.3014328302146,2.2303788574990385e-05,Low,Maintain: Standard loyalty program
13866,Silver Tier,74,1,145.67,810.4510859892586,2.2303788574992523e-05,Low,Maintain: Standard loyalty program
13867,Silver Tier,31,3,1005.09,1417.1858327213538,2.2303788574989992e-05,Low,Maintain: Standard loyalty program
13868,Silver Tier,7,2,3192.54,8455.62913886681,2.2303788574990107e-05,Low,Maintain: Standard loyalty program
13869,Silver Tier,123,4,3083.65,2360.6264398155568,0.9999776962114252,High,Send: Standard win-back offer
13870,Silver Tier,2,8,2770.94,2427.9964780637333,2.2303788574990148e-05,Low,Maintain: Standard loyalty program
13871,Gold Tier,23,13,6403.25,5594.349562421108,2.2303788574990107e-05,Low,Maintain: VIP loyalty program
13873,Silver Tier,120,3,389.6,597.4859742959976,0.9999776962114252,High,Send: Standard win-back offer
13874,Inactive,358,1,540.45,271.448553849472,0.9999776962114252,High,Low Priority: Automated email only
13875,Silver Tier,54,5,1786.79,1643.4764572089605,2.2303788574990307e-05,Low,Maintain: Standard loyalty program
13876,Silver Tier,64,1,122.7,877.9831095133258,2.23037885749911e-05,Low,Maintain: Standard loyalty program
13877,Silver Tier,86,1,117.24,747.7119978348546,2.230378857499795e-05,Low,Maintain: Standard loyalty program
13878,Silver Tier,55,1,1271.57,942.2214556792164,2.2303788574990385e-05,Low,Maintain: Standard loyalty program
13880,Silver Tier,21,13,3219.77,2696.4304567164386,2.230378857499007e-05,Low,Maintain: Standard loyalty program
13881,Gold Tier,4,20,17159.52,14448.764310773193,2.2303788574990937e-05,Low,Maintain: VIP loyalty program
13882,Silver Tier,3,5,1191.13,3508.4662572193743,2.2303788574990148e-05,Low,Maintain: Standard loyalty program
13883,Silver Tier,11,5,2674.48,2040.434297376292,2.230378857499003e-05,Low,Maintain: Standard loyalty program
13884,Silver Tier,7,5,787.6,996.6263010400196,2.2303788574990148e-05,Low,Maintain: Standard loyalty program
13885,Inactive,189,2,506.8,621.7637043465213,0.9999776962114252,High,Low Priority: Automated email only
13886,Silver Tier,71,1,243.56,827.8164177882809,2.2303788574991378e-05,Low,Maintain: Standard loyalty program
13887,Inactive,204,1,349.55,424.55243579789015,0.9999776962114252,High,Low Priority: Automated email only
13888,Silver Tier,120,2,595.67,842.0433599636032,0.9999776962114252,High,Send: Standard win-back offer
13889,Silver Tier,93,1,416.9,719.8496572064222,0.9999776962114252,High,Send: Standard win-back offer
13890,Silver Tier,1,10,1883.81,1655.3928965037248,2.2303788574990185e-05,Low,Maintain: Standard loyalty program
13892,Silver Tier,27,4,632.97,1043.4864371850863,2.2303788574989992e-05,Low,Maintain: Standard loyalty program
13893,Inactive,298,1,821.1,316.68489035990433,0.9999776962114252,High,Low Priority: Automated email only
13894,Silver Tier,24,3,564.62,666.6012111416508,2.230378857499003e-05,Low,Maintain: Standard loyalty program
13895,Silver Tier,28,4,2593.07,3586.0864358250324,2.230378857499003e-05,Low,Maintain: Standard loyalty program
13897,Silver Tier,50,1,311.16,973.891045138813,2.2303788574990148e-05,Low,Maintain: Standard loyalty program
13898,Inactive,326,1,155.93,294.18166801803847,0.9999776962114252,High,Low Priority: Automated email only
13899,Silver Tier,16,2,388.52,474.9589119916776,2.230378857499007e-05,Low,Maintain: Standard loyalty program
13900,Inactive,183,3,740.95,785.054476559733,0.9999776962114252,High,Low Priority: Automated email only
13901,Silver Tier,72,5,2867.2,2555.3431180754396,2.2303788574992208e-05,Low,Maintain: Standard loyalty program
13904,Silver Tier,37,2,332.64,481.4613784100103,2.230378857499003e-05,Low,Maintain: Standard loyalty program
13908,Silver Tier,80,4,2369.55,2117.9124245552343,2.2303788574995145e-05,Low,Maintain: Standard loyalty program
13911,Silver Tier,57,9,2580.91,2349.099055908035,2.2303788574990426e-05,Low,Maintain: Standard loyalty program
13914,Silver Tier,12,2,626.45,2137.3011197911387,2.230378857499003e-05,Low,Maintain: Standard loyalty program
13917,Silver Tier,50,2,272.04,754.6857369839237,2.2303788574990148e-05,Low,Maintain: Standard loyalty program
13918,Silver Tier,50,2,1212.84,1326.9557403392084,2.2303788574990107e-05,Low,Maintain: Standard loyalty program
13919,Silver Tier,59,2,384.81,979.7225824853492,2.2303788574990426e-05,Low,Maintain: Standard loyalty program
13922,Inactive,352,1,172.25,275.9722362853422,0.9999776962114252,High,Low Priority: Automated email only
13923,Silver Tier,54,1,351.13,949.944145249896,2.2303788574990344e-05,Low,Maintain: Standard loyalty program
13924,Silver Tier,2,6,1838.85,3711.411248856713,2.2303788574990107e-05,Low,Maintain: Standard loyalty program
13925,Silver Tier,93,4,678.25,1155.5863651359157,0.9999776962114252,High,Send: Standard win-back offer
13926,Silver Tier,23,1,223.85,1259.703587062989,2.2303788574990107e-05,Low,Maintain: Standard loyalty program
13927,Silver Tier,75,1,348.99,810.4510859892586,2.230378857499209e-05,Low,Maintain: Standard loyalty program
13928,Silver Tier,11,4,464.57,1291.6731307831365,2.230378857499007e-05,Low,Maintain: Standard loyalty program
13929,Inactive,169,2,842.65,657.8981498127866,0.9999776962114252,High,Low Priority: Automated email only
13930,Silver Tier,58,2,337.34,846.3295684518505,2.2303788574990385e-05,Low,Maintain: Standard loyalty program
13931,Silver Tier,96,2,1237.53,1096.8155366295448,0.9999776962114252,High,Send: Standard win-back offer
13932,Inactive,295,1,307.4,319.30183684963674,0.9999776962114252,High,Low Priority: Automated email only
13933,Silver Tier,109,2,608.79,1036.3265200460403,0.9999776962114252,High,Send: Standard win-back offer
13934,Inactive,264,1,922.1,349.1127321634966,0.9999776962114252,High,Low Priority: Automated email only
13936,Inactive,180,1,376.58,467.3447423141662,0.9999776962114252,High,Low Priority: Automated email only
13937,Inactive,169,1,158.85,486.97869006985377,0.9999776962114252,High,Low Priority: Automated email only
13938,Silver Tier,35,1,71.66,1114.3514760006665,2.2303788574990185e-05,Low,Maintain: Standard loyalty program
13939,Silver Tier,23,3,568.55,686.9854364508901,2.2303788574989992e-05,Low,Maintain: Standard loyalty program
13940,Silver Tier,17,4,839.14,1604.2855457356895,2.2303788574989992e-05,Low,Maintain: Standard loyalty program
13941,Silver Tier,22,5,5112.96,3221.4396959721867,2.230378857499007e-05,Low,Maintain: Standard loyalty program
13946,Silver Tier,79,3,561.57,747.5244687919957,2.230378857499229e-05,Low,Maintain: Standard loyalty program
13947,Silver Tier,65,1,90.6,864.8798402201314,2.2303788574991174e-05,Low,Maintain: Standard loyalty program
13948,Inactive,361,1,102.0,270.1831860954547,0.9999776962114252,High,Low Priority: Automated email only
13949,Silver Tier,3,6,2427.32,4639.613736380368,2.2303788574990107e-05,Low,Maintain: Standard loyalty program
13950,Silver Tier,11,4,745.06,1031.0606557668634,2.230378857499003e-05,Low,Maintain: Standard loyalty program
13951,Inactive,176,3,674.45,782.1138728557418,0.9999776962114252,High,Low Priority: Automated email only
13952,Inactive,218,2,3251.071,1565.7308498976367,0.9999776962114252,High,Low Priority: Automated email only
13953,Silver Tier,7,7,3515.68,2672.4463232286107,2.2303788574990148e-05,Low,Maintain: Standard loyalty program
13954,Silver Tier,2,2,439.92,1423.757782501623,2.2303788574990185e-05,Low,Maintain: Standard loyalty program
13955,Inactive,154,2,322.96,456.5286515197329,0.9999776962114252,High,Low Priority: Automated email only
13956,Silver Tier,5,5,1019.27,1282.8629995259012,2.2303788574990185e-05,Low,Maintain: Standard loyalty program
13959,Silver Tier,79,3,594.04,602.2300077749738,2.230378857499229e-05,Low,Maintain: Standard loyalty program
13960,Silver Tier,21,2,230.22,1187.9312330512423,2.230378857499007e-05,Low,Maintain: Standard loyalty program
13962,Silver Tier,22,2,169.54999999999998,484.1299359918358,2.2303788574990148e-05,Low,Maintain: Standard loyalty program
13963,Inactive,308,4,664.54,678.8023096407832,0.9999776962114252,High,Low Priority: Automated email only
13967,Inactive,146,1,80.7,541.5862926153269,0.9999776962114252,High,Low Priority: Automated email only
13969,Gold Tier,7,18,9024.17,7003.83588070828,2.2303788574990385e-05,Low,Maintain: VIP loyalty program
13971,Silver Tier,19,8,2758.26,2656.0059845975843,2.230378857499007e-05,Low,Maintain: Standard loyalty program
13972,Silver Tier,71,2,190.25,554.7866528624043,2.230378857499181e-05,Low,Maintain: Standard loyalty program
13973,Inactive,287,1,264.7,325.5795547475773,0.9999776962114252,High,Low Priority: Automated email only
13974,Silver Tier,49,1,413.59,982.1439581906712,2.2303788574990148e-05,Low,Maintain: Standard loyalty program
13975,Silver Tier,31,6,2461.24,2077.694890390533,2.230378857499003e-05,Low,Maintain: Standard loyalty program
13976,Inactive,207,1,357.98,421.4651438050667,0.9999776962114252,High,Low Priority: Automated email only
13978,Silver Tier,15,2,196.79,1297.5429873427556,2.2303788574990148e-05,Low,Maintain: Standard loyalty program
13979,Silver Tier,73,1,869.87,816.1579995989189,2.2303788574991496e-05,Low,Maintain: Standard loyalty program
13980,Silver Tier,60,1,200.14,898.3998783426291,2.230378857499082e-05,Low,Maintain: Standard loyalty program
13982,Silver Tier,39,4,1871.81,1376.5000183640902,2.2303788574989992e-05,Low,Maintain: Standard loyalty program
13983,Silver Tier,30,12,2603.43,2066.1970272490244,2.230378857499007e-05,Low,Maintain: Standard loyalty program
13984,Silver Tier,27,5,920.51,904.2774531710496,2.2303788574989992e-05,Low,Maintain: Standard loyalty program
13985,Gold Tier,4,15,7060.13,7082.33894437461,2.2303788574990385e-05,Low,Maintain: VIP loyalty program
13986,Silver Tier,17,1,320.46,1347.594640248632,2.230378857499007e-05,Low,Maintain: Standard loyalty program
13988,Silver Tier,20,6,4147.96,3950.8550662679704,2.230378857499007e-05,Low,Maintain: Standard loyalty program
13989,Silver Tier,66,2,1266.08,788.155076724715,2.230378857499106e-05,Low,Maintain: Standard loyalty program
13990,Inactive,213,1,311.3,411.0044555279848,0.9999776962114252,High,Low Priority: Automated email only
13991,Silver Tier,12,6,852.88,1796.5379079540232,2.2303788574989992e-05,Low,Maintain: Standard loyalty program
13992,Silver Tier,30,1,76.8,1170.6317638661749,2.2303788574990148e-05,Low,Maintain: Standard loyalty program
13993,Silver Tier,43,9,3466.36,2952.12823370719,2.230378857499007e-05,Low,Maintain: Standard loyalty program
13994,Silver Tier,4,6,2274.14,3627.100314868344,2.230378857499007e-05,Low,Maintain: Standard loyalty program
13995,Silver Tier,15,5,1393.69,1572.0000720815387,2.2303788574989992e-05,Low,Maintain: Standard loyalty program
13999,Silver Tier,10,12,3901.81,3113.9343223313904,2.2303788574990107e-05,Low,Maintain: Standard loyalty program
14000,Inactive,211,1,635.66,413.9398564473345,0.9999776962114252,High,Low Priority: Automated email only
14001,Silver Tier,46,3,2043.08,1519.1018110061805,2.230378857499003e-05,Low,Maintain: Standard loyalty program
14002,Silver Tier,134,2,529.73,995.023146680128,0.9999776962114252,High,Send: Standard win-back offer
14004,Silver Tier,43,7,4582.64,3751.200595737437,2.230378857499007e-05,Low,Maintain: Standard loyalty program
14005,Silver Tier,10,5,2874.72,3522.184509943135,2.230378857499007e-05,Low,Maintain: Standard loyalty program
14006,Silver Tier,116,3,962.19,901.6924347422488,0.9999776962114252,High,Send: Standard win-back offer
14009,Inactive,198,2,695.61,825.1108386273531,0.9999776962114252,High,Low Priority: Automated email only
14012,Inactive,278,1,328.8,334.98832132167604,0.9999776962114252,High,Low Priority: Automated email only
14013,Silver Tier,110,3,473.02,732.3322212624136,0.9999776962114252,High,Send: Standard win-back offer
14014,Silver Tier,77,1,505.18,793.7994213099503,2.230378857499209e-05,Low,Maintain: Standard loyalty program
14015,Silver Tier,53,1,917.34,957.7944940514782,2.2303788574990344e-05,Low,Maintain: Standard loyalty program
14016,Inactive,162,4,4341.21,2960.6856235505697,0.9999776962114252,High,Low Priority: Automated email only
14019,Silver Tier,47,3,1421.61,2213.754665589144,2.2303788574990107e-05,Low,Maintain: Standard loyalty program
14020,Silver Tier,17,2,642.8,1440.9984064005505,2.230378857499003e-05,Low,Maintain: Standard loyalty program
14021,Inactive,155,3,631.9,846.8303068537831,0.9999776962114252,High,Low Priority: Automated email only
14022,Inactive,225,1,440.0,394.2306785524733,0.9999776962114252,High,Low Priority: Automated email only
14023,Silver Tier,7,2,584.07,708.7487738474587,2.2303788574990148e-05,Low,Maintain: Standard loyalty program
14024,Silver Tier,122,2,327.7,805.2348554322401,0.9999776962114252,High,Send: Standard win-back offer
14027,Silver Tier,61,1,104.82,898.3998783426291,2.23037885749911e-05,Low,Maintain: Standard loyalty program
14029,Silver Tier,63,2,467.66,1049.5205799351345,2.2303788574990663e-05,Low,Maintain: Standard loyalty program
14030,Silver Tier,18,8,2358.84,1599.719881060189,2.230378857499007e-05,Low,Maintain: Standard loyalty program
14031,Gold Tier,7,19,17286.86,12044.557091204284,2.2303788574990974e-05,Low,Maintain: VIP loyalty program
14032,Silver Tier,2,11,2975.59,2372.154020929222,2.2303788574990148e-05,Low,Maintain: Standard loyalty program
14034,Silver Tier,22,3,648.89,828.2222779203624,2.2303788574989992e-05,Low,Maintain: Standard loyalty program
14035,Silver Tier,29,5,1428.02,1385.908311917896,2.2303788574989992e-05,Low,Maintain: Standard loyalty program
14036,Inactive,285,1,626.65,328.3462161271562,0.9999776962114252,High,Low Priority: Automated email only
14037,Inactive,176,2,147.20000000000002,339.9186307637723,0.9999776962114252,High,Low Priority: Automated email only
14038,Silver Tier,78,3,1560.38,1448.6064256244224,2.2303788574993156e-05,Low,Maintain: Standard loyalty program
14039,Silver Tier,33,1,152.2,1136.2013539108086,2.2303788574990107e-05,Low,Maintain: Standard loyalty program
14040,Silver Tier,41,12,3560.32,3068.449817119358,2.2303788574990107e-05,Low,Maintain: Standard loyalty program
14041,Inactive,266,1,141.41,345.98669741276063,0.9999776962114252,High,Low Priority: Automated email only
14044,Silver Tier,27,4,646.42,785.433818896392,2.2303788574989992e-05,Low,Maintain: Standard loyalty program
14045,Silver Tier,109,4,1659.75,1239.2844165538413,0.9999776962114252,High,Send: Standard win-back offer
14046,Inactive,284,1,154.99,328.3462161271562,0.9999776962114252,High,Low Priority: Automated email only
14047,Silver Tier,9,5,1308.61,1075.4232240011324,2.230378857499003e-05,Low,Maintain: Standard loyalty program
14048,Inactive,305,1,409.93,309.91160168853673,0.9999776962114252,High,Low Priority: Automated email only
14049,Silver Tier,17,4,5578.72,4049.070935296532,2.230378857499007e-05,Low,Maintain: Standard loyalty program
14050,Silver Tier,32,2,746.36,1208.9078687223932,2.2303788574989992e-05,Low,Maintain: Standard loyalty program
14051,Gold Tier,1,23,15610.39,11817.360795578994,2.230378857499102e-05,Low,Maintain: VIP loyalty program
14052,Silver Tier,20,1,225.36,1316.965589877716,2.2303788574990107e-05,Low,Maintain: Standard loyalty program
14053,Silver Tier,124,2,260.25,733.330894521368,0.9999776962114252,High,Send: Standard win-back offer
14054,Silver Tier,65,1,92.46,864.8798402201314,2.2303788574991174e-05,Low,Maintain: Standard loyalty program
14055,Silver Tier,106,1,725.6400000000001,662.2674747601277,0.9999776962114252,High,Send: Standard win-back offer
14056,Gold Tier,1,23,8152.71,7583.247297237024,2.2303788574990544e-05,Low,Maintain: VIP loyalty program
14057,Gold Tier,24,17,6211.66,4427.8362317777155,2.2303788574990344e-05,Low,Maintain: VIP loyalty program
14059,Inactive,267,1,183.6,345.98669741276063,0.9999776962114252,High,Low Priority: Automated email only
14060,Gold Tier,5,19,6140.42,4721.93519171194,2.2303788574990385e-05,Low,Maintain: VIP loyalty program
14062,Gold Tier,10,12,10464.85,7545.088003422548,2.2303788574990107e-05,Low,Maintain: VIP loyalty program
14064,Silver Tier,29,5,1334.34,1499.7341044600278,2.2303788574989992e-05,Low,Maintain: Standard loyalty program
14066,Inactive,267,1,152.55,345.98669741276063,0.9999776962114252,High,Low Priority: Automated email only
14067,Silver Tier,64,2,374.7,1090.41204651415,2.2303788574990663e-05,Low,Maintain: Standard loyalty program
14068,Inactive,320,1,265.85,297.9625247411955,0.9999776962114252,High,Low Priority: Automated email only
14071,Silver Tier,4,8,1437.57,1635.1921805472762,2.2303788574990107e-05,Low,Maintain: Standard loyalty program
14073,Silver Tier,32,1,151.04,1147.450852684066,2.2303788574990107e-05,Low,Maintain: Standard loyalty program
14075,Silver Tier,5,3,942.26,1020.3541822571942,2.2303788574990148e-05,Low,Maintain: Standard loyalty program
14076,Silver Tier,129,1,118.67,585.3455299462746,0.9999776962114252,High,Send: Standard win-back offer
14077,Silver Tier,41,5,499.42,793.5449841336173,2.230378857499003e-05,Low,Maintain: Standard loyalty program
14078,Silver Tier,102,6,1049.37,1005.2850634984256,0.9999776962114252,High,Send: Standard win-back offer
14079,Silver Tier,125,1,375.1,600.5081570393139,0.9999776962114252,High,Send: Standard win-back offer
14080,Silver Tier,33,1,45.599999999999994,1147.450852684066,2.2303788574990148e-05,Low,Maintain: Standard loyalty program
14081,Inactive,302,2,921.62,636.0371852536754,0.9999776962114252,High,Low Priority: Automated email only
14082,Inactive,365,1,182.25,267.6875158822208,0.9999776962114252,High,Low Priority: Automated email only
14083,Silver Tier,4,9,1002.9,874.6232156933601,2.2303788574990148e-05,Low,Maintain: Standard loyalty program
14085,Gold Tier,2,18,4421.29,3473.64794812938,2.2303788574990385e-05,Low,Maintain: VIP loyalty program
14087,Silver Tier,3,1,191.47,1632.33591665712,2.230378857499086e-05,Low,Maintain: Standard loyalty program
14088,Gold Tier,10,13,50491.81,36453.75368413897,2.2303788574990703e-05,Low,Maintain: VIP loyalty program
14089,Silver Tier,57,1,158.75,927.1467966421674,2.2303788574990744e-05,Low,Maintain: Standard loyalty program
14090,Inactive,325,1,76.32000000000001,294.93014354857866,0.9999776962114252,High,Low Priority: Automated email only
14092,Gold Tier,8,14,4076.91,3310.0222335884446,2.2303788574990385e-05,Low,Maintain: VIP loyalty program
14093,Silver Tier,12,1,433.86,1430.786674672573,2.230378857499007e-05,Low,Maintain: Standard loyalty program
14096,Gold Tier,4,17,65164.79,127642.33205817208,2.230378857499102e-05,Low,Maintain: VIP loyalty program
14098,Silver Tier,37,1,147.35,1103.738729125816,2.230378857499007e-05,Low,Maintain: Standard loyalty program
14099,Silver Tier,16,11,3104.17,2477.030726624954,2.230378857499007e-05,Low,Maintain: Standard loyalty program
14100,Silver Tier,138,1,191.95,562.6162538325339,0.9999776962114252,High,Send: Standard win-back offer
14101,Silver Tier,74,6,5976.79,4609.307174086333,2.2303788574993597e-05,Low,Maintain: Standard loyalty program
14102,Silver Tier,5,5,1105.88,3831.0470160268433,2.2303788574990185e-05,Low,Maintain: Standard loyalty program
14104,Inactive,155,2,216.21,712.1959267396469,0.9999776962114252,High,Low Priority: Automated email only
14105,Inactive,239,1,1266.23,376.3131214718976,0.9999776962114252,High,Low Priority: Automated email only
14107,Silver Tier,52,7,2703.23,2095.349652127092,2.2303788574990307e-05,Low,Maintain: Standard loyalty program
14108,Silver Tier,31,2,597.91,1322.1496280399654,2.2303788574989992e-05,Low,Maintain: Standard loyalty program
14109,Silver Tier,73,1,144.2,821.9458652291272,2.230378857499217e-05,Low,Maintain: Standard loyalty program
14110,Silver Tier,4,12,5683.15,5151.878924257225,2.2303788574990185e-05,Low,Maintain: Standard loyalty program
14111,Silver Tier,14,4,692.85,1080.6367265712831,2.2303788574989992e-05,Low,Maintain: Standard loyalty program
14112,Silver Tier,23,7,2915.15,2550.261327937898,2.230378857499007e-05,Low,Maintain: Standard loyalty program
14113,Silver Tier,4,4,1840.42,1385.8506152708885,2.230378857499007e-05,Low,Maintain: Standard loyalty program
14114,Inactive,274,2,386.53,479.2398743035701,0.9999776962114252,High,Low Priority: Automated email only
14116,Silver Tier,20,5,1382.74,2562.917003174078,2.2303788574989992e-05,Low,Maintain: Standard loyalty program
14117,Inactive,144,1,90.0,546.6949928160249,0.9999776962114252,High,Low Priority: Automated email only
14121,Silver Tier,4,4,2780.15,7343.596714496154,2.2303788574990107e-05,Low,Maintain: Standard loyalty program
14124,Silver Tier,84,1,419.58,757.4850672444373,2.2303788574994583e-05,Low,Maintain: Standard loyalty program
14125,Silver Tier,11,3,2720.63,3915.30702205493,2.230378857499007e-05,Low,Maintain: Standard loyalty program
14126,Silver Tier,8,3,706.1300000000001,1961.7310017029963,2.2303788574990185e-05,Low,Maintain: Standard loyalty program
14127,Silver Tier,123,3,709.71,697.0358054558989,0.9999776962114252,High,Send: Standard win-back offer
14128,Silver Tier,61,2,637.5,716.2264469518732,2.2303788574990544e-05,Low,Maintain: Standard loyalty program
14129,Silver Tier,2,5,1123.86,1175.38954625357,2.2303788574990185e-05,Low,Maintain: Standard loyalty program
14130,Inactive,319,1,480.91,298.7303885584828,0.9999776962114252,High,Low Priority: Automated email only
14132,Silver Tier,2,11,3586.0299999999997,4882.492868542345,2.2303788574990148e-05,Low,Maintain: Standard loyalty program
14133,Silver Tier,130,3,605.64,571.1445479328024,0.9999776962114252,High,Send: Standard win-back offer
14135,Gold Tier,2,15,4690.31,3500.729327483079,2.2303788574990385e-05,Low,Maintain: VIP loyalty program
14138,Silver Tier,2,2,965.88,1784.430506762911,2.2303788574990148e-05,Low,Maintain: Standard loyalty program
14139,Silver Tier,46,1,415.82,1007.7639635956134,2.230378857499007e-05,Low,Maintain: Standard loyalty program
14140,Silver Tier,4,2,935.05,2497.8708884499197,2.2303788574990148e-05,Low,Maintain: Standard loyalty program
14141,Silver Tier,3,4,915.13,1980.8026500388808,2.2303788574990148e-05,Low,Maintain: Standard loyalty program
14142,Inactive,373,1,311.81,262.2374002805863,0.9999776962114252,High,Low Priority: Automated email only
14143,Silver Tier,134,1,115.8,573.7558586401718,0.9999776962114252,High,Send: Standard win-back offer
14145,Silver Tier,47,4,3742.2,3359.0367790830555,2.2303788574990663e-05,Low,Maintain: Standard loyalty program
14146,Silver Tier,9,5,4191.0,2501.299438688112,2.2303788574990107e-05,Low,Maintain: Standard loyalty program
14147,Silver Tier,78,2,483.4,630.172701449086,2.230378857499213e-05,Low,Maintain: Standard loyalty program
14148,Inactive,234,1,157.2,383.7886732905511,0.9999776962114252,High,Low Priority: Automated email only
14149,Inactive,221,1,446.62,401.0504787668746,0.9999776962114252,High,Low Priority: Automated email only
14150,Silver Tier,36,2,658.64,555.9996173832641,2.230378857499003e-05,Low,Maintain: Standard loyalty program
14152,Silver Tier,75,2,621.29,742.0064421126789,2.230378857499229e-05,Low,Maintain: Standard loyalty program
14154,Inactive,239,2,1345.62,376.3131214718976,0.9999776962114252,High,Low Priority: Automated email only
14155,Inactive,266,1,118.75,345.98669741276063,0.9999776962114252,High,Low Priority: Automated email only
14156,Platinum Tier,10,55,117210.08,89294.96746639295,2.230378857499205e-05,Low,Maintain: Continue white-glove service
14157,Silver Tier,20,2,424.89,513.2697192432455,2.230378857499007e-05,Low,Maintain: Standard loyalty program
14158,Silver Tier,40,1,507.66,1063.2353258039057,2.230378857499003e-05,Low,Maintain: Standard loyalty program
14159,Silver Tier,20,11,4630.35,3737.412082825033,2.2303788574990107e-05,Low,Maintain: Standard loyalty program
14161,Inactive,216,3,1097.62,890.8876931878781,0.9999776962114252,High,Low Priority: Automated email only
14162,Inactive,174,2,289.36,467.91645818371734,0.9999776962114252,High,Low Priority: Automated email only
14163,Silver Tier,87,4,2445.91,2533.172137423737,2.230378857499831e-05,Low,Maintain: Standard loyalty program
14164,Silver Tier,71,2,1631.77,1605.6514483301623,2.2303788574991693e-05,Low,Maintain: Standard loyalty program
14165,Inactive,276,1,120.44,336.9357121417372,0.9999776962114252,High,Low Priority: Automated email only
14167,Silver Tier,39,4,562.59,694.2480003641156,2.2303788574989992e-05,Low,Maintain: Standard loyalty program
14171,Silver Tier,98,1,363.79,693.9894043708468,0.9999776962114252,High,Send: Standard win-back offer
14173,Silver Tier,11,4,450.84,856.8080326654256,2.230378857499007e-05,Low,Maintain: Standard loyalty program
14174,Silver Tier,33,1,134.46,1136.2013539108086,2.2303788574990148e-05,Low,Maintain: Standard loyalty program
14175,Silver Tier,60,3,3222.3,2566.048347006592,2.230378857499106e-05,Low,Maintain: Standard loyalty program
14176,Inactive,297,4,576.9000000000001,615.267058301594,0.9999776962114252,High,Low Priority: Automated email only
14177,Silver Tier,86,4,549.46,1121.230509045659,2.230378857499755e-05,Low,Maintain: Standard loyalty program
14178,Silver Tier,9,7,1600.26,2413.467125337409,2.230378857499003e-05,Low,Maintain: Standard loyalty program
14179,Silver Tier,41,2,701.57,1518.2675107303598,2.2303788574989992e-05,Low,Maintain: Standard loyalty program
14180,Gold Tier,11,25,4748.52,3792.6041118129383,2.2303788574990463e-05,Low,Maintain: VIP loyalty program
14184,Silver Tier,67,1,452.89,858.4738053899073,2.2303788574990744e-05,Low,Maintain: Standard loyalty program
14185,Inactive,331,1,197.65,289.7693988304708,0.9999776962114252,High,Low Priority: Automated email only
14188,Silver Tier,31,6,2054.36,1799.5918223486142,2.2303788574989992e-05,Low,Maintain: Standard loyalty program
14189,Gold Tier,2,15,4654.08,3636.6342739396714,2.2303788574990385e-05,Low,Maintain: VIP loyalty program
14191,Silver Tier,2,13,4684.76,5705.8120105470025,2.2303788574990185e-05,Low,Maintain: Standard loyalty program
14193,Silver Tier,68,2,853.39,770.2073008679563,2.2303788574990703e-05,Low,Maintain: Standard loyalty program
14194,Gold Tier,5,21,11349.52,9902.670849807064,2.2303788574990426e-05,Low,Maintain: VIP loyalty program
14195,Inactive,202,2,1012.0,589.390097987215,0.9999776962114252,High,Low Priority: Automated email only
14196,Silver Tier,107,1,335.52,662.2674747601277,0.9999776962114252,High,Send: Standard win-back offer
14198,Silver Tier,18,4,701.4,1006.3742350417464,2.2303788574989992e-05,Low,Maintain: Standard loyalty program
14199,Inactive,218,1,185.4,403.8449286955369,0.9999776962114252,High,Low Priority: Automated email only
14201,Silver Tier,60,7,747.44,871.8513454199953,2.2303788574990463e-05,Low,Maintain: Standard loyalty program
14204,Silver Tier,2,1,150.61,1632.33591665712,2.230378857499086e-05,Low,Maintain: Standard loyalty program
14205,Silver Tier,17,2,466.7,621.2873941950791,2.230378857499007e-05,Low,Maintain: Standard loyalty program
14206,Inactive,239,1,328.15999999999997,376.3131214718976,0.9999776962114252,High,Low Priority: Automated email only
14208,Silver Tier,95,1,151.74,711.0180375807835,0.9999776962114252,High,Send: Standard win-back offer
14209,Silver Tier,11,6,2073.43,1756.2001623825174,2.2303788574989992e-05,Low,Maintain: Standard loyalty program
14210,Silver Tier,106,6,1905.84,1508.3579141642022,0.9999776962114252,High,Send: Standard win-back offer
14211,Silver Tier,53,9,2241.1,2299.629415569719,2.2303788574990385e-05,Low,Maintain: Standard loyalty program
14212,Silver Tier,90,1,1070.48,733.5163099957323,2.230378857500025e-05,Low,Maintain: Standard loyalty program
14214,Silver Tier,31,5,1004.38,771.608628769793,2.2303788574989992e-05,Low,Maintain: Standard loyalty program
14215,Silver Tier,12,6,1789.72,1537.2094474195155,2.2303788574989992e-05,Low,Maintain: Standard loyalty program
14216,Silver Tier,3,4,1839.3,5446.42737781404,2.2303788574990107e-05,Low,Maintain: Standard loyalty program
14217,Gold Tier,2,17,2004.98,1797.9025678373237,2.2303788574990344e-05,Low,Maintain: VIP loyalty program
14218,Silver Tier,43,1,169.48000000000002,1044.0784632385316,2.230378857499007e-05,Low,Maintain: Standard loyalty program
14219,Silver Tier,4,1,89.94,1587.6067673138905,2.23037885749909e-05,Low,Maintain: Standard loyalty program
14220,Inactive,247,2,632.4,534.1715350389201,0.9999776962114252,High,Low Priority: Automated email only
14221,Silver Tier,42,9,3432.8,2838.930702094721,2.230378857499007e-05,Low,Maintain: Standard loyalty program
14222,Inactive,177,1,683.17,471.1438391061143,0.9999776962114252,High,Low Priority: Automated email only
14223,Silver Tier,92,3,991.13,1057.5814616039695,0.9999776962114252,High,Send: Standard win-back offer
14224,Silver Tier,110,4,1009.73,993.5329730439912,0.9999776962114252,High,Send: Standard win-back offer
14226,Silver Tier,29,5,2214.79,1615.0746301500944,2.2303788574989992e-05,Low,Maintain: Standard loyalty program
14227,Silver Tier,26,10,3350.96,2798.58782446807,2.230378857499007e-05,Low,Maintain: Standard loyalty program
14229,Silver Tier,52,3,1547.2,1180.2383544139452,2.2303788574990263e-05,Low,Maintain: Standard loyalty program
14231,Inactive,184,3,925.71,925.6139110430096,0.9999776962114252,High,Low Priority: Automated email only
14232,Silver Tier,43,5,2048.07,1739.6000756558255,2.2303788574989992e-05,Low,Maintain: Standard loyalty program
14233,Silver Tier,49,4,1462.72,1481.9990950516851,2.2303788574990107e-05,Low,Maintain: Standard loyalty program
14234,Silver Tier,22,4,754.12,2181.227675269643,2.2303788574989992e-05,Low,Maintain: Standard loyalty program
14235,Silver Tier,75,5,3144.86,2618.2168240265396,2.230378857499387e-05,Low,Maintain: Standard loyalty program
14236,Silver Tier,81,2,490.86,506.53315889965216,2.2303788574992923e-05,Low,Maintain: Standard loyalty program
14237,Inactive,373,1,161.0,262.2374002805863,0.9999776962114252,High,Low Priority: Automated email only
14238,Inactive,326,1,146.85,293.4369819483421,0.9999776962114252,High,Low Priority: Automated email only
14239,Silver Tier,43,11,2380.85,2295.667506696253,2.2303788574990107e-05,Low,Maintain: Standard loyalty program
14240,Silver Tier,30,2,890.34,1111.8523629242925,2.2303788574989992e-05,Low,Maintain: Standard loyalty program
14241,Inactive,184,1,213.7,459.9274469594371,0.9999776962114252,High,Low Priority: Automated email only
14242,Inactive,235,2,280.55,450.4282796079692,0.9999776962114252,High,Low Priority: Automated email only
14243,Silver Tier,9,10,2588.77,2147.6001032833556,2.230378857499007e-05,Low,Maintain: Standard loyalty program
14245,Inactive,220,2,1693.45,1002.9942363225192,0.9999776962114252,High,Low Priority: Automated email only
14246,Silver Tier,111,3,1474.06,1446.3242640807705,0.9999776962114252,High,Send: Standard win-back offer
14247,Inactive,278,1,136.77,334.02304339149873,0.9999776962114252,High,Low Priority: Automated email only
14248,Inactive,318,1,302.58,299.5022203602368,0.9999776962114252,High,Low Priority: Automated email only
14250,Silver Tier,7,3,1904.05,2089.9098377667,2.2303788574990107e-05,Low,Maintain: Standard loyalty program
14251,Silver Tier,2,5,2879.7000000000003,5261.500895598246,2.2303788574990148e-05,Low,Maintain: Standard loyalty program
14256,Inactive,260,2,969.06,609.5376496465603,0.9999776962114252,High,Low Priority: Automated email only
14257,Silver Tier,64,5,3099.7200000000003,2414.297019692273,2.230378857499161e-05,Low,Maintain: Standard loyalty program
14258,Silver Tier,9,9,12669.98,7998.149946872118,2.2303788574990107e-05,Low,Maintain: Standard loyalty program
14259,Silver Tier,142,1,120.0,551.9009969998928,0.9999776962114252,High,Send: Standard win-back offer
14261,Silver Tier,51,2,1163.45,1359.5019345072972,2.2303788574990226e-05,Low,Maintain: Standard loyalty program
14262,Silver Tier,8,8,2618.23,2994.0447700788222,2.2303788574990148e-05,Low,Maintain: Standard loyalty program
14264,Inactive,155,2,333.97,634.8654050340828,0.9999776962114252,High,Low Priority: Automated email only
14265,Silver Tier,109,2,530.18,997.2776708835156,0.9999776962114252,High,Send: Standard win-back offer
14267,Inactive,163,3,1516.24,1006.6971351659516,0.9999776962114252,High,Low Priority: Automated email only
14270,Inactive,332,1,492.65,289.7693988304708,0.9999776962114252,High,Low Priority: Automated email only
14271,Inactive,226,1,112.32,394.2306785524733,0.9999776962114252,High,Low Priority: Automated email only
14272,Silver Tier,74,2,437.96,695.2967177240281,2.230378857499181e-05,Low,Maintain: Standard loyalty program
14273,Silver Tier,51,4,559.97,925.5508947816952,2.2303788574990226e-05,Low,Maintain: Standard loyalty program
14276,Silver Tier,99,3,1119.74,1061.6531277481224,0.9999776962114252,High,Send: Standard win-back offer
14277,Silver Tier,15,3,4188.0,3268.2316056283585,2.2303788574990107e-05,Low,Maintain: Standard loyalty program
14280,Inactive,197,1,134.04,437.3675776942195,0.9999776962114252,High,Low Priority: Automated email only
14282,Gold Tier,3,15,3701.44,2732.846323345815,2.2303788574990344e-05,Low,Maintain: VIP loyalty program
14284,Silver Tier,31,2,595.25,1517.4683703856276,2.2303788574989992e-05,Low,Maintain: Standard loyalty program
14285,Silver Tier,21,4,1910.01,3022.219033725958,2.2303788574989992e-05,Low,Maintain: Standard loyalty program
14286,Silver Tier,24,3,4628.75,2972.114798186986,2.230378857499007e-05,Low,Maintain: Standard loyalty program
14287,Silver Tier,8,3,176.63,613.6937673805361,2.23037885749909e-05,Low,Maintain: Standard loyalty program
14288,Inactive,213,1,426.6,411.0044555279848,0.9999776962114252,High,Low Priority: Automated email only
14289,Silver Tier,9,6,911.26,953.2779350637112,2.2303788574989992e-05,Low,Maintain: Standard loyalty program
14290,Silver Tier,11,5,2314.65,1481.5368616787127,2.230378857499003e-05,Low,Maintain: Standard loyalty program
14291,Silver Tier,2,11,3883.25,3160.6696199551507,2.2303788574990185e-05,Low,Maintain: Standard loyalty program
14292,Silver Tier,8,9,4871.93,4447.774866720864,2.2303788574990185e-05,Low,Maintain: Standard loyalty program
14293,Silver Tier,3,4,1046.56,825.740109865256,2.2303788574990148e-05,Low,Maintain: Standard loyalty program
14295,Silver Tier,40,1,166.20000000000002,1063.2353258039057,2.230378857499007e-05,Low,Maintain: Standard loyalty program
14297,Silver Tier,18,4,1305.33,1406.1207604209508,2.2303788574989992e-05,Low,Maintain: Standard loyalty program
14298,Gold Tier,8,44,51527.3,38053.68380726334,2.230378857499209e-05,Low,Maintain: VIP loyalty program
14299,Silver Tier,8,9,3965.62,3009.840676837965,2.2303788574990185e-05,Low,Maintain: Standard loyalty program
14300,Silver Tier,19,1,43.2,1332.1040378327834,2.2303788574990185e-05,Low,Maintain: Standard loyalty program
14301,Silver Tier,117,1,640.14,623.1053157931507,0.9999776962114252,High,Send: Standard win-back offer
14304,Inactive,223,1,383.45,398.2944378064457,0.9999776962114252,High,Low Priority: Automated email only
14305,Silver Tier,71,3,1858.96,1915.6093482127744,2.2303788574991693e-05,Low,Maintain: Standard loyalty program
14306,Silver Tier,51,2,2093.32,1614.4962742466323,2.2303788574990226e-05,Low,Maintain: Standard loyalty program
14307,Silver Tier,89,6,2995.72,1922.9062755300547,2.2303788575000885e-05,Low,Maintain: Standard loyalty program
14309,Silver Tier,8,9,2352.53,2044.820442785854,2.2303788574990148e-05,Low,Maintain: Standard loyalty program
14311,Inactive,243,1,310.26,372.6835048802685,0.9999776962114252,High,Low Priority: Automated email only
14312,Silver Tier,47,6,1611.59,1401.1095748714029,2.2303788574990107e-05,Low,Maintain: Standard loyalty program
14314,Silver Tier,107,1,120.0,662.2674747601277,0.9999776962114252,High,Send: Standard win-back offer
14315,Silver Tier,45,6,2481.13,2315.928801482217,2.230378857499007e-05,Low,Maintain: Standard loyalty program
14317,Silver Tier,65,1,508.58,871.382211660038,2.2303788574990663e-05,Low,Maintain: Standard loyalty program
14320,Inactive,207,2,477.79,430.8435022055467,0.9999776962114252,High,Low Priority: Automated email only
14321,Silver Tier,11,5,1530.75,1322.900245215933,2.2303788574989992e-05,Low,Maintain: Standard loyalty program
14323,Silver Tier,115,2,605.0600000000001,730.6635013250091,0.9999776962114252,High,Send: Standard win-back offer
14326,Inactive,242,1,183.85,372.6835048802685,0.9999776962114252,High,Low Priority: Automated email only
14327,Inactive,163,1,311.65,499.571448296114,0.9999776962114252,High,Low Priority: Automated email only
14329,Silver Tier,17,7,4975.24,3135.177019342659,2.2303788574990107e-05,Low,Maintain: Standard loyalty program
14331,Silver Tier,124,2,462.66,781.2623187365047,0.9999776962114252,High,Send: Standard win-back offer
14332,Silver Tier,23,3,840.21,1679.8975607612274,2.2303788574989992e-05,Low,Maintain: Standard loyalty program
14333,Silver Tier,68,1,415.2,852.1619817857782,2.2303788574990744e-05,Low,Maintain: Standard loyalty program
14334,Silver Tier,17,8,2552.21,2056.097211375755,2.230378857499007e-05,Low,Maintain: Standard loyalty program
14335,Silver Tier,16,2,454.86,1017.1404046425668,2.230378857499007e-05,Low,Maintain: Standard loyalty program
14336,Silver Tier,17,4,1614.91,1404.969162113357,2.2303788574989992e-05,Low,Maintain: Standard loyalty program
14338,Inactive,161,2,588.22,525.2922602004734,0.9999776962114252,High,Low Priority: Automated email only
14339,Inactive,243,1,309.52,372.6835048802685,0.9999776962114252,High,Low Priority: Automated email only
14340,Inactive,219,1,134.7,403.8449286955369,0.9999776962114252,High,Low Priority: Automated email only
14341,Silver Tier,45,8,2166.98,1885.814635799289,2.230378857499003e-05,Low,Maintain: Standard loyalty program
14342,Silver Tier,21,4,668.5600000000001,933.703820919514,2.2303788574989992e-05,Low,Maintain: Standard loyalty program
14344,Silver Tier,127,8,889.9300000000001,772.7483498139944,0.9999776962114252,High,Send: Standard win-back offer
14345,Silver Tier,39,1,108.98,1083.108434623702,2.2303788574990185e-05,Low,Maintain: Standard loyalty program
14346,Silver Tier,121,2,1021.58,967.490486728158,0.9999776962114252,High,Send: Standard win-back offer
14348,Inactive,260,1,409.57,352.2957723378669,0.9999776962114252,High,Low Priority: Automated email only
14349,Silver Tier,10,1,133.5,1467.013040655582,2.2303788574990148e-05,Low,Maintain: Standard loyalty program
14350,Inactive,274,1,282.93,337.9179231900678,0.9999776962114252,High,Low Priority: Automated email only
14351,Inactive,165,1,51.0,497.4276193830024,0.9999776962114252,High,Low Priority: Automated email only
14352,Inactive,157,4,1078.96,1170.690608173123,0.9999776962114252,High,Low Priority: Automated email only
14353,Inactive,215,1,90.6,408.1103954068957,0.9999776962114252,High,Low Priority: Automated email only
14354,Silver Tier,6,2,163.62,1604.0749557034164,2.230378857499086e-05,Low,Maintain: Standard loyalty program
14355,Inactive,366,1,174.4,267.07078577809557,0.9999776962114252,High,Low Priority: Automated email only
14356,Silver Tier,80,2,701.23,1590.9272587798478,2.230378857499312e-05,Low,Maintain: Standard loyalty program
14357,Silver Tier,43,1,225.12,1034.75663059681,2.230378857499007e-05,Low,Maintain: Standard loyalty program
14359,Silver Tier,19,3,912.18,1759.3559932155415,2.2303788574989992e-05,Low,Maintain: Standard loyalty program
14360,Silver Tier,32,4,2118.03,2730.2030118839193,2.2303788574989992e-05,Low,Maintain: Standard loyalty program
14362,Silver Tier,22,1,151.5,1273.5470319616638,2.2303788574990107e-05,Low,Maintain: Standard loyalty program
14364,Silver Tier,109,8,3717.35,3966.270836034369,0.9999776962114252,High,Send: Standard win-back offer
14367,Gold Tier,8,16,9227.82,8316.844189780855,2.2303788574990426e-05,Low,Maintain: VIP loyalty program
14368,Inactive,320,1,155.0,298.7303885584828,0.9999776962114252,High,Low Priority: Automated email only
14371,Inactive,295,1,100.5,318.42472877685196,0.9999776962114252,High,Low Priority: Automated email only
14373,Inactive,358,1,76.55,271.448553849472,0.9999776962114252,High,Low Priority: Automated email only
14375,Inactive,185,1,235.56,456.3063996534212,0.9999776962114252,High,Low Priority: Automated email only
14377,Inactive,191,2,617.05,674.4353976451245,0.9999776962114252,High,Low Priority: Automated email only
14379,Silver Tier,44,2,348.1,563.089323354139,2.230378857499003e-05,Low,Maintain: Standard loyalty program
14381,Silver Tier,52,1,202.68,957.7944940514782,2.2303788574990703e-05,Low,Maintain: Standard loyalty program
14382,Silver Tier,26,1,615.49,1219.9222926807831,2.2303788574990107e-05,Low,Maintain: Standard loyalty program
14383,Silver Tier,38,3,1247.69,1934.307665611452,2.2303788574989992e-05,Low,Maintain: Standard loyalty program
14385,Silver Tier,9,3,202.11,2057.357266207193,2.2303788574990148e-05,Low,Maintain: Standard loyalty program
14386,Inactive,297,1,142.4,317.55242640997517,0.9999776962114252,High,Low Priority: Automated email only
14387,Silver Tier,33,3,1727.6,2998.0871147708153,2.2303788574989992e-05,Low,Maintain: Standard loyalty program
14388,Silver Tier,10,8,3212.84,2481.3702282175964,2.230378857499007e-05,Low,Maintain: Standard loyalty program
14389,Silver Tier,65,2,1043.46,1337.729323922849,2.2303788574990974e-05,Low,Maintain: Standard loyalty program
14390,Silver Tier,10,9,4642.57,3596.506247564034,2.2303788574990107e-05,Low,Maintain: Standard loyalty program
14393,Inactive,218,1,67.95,403.8449286955369,0.9999776962114252,High,Low Priority: Automated email only
14395,Silver Tier,2,9,3479.91,2692.855715655145,2.2303788574990148e-05,Low,Maintain: Standard loyalty program
14396,Silver Tier,65,2,487.99,557.1571809441298,2.2303788574990663e-05,Low,Maintain: Standard loyalty program
14397,Gold Tier,3,19,2612.96,3440.7888173748893,2.2303788574990344e-05,Low,Maintain: VIP loyalty program
14400,Inactive,149,1,574.7,531.6500917101112,0.9999776962114252,High,Low Priority: Automated email only
14401,Silver Tier,4,13,4051.48,3292.2787231832735,2.2303788574990185e-05,Low,Maintain: Standard loyalty program
14403,Silver Tier,130,4,1475.81,1142.254014929379,0.9999776962114252,High,Send: Standard win-back offer
14404,Silver Tier,34,6,1449.32,1312.126416365836,2.2303788574989992e-05,Low,Maintain: Standard loyalty program
14406,Silver Tier,119,1,156.75,616.4772790167465,0.9999776962114252,High,Send: Standard win-back offer
14407,Silver Tier,107,6,2157.73,2105.537172152048,0.9999776962114252,High,Send: Standard win-back offer
14408,Silver Tier,11,7,2599.03,2636.4626054348087,2.230378857499007e-05,Low,Maintain: Standard loyalty program
14409,Silver Tier,71,6,2059.4500000000003,1597.044782874846,2.230378857499173e-05,Low,Maintain: Standard loyalty program
14410,Silver Tier,92,9,1100.27,1239.1354578247517,0.9999776962114252,High,Send: Standard win-back offer
14411,Inactive,311,1,1063.0,305.82349107964,0.9999776962114252,High,Low Priority: Automated email only
14412,Silver Tier,43,2,770.03,1595.6327755538773,2.2303788574989992e-05,Low,Maintain: Standard loyalty program
14413,Inactive,362,1,121.05,268.92956100875483,0.9999776962114252,High,Low Priority: Automated email only
14414,Silver Tier,92,7,1496.98,1324.755952667882,0.9999776962114252,High,Send: Standard win-back offer
14415,Gold Tier,1,13,5855.57,4203.878869393227,2.2303788574990263e-05,Low,Maintain: VIP loyalty program
14416,Silver Tier,22,2,490.22,1567.8722503731956,2.230378857499007e-05,Low,Maintain: Standard loyalty program
14418,Silver Tier,4,3,1937.25,3869.579583624098,2.230378857499007e-05,Low,Maintain: Standard loyalty program
14419,Silver Tier,11,6,1051.79,1038.0235038217404,2.2303788574989992e-05,Low,Maintain: Standard loyalty program
14420,Silver Tier,99,1,387.52,689.8589465351988,0.9999776962114252,High,Send: Standard win-back offer
14421,Silver Tier,57,2,813.11,855.2395773667658,2.2303788574990307e-05,Low,Maintain: Standard loyalty program
14422,Silver Tier,1,6,4263.64,4126.900832425203,2.2303788574990263e-05,Low,Maintain: Standard loyalty program
14423,Inactive,218,1,265.2,403.8449286955369,0.9999776962114252,High,Low Priority: Automated email only
14424,Silver Tier,18,1,322.08,1347.594640248632,2.230378857499007e-05,Low,Maintain: Standard loyalty program
14426,Silver Tier,24,10,4481.67,3598.5892766897496,2.2303788574990107e-05,Low,Maintain: Standard loyalty program
14427,Silver Tier,50,2,363.34,1128.2364095087885,2.2303788574990148e-05,Low,Maintain: Standard loyalty program
14428,Silver Tier,7,5,1224.06,1202.7140697026273,2.2303788574990107e-05,Low,Maintain: Standard loyalty program
14431,Inactive,303,1,470.36,312.4173559698087,0.9999776962114252,High,Low Priority: Automated email only
14432,Silver Tier,10,6,2248.5,5007.871802540809,2.2303788574989992e-05,Low,Maintain: Standard loyalty program
14434,Silver Tier,22,6,1372.8,3488.269541495291,2.2303788574989992e-05,Low,Maintain: Standard loyalty program
14436,Silver Tier,99,1,89.06,693.9894043708468,0.9999776962114252,High,Send: Standard win-back offer
14437,Inactive,366,1,63.0,267.07078577809557,0.9999776962114252,High,Low Priority: Automated email only
14438,Inactive,306,1,131.9,309.0852589323376,0.9999776962114252,High,Low Priority: Automated email only
14439,Inactive,320,1,2661.24,298.7303885584828,0.9999776962114252,High,Low Priority: Automated email only
14440,Silver Tier,8,5,2357.68,1587.198477537838,2.2303788574990148e-05,Low,Maintain: Standard loyalty program
14441,Silver Tier,1,4,1712.89,1760.370497798846,2.2303788574990185e-05,Low,Maintain: Standard loyalty program
14442,Inactive,205,2,1589.82,1033.9104178885177,0.9999776962114252,High,Low Priority: Automated email only
14443,Silver Tier,54,4,1420.2,1134.8260231783247,2.2303788574990307e-05,Low,Maintain: Standard loyalty program
14446,Silver Tier,1,4,1010.35,1170.7501045051715,2.2303788574990226e-05,Low,Maintain: Standard loyalty program
14447,Silver Tier,19,5,1163.23,1226.604795679677,2.2303788574989992e-05,Low,Maintain: Standard loyalty program
14448,Silver Tier,9,2,375.35,497.1307629979855,2.230378857499007e-05,Low,Maintain: Standard loyalty program
14449,Silver Tier,19,4,885.8,813.9218997219804,2.2303788574989992e-05,Low,Maintain: Standard loyalty program
14450,Inactive,181,3,483.25,621.7834375950797,0.9999776962114252,High,Low Priority: Automated email only
14451,Silver Tier,60,2,643.9,829.9904300293958,2.2303788574990385e-05,Low,Maintain: Standard loyalty program
14452,Silver Tier,11,2,259.05,1078.9385768852026,2.230378857499007e-05,Low,Maintain: Standard loyalty program
14453,Inactive,190,1,119.93,447.49843127294145,0.9999776962114252,High,Low Priority: Automated email only
14456,Silver Tier,5,9,3017.28,5145.522469655495,2.2303788574990148e-05,Low,Maintain: Standard loyalty program
14457,Inactive,311,1,113.64,305.82349107964,0.9999776962114252,High,Low Priority: Automated email only
14459,Inactive,155,1,1837.92,517.4111282486208,0.9999776962114252,High,Low Priority: Automated email only
14460,Silver Tier,110,3,434.34,704.5283482503851,0.9999776962114252,High,Send: Standard win-back offer
14461,Inactive,148,3,2103.06,1651.4717867811846,0.9999776962114252,High,Low Priority: Automated email only
14462,Silver Tier,66,11,1980.57,1872.4549281735228,2.230378857499122e-05,Low,Maintain: Standard loyalty program
14463,Silver Tier,98,3,529.62,984.353538161887,0.9999776962114252,High,Send: Standard win-back offer
14465,Inactive,247,3,1038.44,707.5524291290234,0.9999776962114252,High,Low Priority: Automated email only
14466,Silver Tier,29,7,2272.4,1731.3345215610304,2.2303788574989992e-05,Low,Maintain: Standard loyalty program
14467,Silver Tier,18,4,596.26,769.9760246248989,2.2303788574989992e-05,Low,Maintain: Standard loyalty program
14470,Silver Tier,12,2,461.19,516.6973992444605,2.230378857499007e-05,Low,Maintain: Standard loyalty program
14472,Silver Tier,104,8,1852.67,1589.5923377575298,0.9999776962114252,High,Send: Standard win-back offer
14473,Silver Tier,74,2,234.34,512.3519188111909,2.230378857499205e-05,Low,Maintain: Standard loyalty program
14474,Silver Tier,46,1,547.66,1007.7639635956134,2.230378857499003e-05,Low,Maintain: Standard loyalty program
14475,Silver Tier,72,3,925.85,890.2626785593869,2.2303788574991337e-05,Low,Maintain: Standard loyalty program
14476,Inactive,257,1,193.0,355.5373916352416,0.9999776962114252,High,Low Priority: Automated email only
14477,Silver Tier,20,4,1309.6,1378.7932214961509,2.2303788574989992e-05,Low,Maintain: Standard loyalty program
14479,Inactive,254,2,316.25,408.7432786875896,0.9999776962114252,High,Low Priority: Automated email only
14480,Silver Tier,11,1,279.05,1448.6733665307254,2.230378857499007e-05,Low,Maintain: Standard loyalty program
14481,Inactive,165,2,636.51,652.6740533354894,0.9999776962114252,High,Low Priority: Automated email only
14482,Silver Tier,18,6,2022.81,2347.421930579685,2.2303788574989992e-05,Low,Maintain: Standard loyalty program
14483,Inactive,282,1,137.1,331.16030234843294,0.9999776962114252,High,Low Priority: Automated email only
14484,Silver Tier,50,1,321.92,973.891045138813,2.2303788574990148e-05,Low,Maintain: Standard loyalty program
14485,Silver Tier,39,1,162.8,1083.108434623702,2.230378857499007e-05,Low,Maintain: Standard loyalty program
14487,Silver Tier,27,6,1165.48,1098.6762322781108,2.2303788574989992e-05,Low,Maintain: Standard loyalty program
14488,Silver Tier,68,1,1064.28,852.1619817857782,2.23037885749911e-05,Low,Maintain: Standard loyalty program
14489,Inactive,207,1,463.38,419.93827542124114,0.9999776962114252,High,Low Priority: Automated email only
14491,Inactive,175,2,340.93,449.3358816916155,0.9999776962114252,High,Low Priority: Automated email only
14493,Silver Tier,7,5,2383.24,3174.3788533338047,2.2303788574990107e-05,Low,Maintain: Standard loyalty program
14494,Silver Tier,26,1,139.56,1232.9005241921468,2.2303788574990185e-05,Low,Maintain: Standard loyalty program
14495,Silver Tier,51,2,123.8,846.748999083317,2.2303788574990703e-05,Low,Maintain: Standard loyalty program
14496,Inactive,312,2,538.8100000000001,460.1586619812946,0.9999776962114252,High,Low Priority: Automated email only
14497,Inactive,309,1,475.37,306.63246177490436,0.9999776962114252,High,Low Priority: Automated email only
14498,Silver Tier,43,5,1957.32,1667.8410381662843,2.2303788574989992e-05,Low,Maintain: Standard loyalty program
14499,Silver Tier,26,3,808.44,1014.9126341588805,2.230378857499003e-05,Low,Maintain: Standard loyalty program
14500,Silver Tier,88,3,356.85,645.5832266539354,2.2303788575000133e-05,Low,Maintain: Standard loyalty program
14501,Inactive,184,2,251.21,488.8373474535931,0.9999776962114252,High,Low Priority: Automated email only
14502,Silver Tier,20,11,2429.83,2347.488449734886,2.230378857499007e-05,Low,Maintain: Standard loyalty program
14503,Silver Tier,3,6,3543.26,4428.613025348827,2.2303788574990107e-05,Low,Maintain: Standard loyalty program
14504,Silver Tier,47,4,673.26,900.234462055685,2.2303788574990107e-05,Low,Maintain: Standard loyalty program
14505,Silver Tier,17,8,5859.43,3981.6941226200183,2.2303788574990107e-05,Low,Maintain: Standard loyalty program
14506,Silver Tier,17,5,1960.65,1574.5696695618533,2.2303788574989992e-05,Low,Maintain: Standard loyalty program
14507,Silver Tier,24,6,1367.88,1344.4947629241876,2.2303788574989992e-05,Low,Maintain: Standard loyalty program
14508,Silver Tier,22,2,268.05,1103.984361099647,2.230378857499007e-05,Low,Maintain: Standard loyalty program
14511,Silver Tier,11,5,1314.81,2589.059117413359,2.2303788574989992e-05,Low,Maintain: Standard loyalty program
14512,Inactive,188,2,275.28,595.7567255045976,0.9999776962114252,High,Low Priority: Automated email only
14513,Silver Tier,101,3,455.59,775.4657341980416,0.9999776962114252,High,Send: Standard win-back offer
14514,Silver Tier,61,3,990.2,917.6448809517224,2.2303788574990544e-05,Low,Maintain: Standard loyalty program
14515,Silver Tier,18,6,2076.89,2345.0762178732098,2.2303788574989992e-05,Low,Maintain: Standard loyalty program
14517,Silver Tier,33,2,330.45,759.1962076965385,2.230378857499003e-05,Low,Maintain: Standard loyalty program
14518,Silver Tier,64,1,174.37,871.382211660038,2.230378857499106e-05,Low,Maintain: Standard loyalty program
14520,Silver Tier,2,2,270.6,466.22748464569935,2.230378857499082e-05,Low,Maintain: Standard loyalty program
14522,Silver Tier,24,4,974.54,1367.6312152704206,2.230378857499003e-05,Low,Maintain: Standard loyalty program
14523,Silver Tier,108,1,241.09,654.7850360665369,0.9999776962114252,High,Send: Standard win-back offer
14524,Silver Tier,32,9,1843.83,1524.4759598083635,2.230378857499003e-05,Low,Maintain: Standard loyalty program
14525,Silver Tier,20,9,4215.9,3201.8883895882877,2.2303788574990107e-05,Low,Maintain: Standard loyalty program
14527,Gold Tier,3,55,8507.13,6655.443923403305,2.230378857499157e-05,Low,Maintain: VIP loyalty program
14528,Silver Tier,37,1,364.22,1093.3262542128698,2.230378857499003e-05,Low,Maintain: Standard loyalty program
14529,Silver Tier,60,3,578.61,1556.7950809086626,2.2303788574990385e-05,Low,Maintain: Standard loyalty program
14530,Silver Tier,26,6,2862.11,2343.5935960873976,2.230378857499003e-05,Low,Maintain: Standard loyalty program
14532,Inactive,236,4,932.85,870.6165096029158,0.9999776962114252,High,Low Priority: Automated email only
14533,Silver Tier,25,7,1949.72,1525.8187299706594,2.230378857499003e-05,Low,Maintain: Standard loyalty program
14534,Gold Tier,3,18,4397.3,3870.274176732978,2.2303788574990385e-05,Low,Maintain: VIP loyalty program
14535,Silver Tier,60,3,2854.84,2365.4373986292817,2.2303788574990463e-05,Low,Maintain: Standard loyalty program
14536,Inactive,260,1,170.95,353.36972394017306,0.9999776962114252,High,Low Priority: Automated email only
14537,Silver Tier,58,1,355.56,919.7889416513344,2.2303788574990385e-05,Low,Maintain: Standard loyalty program
14538,Silver Tier,65,2,388.25,669.83535446636,2.2303788574990663e-05,Low,Maintain: Standard loyalty program
14539,Silver Tier,16,2,537.48,2390.6525817528423,2.230378857499007e-05,Low,Maintain: Standard loyalty program
14540,Silver Tier,10,3,952.66,988.7045916847928,2.230378857499003e-05,Low,Maintain: Standard loyalty program
14541,Silver Tier,59,8,1453.35,1467.4856340815193,2.2303788574990463e-05,Low,Maintain: Standard loyalty program
14542,Inactive,186,1,103.25,456.3063996534212,0.9999776962114252,High,Low Priority: Automated email only
14543,Gold Tier,29,16,3599.73,2914.7651967206143,2.2303788574990307e-05,Low,Maintain: VIP loyalty program
14544,Silver Tier,24,2,2004.3,919.291695580177,2.230378857499003e-05,Low,Maintain: Standard loyalty program
14546,Silver Tier,5,5,2573.93,2483.2859365405197,2.2303788574990107e-05,Low,Maintain: Standard loyalty program
14547,Silver Tier,4,8,3974.75,10477.588456048788,2.2303788574990185e-05,Low,Maintain: Standard loyalty program
14548,Inactive,151,2,652.8,596.7845953815914,0.9999776962114252,High,Low Priority: Automated email only
14549,Inactive,311,1,289.24,305.018777800336,0.9999776962114252,High,Low Priority: Automated email only
14550,Silver Tier,11,2,757.37,2267.400911898699,2.230378857499003e-05,Low,Maintain: Standard loyalty program
14551,Silver Tier,18,2,186.23,566.0900699210291,2.2303788574990148e-05,Low,Maintain: Standard loyalty program
14552,Inactive,152,1,164.22,526.8174782562388,0.9999776962114252,High,Low Priority: Automated email only
14553,Silver Tier,19,5,859.27,865.8391100243088,2.2303788574989992e-05,Low,Maintain: Standard loyalty program
14554,Silver Tier,10,4,2279.49,6221.148257394065,2.230378857499003e-05,Low,Maintain: Standard loyalty program
14555,Silver Tier,57,2,312.54,466.94778097754374,2.2303788574990344e-05,Low,Maintain: Standard loyalty program
14557,Silver Tier,85,1,788.38,752.5668013948482,2.2303788574994705e-05,Low,Maintain: Standard loyalty program
14560,Gold Tier,7,22,2237.77,1798.850451274226,2.2303788574990344e-05,Low,Maintain: VIP loyalty program
14561,Silver Tier,76,3,1080.76,1597.612752192046,2.2303788574992404e-05,Low,Maintain: Standard loyalty program
14562,Gold Tier,4,18,5006.77,4633.607302461903,2.2303788574990385e-05,Low,Maintain: VIP loyalty program
14565,Silver Tier,96,4,3099.12,1741.4583075963094,0.9999776962114252,High,Send: Standard win-back offer
14566,Silver Tier,111,1,1432.0,647.4697996251092,0.9999776962114252,High,Send: Standard win-back offer
14567,Silver Tier,57,2,1530.36,1736.9162727178466,2.2303788574990307e-05,Low,Maintain: Standard loyalty program
14569,Silver Tier,1,1,227.39,1655.6594005589177,2.23037885749909e-05,Low,Maintain: Standard loyalty program
14570,Inactive,281,2,218.06,332.1090813134735,0.9999776962114252,High,Low Priority: Automated email only
14572,Silver Tier,3,7,2804.54,2418.755771805335,2.2303788574990148e-05,Low,Maintain: Standard loyalty program
14573,Inactive,180,9,1639.82,1241.6277202593958,0.9999776962114252,High,Low Priority: Automated email only
14576,Inactive,372,1,35.400000000000006,262.83198413710926,0.9999776962114252,High,Low Priority: Automated email only
14577,Silver Tier,13,4,859.71,715.4858709874784,2.230378857499003e-05,Low,Maintain: Standard loyalty program
14578,Silver Tier,3,1,168.63,1609.660589705031,2.230378857499086e-05,Low,Maintain: Standard loyalty program
14581,Silver Tier,17,1,138.6,1363.4498314612754,2.2303788574990185e-05,Low,Maintain: Standard loyalty program
14582,Silver Tier,41,1,114.11,1063.2353258039057,2.2303788574990185e-05,Low,Maintain: Standard loyalty program
14583,Silver Tier,6,5,986.96,1533.7647229302522,2.2303788574990185e-05,Low,Maintain: Standard loyalty program
14584,Inactive,169,4,1033.06,1477.3778591993937,0.9999776962114252,High,Low Priority: Automated email only
14585,Silver Tier,50,1,157.05,973.891045138813,2.2303788574990544e-05,Low,Maintain: Standard loyalty program
14586,Inactive,277,1,237.36,335.95919464018573,0.9999776962114252,High,Low Priority: Automated email only
14587,Silver Tier,19,9,1580.29,1505.689950550909,2.230378857499003e-05,Low,Maintain: Standard loyalty program
14589,Inactive,372,1,39.75,263.4292704434109,0.9999776962114252,High,Low Priority: Automated email only
14591,Silver Tier,15,4,1320.21,1618.299854766777,2.2303788574989992e-05,Low,Maintain: Standard loyalty program
14592,Silver Tier,35,3,557.94,1759.3630343476732,2.230378857499003e-05,Low,Maintain: Standard loyalty program
14593,Silver Tier,22,3,617.15,810.953712021493,2.2303788574989992e-05,Low,Maintain: Standard loyalty program
14594,Silver Tier,7,2,363.33,380.4561504344783,2.2303788574990185e-05,Low,Maintain: Standard loyalty program
14595,Silver Tier,20,6,1740.6,1719.1095903058665,2.2303788574989992e-05,Low,Maintain: Standard loyalty program
14597,Silver Tier,11,2,866.24,1298.707241003462,2.230378857499003e-05,Low,Maintain: Standard loyalty program
14598,Silver Tier,44,1,221.97,1025.5998068295544,2.230378857499007e-05,Low,Maintain: Standard loyalty program
14600,Inactive,306,1,393.33,309.91160168853673,0.9999776962114252,High,Low Priority: Automated email only
14601,Silver Tier,11,1,213.96,1467.013040655582,2.2303788574990107e-05,Low,Maintain: Standard loyalty program
14603,Inactive,275,1,660.0,337.9179231900678,0.9999776962114252,High,Low Priority: Automated email only
14606,Platinum Tier,1,93,12076.15,9397.005132238017,2.2303788574991652e-05,Low,Maintain: Continue white-glove service
14607,Gold Tier,16,14,16209.5,15793.153280628172,2.23037885749909e-05,Low,Maintain: VIP loyalty program
14608,Silver Tier,4,4,1785.15,1485.744705450653,2.230378857499007e-05,Low,Maintain: Standard loyalty program
14609,Silver Tier,72,4,601.56,797.404275680488,2.2303788574991337e-05,Low,Maintain: Standard loyalty program
14616,Inactive,243,3,406.08,504.13690481543176,0.9999776962114252,High,Low Priority: Automated email only
14618,Silver Tier,9,3,553.44,611.4636939186361,2.230378857499003e-05,Low,Maintain: Standard loyalty program
14619,Inactive,246,1,394.44,369.1232389549317,0.9999776962114252,High,Low Priority: Automated email only
14620,Inactive,206,2,412.78,532.7941472774758,0.9999776962114252,High,Low Priority: Automated email only
14621,Silver Tier,1,5,1788.36,1451.7375632873195,2.2303788574990185e-05,Low,Maintain: Standard loyalty program
14622,Inactive,185,1,320.58000000000004,458.10976754228847,0.9999776962114252,High,Low Priority: Automated email only
14623,Silver Tier,32,5,886.7,1219.1274845758703,2.2303788574989992e-05,Low,Maintain: Standard loyalty program
14624,Silver Tier,57,2,225.85,1105.1368399107869,2.2303788574990385e-05,Low,Maintain: Standard loyalty program
14625,Inactive,196,2,899.63,527.3983826426771,0.9999776962114252,High,Low Priority: Automated email only
14626,Silver Tier,24,4,2791.27,2760.935011423623,2.230378857499003e-05,Low,Maintain: Standard loyalty program
14628,Silver Tier,91,2,671.96,753.7347818616424,0.9999776962114252,High,Send: Standard win-back offer
14629,Silver Tier,4,2,955.26,2049.9322735211936,2.2303788574990148e-05,Low,Maintain: Standard loyalty program
14631,Silver Tier,51,3,1006.98,969.3143675273222,2.2303788574990226e-05,Low,Maintain: Standard loyalty program
14632,Inactive,263,1,114.56,350.16733507934754,0.9999776962114252,High,Low Priority: Automated email only
14633,Inactive,266,1,344.90000000000003,345.98669741276063,0.9999776962114252,High,Low Priority: Automated email only
14636,Silver Tier,36,2,609.85,669.7593830792122,2.230378857499003e-05,Low,Maintain: Standard loyalty program
14638,Silver Tier,51,1,443.6,973.891045138813,2.2303788574990263e-05,Low,Maintain: Standard loyalty program
14639,Silver Tier,52,6,2984.49,2013.9393145100696,2.2303788574990307e-05,Low,Maintain: Standard loyalty program
14640,Silver Tier,24,6,2107.38,2363.544965100144,2.2303788574989992e-05,Low,Maintain: Standard loyalty program
14641,Silver Tier,22,1,110.46,1287.698184584735,2.2303788574990226e-05,Low,Maintain: Standard loyalty program
14642,Silver Tier,59,1,96.12,912.546967178022,2.2303788574990937e-05,Low,Maintain: Standard loyalty program
14643,Inactive,170,2,693.8100000000001,545.8119751965027,0.9999776962114252,High,Low Priority: Automated email only
14644,Silver Tier,68,2,830.76,874.8740148858715,2.2303788574990703e-05,Low,Maintain: Standard loyalty program
14645,Inactive,157,2,597.09,694.8470207660689,0.9999776962114252,High,Low Priority: Automated email only
14646,Platinum Tier,2,73,280206.02,222166.7110121718,2.230378857499209e-05,Low,Maintain: Continue white-glove service
14647,Inactive,201,1,236.04,429.2691259765146,0.9999776962114252,High,Low Priority: Automated email only
14649,Silver Tier,5,4,1402.59,1398.4222101616515,2.2303788574990148e-05,Low,Maintain: Standard loyalty program
14651,Silver Tier,67,2,653.75,733.0128787231171,2.2303788574990703e-05,Low,Maintain: Standard loyalty program
14652,Silver Tier,77,1,114.18,793.7994213099503,2.2303788574992645e-05,Low,Maintain: Standard loyalty program
14653,Silver Tier,1,7,1926.65,1617.6824567088488,2.2303788574990185e-05,Low,Maintain: Standard loyalty program
14655,Silver Tier,8,4,1932.23,1709.5976428963988,2.2303788574990107e-05,Low,Maintain: Standard loyalty program
14656,Inactive,169,2,291.05,517.4178227381694,0.9999776962114252,High,Low Priority: Automated email only
14657,Silver Tier,18,4,848.22,717.195379189682,2.2303788574989992e-05,Low,Maintain: Standard loyalty program
14658,Silver Tier,5,2,247.15,928.000282011516,2.230378857499082e-05,Low,Maintain: Standard loyalty program
14659,Silver Tier,9,9,2529.93,2046.656364742737,2.230378857499007e-05,Low,Maintain: Standard loyalty program
14660,Silver Tier,87,2,285.74,1075.3509238605325,2.2303788574997476e-05,Low,Maintain: Standard loyalty program
14661,Silver Tier,27,1,107.95,1219.9222926807831,2.2303788574990185e-05,Low,Maintain: Standard loyalty program
14662,Silver Tier,29,4,741.37,907.0797204820518,2.2303788574989992e-05,Low,Maintain: Standard loyalty program
14664,Silver Tier,20,2,636.24,2041.4667621606457,2.230378857499003e-05,Low,Maintain: Standard loyalty program
14665,Silver Tier,61,5,1835.7,1574.3093554834225,2.23037885749909e-05,Low,Maintain: Standard loyalty program
14666,Silver Tier,24,1,195.25,1246.1579201425084,2.2303788574990107e-05,Low,Maintain: Standard loyalty program
14667,Gold Tier,11,25,9175.04,6957.803441214003,2.2303788574990463e-05,Low,Maintain: VIP loyalty program
14669,Inactive,242,3,1259.24,641.4686434130091,0.9999776962114252,High,Low Priority: Automated email only
14670,Inactive,280,2,392.86,332.1090813134735,0.9999776962114252,High,Low Priority: Automated email only
14672,Inactive,235,2,765.5500000000001,676.5580754945664,0.9999776962114252,High,Low Priority: Automated email only
14673,Silver Tier,3,5,1736.4,1335.0051079758398,2.2303788574990107e-05,Low,Maintain: Standard loyalty program
14675,Silver Tier,16,1,596.36,1363.4498314612754,2.2303788574990107e-05,Low,Maintain: Standard loyalty program
14676,Silver Tier,31,6,2548.24,2241.8875050254333,2.230378857499003e-05,Low,Maintain: Standard loyalty program
14680,Gold Tier,25,16,28754.11,20691.659860564527,2.2303788574990937e-05,Low,Maintain: VIP loyalty program
14681,Silver Tier,71,3,498.95,596.9092945612434,2.2303788574991378e-05,Low,Maintain: Standard loyalty program
14682,Inactive,188,2,52.0,538.9680460730002,0.9999776962114252,High,Low Priority: Automated email only
14684,Silver Tier,26,5,1201.51,1108.6707812692412,2.230378857499003e-05,Low,Maintain: Standard loyalty program
14687,Silver Tier,107,1,628.38,662.2674747601277,0.9999776962114252,High,Send: Standard win-back offer
14688,Gold Tier,8,21,5579.1,4214.826164244736,2.2303788574990426e-05,Low,Maintain: VIP loyalty program
14689,Inactive,209,1,112.8,418.4224305997317,0.9999776962114252,High,Low Priority: Automated email only
14690,Silver Tier,44,2,355.05,808.4530896713297,2.230378857499003e-05,Low,Maintain: Standard loyalty program
14691,Silver Tier,31,5,2114.33,2381.4842112252913,2.2303788574989992e-05,Low,Maintain: Standard loyalty program
14692,Silver Tier,137,4,591.55,643.894449406677,0.9999776962114252,High,Send: Standard win-back offer
14693,Inactive,265,1,172.9,348.06446272391844,0.9999776962114252,High,Low Priority: Automated email only
14696,Silver Tier,4,7,2078.95,1648.7977944800043,2.2303788574990107e-05,Low,Maintain: Standard loyalty program
14697,Inactive,218,2,188.61,403.8449286955369,0.9999776962114252,High,Low Priority: Automated email only
14698,Silver Tier,2,5,1217.27,3153.9953445830706,2.2303788574990148e-05,Low,Maintain: Standard loyalty program
14699,Inactive,214,1,109.13,409.5523126461623,0.9999776962114252,High,Low Priority: Automated email only
14700,Silver Tier,32,3,2195.1,1922.7528915765429,2.2303788574989992e-05,Low,Maintain: Standard loyalty program
14701,Silver Tier,11,9,2526.09,2191.2704446213856,2.230378857499007e-05,Low,Maintain: Standard loyalty program
14702,Gold Tier,1,17,3251.79,2608.3560496342275,2.2303788574990463e-05,Low,Maintain: VIP loyalty program
14703,Silver Tier,15,1,318.17,1396.3067155040203,2.230378857499007e-05,Low,Maintain: Standard loyalty program
14704,Silver Tier,11,9,1493.96,2445.5271360677907,2.230378857499003e-05,Low,Maintain: Standard loyalty program
14705,Inactive,199,1,179.0,434.09180192261977,0.9999776962114252,High,Low Priority: Automated email only
14708,Silver Tier,3,3,1126.37,821.0671247031164,2.2303788574990148e-05,Low,Maintain: Standard loyalty program
14709,Silver Tier,15,13,4921.04,3909.898573282622,2.2303788574990107e-05,Low,Maintain: Standard loyalty program
14710,Silver Tier,14,4,599.48,2198.283313764782,2.2303788574989992e-05,Low,Maintain: Standard loyalty program
14711,Silver Tier,10,11,2839.62,3084.518620488901,2.230378857499007e-05,Low,Maintain: Standard loyalty program
14712,Silver Tier,29,3,917.07,2138.1854836233833,2.2303788574989992e-05,Low,Maintain: Standard loyalty program
14713,Silver Tier,9,11,2662.2,2144.781054469964,2.230378857499007e-05,Low,Maintain: Standard loyalty program
14714,Silver Tier,24,1,160.19,1246.1579201425084,2.2303788574990107e-05,Low,Maintain: Standard loyalty program
14715,Silver Tier,25,4,867.38,939.130557532093,2.230378857499003e-05,Low,Maintain: Standard loyalty program
14716,Silver Tier,43,2,307.51,797.6271667100725,2.230378857499003e-05,Low,Maintain: Standard loyalty program
14719,Silver Tier,2,5,1581.84,1825.6664702168764,2.2303788574990107e-05,Low,Maintain: Standard loyalty program
14720,Silver Tier,6,3,663.81,1530.6138902987382,2.2303788574990148e-05,Low,Maintain: Standard loyalty program
14722,Inactive,147,1,180.42,536.5721934858108,0.9999776962114252,High,Low Priority: Automated email only
14723,Silver Tier,10,6,1122.36,972.6637281261936,2.2303788574989992e-05,Low,Maintain: Standard loyalty program
14725,Silver Tier,25,1,655.58,1246.1579201425084,2.2303788574990107e-05,Low,Maintain: Standard loyalty program
14727,Inactive,274,1,268.58,337.9179231900678,0.9999776962114252,High,Low Priority: Automated email only
14729,Inactive,374,1,313.49,262.2374002805863,0.9999776962114252,High,Low Priority: Automated email only
14730,Silver Tier,1,8,1897.57,1983.7606130410777,2.2303788574990185e-05,Low,Maintain: Standard loyalty program
14731,Silver Tier,47,3,380.02,787.1205491193251,2.2303788574990148e-05,Low,Maintain: Standard loyalty program
14732,Silver Tier,8,8,2702.49,2364.051914650123,2.2303788574990148e-05,Low,Maintain: Standard loyalty program
14733,Gold Tier,16,12,9585.91,6199.76504915248,2.2303788574990107e-05,Low,Maintain: VIP loyalty program
14735,Gold Tier,4,32,6065.6900000000005,4890.935214683864,2.230378857499157e-05,Low,Maintain: VIP loyalty program
14737,Silver Tier,4,3,1164.55,866.8888898399123,2.2303788574990148e-05,Low,Maintain: Standard loyalty program
14738,Silver Tier,43,7,1314.45,1328.3033780898097,2.2303788574989992e-05,Low,Maintain: Standard loyalty program
14739,Silver Tier,4,7,3902.28,2708.1049903822027,2.2303788574990185e-05,Low,Maintain: Standard loyalty program
14740,Inactive,197,3,1448.21,1203.1396030073297,0.9999776962114252,High,Low Priority: Automated email only
14741,Silver Tier,12,6,1400.34,1227.8793314853976,2.2303788574989992e-05,Low,Maintain: Standard loyalty program
14744,Silver Tier,16,7,1099.98,994.5217085267832,2.230378857499003e-05,Low,Maintain: Standard loyalty program
14745,Silver Tier,113,5,1220.26,1279.2144109802564,0.9999776962114252,High,Send: Standard win-back offer
14747,Inactive,249,1,328.2,364.48070425354217,0.9999776962114252,High,Low Priority: Automated email only
14748,Silver Tier,29,5,1415.75,1013.1339669273328,2.2303788574989992e-05,Low,Maintain: Standard loyalty program
14752,Silver Tier,44,1,389.64,1034.75663059681,2.230378857499003e-05,Low,Maintain: Standard loyalty program
14753,Silver Tier,87,1,563.15,742.9194360225239,2.230378857499728e-05,Low,Maintain: Standard loyalty program
14754,Silver Tier,45,2,638.05,698.7356259921787,2.230378857499003e-05,Low,Maintain: Standard loyalty program
14755,Silver Tier,10,11,5010.28,4063.3784200240902,2.2303788574990107e-05,Low,Maintain: Standard loyalty program
14756,Silver Tier,15,1,738.96,1379.6826382410247,2.2303788574990107e-05,Low,Maintain: Standard loyalty program
14757,Silver Tier,75,1,420.5,804.82343769289,2.230378857499233e-05,Low,Maintain: Standard loyalty program
14758,Silver Tier,145,4,1484.06,1235.9811292669797,0.9999776962114252,High,Send: Standard win-back offer
14759,Silver Tier,5,3,1625.97,1539.7627477567887,2.2303788574990107e-05,Low,Maintain: Standard loyalty program
14760,Inactive,297,1,89.2,316.68489035990433,0.9999776962114252,High,Low Priority: Automated email only
14761,Silver Tier,59,2,255.9,452.73250740804264,2.2303788574990426e-05,Low,Maintain: Standard loyalty program
14762,Inactive,264,1,300.52,349.1127321634966,0.9999776962114252,High,Low Priority: Automated email only
14764,Silver Tier,47,1,278.3,1007.7639635956134,2.2303788574990148e-05,Low,Maintain: Standard loyalty program
14765,Silver Tier,29,3,254.11,805.7039554344583,2.230378857499007e-05,Low,Maintain: Standard loyalty program
14766,Silver Tier,8,6,2473.37,2035.668403231354,2.2303788574990148e-05,Low,Maintain: Standard loyalty program
14768,Silver Tier,17,2,192.6,786.3514897021187,2.2303788574990148e-05,Low,Maintain: Standard loyalty program
14769,Silver Tier,3,8,10416.98,8018.5367698223745,2.2303788574990226e-05,Low,Maintain: Standard loyalty program
14770,Inactive,232,2,876.42,784.4669145969618,0.9999776962114252,High,Low Priority: Automated email only
14772,Silver Tier,112,1,139.26,640.3162225470167,0.9999776962114252,High,Send: Standard win-back offer
14775,Silver Tier,58,3,1011.9,743.5656237190018,2.2303788574990344e-05,Low,Maintain: Standard loyalty program
14776,Silver Tier,51,11,2538.2999999999997,2098.3906277835554,2.2303788574990426e-05,Low,Maintain: Standard loyalty program
14778,Silver Tier,127,2,730.86,664.5195287336512,0.9999776962114252,High,Send: Standard win-back offer
14779,Inactive,281,3,386.15,458.3485041495789,0.9999776962114252,High,Low Priority: Automated email only
14780,Silver Tier,55,2,447.68,1147.8308378521192,2.2303788574990344e-05,Low,Maintain: Standard loyalty program
14782,Inactive,320,1,200.1,298.7303885584828,0.9999776962114252,High,Low Priority: Automated email only
14784,Silver Tier,26,2,289.99,477.8172654621041,2.230378857499007e-05,Low,Maintain: Standard loyalty program
14785,Silver Tier,10,2,77.4,1761.2566128857502,2.2303788574990185e-05,Low,Maintain: Standard loyalty program
14788,Silver Tier,7,2,679.44,2379.2003170896396,2.2303788574990148e-05,Low,Maintain: Standard loyalty program
14789,Silver Tier,29,1,197.64,1194.7687753130083,2.2303788574990107e-05,Low,Maintain: Standard loyalty program
14790,Silver Tier,17,4,745.06,1034.8229821373882,2.2303788574989992e-05,Low,Maintain: Standard loyalty program
14792,Silver Tier,64,1,6.2,877.9831095133258,2.2303788574991174e-05,Low,Maintain: Standard loyalty program
14793,Silver Tier,21,1,228.99,1287.698184584735,2.230378857499007e-05,Low,Maintain: Standard loyalty program
14794,Silver Tier,3,7,1319.91,1294.2984570049102,2.2303788574990107e-05,Low,Maintain: Standard loyalty program
14795,Inactive,166,1,131.45000000000002,493.1946945131873,0.9999776962114252,High,Low Priority: Automated email only
14796,Gold Tier,1,17,7975.49,5921.302207641968,2.2303788574990503e-05,Low,Maintain: VIP loyalty program
14798,Silver Tier,53,3,173.74,460.6470537528943,2.2303788574990744e-05,Low,Maintain: Standard loyalty program
14799,Silver Tier,51,1,157.7,965.7756941997336,2.2303788574990663e-05,Low,Maintain: Standard loyalty program
14800,Silver Tier,48,12,4331.79,3187.522469670719,2.2303788574990344e-05,Low,Maintain: Standard loyalty program
14801,Silver Tier,61,1,189.34,891.4895806459505,2.2303788574990974e-05,Low,Maintain: Standard loyalty program
14803,Inactive,162,3,845.5500000000001,654.3876808271186,0.9999776962114252,High,Low Priority: Automated email only
14804,Silver Tier,9,1,353.27,1505.1219667863047,2.230378857499007e-05,Low,Maintain: Standard loyalty program
14805,Silver Tier,15,4,546.4,745.6741595048013,2.2303788574989992e-05,Low,Maintain: Standard loyalty program
14806,Silver Tier,75,1,193.39,804.82343769289,2.2303788574992723e-05,Low,Maintain: Standard loyalty program
14808,Silver Tier,40,8,2718.6,3350.7766421388783,2.230378857499003e-05,Low,Maintain: Standard loyalty program
14810,Silver Tier,41,11,2085.33,1783.8504442560927,2.230378857499007e-05,Low,Maintain: Standard loyalty program
14813,Inactive,370,2,152.88,264.6320244409797,0.9999776962114252,High,Low Priority: Automated email only
14815,Silver Tier,37,2,778.5,1484.8910951250998,2.2303788574989992e-05,Low,Maintain: Standard loyalty program
14816,Inactive,197,1,271.85,435.72353274756034,0.9999776962114252,High,Low Priority: Automated email only
14817,Inactive,200,2,1110.34,832.5510860528103,0.9999776962114252,High,Low Priority: Automated email only
14818,Silver Tier,74,3,657.8,956.2766313872286,2.230378857499177e-05,Low,Maintain: Standard loyalty program
14819,Silver Tier,64,2,272.07,730.5643444200094,2.2303788574990663e-05,Low,Maintain: Standard loyalty program
14820,Silver Tier,21,4,507.29,1087.354240440528,2.230378857499003e-05,Low,Maintain: Standard loyalty program
14821,Inactive,367,1,48.8,266.45689100090283,0.9999776962114252,High,Low Priority: Automated email only
14823,Inactive,180,3,321.43,639.6404085079414,0.9999776962114252,High,Low Priority: Automated email only
14824,Silver Tier,10,4,1127.71,2262.2076760680684,2.230378857499003e-05,Low,Maintain: Standard loyalty program
14825,Silver Tier,4,12,2221.01,1890.3155070850269,2.2303788574990107e-05,Low,Maintain: Standard loyalty program
14828,Inactive,197,3,2139.76,1517.011635041702,0.9999776962114252,High,Low Priority: Automated email only
14829,Silver Tier,29,4,697.55,662.4178140305208,2.2303788574989992e-05,Low,Maintain: Standard loyalty program
14830,Silver Tier,53,1,188.88,949.944145249896,2.2303788574990744e-05,Low,Maintain: Standard loyalty program
14834,Silver Tier,18,6,1720.3,2021.4749865144493,2.2303788574989992e-05,Low,Maintain: Standard loyalty program
14836,Silver Tier,10,3,102.45,1544.0763980121606,2.2303788574990226e-05,Low,Maintain: Standard loyalty program
14837,Silver Tier,90,4,1649.5,1880.844040758168,2.230378857500057e-05,Low,Maintain: Standard loyalty program
14840,Inactive,268,1,62.85,344.95708979870165,0.9999776962114252,High,Low Priority: Automated email only
14841,Silver Tier,53,6,3295.76,2527.427230102504,2.2303788574990344e-05,Low,Maintain: Standard loyalty program
14842,Silver Tier,44,4,2824.69,2467.3652997514946,2.230378857499003e-05,Low,Maintain: Standard loyalty program
14844,Silver Tier,64,4,3189.81,2799.70436846411,2.230378857499161e-05,Low,Maintain: Standard loyalty program
14847,Inactive,149,1,309.4,534.0998019112836,0.9999776962114252,High,Low Priority: Automated email only
14849,Gold Tier,22,25,7930.54,5993.369446562403,2.2303788574990585e-05,Low,Maintain: VIP loyalty program
14850,Inactive,312,1,325.75,305.018777800336,0.9999776962114252,High,Low Priority: Automated email only
14851,Silver Tier,23,2,511.35,690.6065910721935,2.230378857499007e-05,Low,Maintain: Standard loyalty program
14852,Silver Tier,58,6,2836.69,2779.156059442924,2.2303788574990426e-05,Low,Maintain: Standard loyalty program
14853,Silver Tier,24,2,475.8,756.6987601228686,2.230378857499007e-05,Low,Maintain: Standard loyalty program
14854,Silver Tier,78,7,2740.03,2583.8638165659786,2.230378857499435e-05,Low,Maintain: Standard loyalty program
14855,Silver Tier,119,2,645.65,1151.2507489422649,0.9999776962114252,High,Send: Standard win-back offer
14856,Silver Tier,36,3,1290.53,1801.070899396262,2.230378857499003e-05,Low,Maintain: Standard loyalty program
14857,Silver Tier,60,2,1173.12,1488.8461572312185,2.2303788574990385e-05,Low,Maintain: Standard loyalty program
14859,Silver Tier,13,4,1353.74,1701.0564547861084,2.230378857499003e-05,Low,Maintain: Standard loyalty program
14860,Silver Tier,19,1,170.32,1316.965589877716,2.2303788574990107e-05,Low,Maintain: Standard loyalty program
14861,Silver Tier,52,1,125.79,957.7944940514782,2.2303788574990785e-05,Low,Maintain: Standard loyalty program
14862,Silver Tier,26,2,841.2,1339.6967569975902,2.230378857499003e-05,Low,Maintain: Standard loyalty program
14863,Silver Tier,29,1,266.76,1182.577097323801,2.230378857499007e-05,Low,Maintain: Standard loyalty program
14865,Silver Tier,7,2,52.2,320.7888236041305,2.23037885749909e-05,Low,Maintain: Standard loyalty program
14866,Gold Tier,11,12,14389.9,11114.30235880359,2.2303788574990703e-05,Low,Maintain: VIP loyalty program
14867,Inactive,186,3,710.28,662.3156519446791,0.9999776962114252,High,Low Priority: Automated email only
14868,Silver Tier,3,8,2953.59,3190.5949862194725,2.2303788574990148e-05,Low,Maintain: Standard loyalty program
14869,Silver Tier,9,2,721.45,1353.2353435023936,2.230378857499003e-05,Low,Maintain: Standard loyalty program
14870,Inactive,262,1,327.25,351.2283290459734,0.9999776962114252,High,Low Priority: Automated email only
14871,Silver Tier,3,4,501.28,622.8858574153362,2.2303788574990185e-05,Low,Maintain: Standard loyalty program
14873,Inactive,210,1,519.68,415.4233375256688,0.9999776962114252,High,Low Priority: Automated email only
14875,Silver Tier,108,2,1465.32,1367.0142060830165,0.9999776962114252,High,Send: Standard win-back offer
14878,Silver Tier,13,9,1476.09,1244.4252642443494,2.230378857499003e-05,Low,Maintain: Standard loyalty program
14880,Silver Tier,77,3,690.59,881.0671533380703,2.230378857499181e-05,Low,Maintain: Standard loyalty program
14881,Silver Tier,20,1,255.4,1316.965589877716,2.230378857499007e-05,Low,Maintain: Standard loyalty program
14882,Silver Tier,27,2,589.7,2301.6517755953323,2.2303788574989992e-05,Low,Maintain: Standard loyalty program
14883,Silver Tier,19,6,761.59,1049.6650152582542,2.2303788574989992e-05,Low,Maintain: Standard loyalty program
14885,Silver Tier,132,1,765.3199999999999,579.492748197398,0.9999776962114252,High,Send: Standard win-back offer
14886,Inactive,253,1,364.8,361.07472695079787,0.9999776962114252,High,Low Priority: Automated email only
14887,Silver Tier,79,1,1862.0,783.0733593220475,2.230378857499344e-05,Low,Maintain: Standard loyalty program
14888,Inactive,207,1,369.2,419.93827542124114,0.9999776962114252,High,Low Priority: Automated email only
14889,Inactive,336,1,135.9,286.1923664968277,0.9999776962114252,High,Low Priority: Automated email only
14890,Inactive,254,1,125.65,359.95350356360143,0.9999776962114252,High,Low Priority: Automated email only
14891,Inactive,148,2,554.38,651.8140744269231,0.9999776962114252,High,Low Priority: Automated email only
14893,Silver Tier,10,2,1237.85,3245.804106770255,2.230378857499003e-05,Low,Maintain: Standard loyalty program
14894,Silver Tier,85,1,655.75,752.5668013948482,2.2303788574994623e-05,Low,Maintain: Standard loyalty program
14895,Gold Tier,8,20,11138.71,8455.756944523986,2.2303788574990463e-05,Low,Maintain: VIP loyalty program
14896,Inactive,205,2,468.77,454.99064698235634,0.9999776962114252,High,Low Priority: Automated email only
14897,Silver Tier,8,4,1366.38,1422.047372434272,2.2303788574990148e-05,Low,Maintain: Standard loyalty program
14898,Silver Tier,23,6,1269.31,1197.9033410082884,2.2303788574989992e-05,Low,Maintain: Standard loyalty program
14901,Silver Tier,11,9,1421.29,1251.4592212860498,2.230378857499003e-05,Low,Maintain: Standard loyalty program
14902,Silver Tier,26,1,332.66,1232.9005241921468,2.230378857499007e-05,Low,Maintain: Standard loyalty program
14903,Silver Tier,21,5,2795.33,2498.5709664877018,2.230378857499003e-05,Low,Maintain: Standard loyalty program
14904,Silver Tier,2,2,1025.44,3370.287882312126,2.2303788574990148e-05,Low,Maintain: Standard loyalty program
14905,Inactive,158,2,616.15,744.4277666194696,0.9999776962114252,High,Low Priority: Automated email only
14907,Silver Tier,3,7,3501.1,2463.2948666599304,2.2303788574990148e-05,Low,Maintain: Standard loyalty program
14908,Silver Tier,74,1,277.8,810.4510859892586,2.230378857499205e-05,Low,Maintain: Standard loyalty program
14910,Silver Tier,3,4,434.35,1766.3214268812887,2.2303788574990185e-05,Low,Maintain: Standard loyalty program
14911,Platinum Tier,1,201,143711.17,109355.86923759169,2.230378857499217e-05,Low,Maintain: Continue white-glove service
14912,Silver Tier,17,2,867.85,785.0265129603885,2.230378857499003e-05,Low,Maintain: Standard loyalty program
14913,Silver Tier,36,4,1227.43,1020.7710046878868,2.230378857499003e-05,Low,Maintain: Standard loyalty program
14915,Silver Tier,91,2,307.48,532.8047656630727,0.9999776962114252,High,Send: Standard win-back offer
14916,Silver Tier,71,4,1268.98,1148.7653412174045,2.2303788574991693e-05,Low,Maintain: Standard loyalty program
14918,Silver Tier,116,2,1610.15,1695.9413432459123,0.9999776962114252,High,Send: Standard win-back offer
14920,Inactive,213,2,977.77,412.4669332194865,0.9999776962114252,High,Low Priority: Automated email only
14921,Silver Tier,30,2,1316.07,945.4186074299306,2.2303788574989992e-05,Low,Maintain: Standard loyalty program
14923,Silver Tier,51,1,749.1,973.891045138813,2.2303788574990307e-05,Low,Maintain: Standard loyalty program
14924,Inactive,246,1,310.05,369.1232389549317,0.9999776962114252,High,Low Priority: Automated email only
14929,Silver Tier,32,1,223.88,1147.450852684066,2.230378857499007e-05,Low,Maintain: Standard loyalty program
14930,Silver Tier,109,3,2362.96,1448.8327501839588,0.9999776962114252,High,Send: Standard win-back offer
14931,Silver Tier,5,5,1257.68,1476.348383825222,2.2303788574990107e-05,Low,Maintain: Standard loyalty program
14932,Inactive,366,1,363.53,267.07078577809557,0.9999776962114252,High,Low Priority: Automated email only
14934,Silver Tier,82,2,1890.94,1255.8417443856135,2.2303788574994623e-05,Low,Maintain: Standard loyalty program
14935,Inactive,297,1,1784.71,316.68489035990433,0.9999776962114252,High,Low Priority: Automated email only
14936,Silver Tier,34,8,8137.02,6463.3186625672215,2.230378857499007e-05,Low,Maintain: Standard loyalty program
14937,Silver Tier,57,3,1621.88,1927.554624833102,2.2303788574990307e-05,Low,Maintain: Standard loyalty program
14944,Silver Tier,30,12,5900.25,4959.889397588697,2.2303788574990107e-05,Low,Maintain: Standard loyalty program
14946,Silver Tier,14,1,100.9,1396.3067155040203,2.2303788574990185e-05,Low,Maintain: Standard loyalty program
14947,Silver Tier,72,2,290.82,850.0665737800325,2.2303788574991378e-05,Low,Maintain: Standard loyalty program
14948,Silver Tier,23,6,1101.97,1444.68981607531,2.2303788574989992e-05,Low,Maintain: Standard loyalty program
14950,Silver Tier,19,1,371.2,1316.965589877716,2.230378857499007e-05,Low,Maintain: Standard loyalty program
14951,Silver Tier,79,1,311.69,783.0733593220475,2.230378857499233e-05,Low,Maintain: Standard loyalty program
14952,Silver Tier,60,11,8099.49,5898.977327061738,2.2303788574990744e-05,Low,Maintain: Standard loyalty program
14953,Silver Tier,25,1,285.67,1232.9005241921468,2.230378857499007e-05,Low,Maintain: Standard loyalty program
14954,Silver Tier,12,1,294.85,1430.786674672573,2.230378857499007e-05,Low,Maintain: Standard loyalty program
14957,Inactive,253,1,58.49,359.95350356360143,0.9999776962114252,High,Low Priority: Automated email only
14958,Inactive,147,3,483.73,738.3104756860968,0.9999776962114252,High,Low Priority: Automated email only
14959,Silver Tier,64,4,695.42,847.8505809982116,2.2303788574990625e-05,Low,Maintain: Standard loyalty program
14960,Silver Tier,8,2,221.27,729.921758471883,2.23037885749909e-05,Low,Maintain: Standard loyalty program
14961,Silver Tier,11,9,7044.68,4786.220405291923,2.2303788574990107e-05,Low,Maintain: Standard loyalty program
14962,Inactive,271,1,126.7,341.9047105116526,0.9999776962114252,High,Low Priority: Automated email only
14963,Silver Tier,10,5,1472.34,2077.544855918271,2.230378857499003e-05,Low,Maintain: Standard loyalty program
14964,Inactive,247,1,206.21,366.7872811283449,0.9999776962114252,High,Low Priority: Automated email only
14965,Silver Tier,96,2,596.09,702.4005175556322,0.9999776962114252,High,Send: Standard win-back offer
14966,Silver Tier,15,1,183.02,1396.3067155040203,2.2303788574990107e-05,Low,Maintain: Standard loyalty program
14967,Silver Tier,50,1,463.8,982.1439581906712,2.2303788574990148e-05,Low,Maintain: Standard loyalty program
14968,Silver Tier,30,1,147.59,1170.6317638661749,2.2303788574990107e-05,Low,Maintain: Standard loyalty program
14970,Silver Tier,68,4,1592.06,1399.0293335704205,2.230378857499106e-05,Low,Maintain: Standard loyalty program
14971,Silver Tier,35,3,1097.98,2477.5410796710876,2.230378857499003e-05,Low,Maintain: Standard loyalty program
14972,Silver Tier,128,1,114.77,588.3164834524878,0.9999776962114252,High,Send: Standard win-back offer
14973,Silver Tier,107,3,1314.45,1170.150554624277,0.9999776962114252,High,Send: Standard win-back offer
14974,Silver Tier,37,1,89.94,1093.3262542128698,2.2303788574990148e-05,Low,Maintain: Standard loyalty program
14975,Silver Tier,57,1,279.94,919.7889416513344,2.2303788574990344e-05,Low,Maintain: Standard loyalty program
14976,Silver Tier,57,7,790.86,890.9775732653914,2.2303788574990385e-05,Low,Maintain: Standard loyalty program
14978,Silver Tier,72,5,1921.37,1660.6267784241234,2.2303788574991693e-05,Low,Maintain: Standard loyalty program
14981,Inactive,246,1,102.12,367.9515524467717,0.9999776962114252,High,Low Priority: Automated email only
14984,Silver Tier,19,2,202.37,665.8100065554571,2.2303788574990185e-05,Low,Maintain: Standard loyalty program
14985,Inactive,198,2,292.01,436.16168045553695,0.9999776962114252,High,Low Priority: Automated email only
14987,Silver Tier,16,2,326.4,423.62004993523334,2.230378857499007e-05,Low,Maintain: Standard loyalty program
14988,Inactive,212,1,334.54,413.9398564473345,0.9999776962114252,High,Low Priority: Automated email only
14995,Silver Tier,39,2,231.98,485.3205620114546,2.230378857499003e-05,Low,Maintain: Standard loyalty program
14997,Silver Tier,46,3,546.1999999999999,1064.8752945387337,2.230378857499003e-05,Low,Maintain: Standard loyalty program
14998,Inactive,170,2,414.87,654.715114966594,0.9999776962114252,High,Low Priority: Automated email only
15000,Silver Tier,48,1,490.52,999.0767042537736,2.2303788574990148e-05,Low,Maintain: Standard loyalty program
15002,Silver Tier,116,4,1641.76,1060.8174600195916,0.9999776962114252,High,Send: Standard win-back offer
15004,Inactive,147,1,1220.77,536.5721934858108,0.9999776962114252,High,Low Priority: Automated email only
15005,Gold Tier,16,28,6295.37,5021.607706776824,2.2303788574990503e-05,Low,Maintain: VIP loyalty program
15006,Silver Tier,51,1,480.38,965.7756941997336,2.2303788574990263e-05,Low,Maintain: Standard loyalty program
15007,Inactive,159,1,156.91,508.3348084278073,0.9999776962114252,High,Low Priority: Automated email only
15009,Silver Tier,12,3,1259.43,3686.3304421607327,2.230378857499003e-05,Low,Maintain: Standard loyalty program
15010,Silver Tier,36,1,308.94,1114.3514760006665,2.2303788574990107e-05,Low,Maintain: Standard loyalty program
15012,Silver Tier,54,2,405.04,450.3854648963953,2.2303788574990344e-05,Low,Maintain: Standard loyalty program
15014,Silver Tier,43,2,257.67,723.0326505609212,2.230378857499003e-05,Low,Maintain: Standard loyalty program
15016,Inactive,173,1,170.04,480.91743193220873,0.9999776962114252,High,Low Priority: Automated email only
15017,Silver Tier,34,1,125.58,1136.2013539108086,2.2303788574990185e-05,Low,Maintain: Standard loyalty program
15018,Silver Tier,39,3,496.21,599.3757296158227,2.230378857499003e-05,Low,Maintain: Standard loyalty program
15019,Inactive,267,1,252.81,345.98669741276063,0.9999776962114252,High,Low Priority: Automated email only
15021,Silver Tier,9,9,1871.77,1602.781914739515,2.230378857499003e-05,Low,Maintain: Standard loyalty program
15022,Silver Tier,12,4,852.39,2641.2118041229805,2.230378857499003e-05,Low,Maintain: Standard loyalty program
15023,Silver Tier,3,11,6720.41,5061.620115830975,2.2303788574990226e-05,Low,Maintain: Standard loyalty program
15024,Silver Tier,10,10,1636.43,1199.583256953713,2.230378857499003e-05,Low,Maintain: Standard loyalty program
15025,Silver Tier,33,1,361.96,1136.2013539108086,2.230378857499007e-05,Low,Maintain: Standard loyalty program
15026,Silver Tier,80,3,469.0,733.1837892965885,2.2303788574992923e-05,Low,Maintain: Standard loyalty program
15027,Silver Tier,31,4,1066.15,1218.6656087435576,2.2303788574989992e-05,Low,Maintain: Standard loyalty program
15028,Silver Tier,8,4,627.13,636.944391366214,2.2303788574990185e-05,Low,Maintain: Standard loyalty program
15030,Silver Tier,72,2,518.28,717.0468097258969,2.2303788574991378e-05,Low,Maintain: Standard loyalty program
15031,Silver Tier,4,4,653.19,869.2709062141756,2.2303788574990148e-05,Low,Maintain: Standard loyalty program
15032,Inactive,256,3,4959.1,1750.6926727228663,0.9999776962114252,High,Low Priority: Automated email only
15033,Silver Tier,5,10,2557.18,2034.3552410666837,2.2303788574990148e-05,Low,Maintain: Standard loyalty program
15034,Silver Tier,16,8,4274.16,3000.131802595666,2.2303788574990107e-05,Low,Maintain: Standard loyalty program
15035,Silver Tier,90,1,252.73,733.5163099957323,2.2303788575000092e-05,Low,Maintain: Standard loyalty program
15036,Silver Tier,72,3,429.56,1042.5140533397632,2.2303788574991378e-05,Low,Maintain: Standard loyalty program
15038,Silver Tier,59,6,685.74,762.7906522255865,2.2303788574990385e-05,Low,Maintain: Standard loyalty program
15039,Gold Tier,10,47,19766.59,15058.131876988386,2.230378857499209e-05,Low,Maintain: VIP loyalty program
15041,Inactive,170,1,179.93,484.94136442000433,0.9999776962114252,High,Low Priority: Automated email only
15042,Inactive,199,1,135.93,432.472247378184,0.9999776962114252,High,Low Priority: Automated email only
15043,Silver Tier,31,1,537.0,1158.925382250077,2.230378857499007e-05,Low,Maintain: Standard loyalty program
15044,Gold Tier,19,17,7634.73,5610.8550432103875,2.2303788574990307e-05,Low,Maintain: VIP loyalty program
15045,Inactive,152,2,735.66,724.201221456995,0.9999776962114252,High,Low Priority: Automated email only
15046,Gold Tier,9,15,5090.42,4101.487890647202,2.2303788574990307e-05,Low,Maintain: VIP loyalty program
15047,Inactive,270,1,343.62,342.9161502563091,0.9999776962114252,High,Low Priority: Automated email only
15048,Silver Tier,65,4,381.0,541.6045063857808,2.2303788574990663e-05,Low,Maintain: Standard loyalty program
15049,Inactive,274,1,121.17000000000002,338.9058777262529,0.9999776962114252,High,Low Priority: Automated email only
15050,Silver Tier,25,3,1737.69,1916.424011665239,2.2303788574989992e-05,Low,Maintain: Standard loyalty program
15051,Silver Tier,23,3,1383.36,2049.376356014828,2.2303788574989992e-05,Low,Maintain: Standard loyalty program
15052,Inactive,319,1,207.73,298.7303885584828,0.9999776962114252,High,Low Priority: Automated email only
15053,Silver Tier,5,3,693.95,821.2577409697317,2.2303788574990148e-05,Low,Maintain: Standard loyalty program
15054,Silver Tier,12,2,302.1,1608.5424388663089,2.230378857499007e-05,Low,Maintain: Standard loyalty program
15057,Inactive,275,2,1489.5,621.4015314426706,0.9999776962114252,High,Low Priority: Automated email only
15058,Silver Tier,25,11,2102.54,1946.0033968359603,2.230378857499003e-05,Low,Maintain: Standard loyalty program
15059,Silver Tier,41,9,1337.72,1305.2000293972578,2.230378857499003e-05,Low,Maintain: Standard loyalty program
15060,Silver Tier,8,4,294.25,1818.659047573746,2.23037885749909e-05,Low,Maintain: Standard loyalty program
15061,Gold Tier,4,48,54534.14,34495.12839595749,2.230378857499209e-05,Low,Maintain: VIP loyalty program
15062,Silver Tier,71,4,987.86,913.2737782887708,2.2303788574991337e-05,Low,Maintain: Standard loyalty program
15063,Inactive,213,1,370.7999999999999,411.0044555279848,0.9999776962114252,High,Low Priority: Automated email only
15065,Silver Tier,38,4,3158.13,2471.5414656595863,2.230378857499003e-05,Low,Maintain: Standard loyalty program
15066,Silver Tier,53,1,893.59,949.944145249896,2.2303788574990344e-05,Low,Maintain: Standard loyalty program
15067,Silver Tier,78,3,1744.76,1121.1380483596909,2.2303788574993197e-05,Low,Maintain: Standard loyalty program
15068,Silver Tier,46,2,553.36,697.7411652195755,2.230378857499003e-05,Low,Maintain: Standard loyalty program
15069,Inactive,179,1,1109.53,467.3447423141662,0.9999776962114252,High,Low Priority: Automated email only
15070,Inactive,373,1,106.2,262.83198413710926,0.9999776962114252,High,Low Priority: Automated email only
15071,Silver Tier,94,2,982.07,725.5442747944895,0.9999776962114252,High,Send: Standard win-back offer
15073,Silver Tier,10,3,1043.41,1294.3333442207522,2.230378857499003e-05,Low,Maintain: Standard loyalty program
15074,Silver Tier,105,1,735.67,666.0731967961318,0.9999776962114252,High,Send: Standard win-back offer
15075,Silver Tier,78,1,773.03,793.7994213099503,2.230378857499229e-05,Low,Maintain: Standard loyalty program
15076,Inactive,173,1,880.85,480.91743193220873,0.9999776962114252,High,Low Priority: Automated email only
15078,Gold Tier,7,32,9743.11,7402.218961431936,2.230378857499157e-05,Low,Maintain: VIP loyalty program
15079,Inactive,213,4,895.61,856.8809762386857,0.9999776962114252,High,Low Priority: Automated email only
15081,Silver Tier,22,5,504.8,632.6716293689909,2.230378857499003e-05,Low,Maintain: Standard loyalty program
15083,Inactive,257,1,88.2,356.63122935035165,0.9999776962114252,High,Low Priority: Automated email only
15087,Inactive,282,1,306.94,331.16030234843294,0.9999776962114252,High,Low Priority: Automated email only
15088,Silver Tier,21,2,1160.07,1630.1485405181857,2.230378857499003e-05,Low,Maintain: Standard loyalty program
15089,Silver Tier,10,6,2420.84,2720.6068999274,2.230378857499003e-05,Low,Maintain: Standard loyalty program
15090,Inactive,308,1,381.32,307.4457237630449,0.9999776962114252,High,Low Priority: Automated email only
15091,Silver Tier,68,1,480.71,852.1619817857782,2.2303788574990744e-05,Low,Maintain: Standard loyalty program
15092,Inactive,215,2,457.81,497.9327582364234,0.9999776962114252,High,Low Priority: Automated email only
15093,Silver Tier,18,6,4597.02,3224.750046127207,2.230378857499007e-05,Low,Maintain: Standard loyalty program
15095,Silver Tier,104,4,1370.6,1198.310801514814,0.9999776962114252,High,Send: Standard win-back offer
15096,Silver Tier,43,1,219.39,1044.0784632385316,2.230378857499007e-05,Low,Maintain: Standard loyalty program
15097,Silver Tier,4,1,248.08,1587.6067673138905,2.230378857499082e-05,Low,Maintain: Standard loyalty program
15098,Gold Tier,182,3,39916.5,461.75960895582784,0.9999776962114252,High,High Priority: Send retention offer
15099,Silver Tier,84,1,410.48,757.4850672444373,2.2303788574994583e-05,Low,Maintain: Standard loyalty program
15100,Inactive,334,3,876.0,672.1808212222555,0.9999776962114252,High,Low Priority: Automated email only
15101,Silver Tier,9,2,317.53000000000003,464.3467654884257,2.230378857499007e-05,Low,Maintain: Standard loyalty program
15103,Silver Tier,31,2,703.36,1643.8428535949183,2.2303788574989992e-05,Low,Maintain: Standard loyalty program
15104,Inactive,197,2,993.54,893.5320835738048,0.9999776962114252,High,Low Priority: Automated email only
15105,Silver Tier,18,7,2298.93,3492.6484635712604,2.230378857499007e-05,Low,Maintain: Standard loyalty program
15106,Silver Tier,18,5,1422.52,1393.678058319494,2.2303788574989992e-05,Low,Maintain: Standard loyalty program
15107,Inactive,311,6,319.5,354.6176318505077,0.9999776962114252,High,Low Priority: Automated email only
15108,Silver Tier,142,4,1300.25,1660.2375000651368,0.9999776962114252,High,Send: Standard win-back offer
15109,Inactive,246,1,484.95,369.1232389549317,0.9999776962114252,High,Low Priority: Automated email only
15110,Silver Tier,24,4,996.1,1048.5588699494317,2.230378857499003e-05,Low,Maintain: Standard loyalty program
15111,Silver Tier,29,3,1567.48,1205.386436259861,2.2303788574989992e-05,Low,Maintain: Standard loyalty program
15113,Silver Tier,10,3,3509.43,4535.049815209454,2.230378857499007e-05,Low,Maintain: Standard loyalty program
15114,Silver Tier,30,10,2760.56,2629.399361882113,2.230378857499007e-05,Low,Maintain: Standard loyalty program
15115,Silver Tier,18,1,340.11,1332.1040378327834,2.230378857499007e-05,Low,Maintain: Standard loyalty program
15116,Silver Tier,18,4,1352.75,1539.2967585640204,2.2303788574989992e-05,Low,Maintain: Standard loyalty program
15117,Silver Tier,15,5,1551.78,1911.6067394356407,2.2303788574989992e-05,Low,Maintain: Standard loyalty program
15118,Silver Tier,134,1,244.8,570.9298029785416,0.9999776962114252,High,Send: Standard win-back offer
15119,Inactive,246,1,266.4,369.1232389549317,0.9999776962114252,High,Low Priority: Automated email only
15120,Silver Tier,134,1,358.82,573.7558586401718,0.9999776962114252,High,Send: Standard win-back offer
15121,Silver Tier,50,2,457.72,514.397593954671,2.2303788574990148e-05,Low,Maintain: Standard loyalty program
15122,Silver Tier,114,3,1633.78,1416.3892243132668,0.9999776962114252,High,Send: Standard win-back offer
15123,Silver Tier,7,2,2199.31,1673.7255852263131,2.2303788574990107e-05,Low,Maintain: Standard loyalty program
15124,Silver Tier,23,2,184.19,630.2730749755083,2.2303788574990148e-05,Low,Maintain: Standard loyalty program
15125,Gold Tier,25,15,11528.48,7862.284699097545,2.2303788574990307e-05,Low,Maintain: VIP loyalty program
15127,Silver Tier,66,1,406.53,864.8798402201314,2.2303788574990744e-05,Low,Maintain: Standard loyalty program
15128,Silver Tier,60,4,1471.0,1581.6180920035924,2.2303788574990385e-05,Low,Maintain: Standard loyalty program
15129,Silver Tier,50,11,3447.4,3236.1312194975476,2.2303788574990307e-05,Low,Maintain: Standard loyalty program
15130,Inactive,170,1,330.11,486.97869006985377,0.9999776962114252,High,Low Priority: Automated email only
15132,Silver Tier,18,5,977.93,1091.389605454335,2.2303788574989992e-05,Low,Maintain: Standard loyalty program
15133,Silver Tier,128,3,982.42,921.315214625474,0.9999776962114252,High,Send: Standard win-back offer
15134,Silver Tier,15,8,1387.99,1841.1620955348328,2.230378857499003e-05,Low,Maintain: Standard loyalty program
15135,Inactive,239,1,139.05,376.3131214718976,0.9999776962114252,High,Low Priority: Automated email only
15136,Silver Tier,3,4,1286.7,2167.405042641933,2.2303788574990148e-05,Low,Maintain: Standard loyalty program
15139,Inactive,240,2,178.96,378.0744679384003,0.9999776962114252,High,Low Priority: Automated email only
15140,Silver Tier,52,7,2354.25,2288.6590814994515,2.2303788574990307e-05,Low,Maintain: Standard loyalty program
15142,Silver Tier,46,1,498.74,1007.7639635956134,2.230378857499007e-05,Low,Maintain: Standard loyalty program
15143,Inactive,226,1,259.45,394.2306785524733,0.9999776962114252,High,Low Priority: Automated email only
15144,Gold Tier,8,17,6580.44,5778.59493736965,2.2303788574990426e-05,Low,Maintain: VIP loyalty program
15145,Silver Tier,4,4,1194.73,1227.2383703152718,2.2303788574990148e-05,Low,Maintain: Standard loyalty program
15146,Inactive,165,2,1327.16,771.8596501332102,0.9999776962114252,High,Low Priority: Automated email only
15147,Inactive,240,1,623.5,375.09541896348713,0.9999776962114252,High,Low Priority: Automated email only
15148,Silver Tier,11,1,301.29,1467.013040655582,2.230378857499007e-05,Low,Maintain: Standard loyalty program
15149,Silver Tier,134,1,520.8000000000001,573.7558586401718,0.9999776962114252,High,Send: Standard win-back offer
15150,Silver Tier,17,10,5291.33,5088.496468835864,2.2303788574990107e-05,Low,Maintain: Standard loyalty program
15152,Silver Tier,10,13,4745.69,5740.319958729018,2.2303788574990107e-05,Low,Maintain: Standard loyalty program
15153,Silver Tier,31,1,329.25,1158.925382250077,2.230378857499007e-05,Low,Maintain: Standard loyalty program
15154,Silver Tier,75,1,254.28,804.82343769289,2.230378857499233e-05,Low,Maintain: Standard loyalty program
15156,Silver Tier,1,3,961.49,3327.385985048831,2.2303788574990226e-05,Low,Maintain: Standard loyalty program
15157,Silver Tier,4,3,1936.07,941.7374322337135,2.230378857499007e-05,Low,Maintain: Standard loyalty program
15158,Silver Tier,45,1,401.4,1016.603648575807,2.230378857499007e-05,Low,Maintain: Standard loyalty program
15159,Gold Tier,2,30,18641.01,13309.184142866656,2.230378857499205e-05,Low,Maintain: VIP loyalty program
15160,Inactive,357,1,158.16,272.08569290817746,0.9999776962114252,High,Low Priority: Automated email only
15163,Silver Tier,18,2,304.47,689.2594072541941,2.230378857499007e-05,Low,Maintain: Standard loyalty program
15164,Silver Tier,69,3,824.58,841.2515306601463,2.2303788574990703e-05,Low,Maintain: Standard loyalty program
15165,Inactive,373,1,487.75,262.2374002805863,0.9999776962114252,High,Low Priority: Automated email only
15167,Inactive,321,1,158.8,297.9625247411955,0.9999776962114252,High,Low Priority: Automated email only
15168,Silver Tier,26,1,106.56,1232.9005241921468,2.2303788574990226e-05,Low,Maintain: Standard loyalty program
15171,Inactive,331,1,1289.5,289.7693988304708,0.9999776962114252,High,Low Priority: Automated email only
15172,Silver Tier,9,5,1624.05,1819.7640898236425,2.230378857499003e-05,Low,Maintain: Standard loyalty program
15174,Inactive,323,1,135.75,296.4385792867013,0.9999776962114252,High,Low Priority: Automated email only
15175,Silver Tier,72,1,224.14,827.8164177882809,2.2303788574991415e-05,Low,Maintain: Standard loyalty program
15178,Inactive,260,1,40.5,352.2957723378669,0.9999776962114252,High,Low Priority: Automated email only
15179,Silver Tier,18,5,2206.95,1140.4924138080771,2.2303788574989992e-05,Low,Maintain: Standard loyalty program
15180,Inactive,367,1,87.5,265.8458120425742,0.9999776962114252,High,Low Priority: Automated email only
15181,Silver Tier,66,3,689.48,776.9531939858969,2.2303788574990703e-05,Low,Maintain: Standard loyalty program
15182,Inactive,154,2,622.85,620.5687486797935,0.9999776962114252,High,Low Priority: Automated email only
15184,Silver Tier,29,2,402.2,713.8649519036123,2.230378857499003e-05,Low,Maintain: Standard loyalty program
15185,Silver Tier,70,1,310.62,833.7714421202147,2.2303788574991378e-05,Low,Maintain: Standard loyalty program
15186,Silver Tier,14,2,411.41,798.4782419656758,2.230378857499007e-05,Low,Maintain: Standard loyalty program
15187,Gold Tier,2,16,4777.18,5657.27547134036,2.2303788574990385e-05,Low,Maintain: VIP loyalty program
15189,Gold Tier,1,41,16225.39,13583.01042502539,2.230378857499217e-05,Low,Maintain: VIP loyalty program
15192,Silver Tier,120,3,1044.32,841.5263893027229,0.9999776962114252,High,Send: Standard win-back offer
15193,Silver Tier,61,1,499.32,898.3998783426291,2.2303788574990585e-05,Low,Maintain: Standard loyalty program
15194,Gold Tier,3,15,7616.53,5808.075241304756,2.2303788574990426e-05,Low,Maintain: VIP loyalty program
15195,Silver Tier,3,1,3861.0,1632.33591665712,2.2303788574990263e-05,Low,Maintain: Standard loyalty program
15197,Silver Tier,11,3,1079.61,709.8678897585486,2.230378857499003e-05,Low,Maintain: Standard loyalty program
15198,Silver Tier,92,2,193.64,837.0904762301661,0.9999776962114252,High,Send: Standard win-back offer
15199,Silver Tier,59,4,1268.7,1149.5375759474869,2.2303788574990385e-05,Low,Maintain: Standard loyalty program
15201,Silver Tier,87,5,1236.54,1389.654574547876,2.230378857499795e-05,Low,Maintain: Standard loyalty program
15203,Silver Tier,26,6,1827.8,1760.899380234056,2.2303788574989992e-05,Low,Maintain: Standard loyalty program
15204,Inactive,357,1,316.58,272.08569290817746,0.9999776962114252,High,Low Priority: Automated email only
15205,Silver Tier,85,2,653.24,957.022878659227,2.2303788574994546e-05,Low,Maintain: Standard loyalty program
15206,Silver Tier,10,4,420.3,796.8233813958216,2.230378857499007e-05,Low,Maintain: Standard loyalty program
15208,Silver Tier,1,5,870.12,961.4363907502842,2.2303788574990226e-05,Low,Maintain: Standard loyalty program
15210,Inactive,225,1,331.18,394.2306785524733,0.9999776962114252,High,Low Priority: Automated email only
15211,Silver Tier,60,2,894.4100000000001,652.963739188333,2.2303788574990385e-05,Low,Maintain: Standard loyalty program
15212,Inactive,241,1,101.8,373.8855720243593,0.9999776962114252,High,Low Priority: Automated email only
15213,Inactive,319,2,328.35,352.36336816684025,0.9999776962114252,High,Low Priority: Automated email only
15214,Silver Tier,2,8,1661.44,1692.7675547984218,2.2303788574990107e-05,Low,Maintain: Standard loyalty program
15215,Silver Tier,47,3,734.94,1584.2205078656305,2.2303788574990107e-05,Low,Maintain: Standard loyalty program
15216,Silver Tier,88,1,96.6,742.9194360225239,2.230378857500053e-05,Low,Maintain: Standard loyalty program
15218,Silver Tier,11,11,5756.89,4752.441553168179,2.2303788574990107e-05,Low,Maintain: Standard loyalty program
15219,Inactive,176,1,305.75,473.0666458355044,0.9999776962114252,High,Low Priority: Automated email only
15220,Silver Tier,52,6,1778.96,1776.6626444419592,2.2303788574990263e-05,Low,Maintain: Standard loyalty program
15221,Inactive,366,1,403.25,266.45689100090283,0.9999776962114252,High,Low Priority: Automated email only
15222,Inactive,319,1,585.0,299.5022203602368,0.9999776962114252,High,Low Priority: Automated email only
15223,Inactive,226,2,755.75,836.8678385241496,0.9999776962114252,High,Low Priority: Automated email only
15224,Inactive,358,2,322.08,517.8130015652766,0.9999776962114252,High,Low Priority: Automated email only
15225,Inactive,234,1,409.4,382.5221896728982,0.9999776962114252,High,Low Priority: Automated email only
15226,Inactive,311,1,154.41,305.82349107964,0.9999776962114252,High,Low Priority: Automated email only
15227,Silver Tier,37,5,1219.4,1111.3345558033752,2.2303788574989992e-05,Low,Maintain: Standard loyalty program
15228,Silver Tier,66,4,3386.71,2533.8322224996414,2.230378857499217e-05,Low,Maintain: Standard loyalty program
15230,Inactive,239,2,429.6,495.336070722632,0.9999776962114252,High,Low Priority: Automated email only
15232,Silver Tier,113,2,612.06,1067.3409260503702,0.9999776962114252,High,Send: Standard win-back offer
15234,Inactive,277,1,197.0,335.95919464018573,0.9999776962114252,High,Low Priority: Automated email only
15235,Inactive,218,12,2247.51,1660.7433460312377,0.9999776962114252,High,Low Priority: Automated email only
15236,Inactive,299,1,321.05,315.82208166682904,0.9999776962114252,High,Low Priority: Automated email only
15237,Silver Tier,2,4,1412.32,1000.33853995635,2.2303788574990148e-05,Low,Maintain: Standard loyalty program
15238,Silver Tier,29,3,1071.99,1494.8030838971642,2.2303788574989992e-05,Low,Maintain: Standard loyalty program
15239,Silver Tier,10,2,780.59,1552.947082970696,2.230378857499003e-05,Low,Maintain: Standard loyalty program
15240,Silver Tier,45,5,1706.57,1556.8066298067924,2.230378857499003e-05,Low,Maintain: Standard loyalty program
15241,Silver Tier,67,8,1756.44,1691.2328686247165,2.2303788574991174e-05,Low,Maintain: Standard loyalty program
15243,Silver Tier,74,1,316.68,810.4510859892586,2.230378857499181e-05,Low,Maintain: Standard loyalty program
15244,Silver Tier,65,2,631.57,733.5197138864639,2.2303788574990625e-05,Low,Maintain: Standard loyalty program
15245,Silver Tier,134,3,2515.84,1595.0795408379097,0.9999776962114252,High,Send: Standard win-back offer
15246,Inactive,238,2,514.15,540.1212205625335,0.9999776962114252,High,Low Priority: Automated email only
15247,Silver Tier,122,1,356.0,606.7954794472454,0.9999776962114252,High,Send: Standard win-back offer
15249,Gold Tier,32,13,6688.46,6224.231997316496,2.2303788574990148e-05,Low,Maintain: VIP loyalty program
15251,Gold Tier,9,11,10484.99,8547.72668771687,2.2303788574990107e-05,Low,Maintain: VIP loyalty program
15252,Silver Tier,36,2,740.78,1043.7153356460965,2.230378857499003e-05,Low,Maintain: Standard loyalty program
15253,Silver Tier,16,5,918.2,1554.195033482813,2.2303788574989992e-05,Low,Maintain: Standard loyalty program
15254,Silver Tier,127,1,300.36,591.3177516889655,0.9999776962114252,High,Send: Standard win-back offer
15255,Silver Tier,67,1,890.85,858.4738053899073,2.2303788574990744e-05,Low,Maintain: Standard loyalty program
15256,Inactive,149,1,98.45,534.0998019112836,0.9999776962114252,High,Low Priority: Automated email only
15257,Inactive,283,1,317.15,329.2789155637291,0.9999776962114252,High,Low Priority: Automated email only
15258,Inactive,169,2,623.16,785.4761259330946,0.9999776962114252,High,Low Priority: Automated email only
15260,Silver Tier,100,7,1810.77,1352.7693116267392,0.9999776962114252,High,Send: Standard win-back offer
15261,Silver Tier,135,1,254.82,568.1314526115447,0.9999776962114252,High,Send: Standard win-back offer
15262,Inactive,324,1,178.95000000000002,295.68243753942744,0.9999776962114252,High,Low Priority: Automated email only
15263,Silver Tier,107,1,156.51,662.2674747601277,0.9999776962114252,High,Send: Standard win-back offer
15264,Silver Tier,64,1,393.74,871.382211660038,2.2303788574990663e-05,Low,Maintain: Standard loyalty program
15265,Inactive,151,2,1506.12,1196.5456958774566,0.9999776962114252,High,Low Priority: Automated email only
15266,Inactive,338,1,119.3,284.78616027728833,0.9999776962114252,High,Low Priority: Automated email only
15267,Silver Tier,22,5,1717.36,1460.8754809706345,2.2303788574989992e-05,Low,Maintain: Standard loyalty program
15269,Silver Tier,24,1,408.8,1259.703587062989,2.230378857499007e-05,Low,Maintain: Standard loyalty program
15270,Silver Tier,16,7,2379.49,1813.8677234541572,2.230378857499007e-05,Low,Maintain: Standard loyalty program
15271,Gold Tier,7,15,2493.34,2175.8738553400353,2.2303788574990307e-05,Low,Maintain: VIP loyalty program
15272,Silver Tier,57,2,721.94,1663.998842145959,2.2303788574990307e-05,Low,Maintain: Standard loyalty program
15274,Silver Tier,4,2,716.57,2668.961459483353,2.2303788574990148e-05,Low,Maintain: Standard loyalty program
15275,Silver Tier,38,1,615.14,1093.3262542128698,2.230378857499007e-05,Low,Maintain: Standard loyalty program
15276,Silver Tier,66,1,128.63,858.4738053899073,2.2303788574991174e-05,Low,Maintain: Standard loyalty program
15277,Silver Tier,47,1,255.9,1007.7639635956134,2.2303788574990148e-05,Low,Maintain: Standard loyalty program
15279,Inactive,355,1,290.51,274.01518357354655,0.9999776962114252,High,Low Priority: Automated email only
15280,Inactive,172,1,113.12,480.91743193220873,0.9999776962114252,High,Low Priority: Automated email only
15281,Silver Tier,59,9,2332.15,1642.4063735033535,2.2303788574990503e-05,Low,Maintain: Standard loyalty program
15286,Silver Tier,50,1,240.55,982.1439581906712,2.2303788574990148e-05,Low,Maintain: Standard loyalty program
15287,Silver Tier,22,2,486.69,1286.111719971567,2.230378857499007e-05,Low,Maintain: Standard loyalty program
15288,Silver Tier,43,5,2306.52,1907.005270052391,2.230378857499003e-05,Low,Maintain: Standard loyalty program
15289,Silver Tier,29,3,939.78,992.1782055560998,2.2303788574989992e-05,Low,Maintain: Standard loyalty program
15290,Gold Tier,5,18,7943.22,6342.170567015906,2.2303788574990426e-05,Low,Maintain: VIP loyalty program
15291,Gold Tier,26,15,4668.3,3597.8285762986457,2.2303788574990307e-05,Low,Maintain: VIP loyalty program
15292,Inactive,201,1,178.39,429.2691259765146,0.9999776962114252,High,Low Priority: Automated email only
15296,Silver Tier,51,6,3672.86,2386.882871139154,2.2303788574990263e-05,Low,Maintain: Standard loyalty program
15297,Silver Tier,10,3,641.94,2039.6561552560495,2.230378857499003e-05,Low,Maintain: Standard loyalty program
15298,Silver Tier,2,12,4799.9,3674.8274202390144,2.2303788574990185e-05,Low,Maintain: Standard loyalty program
15299,Silver Tier,67,7,4507.01,2219.9678934592507,2.230378857499177e-05,Low,Maintain: Standard loyalty program
15300,Silver Tier,64,1,496.44,871.382211660038,2.2303788574990663e-05,Low,Maintain: Standard loyalty program
15301,Silver Tier,51,12,5049.95,3625.996822649518,2.2303788574990463e-05,Low,Maintain: Standard loyalty program
15303,Inactive,290,1,574.02,322.85912934222307,0.9999776962114252,High,Low Priority: Automated email only
15304,Silver Tier,61,8,694.4,778.1991962069775,2.2303788574990625e-05,Low,Maintain: Standard loyalty program
15306,Silver Tier,64,3,1174.35,1822.2579626108093,2.2303788574990974e-05,Low,Maintain: Standard loyalty program
15307,Silver Tier,96,1,205.3,706.6830047119079,0.9999776962114252,High,Send: Standard win-back offer
15308,Inactive,274,1,310.47,337.9179231900678,0.9999776962114252,High,Low Priority: Automated email only
15311,Platinum Tier,1,91,60632.75,46131.910375251835,2.230378857499217e-05,Low,Maintain: Continue white-glove service
15312,Silver Tier,75,4,924.85,818.5310698151638,2.230378857499229e-05,Low,Maintain: Standard loyalty program
15313,Silver Tier,110,1,52.0,647.4697996251092,0.9999776962114252,High,Send: Standard win-back offer
15314,Inactive,199,1,327.96999999999997,432.472247378184,0.9999776962114252,High,Low Priority: Automated email only
15315,Silver Tier,64,2,570.5,1261.446175986234,2.2303788574990625e-05,Low,Maintain: Standard loyalty program
15316,Inactive,327,1,165.0,293.4369819483421,0.9999776962114252,High,Low Priority: Automated email only
15318,Silver Tier,4,1,312.62,1609.660589705031,2.230378857499082e-05,Low,Maintain: Standard loyalty program
15319,Inactive,284,1,204.5,329.2789155637291,0.9999776962114252,High,Low Priority: Automated email only
15320,Silver Tier,44,1,267.13,1025.5998068295544,2.230378857499003e-05,Low,Maintain: Standard loyalty program
15321,Silver Tier,71,3,2748.31,1642.90530350881,2.2303788574992208e-05,Low,Maintain: Standard loyalty program
15322,Silver Tier,86,1,679.68,752.5668013948482,2.230378857499724e-05,Low,Maintain: Standard loyalty program
15325,Silver Tier,104,1,161.74,673.8173966140971,0.9999776962114252,High,Send: Standard win-back offer
15326,Inactive,334,1,311.71,288.3279090035837,0.9999776962114252,High,Low Priority: Automated email only
15327,Silver Tier,53,1,208.75,957.7944940514782,2.2303788574990385e-05,Low,Maintain: Standard loyalty program
15329,Silver Tier,39,3,1049.7,1536.2305547426458,2.2303788574989992e-05,Low,Maintain: Standard loyalty program
15330,Silver Tier,32,2,714.9599999999999,1936.9453260296673,2.2303788574989992e-05,Low,Maintain: Standard loyalty program
15332,Inactive,366,4,1661.06,349.68423197413955,0.9999776962114252,High,Low Priority: Automated email only
15333,Inactive,208,1,1028.56,418.4224305997317,0.9999776962114252,High,Low Priority: Automated email only
15334,Inactive,157,3,350.82,887.2139482754648,0.9999776962114252,High,Low Priority: Automated email only
15335,Silver Tier,54,1,170.22,949.944145249896,2.2303788574990744e-05,Low,Maintain: Standard loyalty program
15339,Silver Tier,66,2,574.07,588.0021955747773,2.2303788574990703e-05,Low,Maintain: Standard loyalty program
15341,Silver Tier,81,1,2020.52,777.8183113846773,2.230378857499431e-05,Low,Maintain: Standard loyalty program
15342,Silver Tier,130,1,406.09,585.3455299462746,0.9999776962114252,High,Send: Standard win-back offer
15343,Silver Tier,87,1,364.5,742.9194360225239,2.230378857499724e-05,Low,Maintain: Standard loyalty program
15344,Silver Tier,1,3,563.94,1552.8910039149166,2.2303788574990226e-05,Low,Maintain: Standard loyalty program
15345,Silver Tier,46,1,393.54,1016.603648575807,2.230378857499007e-05,Low,Maintain: Standard loyalty program
15346,Inactive,333,1,252.42,289.04685668528043,0.9999776962114252,High,Low Priority: Automated email only
15347,Inactive,366,1,201.6,266.45689100090283,0.9999776962114252,High,Low Priority: Automated email only
15348,Silver Tier,72,1,158.04,821.9458652291272,2.230378857499177e-05,Low,Maintain: Standard loyalty program
15349,Inactive,158,2,463.91,654.5112342898593,0.9999776962114252,High,Low Priority: Automated email only
15350,Inactive,373,1,115.65,262.2374002805863,0.9999776962114252,High,Low Priority: Automated email only
15351,Silver Tier,12,7,1934.66,1572.4008644952307,2.230378857499003e-05,Low,Maintain: Standard loyalty program
15353,Inactive,255,2,770.12,614.1587414098576,0.9999776962114252,High,Low Priority: Automated email only
15355,Silver Tier,29,2,277.05,1476.9947970397468,2.230378857499003e-05,Low,Maintain: Standard loyalty program
15356,Silver Tier,31,10,2718.03,2281.396020804322,2.230378857499007e-05,Low,Maintain: Standard loyalty program
15358,Gold Tier,5,22,8347.2,6237.745070414829,2.2303788574990426e-05,Low,Maintain: VIP loyalty program
15360,Silver Tier,40,1,427.93,1073.0798618180827,2.230378857499003e-05,Low,Maintain: Standard loyalty program
15361,Inactive,362,1,418.92,269.55491595883393,0.9999776962114252,High,Low Priority: Automated email only
15363,Inactive,373,1,326.0,262.83198413710926,0.9999776962114252,High,Low Priority: Automated email only
15364,Silver Tier,96,2,913.19,939.0406626313486,0.9999776962114252,High,Send: Standard win-back offer
15365,Silver Tier,26,7,2314.32,2091.7800932242835,2.230378857499007e-05,Low,Maintain: Standard loyalty program
15366,Silver Tier,75,2,602.51,654.0051341477799,2.230378857499229e-05,Low,Maintain: Standard loyalty program
15367,Silver Tier,57,4,1877.59,1399.0568491614845,2.2303788574990307e-05,Low,Maintain: Standard loyalty program
15368,Silver Tier,21,1,446.94000000000005,1287.698184584735,2.230378857499007e-05,Low,Maintain: Standard loyalty program
15370,Silver Tier,41,7,2386.05,2151.8301391940395,2.230378857499003e-05,Low,Maintain: Standard loyalty program
15372,Silver Tier,137,1,2007.4,562.6162538325339,0.9999776962114252,High,Send: Standard win-back offer
15373,Silver Tier,8,12,2415.91,1905.9778351306784,2.2303788574990148e-05,Low,Maintain: Standard loyalty program
15374,Silver Tier,129,1,168.0,588.3164834524878,0.9999776962114252,High,Send: Standard win-back offer
15376,Silver Tier,40,3,1221.56,1099.5356318318975,2.2303788574989992e-05,Low,Maintain: Standard loyalty program
15379,Inactive,169,7,3703.29,2011.234689812389,0.9999776962114252,High,Low Priority: Automated email only
15380,Silver Tier,9,5,1690.26,1411.9121786932972,2.230378857499003e-05,Low,Maintain: Standard loyalty program
15381,Inactive,214,2,596.85,672.2018389144168,0.9999776962114252,High,Low Priority: Automated email only
15382,Silver Tier,15,6,5955.71,4699.680311032377,2.230378857499007e-05,Low,Maintain: Standard loyalty program
15384,Inactive,170,2,642.41,546.5270850546052,0.9999776962114252,High,Low Priority: Automated email only
15385,Silver Tier,40,1,316.88,1063.2353258039057,2.230378857499003e-05,Low,Maintain: Standard loyalty program
15386,Inactive,186,1,394.14,454.51717492507487,0.9999776962114252,High,Low Priority: Automated email only
15388,Inactive,270,1,140.54,341.9047105116526,0.9999776962114252,High,Low Priority: Automated email only
15389,Inactive,172,1,500.0,480.91743193220873,0.9999776962114252,High,Low Priority: Automated email only
15392,Silver Tier,5,4,1535.53,1214.093074852821,2.230378857499007e-05,Low,Maintain: Standard loyalty program
15393,Silver Tier,16,2,231.86,479.95797954823144,2.230378857499007e-05,Low,Maintain: Standard loyalty program
15394,Silver Tier,10,4,2183.54,1510.348599412624,2.230378857499003e-05,Low,Maintain: Standard loyalty program
15395,Inactive,326,1,107.45,294.18166801803847,0.9999776962114252,High,Low Priority: Automated email only
15396,Silver Tier,113,1,288.18,640.3162225470167,0.9999776962114252,High,Send: Standard win-back offer
15397,Inactive,290,1,94.0,323.76087222719343,0.9999776962114252,High,Low Priority: Automated email only
15398,Silver Tier,16,2,1345.53,2315.050093515686,2.230378857499003e-05,Low,Maintain: Standard loyalty program
15399,Silver Tier,1,3,815.77,2021.803483671225,2.2303788574990226e-05,Low,Maintain: Standard loyalty program
15400,Silver Tier,92,5,716.2,772.5799145231218,0.9999776962114252,High,Send: Standard win-back offer
15402,Inactive,149,2,626.77,716.8300864671382,0.9999776962114252,High,Low Priority: Automated email only
15405,Inactive,189,1,349.1,449.23271518157816,0.9999776962114252,High,Low Priority: Automated email only
15406,Silver Tier,31,2,510.71,570.4494003688734,2.230378857499003e-05,Low,Maintain: Standard loyalty program
15407,Silver Tier,34,4,1046.74,1130.853342943271,2.230378857499003e-05,Low,Maintain: Standard loyalty program
15408,Inactive,264,1,267.18,348.06446272391844,0.9999776962114252,High,Low Priority: Automated email only
15410,Silver Tier,84,8,3450.84,3472.3409365056928,2.2303788574996683e-05,Low,Maintain: Standard loyalty program
15411,Silver Tier,26,4,1348.93,2069.2934873696495,2.2303788574989992e-05,Low,Maintain: Standard loyalty program
15412,Inactive,171,1,190.53,482.9210154828088,0.9999776962114252,High,Low Priority: Automated email only
15414,Silver Tier,10,3,774.9,1184.0721099904704,2.230378857499003e-05,Low,Maintain: Standard loyalty program
15415,Inactive,313,1,559.61,303.42198975554805,0.9999776962114252,High,Low Priority: Automated email only
15416,Silver Tier,65,4,3984.32,2732.990473985925,2.230378857499217e-05,Low,Maintain: Standard loyalty program
15417,Silver Tier,85,1,508.8,752.5668013948482,2.2303788574994583e-05,Low,Maintain: Standard loyalty program
15419,Silver Tier,25,1,135.86,1246.1579201425084,2.2303788574990185e-05,Low,Maintain: Standard loyalty program
15421,Silver Tier,59,4,950.36,904.9630553493296,2.2303788574990385e-05,Low,Maintain: Standard loyalty program
15422,Inactive,323,2,97.7,295.68243753942744,0.9999776962114252,High,Low Priority: Automated email only
15423,Silver Tier,38,1,43.5,1083.108434623702,2.2303788574990148e-05,Low,Maintain: Standard loyalty program
15424,Inactive,254,2,383.34,358.8392222195989,0.9999776962114252,High,Low Priority: Automated email only
15426,Silver Tier,19,5,1404.07,1064.9029782849611,2.2303788574989992e-05,Low,Maintain: Standard loyalty program
15427,Silver Tier,33,3,1430.54,3820.5015811428298,2.2303788574989992e-05,Low,Maintain: Standard loyalty program
15428,Silver Tier,15,1,93.78,1379.6826382410247,2.2303788574990185e-05,Low,Maintain: Standard loyalty program
15429,Silver Tier,27,2,397.35,1258.4569435310068,2.230378857499003e-05,Low,Maintain: Standard loyalty program
15432,Silver Tier,23,1,171.19000000000003,1259.703587062989,2.2303788574990107e-05,Low,Maintain: Standard loyalty program
15433,Inactive,214,2,533.3,543.5424258253169,0.9999776962114252,High,Low Priority: Automated email only
15434,Silver Tier,8,5,1041.48,1402.224572879032,2.2303788574990185e-05,Low,Maintain: Standard loyalty program
15435,Silver Tier,22,1,149.29,1273.5470319616638,2.2303788574990107e-05,Low,Maintain: Standard loyalty program
15436,Silver Tier,12,3,1067.75,1060.6392851959731,2.230378857499003e-05,Low,Maintain: Standard loyalty program
15437,Inactive,262,1,200.16,350.16733507934754,0.9999776962114252,High,Low Priority: Automated email only
15438,Silver Tier,131,1,156.57999999999998,579.492748197398,0.9999776962114252,High,Send: Standard win-back offer
15440,Silver Tier,55,3,383.68,804.4444462687397,2.2303788574990344e-05,Low,Maintain: Standard loyalty program
15442,Inactive,249,1,594.0,365.6303548271988,0.9999776962114252,High,Low Priority: Automated email only
15443,Silver Tier,2,7,3213.59,2693.845467968323,2.2303788574990148e-05,Low,Maintain: Standard loyalty program
15444,Silver Tier,9,2,1411.21,4078.491867919072,2.230378857499003e-05,Low,Maintain: Standard loyalty program
15445,Inactive,264,1,113.5,348.06446272391844,0.9999776962114252,High,Low Priority: Automated email only
15447,Inactive,331,1,155.17,290.4955624637694,0.9999776962114252,High,Low Priority: Automated email only
15448,Inactive,313,1,494.64,304.2182884157301,0.9999776962114252,High,Low Priority: Automated email only
15449,Silver Tier,26,3,974.52,1014.9947160433924,2.230378857499003e-05,Low,Maintain: Standard loyalty program
15450,Silver Tier,30,1,429.84,1170.6317638661749,2.230378857499007e-05,Low,Maintain: Standard loyalty program
15452,Silver Tier,30,3,528.48,699.86291740412,2.230378857499003e-05,Low,Maintain: Standard loyalty program
15453,Silver Tier,2,7,1371.77,2083.0817055585662,2.2303788574990107e-05,Low,Maintain: Standard loyalty program
15454,Inactive,362,1,179.1,268.92956100875483,0.9999776962114252,High,Low Priority: Automated email only
15456,Inactive,283,3,434.59,454.9730570555296,0.9999776962114252,High,Low Priority: Automated email only
15457,Inactive,262,1,237.07,350.16733507934754,0.9999776962114252,High,Low Priority: Automated email only
15458,Silver Tier,25,1,161.64,1232.9005241921468,2.2303788574990107e-05,Low,Maintain: Standard loyalty program
15460,Inactive,354,1,214.26,274.01518357354655,0.9999776962114252,High,Low Priority: Automated email only
15462,Silver Tier,94,3,234.6,718.4377932583418,0.9999776962114252,High,Send: Standard win-back offer
15463,Silver Tier,29,1,126.14,1182.577097323801,2.2303788574990148e-05,Low,Maintain: Standard loyalty program
15464,Inactive,338,1,1044.65,284.78616027728833,0.9999776962114252,High,Low Priority: Automated email only
15465,Gold Tier,20,18,7354.62,5518.979348442572,2.2303788574990307e-05,Low,Maintain: VIP loyalty program
15466,Silver Tier,85,1,334.53,752.5668013948482,2.2303788574994623e-05,Low,Maintain: Standard loyalty program
15467,Silver Tier,9,3,524.88,979.2343284981588,2.230378857499007e-05,Low,Maintain: Standard loyalty program
15468,Silver Tier,51,2,467.51,965.7756941997336,2.2303788574990263e-05,Low,Maintain: Standard loyalty program
15469,Silver Tier,50,2,538.55,1079.6780536332355,2.2303788574990148e-05,Low,Maintain: Standard loyalty program
15471,Silver Tier,2,1,454.48,1632.33591665712,2.2303788574990185e-05,Low,Maintain: Standard loyalty program
15472,Silver Tier,113,1,371.56,636.7983907445174,0.9999776962114252,High,Send: Standard win-back offer
15473,Silver Tier,14,7,1771.2,3855.200593767939,2.230378857499003e-05,Low,Maintain: Standard loyalty program
15475,Silver Tier,77,1,454.11,793.7994213099503,2.230378857499209e-05,Low,Maintain: Standard loyalty program
15478,Silver Tier,40,2,1399.92,2406.723578719494,2.2303788574989992e-05,Low,Maintain: Standard loyalty program
15480,Silver Tier,116,1,905.5,626.4730735073999,0.9999776962114252,High,Send: Standard win-back offer
15482,Gold Tier,16,12,10879.76,8234.759957330363,2.2303788574990107e-05,Low,Maintain: VIP loyalty program
15483,Inactive,161,4,225.26,506.4624895869488,0.9999776962114252,High,Low Priority: Automated email only
15484,Silver Tier,1,4,3590.41,5149.991508782238,2.2303788574990263e-05,Low,Maintain: Standard loyalty program
15485,Silver Tier,30,3,2564.5,1439.2275743597104,2.230378857499003e-05,Low,Maintain: Standard loyalty program
15488,Silver Tier,93,1,91.32,719.8496572064222,0.9999776962114252,High,Send: Standard win-back offer
15489,Silver Tier,23,3,1134.28,1366.0942242068954,2.2303788574989992e-05,Low,Maintain: Standard loyalty program
15491,Silver Tier,95,6,3100.09,2652.265822862374,0.9999776962114252,High,Send: Standard win-back offer
15492,Silver Tier,28,2,659.4599999999999,1302.0660729779354,2.2303788574989992e-05,Low,Maintain: Standard loyalty program
15493,Silver Tier,33,5,1953.41,1757.758561337342,2.2303788574989992e-05,Low,Maintain: Standard loyalty program
15494,Silver Tier,21,2,1280.58,963.5956386057452,2.230378857499003e-05,Low,Maintain: Standard loyalty program
15497,Silver Tier,18,2,1262.2,568.4724452270432,2.230378857499003e-05,Low,Maintain: Standard loyalty program
15498,Gold Tier,3,27,13316.4,9751.725911963456,2.230378857499106e-05,Low,Maintain: VIP loyalty program
15500,Silver Tier,8,4,1131.56,2495.270132516043,2.2303788574990185e-05,Low,Maintain: Standard loyalty program
15502,Gold Tier,16,12,10384.93,7486.61274708114,2.2303788574990107e-05,Low,Maintain: VIP loyalty program
15503,Inactive,363,1,141.04,268.92956100875483,0.9999776962114252,High,Low Priority: Automated email only
15504,Silver Tier,81,1,52.83,772.6333322467653,2.2303788574993715e-05,Low,Maintain: Standard loyalty program
15505,Silver Tier,53,5,3610.96,4432.073008439473,2.230378857499086e-05,Low,Maintain: Standard loyalty program
15506,Silver Tier,23,3,972.08,1814.408561461209,2.2303788574989992e-05,Low,Maintain: Standard loyalty program
15507,Inactive,172,1,475.86,482.9210154828088,0.9999776962114252,High,Low Priority: Automated email only
15508,Inactive,189,6,1000.27,1175.5977631839614,0.9999776962114252,High,Low Priority: Automated email only
15510,Inactive,331,1,250.0,290.4955624637694,0.9999776962114252,High,Low Priority: Automated email only
15511,Silver Tier,12,5,900.53,2413.387753454367,2.2303788574989992e-05,Low,Maintain: Standard loyalty program
15512,Inactive,156,2,121.0,333.5266903022135,0.9999776962114252,High,Low Priority: Automated email only
15513,Gold Tier,33,19,14758.22,11108.12085992237,2.230378857499102e-05,Low,Maintain: VIP loyalty program
15514,Silver Tier,12,11,4023.72,2232.163839388184,2.2303788574990107e-05,Low,Maintain: Standard loyalty program
15516,Silver Tier,45,3,62.43,1213.1407995038928,2.2303788574990185e-05,Low,Maintain: Standard loyalty program
15517,Inactive,233,1,267.03,383.7886732905511,0.9999776962114252,High,Low Priority: Automated email only
15518,Silver Tier,64,8,1921.55,1623.7270992066187,2.230378857499106e-05,Low,Maintain: Standard loyalty program
15520,Silver Tier,2,1,343.5,1655.6594005589177,2.230378857499082e-05,Low,Maintain: Standard loyalty program
15521,Silver Tier,40,8,3000.2,2969.104237616689,2.230378857499003e-05,Low,Maintain: Standard loyalty program
15522,Silver Tier,33,2,397.99,1133.5011710510316,2.230378857499003e-05,Low,Maintain: Standard loyalty program
15523,Silver Tier,84,1,412.0100000000001,757.4850672444373,2.2303788574994583e-05,Low,Maintain: Standard loyalty program
15524,Silver Tier,25,1,440.0,1246.1579201425084,2.230378857499007e-05,Low,Maintain: Standard loyalty program
15525,Silver Tier,2,3,734.37,642.2547337392785,2.2303788574990148e-05,Low,Maintain: Standard loyalty program
15526,Silver Tier,33,2,148.44,1136.2013539108086,2.2303788574990107e-05,Low,Maintain: Standard loyalty program
15527,Silver Tier,19,8,2428.53,2056.418194648108,2.230378857499007e-05,Low,Maintain: Standard loyalty program
15528,Inactive,254,1,229.33,358.8392222195989,0.9999776962114252,High,Low Priority: Automated email only
15529,Silver Tier,23,11,3962.6,3120.811906634957,2.2303788574990107e-05,Low,Maintain: Standard loyalty program
15530,Silver Tier,22,4,1497.31,1409.1952997985973,2.2303788574989992e-05,Low,Maintain: Standard loyalty program
15531,Silver Tier,8,2,1972.39,2763.417908867895,2.2303788574990148e-05,Low,Maintain: Standard loyalty program
15532,Silver Tier,25,4,1564.73,1230.1345272975973,2.2303788574989992e-05,Low,Maintain: Standard loyalty program
15533,Silver Tier,19,3,807.57,1601.560250770338,2.2303788574989992e-05,Low,Maintain: Standard loyalty program
15535,Inactive,173,4,502.9,551.2811717042597,0.9999776962114252,High,Low Priority: Automated email only
15537,Inactive,163,1,110.92,499.571448296114,0.9999776962114252,High,Low Priority: Automated email only
15539,Silver Tier,7,1,538.46,1524.9288592155797,2.2303788574990185e-05,Low,Maintain: Standard loyalty program
15540,Silver Tier,11,1,213.3,1448.6733665307254,2.2303788574990107e-05,Low,Maintain: Standard loyalty program
15541,Silver Tier,114,1,85.13000000000001,633.3190042800318,0.9999776962114252,High,Send: Standard win-back offer
15543,Inactive,288,1,127.86,324.6676665070214,0.9999776962114252,High,Low Priority: Automated email only
15544,Silver Tier,9,9,3546.71,2708.1935366421317,2.230378857499007e-05,Low,Maintain: Standard loyalty program
15545,Silver Tier,54,2,288.96999999999997,411.58761518919346,2.2303788574990344e-05,Low,Maintain: Standard loyalty program
15547,Gold Tier,7,14,4910.6,3520.7215726486647,2.2303788574990344e-05,Low,Maintain: VIP loyalty program
15549,Silver Tier,77,3,1681.46,965.9899291643025,2.2303788574992923e-05,Low,Maintain: Standard loyalty program
15550,Silver Tier,4,4,575.63,770.3739123972784,2.2303788574990148e-05,Low,Maintain: Standard loyalty program
15551,Silver Tier,37,1,436.06,1103.738729125816,2.230378857499003e-05,Low,Maintain: Standard loyalty program
15552,Inactive,217,1,90.12,405.25680882157616,0.9999776962114252,High,Low Priority: Automated email only
15553,Silver Tier,60,1,428.93,898.3998783426291,2.2303788574990426e-05,Low,Maintain: Standard loyalty program
15554,Inactive,278,1,217.2,334.98832132167604,0.9999776962114252,High,Low Priority: Automated email only
15555,Gold Tier,12,16,4794.86,3830.028833172616,2.2303788574990307e-05,Low,Maintain: VIP loyalty program
15556,Silver Tier,24,1,279.77,1246.1579201425084,2.2303788574990107e-05,Low,Maintain: Standard loyalty program
15557,Silver Tier,29,1,468.91,1194.7687753130083,2.230378857499007e-05,Low,Maintain: Standard loyalty program
15561,Silver Tier,12,4,800.5899999999999,1079.6288700894047,2.230378857499003e-05,Low,Maintain: Standard loyalty program
15562,Inactive,352,1,134.55,275.9722362853422,0.9999776962114252,High,Low Priority: Automated email only
15563,Silver Tier,22,4,1400.44,1139.637569745119,2.2303788574989992e-05,Low,Maintain: Standard loyalty program
15565,Silver Tier,50,2,173.16000000000005,1159.4084800588084,2.2303788574990585e-05,Low,Maintain: Standard loyalty program
15567,Silver Tier,19,1,186.01,1332.1040378327834,2.2303788574990107e-05,Low,Maintain: Standard loyalty program
15568,Silver Tier,3,3,758.29,2148.41670563845,2.2303788574990148e-05,Low,Maintain: Standard loyalty program
15569,Silver Tier,104,5,1375.71,1213.1219621016523,0.9999776962114252,High,Send: Standard win-back offer
15570,Silver Tier,7,12,4148.82,3080.734164118497,2.2303788574990148e-05,Low,Maintain: Standard loyalty program
15571,Silver Tier,12,4,650.4300000000001,1959.884741818564,2.230378857499003e-05,Low,Maintain: Standard loyalty program
15572,Silver Tier,5,7,2533.42,2336.8517478330104,2.2303788574990148e-05,Low,Maintain: Standard loyalty program
15573,Silver Tier,32,2,591.1899999999999,1237.6245572150488,2.2303788574989992e-05,Low,Maintain: Standard loyalty program
15574,Inactive,178,4,675.64,551.8544987903042,0.9999776962114252,High,Low Priority: Automated email only
15576,Silver Tier,38,1,921.37,1093.3262542128698,2.230378857499007e-05,Low,Maintain: Standard loyalty program
15577,Inactive,151,3,258.88,541.6432871977352,0.9999776962114252,High,Low Priority: Automated email only
15578,Inactive,162,1,127.1,501.73383744486046,0.9999776962114252,High,Low Priority: Automated email only
15579,Silver Tier,69,2,327.6,458.0160482495521,2.2303788574990744e-05,Low,Maintain: Standard loyalty program
15581,Silver Tier,121,13,3675.77,2903.710505065408,0.9999776962114252,High,Send: Standard win-back offer
15582,Silver Tier,25,3,682.9100000000001,898.2237118901608,2.230378857499003e-05,Low,Maintain: Standard loyalty program
15584,Silver Tier,24,4,720.86,1411.9501991398538,2.230378857499003e-05,Low,Maintain: Standard loyalty program
15585,Inactive,177,1,455.3,473.0666458355044,0.9999776962114252,High,Low Priority: Automated email only
15587,Silver Tier,50,4,913.68,775.4856570737538,2.2303788574990107e-05,Low,Maintain: Standard loyalty program
15589,Inactive,256,3,478.53,581.5029176071104,0.9999776962114252,High,Low Priority: Automated email only
15592,Silver Tier,47,1,388.58,1007.7639635956134,2.2303788574990148e-05,Low,Maintain: Standard loyalty program
15593,Silver Tier,71,1,199.8,833.7714421202147,2.230378857499177e-05,Low,Maintain: Standard loyalty program
15594,Silver Tier,16,5,1771.78,2067.4785106036397,2.2303788574989992e-05,Low,Maintain: Standard loyalty program
15596,Silver Tier,101,5,1406.59,1079.1512154550355,0.9999776962114252,High,Send: Standard win-back offer
15597,Silver Tier,35,1,324.57,1114.3514760006665,2.2303788574990107e-05,Low,Maintain: Standard loyalty program
15598,Silver Tier,53,1,240.68,949.944145249896,2.2303788574990344e-05,Low,Maintain: Standard loyalty program
15599,Silver Tier,27,2,761.74,830.1470907415451,2.2303788574989992e-05,Low,Maintain: Standard loyalty program
15601,Gold Tier,11,14,6776.56,4847.807080765916,2.2303788574990307e-05,Low,Maintain: VIP loyalty program
15602,Silver Tier,8,9,1297.87,1254.133972357893,2.2303788574990148e-05,Low,Maintain: Standard loyalty program
15603,Silver Tier,79,1,48.48,788.3999061904082,2.230378857499308e-05,Low,Maintain: Standard loyalty program
15604,Silver Tier,52,1,216.39,957.7944940514782,2.2303788574990344e-05,Low,Maintain: Standard loyalty program
15605,Silver Tier,36,5,1198.23,1059.7498597314705,2.230378857499003e-05,Low,Maintain: Standard loyalty program
15606,Silver Tier,61,9,2920.16,2558.695007930927,2.2303788574991693e-05,Low,Maintain: Standard loyalty program
15607,Inactive,337,1,104.76,286.1923664968277,0.9999776962114252,High,Low Priority: Automated email only
15608,Silver Tier,28,4,1093.68,2058.405000467777,2.2303788574989992e-05,Low,Maintain: Standard loyalty program
15609,Inactive,184,1,298.48,458.10976754228847,0.9999776962114252,High,Low Priority: Automated email only
15610,Silver Tier,52,1,112.46,965.7756941997336,2.230378857499086e-05,Low,Maintain: Standard loyalty program
15611,Silver Tier,10,13,1591.45,1601.898855865147,2.230378857499003e-05,Low,Maintain: Standard loyalty program
15612,Silver Tier,36,2,195.15,1330.3852741029411,2.2303788574990185e-05,Low,Maintain: Standard loyalty program
15615,Gold Tier,10,23,10399.74,7574.878774747815,2.2303788574990344e-05,Low,Maintain: VIP loyalty program
15618,Silver Tier,33,4,776.851,1523.4419459610938,2.2303788574989992e-05,Low,Maintain: Standard loyalty program
15619,Silver Tier,11,1,336.4,1467.013040655582,2.230378857499007e-05,Low,Maintain: Standard loyalty program
15620,Silver Tier,57,3,1553.18,1138.3682524162082,2.2303788574990307e-05,Low,Maintain: Standard loyalty program
15621,Silver Tier,4,4,1293.03,4059.573964334927,2.2303788574990148e-05,Low,Maintain: Standard loyalty program
15622,Silver Tier,43,9,3709.56,3250.659907922102,2.230378857499007e-05,Low,Maintain: Standard loyalty program
15623,Silver Tier,141,1,301.03,551.9009969998928,0.9999776962114252,High,Send: Standard win-back offer
15624,Silver Tier,117,4,588.13,843.5221204620798,0.9999776962114252,High,Send: Standard win-back offer
15625,Silver Tier,104,4,1534.26,1345.5698989836226,0.9999776962114252,High,Send: Standard win-back offer
15626,Silver Tier,75,2,675.8,627.5999812835944,2.230378857499229e-05,Low,Maintain: Standard loyalty program
15628,Silver Tier,5,9,2870.24,2266.214153627036,2.2303788574990148e-05,Low,Maintain: Standard loyalty program
15630,Silver Tier,45,2,1186.35,1329.2203333119733,2.230378857499003e-05,Low,Maintain: Standard loyalty program
15632,Silver Tier,16,8,3285.31,3180.924548808702,2.230378857499007e-05,Low,Maintain: Standard loyalty program
15634,Silver Tier,17,1,243.55,1347.594640248632,2.230378857499007e-05,Low,Maintain: Standard loyalty program
15636,Silver Tier,90,2,724.76,731.1905834827521,2.2303788574999773e-05,Low,Maintain: Standard loyalty program
15637,Silver Tier,53,1,223.36,957.7944940514782,2.2303788574990385e-05,Low,Maintain: Standard loyalty program
15639,Silver Tier,134,1,425.32,570.9298029785416,0.9999776962114252,High,Send: Standard win-back offer
15640,Gold Tier,4,15,12416.11,9401.73009846348,2.2303788574990426e-05,Low,Maintain: VIP loyalty program
15641,Silver Tier,105,4,1887.2,1493.3559524821264,0.9999776962114252,High,Send: Standard win-back offer
15643,Inactive,192,3,664.0,656.1039084968528,0.9999776962114252,High,Low Priority: Automated email only
15644,Inactive,166,4,803.54,954.1484943172566,0.9999776962114252,High,Low Priority: Automated email only
15645,Silver Tier,19,1,612.01,1332.1040378327834,2.2303788574990107e-05,Low,Maintain: Standard loyalty program
15646,Inactive,158,3,447.64,504.96651260008264,0.9999776962114252,High,Low Priority: Automated email only
15648,Inactive,204,2,639.5,696.4800942012328,0.9999776962114252,High,Low Priority: Automated email only
15649,Inactive,336,2,816.0,511.7858726072616,0.9999776962114252,High,Low Priority: Automated email only
15651,Silver Tier,37,3,646.3,781.0599080107023,2.2303788574989992e-05,Low,Maintain: Standard loyalty program
15652,Silver Tier,91,1,337.74,724.3482635460014,0.9999776962114252,High,Send: Standard win-back offer
15653,Silver Tier,93,2,877.44,2031.788755865293,0.9999776962114252,High,Send: Standard win-back offer
15654,Silver Tier,9,2,922.53,2428.85329307775,2.230378857499003e-05,Low,Maintain: Standard loyalty program
15655,Inactive,243,1,560.6700000000001,371.4891427284427,0.9999776962114252,High,Low Priority: Automated email only
15656,Silver Tier,45,4,748.5,866.9373519095781,2.230378857499003e-05,Low,Maintain: Standard loyalty program
15657,Silver Tier,23,1,30.0,1273.5470319616638,2.2303788574990185e-05,Low,Maintain: Standard loyalty program
15658,Inactive,190,5,1024.1,853.5668280625807,0.9999776962114252,High,Low Priority: Automated email only
15659,Silver Tier,44,1,306.45,1034.75663059681,2.230378857499003e-05,Low,Maintain: Standard loyalty program
15660,Silver Tier,25,9,1600.86,1376.8749893313131,2.230378857499003e-05,Low,Maintain: Standard loyalty program
15661,Inactive,317,2,309.8,469.7034663396263,0.9999776962114252,High,Low Priority: Automated email only
15663,Silver Tier,106,1,138.14,662.2674747601277,0.9999776962114252,High,Send: Standard win-back offer
15664,Silver Tier,51,1,386.43,973.891045138813,2.2303788574990263e-05,Low,Maintain: Standard loyalty program
15665,Inactive,168,2,2222.21,1139.8075717644106,0.9999776962114252,High,Low Priority: Automated email only
15667,Silver Tier,40,1,301.32,1073.0798618180827,2.230378857499003e-05,Low,Maintain: Standard loyalty program
15668,Inactive,218,1,76.32000000000001,405.25680882157616,0.9999776962114252,High,Low Priority: Automated email only
15669,Silver Tier,40,4,684.34,903.048868825034,2.2303788574989992e-05,Low,Maintain: Standard loyalty program
15670,Inactive,297,1,173.05,317.55242640997517,0.9999776962114252,High,Low Priority: Automated email only
15671,Silver Tier,19,7,2657.13,2639.6954013626964,2.230378857499007e-05,Low,Maintain: Standard loyalty program
15673,Silver Tier,88,4,2726.23,1823.677997972973,2.2303788575000844e-05,Low,Maintain: Standard loyalty program
15674,Silver Tier,73,5,2446.6,2512.179067673451,2.230378857499229e-05,Low,Maintain: Standard loyalty program
15675,Silver Tier,81,3,323.69,656.4731590855478,2.2303788574992963e-05,Low,Maintain: Standard loyalty program
15676,Silver Tier,19,3,3435.76,2591.172101564976,2.230378857499003e-05,Low,Maintain: Standard loyalty program
15677,Silver Tier,49,1,657.23,982.1439581906712,2.2303788574990185e-05,Low,Maintain: Standard loyalty program
15678,Silver Tier,53,1,352.7,957.7944940514782,2.2303788574990344e-05,Low,Maintain: Standard loyalty program
15679,Silver Tier,24,4,781.28,1339.8478240093025,2.230378857499003e-05,Low,Maintain: Standard loyalty program
15680,Silver Tier,9,3,1333.68,927.3107955176264,2.230378857499003e-05,Low,Maintain: Standard loyalty program
15681,Silver Tier,25,5,1426.16,1388.7925395850857,2.2303788574989992e-05,Low,Maintain: Standard loyalty program
15683,Silver Tier,117,1,193.75,623.1053157931507,0.9999776962114252,High,Send: Standard win-back offer
15687,Silver Tier,9,9,2993.1,2531.123384380289,2.230378857499007e-05,Low,Maintain: Standard loyalty program
15689,Silver Tier,120,2,254.1,419.0210779612803,0.9999776962114252,High,Send: Standard win-back offer
15690,Silver Tier,4,2,239.76,1029.3620605915437,2.230378857499082e-05,Low,Maintain: Standard loyalty program
15691,Inactive,252,1,136.8,361.07472695079787,0.9999776962114252,High,Low Priority: Automated email only
15692,Silver Tier,28,1,191.04,1194.7687753130083,2.2303788574990107e-05,Low,Maintain: Standard loyalty program
15694,Gold Tier,1,14,6479.4,4971.344789520442,2.2303788574990503e-05,Low,Maintain: VIP loyalty program
15695,Inactive,267,2,409.98,345.98669741276063,0.9999776962114252,High,Low Priority: Automated email only
15696,Silver Tier,33,8,2711.11,2210.408094071404,2.230378857499003e-05,Low,Maintain: Standard loyalty program
15699,Silver Tier,18,1,309.65,1347.594640248632,2.230378857499007e-05,Low,Maintain: Standard loyalty program
15700,Inactive,172,2,696.68,568.8807962005011,0.9999776962114252,High,Low Priority: Automated email only
15701,Silver Tier,2,4,1529.0,2003.8157266290632,2.2303788574990107e-05,Low,Maintain: Standard loyalty program
15703,Inactive,265,1,211.5,348.06446272391844,0.9999776962114252,High,Low Priority: Automated email only
15704,Silver Tier,140,4,2293.62,1947.302331026476,0.9999776962114252,High,Send: Standard win-back offer
15705,Inactive,201,1,143.1,429.2691259765146,0.9999776962114252,High,Low Priority: Automated email only
15706,Silver Tier,64,4,1060.56,1827.6203337330792,2.2303788574990974e-05,Low,Maintain: Standard loyalty program
15707,Silver Tier,35,4,916.98,2478.6648131345314,2.230378857499003e-05,Low,Maintain: Standard loyalty program
15708,Silver Tier,41,7,3235.25,2496.3627055509273,2.230378857499003e-05,Low,Maintain: Standard loyalty program
15709,Inactive,284,1,133.25,329.2789155637291,0.9999776962114252,High,Low Priority: Automated email only
15712,Silver Tier,9,5,1072.36,1111.021904560264,2.230378857499003e-05,Low,Maintain: Standard loyalty program
15713,Silver Tier,143,2,356.7,437.1175137369132,0.9999776962114252,High,Send: Standard win-back offer
15714,Silver Tier,12,2,330.03000000000003,1326.120141051057,2.230378857499007e-05,Low,Maintain: Standard loyalty program
15716,Silver Tier,146,4,1101.11,744.8025860732939,0.9999776962114252,High,Send: Standard win-back offer
15717,Inactive,234,1,150.3,382.5221896728982,0.9999776962114252,High,Low Priority: Automated email only
15719,Silver Tier,33,13,5030.07,4111.610836911764,2.2303788574990148e-05,Low,Maintain: Standard loyalty program
15720,Silver Tier,24,1,598.73,1246.1579201425084,2.2303788574990107e-05,Low,Maintain: Standard loyalty program
15721,Silver Tier,12,1,471.4,1448.6733665307254,2.230378857499007e-05,Low,Maintain: Standard loyalty program
15722,Silver Tier,36,5,2211.21,2048.1061482340456,2.2303788574989992e-05,Low,Maintain: Standard loyalty program
15723,Inactive,365,1,190.7,267.6875158822208,0.9999776962114252,High,Low Priority: Automated email only
15724,Inactive,201,2,218.25,480.5468112621774,0.9999776962114252,High,Low Priority: Automated email only
15725,Silver Tier,15,1,415.25,1379.6826382410247,2.230378857499007e-05,Low,Maintain: Standard loyalty program
15727,Silver Tier,17,7,5159.06,3099.7249297688195,2.2303788574990107e-05,Low,Maintain: Standard loyalty program
15729,Inactive,213,1,85.0,412.4669332194865,0.9999776962114252,High,Low Priority: Automated email only
15730,Silver Tier,66,3,1120.88,1244.7429800937311,2.230378857499106e-05,Low,Maintain: Standard loyalty program
15732,Inactive,212,2,294.12,411.76985081732926,0.9999776962114252,High,Low Priority: Automated email only
15733,Inactive,283,1,162.3,330.216929121674,0.9999776962114252,High,Low Priority: Automated email only
15734,Silver Tier,115,2,1339.45,1317.5800644751937,0.9999776962114252,High,Send: Standard win-back offer
15737,Silver Tier,15,8,1188.12,1233.3248621685018,2.230378857499003e-05,Low,Maintain: Standard loyalty program
15738,Gold Tier,19,16,4812.42,3713.52012352333,2.2303788574990307e-05,Low,Maintain: VIP loyalty program
15739,Silver Tier,66,1,449.12,858.4738053899073,2.2303788574990744e-05,Low,Maintain: Standard loyalty program
15740,Silver Tier,49,1,154.88,982.1439581906712,2.2303788574990544e-05,Low,Maintain: Standard loyalty program
15743,Silver Tier,16,4,775.96,1145.610998437161,2.2303788574989992e-05,Low,Maintain: Standard loyalty program
15744,Silver Tier,78,1,34.8,793.7994213099503,2.2303788574992923e-05,Low,Maintain: Standard loyalty program
15745,Silver Tier,19,4,1094.59,1294.9865852249338,2.2303788574989992e-05,Low,Maintain: Standard loyalty program
15746,Silver Tier,134,1,196.88,570.9298029785416,0.9999776962114252,High,Send: Standard win-back offer
15747,Silver Tier,13,3,946.64,1484.2847613133497,2.230378857499003e-05,Low,Maintain: Standard loyalty program
15748,Silver Tier,40,1,144.36,1063.2353258039057,2.2303788574990148e-05,Low,Maintain: Standard loyalty program
15749,Gold Tier,235,3,44534.3,15670.523775604528,0.9999776962114252,High,High Priority: Send retention offer
15750,Silver Tier,3,8,2463.05,1925.6044743671057,2.2303788574990148e-05,Low,Maintain: Standard loyalty program
15752,Silver Tier,40,7,2626.6,2077.3125469985,2.230378857499003e-05,Low,Maintain: Standard loyalty program
15753,Inactive,305,1,79.2,310.7423748975451,0.9999776962114252,High,Low Priority: Automated email only
15754,Silver Tier,51,3,458.57,811.9526266665259,2.2303788574990263e-05,Low,Maintain: Standard loyalty program
15755,Silver Tier,10,6,2364.25,2225.0709476205584,2.230378857499003e-05,Low,Maintain: Standard loyalty program
15756,Silver Tier,61,4,528.01,863.3383293104462,2.2303788574990585e-05,Low,Maintain: Standard loyalty program
15757,Silver Tier,66,2,714.42,932.3629710927364,2.2303788574990703e-05,Low,Maintain: Standard loyalty program
15758,Silver Tier,25,1,205.25,1246.1579201425084,2.2303788574990107e-05,Low,Maintain: Standard loyalty program
15759,Inactive,218,3,253.04,448.5486515333697,0.9999776962114252,High,Low Priority: Automated email only
15762,Silver Tier,65,2,583.75,1463.617644118644,2.2303788574990625e-05,Low,Maintain: Standard loyalty program
15763,Silver Tier,32,2,1086.92,2044.1829149067592,2.2303788574989992e-05,Low,Maintain: Standard loyalty program
15764,Silver Tier,88,6,3279.97,2374.505456562472,2.2303788575000844e-05,Low,Maintain: Standard loyalty program
15766,Silver Tier,64,1,315.06,871.382211660038,2.2303788574990663e-05,Low,Maintain: Standard loyalty program
15768,Silver Tier,116,3,621.8299999999999,767.0547379962646,0.9999776962114252,High,Send: Standard win-back offer
15769,Gold Tier,7,26,56252.72,42782.81868662549,2.2303788574991174e-05,Low,Maintain: VIP loyalty program
15773,Silver Tier,6,1,635.6800000000001,1566.149238768915,2.2303788574990148e-05,Low,Maintain: Standard loyalty program
15774,Silver Tier,69,1,270.8,845.942306092539,2.2303788574990744e-05,Low,Maintain: Standard loyalty program
15775,Inactive,245,1,104.9,369.1232389549317,0.9999776962114252,High,Low Priority: Automated email only
15776,Silver Tier,133,1,241.62,573.7558586401718,0.9999776962114252,High,Send: Standard win-back offer
15777,Inactive,241,4,1047.11,813.006589331198,0.9999776962114252,High,Low Priority: Automated email only
15780,Inactive,184,3,475.28,550.9547562706778,0.9999776962114252,High,Low Priority: Automated email only
15781,Silver Tier,25,3,345.46,599.4473058886672,2.230378857499007e-05,Low,Maintain: Standard loyalty program
15782,Silver Tier,10,3,2614.74,2784.580845844608,2.230378857499007e-05,Low,Maintain: Standard loyalty program
15783,Silver Tier,11,1,246.3,1467.013040655582,2.230378857499007e-05,Low,Maintain: Standard loyalty program
15785,Silver Tier,33,5,2328.9700000000003,1604.5746073264745,2.230378857499003e-05,Low,Maintain: Standard loyalty program
15786,Silver Tier,46,3,4919.0,3516.141533642472,2.2303788574990625e-05,Low,Maintain: Standard loyalty program
15787,Silver Tier,26,3,933.26,2053.280276586374,2.230378857499003e-05,Low,Maintain: Standard loyalty program
15789,Inactive,358,1,351.3,271.448553849472,0.9999776962114252,High,Low Priority: Automated email only
15790,Silver Tier,10,1,218.75,1467.013040655582,2.2303788574990107e-05,Low,Maintain: Standard loyalty program
15791,Silver Tier,44,2,1612.69,910.2426603475344,2.2303788574989992e-05,Low,Maintain: Standard loyalty program
15793,Silver Tier,15,3,965.61,1021.2164948667258,2.230378857499003e-05,Low,Maintain: Standard loyalty program
15795,Inactive,150,1,610.01,531.6500917101112,0.9999776962114252,High,Low Priority: Automated email only
15796,Silver Tier,1,8,2708.61,2482.2506346181813,2.2303788574990226e-05,Low,Maintain: Standard loyalty program
15797,Silver Tier,113,4,2207.4,2137.590913151862,0.9999776962114252,High,Send: Standard win-back offer
15799,Silver Tier,76,3,884.14,782.4916907827578,2.230378857499205e-05,Low,Maintain: Standard loyalty program
15800,Silver Tier,107,2,696.89,845.7084557257051,0.9999776962114252,High,Send: Standard win-back offer
15801,Silver Tier,46,3,1063.95,2386.28612756294,2.230378857499003e-05,Low,Maintain: Standard loyalty program
15802,Silver Tier,143,1,451.42,549.2856589747144,0.9999776962114252,High,Send: Standard win-back offer
15803,Silver Tier,51,1,415.8200000000001,965.7756941997336,2.2303788574990263e-05,Low,Maintain: Standard loyalty program
15804,Silver Tier,1,13,4206.39,5124.561299154105,2.2303788574990263e-05,Low,Maintain: Standard loyalty program
15805,Gold Tier,23,17,5488.18,4251.232274627147,2.2303788574990307e-05,Low,Maintain: VIP loyalty program
15806,Silver Tier,46,3,784.58,844.301922720497,2.230378857499003e-05,Low,Maintain: Standard loyalty program
15807,Silver Tier,50,3,903.9,1463.9277762401184,2.2303788574990107e-05,Low,Maintain: Standard loyalty program
15808,Inactive,306,4,3651.27,2171.240243359763,0.9999776962114252,High,Low Priority: Automated email only
15809,Silver Tier,36,5,515.77,678.1042903667616,2.230378857499007e-05,Low,Maintain: Standard loyalty program
15810,Silver Tier,79,4,1391.98,1271.3206546653375,2.2303788574993715e-05,Low,Maintain: Standard loyalty program
15811,Silver Tier,22,6,2218.62,1772.20513599027,2.2303788574989992e-05,Low,Maintain: Standard loyalty program
15812,Silver Tier,107,5,1801.14,1663.9550073711912,0.9999776962114252,High,Send: Standard win-back offer
15813,Inactive,208,2,1303.91,937.3310018205976,0.9999776962114252,High,Low Priority: Automated email only
15814,Silver Tier,17,4,1945.33,3310.306293691634,2.2303788574989992e-05,Low,Maintain: Standard loyalty program
15815,Silver Tier,64,5,2100.6,2072.2883783566917,2.2303788574990974e-05,Low,Maintain: Standard loyalty program
15819,Silver Tier,49,4,1905.45,1571.4913728661209,2.2303788574990107e-05,Low,Maintain: Standard loyalty program
15820,Inactive,320,1,206.98,298.7303885584828,0.9999776962114252,High,Low Priority: Automated email only
15821,Silver Tier,44,2,570.96,1750.6394045477527,2.2303788574989992e-05,Low,Maintain: Standard loyalty program
15822,Silver Tier,3,2,885.47,618.0647722910187,2.2303788574990148e-05,Low,Maintain: Standard loyalty program
15823,Inactive,372,1,15.0,262.83198413710926,0.9999776962114252,High,Low Priority: Automated email only
15825,Inactive,172,1,532.94,480.91743193220873,0.9999776962114252,High,Low Priority: Automated email only
15826,Silver Tier,56,3,1654.31,1448.9746306693285,2.2303788574990307e-05,Low,Maintain: Standard loyalty program
15827,Silver Tier,73,14,1836.09,1575.5821883975989,2.230378857499213e-05,Low,Maintain: Standard loyalty program
15829,Silver Tier,99,2,636.14,1080.1372972202248,0.9999776962114252,High,Send: Standard win-back offer
15830,Silver Tier,38,1,576.0,1093.3262542128698,2.2303788574989992e-05,Low,Maintain: Standard loyalty program
15831,Silver Tier,58,3,794.64,741.5551267649843,2.2303788574990344e-05,Low,Maintain: Standard loyalty program
15832,Inactive,254,1,836.79,358.8392222195989,0.9999776962114252,High,Low Priority: Automated email only
15834,Silver Tier,70,4,2225.15,1250.5558368121326,2.230378857499217e-05,Low,Maintain: Standard loyalty program
15835,Silver Tier,44,4,954.09,881.8492436459275,2.2303788574989992e-05,Low,Maintain: Standard loyalty program
15836,Silver Tier,50,1,137.37,973.891045138813,2.2303788574990625e-05,Low,Maintain: Standard loyalty program
15837,Silver Tier,65,1,391.98,871.382211660038,2.2303788574990663e-05,Low,Maintain: Standard loyalty program
15838,Gold Tier,11,19,33643.08,25104.80402117906,2.23037885749909e-05,Low,Maintain: VIP loyalty program
15839,Silver Tier,33,3,1048.49,1711.1636617855256,2.2303788574989992e-05,Low,Maintain: Standard loyalty program
15840,Silver Tier,59,2,355.56,703.9590628382288,2.2303788574990426e-05,Low,Maintain: Standard loyalty program
15841,Silver Tier,73,4,1224.06,1047.0949850212253,2.230378857499177e-05,Low,Maintain: Standard loyalty program
15843,Inactive,304,1,118.95,311.5776142870179,0.9999776962114252,High,Low Priority: Automated email only
15844,Silver Tier,46,1,130.73999999999998,1007.7639635956134,2.2303788574990148e-05,Low,Maintain: Standard loyalty program
15845,Silver Tier,18,8,3711.77,3100.4225635308744,2.230378857499007e-05,Low,Maintain: Standard loyalty program
15847,Silver Tier,38,2,389.27,551.2849374049844,2.230378857499003e-05,Low,Maintain: Standard loyalty program
15850,Silver Tier,19,2,234.88,721.9273955125948,2.230378857499007e-05,Low,Maintain: Standard loyalty program
15852,Inactive,187,2,160.71,575.1342317931629,0.9999776962114252,High,Low Priority: Automated email only
15853,Silver Tier,52,1,110.8,965.7756941997336,2.230378857499082e-05,Low,Maintain: Standard loyalty program
15854,Silver Tier,4,12,2969.12,2443.632714326419,2.2303788574990148e-05,Low,Maintain: Standard loyalty program
15855,Silver Tier,137,5,712.24,1038.5219275599843,0.9999776962114252,High,Send: Standard win-back offer
15856,Gold Tier,4,27,16143.64,11518.526966721758,2.230378857499106e-05,Low,Maintain: VIP loyalty program
15857,Silver Tier,19,1,297.0,1332.1040378327834,2.230378857499007e-05,Low,Maintain: Standard loyalty program
15858,Silver Tier,16,5,1427.57,1103.6194474217943,2.2303788574989992e-05,Low,Maintain: Standard loyalty program
15860,Silver Tier,41,8,965.16,994.1616287277408,2.2303788574989992e-05,Low,Maintain: Standard loyalty program
15861,Silver Tier,12,8,3146.92,2765.9488103310982,2.230378857499007e-05,Low,Maintain: Standard loyalty program
15862,Silver Tier,8,4,832.88,673.6815821064246,2.2303788574990185e-05,Low,Maintain: Standard loyalty program
15863,Silver Tier,26,2,68.84,590.8186439699251,2.2303788574990185e-05,Low,Maintain: Standard loyalty program
15864,Silver Tier,22,6,1936.32,1802.813334428149,2.2303788574989992e-05,Low,Maintain: Standard loyalty program
15865,Silver Tier,41,3,895.13,1136.7579113735394,2.2303788574989992e-05,Low,Maintain: Standard loyalty program
15866,Silver Tier,101,1,211.89,681.7438105098372,0.9999776962114252,High,Send: Standard win-back offer
15867,Gold Tier,5,15,3810.14,3148.387963711351,2.2303788574990344e-05,Low,Maintain: VIP loyalty program
15869,Inactive,277,2,149.64,334.98832132167604,0.9999776962114252,High,Low Priority: Automated email only
15870,Silver Tier,33,1,351.44,1147.450852684066,2.230378857499007e-05,Low,Maintain: Standard loyalty program
15872,Silver Tier,15,2,316.25,1396.3067155040203,2.230378857499007e-05,Low,Maintain: Standard loyalty program
15874,Silver Tier,64,7,4405.88,3888.6633401970366,2.2303788574991693e-05,Low,Maintain: Standard loyalty program
15877,Silver Tier,2,2,490.33,2428.9455006678986,2.2303788574990185e-05,Low,Maintain: Standard loyalty program
15880,Inactive,369,1,329.03000000000003,264.6320244409797,0.9999776962114252,High,Low Priority: Automated email only
15881,Inactive,312,5,501.39,595.5325277224617,0.9999776962114252,High,Low Priority: Automated email only
15882,Inactive,199,4,516.36,408.4223806559052,0.9999776962114252,High,Low Priority: Automated email only
15883,Silver Tier,2,2,396.48,2052.7520430206714,2.2303788574990185e-05,Low,Maintain: Standard loyalty program
15885,Silver Tier,93,3,379.35,674.565064107495,0.9999776962114252,High,Send: Standard win-back offer
15886,Silver Tier,60,1,181.09,898.3998783426291,2.230378857499082e-05,Low,Maintain: Standard loyalty program
15888,Silver Tier,81,1,168.31,777.8183113846773,2.2303788574993597e-05,Low,Maintain: Standard loyalty program
15889,Inactive,157,2,420.07,409.5828376361003,0.9999776962114252,High,Low Priority: Automated email only
15891,Inactive,227,1,511.68,392.89445809729585,0.9999776962114252,High,Low Priority: Automated email only
15894,Inactive,253,2,258.25,382.19764496636634,0.9999776962114252,High,Low Priority: Automated email only
15895,Inactive,150,1,179.17,531.6500917101112,0.9999776962114252,High,Low Priority: Automated email only
15897,Inactive,194,2,208.59,440.69317179989525,0.9999776962114252,High,Low Priority: Automated email only
15898,Silver Tier,1,5,1383.83,1074.0895274058653,2.2303788574990185e-05,Low,Maintain: Standard loyalty program
15899,Inactive,369,1,56.25,265.2375295735978,0.9999776962114252,High,Low Priority: Automated email only
15900,Silver Tier,24,1,337.28000000000003,1259.703587062989,2.230378857499007e-05,Low,Maintain: Standard loyalty program
15901,Silver Tier,17,3,351.73,976.885782578378,2.230378857499007e-05,Low,Maintain: Standard loyalty program
15903,Silver Tier,10,7,5126.76,4814.756522290453,2.2303788574990107e-05,Low,Maintain: Standard loyalty program
15904,Silver Tier,8,1,164.68,1505.1219667863047,2.23037885749909e-05,Low,Maintain: Standard loyalty program
15906,Silver Tier,20,7,1567.69,1594.7403895872628,2.230378857499003e-05,Low,Maintain: Standard loyalty program
15907,Silver Tier,4,3,882.72,1234.2256209472328,2.2303788574990148e-05,Low,Maintain: Standard loyalty program
15909,Inactive,174,1,191.94,478.9304059352244,0.9999776962114252,High,Low Priority: Automated email only
15910,Silver Tier,1,8,1228.88,1311.1155978331603,2.2303788574990226e-05,Low,Maintain: Standard loyalty program
15912,Inactive,178,2,264.62,569.6185373300596,0.9999776962114252,High,Low Priority: Automated email only
15916,Silver Tier,16,8,1502.86,1294.932665732707,2.230378857499003e-05,Low,Maintain: Standard loyalty program
15917,Inactive,248,1,123.1,366.7872811283449,0.9999776962114252,High,Low Priority: Automated email only
15918,Inactive,191,2,334.23,564.1539453213641,0.9999776962114252,High,Low Priority: Automated email only
15919,Silver Tier,20,2,525.69,517.8391006968601,2.230378857499007e-05,Low,Maintain: Standard loyalty program
15920,Inactive,154,4,167.5,519.7310816912019,0.9999776962114252,High,Low Priority: Automated email only
15921,Inactive,173,1,323.03000000000003,480.91743193220873,0.9999776962114252,High,Low Priority: Automated email only
15922,Inactive,373,1,369.5,262.2374002805863,0.9999776962114252,High,Low Priority: Automated email only
15923,Inactive,373,1,127.08,262.83198413710926,0.9999776962114252,High,Low Priority: Automated email only
15925,Inactive,194,1,207.15,440.69317179989525,0.9999776962114252,High,Low Priority: Automated email only
15930,Silver Tier,67,1,426.63,852.1619817857782,2.2303788574990744e-05,Low,Maintain: Standard loyalty program
15932,Silver Tier,4,8,2495.87,2403.584416851694,2.2303788574990148e-05,Low,Maintain: Standard loyalty program
15933,Silver Tier,21,3,1107.46,2290.808058340308,2.2303788574989992e-05,Low,Maintain: Standard loyalty program
15935,Inactive,239,2,416.86,538.3740914300174,0.9999776962114252,High,Low Priority: Automated email only
15937,Silver Tier,64,1,145.35,871.382211660038,2.2303788574991137e-05,Low,Maintain: Standard loyalty program
15938,Silver Tier,112,5,404.58,651.2417972658195,0.9999776962114252,High,Send: Standard win-back offer
15939,Gold Tier,90,15,6115.01,4789.748286786878,2.230378857500116e-05,Low,Maintain: VIP loyalty program
15940,Inactive,311,1,35.8,305.018777800336,0.9999776962114252,High,Low Priority: Automated email only
15942,Silver Tier,134,1,337.44,573.7558586401718,0.9999776962114252,High,Send: Standard win-back offer
15944,Inactive,277,1,325.1,335.95919464018573,0.9999776962114252,High,Low Priority: Automated email only
15945,Inactive,365,1,181.0,267.07078577809557,0.9999776962114252,High,Low Priority: Automated email only
15947,Silver Tier,83,1,1708.24,767.5170296675334,2.2303788574995376e-05,Low,Maintain: Standard loyalty program
15948,Silver Tier,8,2,955.24,2018.1773135632393,2.2303788574990185e-05,Low,Maintain: Standard loyalty program
15949,Silver Tier,17,2,364.72,1240.1872426654693,2.230378857499007e-05,Low,Maintain: Standard loyalty program
15950,Silver Tier,32,4,1744.71,1303.4197319368764,2.2303788574989992e-05,Low,Maintain: Standard loyalty program
15951,Silver Tier,9,2,708.22,656.5603824362341,2.230378857499003e-05,Low,Maintain: Standard loyalty program
15952,Silver Tier,34,4,781.91,1087.0678775874926,2.230378857499003e-05,Low,Maintain: Standard loyalty program
15953,Silver Tier,15,8,1657.28,1426.0547017523952,2.230378857499003e-05,Low,Maintain: Standard loyalty program
15955,Gold Tier,24,14,4416.26,3200.1453335389724,2.2303788574990307e-05,Low,Maintain: VIP loyalty program
15957,Silver Tier,32,1,428.89,1158.925382250077,2.230378857499007e-05,Low,Maintain: Standard loyalty program
15958,Silver Tier,74,1,104.35,810.4510859892586,2.2303788574992563e-05,Low,Maintain: Standard loyalty program
15963,Silver Tier,20,2,470.76,1680.9168417170058,2.230378857499007e-05,Low,Maintain: Standard loyalty program
15965,Silver Tier,17,4,808.87,785.035538406153,2.2303788574989992e-05,Low,Maintain: Standard loyalty program
15967,Silver Tier,23,2,397.68,528.6804135765208,2.230378857499007e-05,Low,Maintain: Standard loyalty program
15969,Silver Tier,3,3,666.1,996.0048187621408,2.2303788574990148e-05,Low,Maintain: Standard loyalty program
15970,Inactive,304,1,314.09999999999997,311.5776142870179,0.9999776962114252,High,Low Priority: Automated email only
15971,Silver Tier,18,12,4199.85,3374.9803586781723,2.2303788574990107e-05,Low,Maintain: Standard loyalty program
15973,Inactive,367,1,307.82000000000005,266.45689100090283,0.9999776962114252,High,Low Priority: Automated email only
15974,Silver Tier,39,7,3442.15,2841.368969055885,2.230378857499003e-05,Low,Maintain: Standard loyalty program
15975,Silver Tier,84,1,371.01,757.4850672444373,2.2303788574994583e-05,Low,Maintain: Standard loyalty program
15976,Inactive,165,2,427.64,688.7144243666413,0.9999776962114252,High,Low Priority: Automated email only
15977,Silver Tier,17,2,1054.73,3119.920750252915,2.230378857499003e-05,Low,Maintain: Standard loyalty program
15978,Silver Tier,77,1,1098.78,793.7994213099503,2.230378857499229e-05,Low,Maintain: Standard loyalty program
15980,Silver Tier,89,3,2398.86,1874.8867648433445,2.2303788575000807e-05,Low,Maintain: Standard loyalty program
15981,Silver Tier,25,8,3408.48,3082.2591485133794,2.230378857499007e-05,Low,Maintain: Standard loyalty program
15983,Silver Tier,22,4,1465.12,1064.134756191097,2.2303788574989992e-05,Low,Maintain: Standard loyalty program
15984,Silver Tier,3,10,2780.63,2343.9570949695735,2.2303788574990148e-05,Low,Maintain: Standard loyalty program
15985,Silver Tier,123,2,1142.42,676.9011031670595,0.9999776962114252,High,Send: Standard win-back offer
15986,Silver Tier,30,1,168.11999999999998,1170.6317638661749,2.2303788574990107e-05,Low,Maintain: Standard loyalty program
15987,Silver Tier,12,7,1432.77,1314.7123565992213,2.230378857499003e-05,Low,Maintain: Standard loyalty program
15988,Silver Tier,19,1,156.78,1316.965589877716,2.2303788574990107e-05,Low,Maintain: Standard loyalty program
15990,Silver Tier,44,2,792.11,699.1371044489179,2.2303788574989992e-05,Low,Maintain: Standard loyalty program
15992,Silver Tier,4,1,41.989999999999995,1609.660589705031,2.23037885749909e-05,Low,Maintain: Standard loyalty program
15993,Silver Tier,9,7,2777.67,5529.328375194355,2.230378857499007e-05,Low,Maintain: Standard loyalty program
15994,Silver Tier,55,1,414.27,942.2214556792164,2.2303788574990344e-05,Low,Maintain: Standard loyalty program
15996,Silver Tier,88,6,1032.58,916.2261699451136,2.230378857500057e-05,Low,Maintain: Standard loyalty program
15998,Silver Tier,37,5,3080.22,1976.0285673185467,2.230378857499003e-05,Low,Maintain: Standard loyalty program
16000,Silver Tier,3,3,12393.7,1632.33591665712,2.2303788574990226e-05,Low,Maintain: Standard loyalty program
16003,Silver Tier,30,5,2735.37,1476.555029614659,2.230378857499003e-05,Low,Maintain: Standard loyalty program
16005,Silver Tier,12,4,578.71,805.508533796468,2.230378857499003e-05,Low,Maintain: Standard loyalty program
16006,Inactive,211,1,101.4,413.9398564473345,0.9999776962114252,High,Low Priority: Automated email only
16007,Silver Tier,48,4,1693.81,1978.7553875852564,2.2303788574990107e-05,Low,Maintain: Standard loyalty program
16008,Silver Tier,24,3,478.78,906.9305998706972,2.230378857499007e-05,Low,Maintain: Standard loyalty program
16009,Silver Tier,22,4,972.11,1376.1204196589922,2.2303788574989992e-05,Low,Maintain: Standard loyalty program
16010,Inactive,246,3,392.4,532.0970992998914,0.9999776962114252,High,Low Priority: Automated email only
16011,Gold Tier,8,16,3352.96,2731.0440048605938,2.2303788574990344e-05,Low,Maintain: VIP loyalty program
16012,Silver Tier,35,3,1415.29,2063.615380936405,2.2303788574989992e-05,Low,Maintain: Standard loyalty program
16013,Gold Tier,4,47,37130.6,27695.433905990205,2.230378857499209e-05,Low,Maintain: VIP loyalty program
16014,Silver Tier,38,3,646.83,732.7682140516393,2.2303788574989992e-05,Low,Maintain: Standard loyalty program
16015,Silver Tier,4,3,704.55,2262.0071986191815,2.2303788574990148e-05,Low,Maintain: Standard loyalty program
16016,Silver Tier,3,8,1465.51,1170.7636929635337,2.2303788574990107e-05,Low,Maintain: Standard loyalty program
16017,Silver Tier,47,1,211.88,999.0767042537736,2.2303788574990185e-05,Low,Maintain: Standard loyalty program
16018,Silver Tier,39,2,408.9,834.378907041216,2.230378857499003e-05,Low,Maintain: Standard loyalty program
16019,Silver Tier,47,9,3786.24,3038.742821668636,2.2303788574990263e-05,Low,Maintain: Standard loyalty program
16020,Silver Tier,17,3,851.01,1732.0655884447017,2.230378857499003e-05,Low,Maintain: Standard loyalty program
16022,Inactive,260,1,602.63,352.2957723378669,0.9999776962114252,High,Low Priority: Automated email only
16023,Silver Tier,46,3,719.8100000000001,921.5863617309412,2.230378857499003e-05,Low,Maintain: Standard loyalty program
16024,Silver Tier,12,1,251.03,1430.786674672573,2.230378857499007e-05,Low,Maintain: Standard loyalty program
16025,Silver Tier,30,1,439.66,1182.577097323801,2.230378857499007e-05,Low,Maintain: Standard loyalty program
16026,Silver Tier,43,1,236.09,1034.75663059681,2.230378857499003e-05,Low,Maintain: Standard loyalty program
16027,Silver Tier,92,6,934.62,940.2708129446048,0.9999776962114252,High,Send: Standard win-back offer
16029,Platinum Tier,39,63,80850.84,58607.319456747624,2.230378857499217e-05,Low,Maintain: Continue white-glove service
16030,Inactive,310,1,331.24,306.63246177490436,0.9999776962114252,High,Low Priority: Automated email only
16031,Silver Tier,92,2,547.9,653.05863700189,0.9999776962114252,High,Send: Standard win-back offer
16033,Gold Tier,6,20,8778.82,6884.381479119342,2.2303788574990426e-05,Low,Maintain: VIP loyalty program
16034,Inactive,196,3,437.7,574.2837557899874,0.9999776962114252,High,Low Priority: Automated email only
16036,Silver Tier,87,2,758.9200000000001,904.0145194089656,2.230378857499716e-05,Low,Maintain: Standard loyalty program
16037,Inactive,270,3,855.02,727.1135021793278,0.9999776962114252,High,Low Priority: Automated email only
16038,Silver Tier,8,3,471.78,710.2179726435339,2.2303788574990226e-05,Low,Maintain: Standard loyalty program
16040,Silver Tier,65,3,1313.55,1229.0505190162903,2.2303788574990974e-05,Low,Maintain: Standard loyalty program
16041,Silver Tier,31,3,3166.4,1233.8397499956109,2.230378857499003e-05,Low,Maintain: Standard loyalty program
16042,Silver Tier,22,5,1177.47,1264.618863282849,2.2303788574989992e-05,Low,Maintain: Standard loyalty program
16043,Silver Tier,38,4,773.99,761.1938270923629,2.2303788574989992e-05,Low,Maintain: Standard loyalty program
16045,Silver Tier,120,4,1340.7,998.9861265631469,0.9999776962114252,High,Send: Standard win-back offer
16048,Inactive,373,2,256.44,262.2374002805863,0.9999776962114252,High,Low Priority: Automated email only
16049,Silver Tier,40,3,1074.81,2244.543893821529,2.2303788574989992e-05,Low,Maintain: Standard loyalty program
16050,Inactive,174,1,137.9,478.9304059352244,0.9999776962114252,High,Low Priority: Automated email only
16052,Silver Tier,54,1,362.06,942.2214556792164,2.2303788574990344e-05,Low,Maintain: Standard loyalty program
16053,Silver Tier,33,2,1511.95,1298.353467186832,2.2303788574989992e-05,Low,Maintain: Standard loyalty program
16054,Inactive,145,1,783.9,541.5862926153269,0.9999776962114252,High,Low Priority: Automated email only
16055,Inactive,221,1,134.8,401.0504787668746,0.9999776962114252,High,Low Priority: Automated email only
16056,Silver Tier,45,1,650.75,1016.603648575807,2.230378857499003e-05,Low,Maintain: Standard loyalty program
16057,Silver Tier,16,7,2263.12,1812.0336367704313,2.230378857499003e-05,Low,Maintain: Standard loyalty program
16059,Silver Tier,66,6,1453.16,1328.5795816161228,2.23037885749911e-05,Low,Maintain: Standard loyalty program
16062,Silver Tier,10,4,1153.62,994.3961991449085,2.230378857499003e-05,Low,Maintain: Standard loyalty program
16063,Inactive,260,1,335.32,352.2957723378669,0.9999776962114252,High,Low Priority: Automated email only
16065,Inactive,365,1,367.14,267.07078577809557,0.9999776962114252,High,Low Priority: Automated email only
16066,Silver Tier,17,5,1521.04,2755.3497520442356,2.2303788574989992e-05,Low,Maintain: Standard loyalty program
16070,Silver Tier,22,2,852.15,1825.114385341003,2.230378857499003e-05,Low,Maintain: Standard loyalty program
16071,Silver Tier,45,1,326.24,1025.5998068295544,2.230378857499007e-05,Low,Maintain: Standard loyalty program
16072,Inactive,288,1,584.3199999999999,324.6676665070214,0.9999776962114252,High,Low Priority: Automated email only
16073,Inactive,297,1,122.4,316.68489035990433,0.9999776962114252,High,Low Priority: Automated email only
16076,Silver Tier,3,10,2234.73,2828.0240966013016,2.2303788574990107e-05,Low,Maintain: Standard loyalty program
16078,Inactive,284,1,79.2,329.2789155637291,0.9999776962114252,High,Low Priority: Automated email only
16079,Silver Tier,17,3,1352.0,3667.5446481871286,2.230378857499003e-05,Low,Maintain: Standard loyalty program
16080,Silver Tier,82,2,217.16,472.2264768767537,2.230378857499379e-05,Low,Maintain: Standard loyalty program
16081,Silver Tier,56,5,2799.42,2266.1090500214605,2.2303788574990344e-05,Low,Maintain: Standard loyalty program
16083,Silver Tier,101,2,1317.62,972.5865904598284,0.9999776962114252,High,Send: Standard win-back offer
16084,Inactive,299,1,436.18,314.9639617944119,0.9999776962114252,High,Low Priority: Automated email only
16085,Silver Tier,23,5,981.51,1039.1415279966025,2.2303788574989992e-05,Low,Maintain: Standard loyalty program
16086,Silver Tier,59,5,1121.39,1031.2202054238082,2.2303788574990385e-05,Low,Maintain: Standard loyalty program
16091,Inactive,155,2,315.06,681.4315723288362,0.9999776962114252,High,Low Priority: Automated email only
16092,Silver Tier,115,3,817.86,922.3064197571562,0.9999776962114252,High,Send: Standard win-back offer
16093,Silver Tier,107,1,17.0,662.2674747601277,0.9999776962114252,High,Send: Standard win-back offer
16094,Silver Tier,12,4,1078.23,1370.338744783049,2.230378857499003e-05,Low,Maintain: Standard loyalty program
16096,Inactive,264,1,320.62,348.06446272391844,0.9999776962114252,High,Low Priority: Automated email only
16097,Inactive,240,1,185.05,375.09541896348713,0.9999776962114252,High,Low Priority: Automated email only
16098,Silver Tier,88,7,2005.63,1494.8797015381317,2.2303788575000885e-05,Low,Maintain: Standard loyalty program
16099,Silver Tier,50,3,731.9,918.0431682939692,2.2303788574990107e-05,Low,Maintain: Standard loyalty program
16101,Silver Tier,71,1,1290.7,833.7714421202147,2.2303788574991693e-05,Low,Maintain: Standard loyalty program
16102,Silver Tier,42,3,1842.14,2272.5719887031396,2.2303788574989992e-05,Low,Maintain: Standard loyalty program
16103,Silver Tier,7,6,1429.64,1802.6129435595883,2.230378857499007e-05,Low,Maintain: Standard loyalty program
16104,Silver Tier,62,1,298.21,891.4895806459505,2.2303788574990663e-05,Low,Maintain: Standard loyalty program
16105,Inactive,249,1,336.96,365.6303548271988,0.9999776962114252,High,Low Priority: Automated email only
16106,Silver Tier,66,1,108.38,864.8798402201314,2.230378857499122e-05,Low,Maintain: Standard loyalty program
16107,Silver Tier,18,7,3204.1600000000003,4023.129504167779,2.230378857499007e-05,Low,Maintain: Standard loyalty program
16108,Silver Tier,85,1,842.5,757.4850672444373,2.2303788574994623e-05,Low,Maintain: Standard loyalty program
16109,Inactive,219,2,611.88,587.9357802833441,0.9999776962114252,High,Low Priority: Automated email only
16110,Silver Tier,45,3,1320.95,1110.752520273489,2.230378857499003e-05,Low,Maintain: Standard loyalty program
16112,Silver Tier,143,4,195.74,459.88390901002623,0.9999776962114252,High,Send: Standard win-back offer
16113,Inactive,183,1,161.38,459.9274469594371,0.9999776962114252,High,Low Priority: Automated email only
16114,Inactive,171,1,135.75000000000003,484.94136442000433,0.9999776962114252,High,Low Priority: Automated email only
16115,Silver Tier,10,8,1660.88,1795.142231512057,2.230378857499003e-05,Low,Maintain: Standard loyalty program
16116,Inactive,212,1,612.78,413.9398564473345,0.9999776962114252,High,Low Priority: Automated email only
16117,Inactive,190,1,232.21,449.23271518157816,0.9999776962114252,High,Low Priority: Automated email only
16119,Silver Tier,8,2,423.36,1203.4955091845486,2.2303788574990226e-05,Low,Maintain: Standard loyalty program
16120,Silver Tier,59,4,1309.14,905.4181567991492,2.2303788574990385e-05,Low,Maintain: Standard loyalty program
16121,Silver Tier,57,2,854.66,1055.4136764445473,2.2303788574990307e-05,Low,Maintain: Standard loyalty program
16122,Silver Tier,73,4,684.42,755.7061627937418,2.2303788574991415e-05,Low,Maintain: Standard loyalty program
16123,Silver Tier,52,1,307.78,965.7756941997336,2.2303788574990307e-05,Low,Maintain: Standard loyalty program
16124,Inactive,317,1,249.0,300.2780509841134,0.9999776962114252,High,Low Priority: Automated email only
16125,Inactive,367,1,289.35,265.8458120425742,0.9999776962114252,High,Low Priority: Automated email only
16126,Silver Tier,29,4,6287.77,5001.52009543589,2.230378857499007e-05,Low,Maintain: Standard loyalty program
16127,Silver Tier,39,1,656.25,1073.0798618180827,2.2303788574989992e-05,Low,Maintain: Standard loyalty program
16128,Silver Tier,18,5,1880.22,1774.11025002869,2.2303788574989992e-05,Low,Maintain: Standard loyalty program
16131,Silver Tier,52,6,3506.54,2954.3556882982643,2.2303788574990307e-05,Low,Maintain: Standard loyalty program
16133,Gold Tier,4,33,14589.04,12707.661943542942,2.230378857499205e-05,Low,Maintain: VIP loyalty program
16134,Silver Tier,22,2,618.09,544.0588036851976,2.230378857499003e-05,Low,Maintain: Standard loyalty program
16135,Inactive,263,1,517.55,350.16733507934754,0.9999776962114252,High,Low Priority: Automated email only
16136,Silver Tier,60,3,709.38,899.3088068815517,2.2303788574990385e-05,Low,Maintain: Standard loyalty program
16139,Silver Tier,19,3,635.41,1071.7897020828937,2.2303788574989992e-05,Low,Maintain: Standard loyalty program
16140,Silver Tier,66,2,725.1800000000001,702.3512313393995,2.2303788574990703e-05,Low,Maintain: Standard loyalty program
16141,Silver Tier,88,1,620.4,738.1879265173318,2.2303788574999773e-05,Low,Maintain: Standard loyalty program
16142,Inactive,250,1,535.34,364.48070425354217,0.9999776962114252,High,Low Priority: Automated email only
16143,Silver Tier,3,6,2424.94,1858.5974993529392,2.2303788574990107e-05,Low,Maintain: Standard loyalty program
16144,Inactive,247,1,175.2,367.9515524467717,0.9999776962114252,High,Low Priority: Automated email only
16145,Silver Tier,9,11,3799.49,3041.9636604707935,2.2303788574990107e-05,Low,Maintain: Standard loyalty program
16146,Inactive,157,3,734.13,828.9518355542989,0.9999776962114252,High,Low Priority: Automated email only
16147,Silver Tier,134,1,375.0,573.7558586401718,0.9999776962114252,High,Send: Standard win-back offer
16148,Inactive,296,1,76.32000000000001,317.55242640997517,0.9999776962114252,High,Low Priority: Automated email only
16149,Silver Tier,5,2,280.52,808.3653803561092,2.230378857499082e-05,Low,Maintain: Standard loyalty program
16150,Silver Tier,43,5,2053.02,1532.087604379254,2.2303788574989992e-05,Low,Maintain: Standard loyalty program
16152,Inactive,269,1,1829.04,343.9335921559132,0.9999776962114252,High,Low Priority: Automated email only
16153,Silver Tier,50,5,1824.23,1559.5372903154632,2.2303788574990107e-05,Low,Maintain: Standard loyalty program
16156,Silver Tier,9,9,3092.04,2804.314310434703,2.230378857499007e-05,Low,Maintain: Standard loyalty program
16157,Silver Tier,16,3,656.69,2074.1671204861013,2.230378857499003e-05,Low,Maintain: Standard loyalty program
16159,Inactive,282,1,348.2,331.16030234843294,0.9999776962114252,High,Low Priority: Automated email only
16160,Silver Tier,65,2,1025.44,1304.385467422098,2.2303788574990625e-05,Low,Maintain: Standard loyalty program
16161,Gold Tier,2,19,5533.67,4438.117134077661,2.2303788574990385e-05,Low,Maintain: VIP loyalty program
16162,Inactive,252,1,37.4,361.07472695079787,0.9999776962114252,High,Low Priority: Automated email only
16163,Inactive,232,2,856.6,588.6642297479871,0.9999776962114252,High,Low Priority: Automated email only
16164,Silver Tier,17,3,822.48,2875.7585574113914,2.230378857499003e-05,Low,Maintain: Standard loyalty program
16168,Gold Tier,11,27,3787.6,3033.943955349541,2.2303788574990463e-05,Low,Maintain: VIP loyalty program
16169,Silver Tier,8,4,1822.97,3699.031754697293,2.2303788574990107e-05,Low,Maintain: Standard loyalty program
16170,Silver Tier,51,6,1885.05,2062.7009909574613,2.2303788574990226e-05,Low,Maintain: Standard loyalty program
16171,Silver Tier,59,1,73.19999999999999,905.4181567991492,2.2303788574990937e-05,Low,Maintain: Standard loyalty program
16172,Silver Tier,95,5,1140.21,1421.967602262855,0.9999776962114252,High,Send: Standard win-back offer
16173,Silver Tier,16,6,1418.32,2806.644545692531,2.2303788574989992e-05,Low,Maintain: Standard loyalty program
16174,Silver Tier,126,3,1009.55,1596.0953140414722,0.9999776962114252,High,Send: Standard win-back offer
16175,Silver Tier,94,4,1037.59,1249.733549748253,0.9999776962114252,High,Send: Standard win-back offer
16177,Silver Tier,50,1,331.95,973.891045138813,2.2303788574990148e-05,Low,Maintain: Standard loyalty program
16178,Silver Tier,138,1,197.9,559.8986179491969,0.9999776962114252,High,Send: Standard win-back offer
16179,Silver Tier,61,1,215.83,898.3998783426291,2.2303788574990625e-05,Low,Maintain: Standard loyalty program
16180,Silver Tier,100,8,10254.18,10311.977373491123,0.9999776962114252,High,Send: Standard win-back offer
16181,Silver Tier,73,1,305.54,816.1579995989189,2.2303788574991693e-05,Low,Maintain: Standard loyalty program
16182,Silver Tier,72,4,6617.65,5366.1646702141425,2.230378857499284e-05,Low,Maintain: Standard loyalty program
16183,Silver Tier,67,1,338.71000000000004,852.1619817857782,2.2303788574990744e-05,Low,Maintain: Standard loyalty program
16184,Silver Tier,64,6,1158.79,1697.5882378855465,2.230378857499102e-05,Low,Maintain: Standard loyalty program
16185,Silver Tier,17,2,529.41,640.3925100059446,2.230378857499007e-05,Low,Maintain: Standard loyalty program
16186,Silver Tier,23,12,4006.94,3093.158636271493,2.2303788574990107e-05,Low,Maintain: Standard loyalty program
16187,Gold Tier,32,15,6911.4400000000005,6226.046989020599,2.2303788574990344e-05,Low,Maintain: VIP loyalty program
16188,Silver Tier,45,4,981.86,1308.1777839371448,2.230378857499003e-05,Low,Maintain: Standard loyalty program
16189,Silver Tier,16,2,215.48,1022.2664256426102,2.2303788574990185e-05,Low,Maintain: Standard loyalty program
16190,Silver Tier,40,1,215.08,1063.2353258039057,2.230378857499007e-05,Low,Maintain: Standard loyalty program
16191,Silver Tier,3,13,5180.52,3829.715041085854,2.2303788574990185e-05,Low,Maintain: Standard loyalty program
16193,Inactive,237,1,314.45,380.0141350613526,0.9999776962114252,High,Low Priority: Automated email only
16198,Silver Tier,75,1,400.681,804.82343769289,2.230378857499233e-05,Low,Maintain: Standard loyalty program
16200,Silver Tier,4,2,1068.87,1224.7891424584714,2.2303788574990148e-05,Low,Maintain: Standard loyalty program
16201,Silver Tier,3,4,1863.47,3558.6732654420266,2.2303788574990107e-05,Low,Maintain: Standard loyalty program
16202,Inactive,361,1,365.27,270.1831860954547,0.9999776962114252,High,Low Priority: Automated email only
16203,Silver Tier,59,4,592.9,635.2728088639291,2.2303788574990385e-05,Low,Maintain: Standard loyalty program
16204,Silver Tier,23,1,384.18,1259.703587062989,2.230378857499007e-05,Low,Maintain: Standard loyalty program
16205,Silver Tier,31,4,757.63,1408.8353770706508,2.2303788574989992e-05,Low,Maintain: Standard loyalty program
16206,Silver Tier,55,4,537.0600000000001,670.997916910639,2.2303788574990344e-05,Low,Maintain: Standard loyalty program
16207,Silver Tier,25,1,394.38,1232.9005241921468,2.230378857499007e-05,Low,Maintain: Standard loyalty program
16208,Silver Tier,45,2,664.26,516.2482755599233,2.230378857499003e-05,Low,Maintain: Standard loyalty program
16209,Silver Tier,89,5,2262.62,2439.668323291421,2.2303788575000844e-05,Low,Maintain: Standard loyalty program
16210,Gold Tier,2,18,21086.3,14293.008200841616,2.2303788574990937e-05,Low,Maintain: VIP loyalty program
16211,Silver Tier,89,1,547.02,738.1879265173318,2.2303788574999773e-05,Low,Maintain: Standard loyalty program
16212,Silver Tier,19,2,690.34,545.8240747355237,2.230378857499003e-05,Low,Maintain: Standard loyalty program
16213,Silver Tier,79,1,159.0,788.3999061904082,2.2303788574992963e-05,Low,Maintain: Standard loyalty program
16214,Inactive,171,3,1062.75,891.3151882166419,0.9999776962114252,High,Low Priority: Automated email only
16215,Silver Tier,81,1,242.35,777.8183113846773,2.2303788574993197e-05,Low,Maintain: Standard loyalty program
16216,Inactive,267,1,914.93,344.95708979870165,0.9999776962114252,High,Low Priority: Automated email only
16217,Inactive,235,2,304.25,487.9732971008028,0.9999776962114252,High,Low Priority: Automated email only
16218,Silver Tier,30,7,3084.68,2234.701558648025,2.230378857499003e-05,Low,Maintain: Standard loyalty program
16221,Silver Tier,37,3,860.86,813.7097251355029,2.2303788574989992e-05,Low,Maintain: Standard loyalty program
16222,Inactive,318,1,773.55,299.5022203602368,0.9999776962114252,High,Low Priority: Automated email only
16224,Silver Tier,57,4,1295.3,1569.8888820550978,2.2303788574990307e-05,Low,Maintain: Standard loyalty program
16225,Silver Tier,45,5,1096.32,1040.8292460913854,2.230378857499003e-05,Low,Maintain: Standard loyalty program
16226,Inactive,203,3,255.12,594.806480404254,0.9999776962114252,High,Low Priority: Automated email only
16227,Inactive,225,1,314.22,394.2306785524733,0.9999776962114252,High,Low Priority: Automated email only
16229,Silver Tier,87,2,1010.6,1151.5515234303753,2.2303788574997595e-05,Low,Maintain: Standard loyalty program
16230,Inactive,190,2,542.03,735.7240942971313,0.9999776962114252,High,Low Priority: Automated email only
16232,Silver Tier,44,4,990.88,1174.7066611307675,2.2303788574989992e-05,Low,Maintain: Standard loyalty program
16233,Silver Tier,71,3,536.6800000000001,603.6583621210734,2.2303788574991378e-05,Low,Maintain: Standard loyalty program
16235,Silver Tier,41,5,867.31,975.2427289664856,2.2303788574989992e-05,Low,Maintain: Standard loyalty program
16236,Silver Tier,78,1,432.2,788.3999061904082,2.2303788574992364e-05,Low,Maintain: Standard loyalty program
16239,Silver Tier,57,2,414.2,604.9569767202354,2.2303788574990344e-05,Low,Maintain: Standard loyalty program
16240,Silver Tier,24,2,3718.8,4647.79245506857,2.230378857499007e-05,Low,Maintain: Standard loyalty program
16241,Silver Tier,10,13,2590.31,2092.57846813483,2.230378857499007e-05,Low,Maintain: Standard loyalty program
16242,Silver Tier,8,7,3579.86,3579.591558745477,2.2303788574990148e-05,Low,Maintain: Standard loyalty program
16243,Silver Tier,34,2,409.1,1565.6262701048795,2.230378857499007e-05,Low,Maintain: Standard loyalty program
16244,Inactive,212,2,1522.75,612.662216997102,0.9999776962114252,High,Low Priority: Automated email only
16245,Silver Tier,24,3,1413.66,1338.5160167544425,2.2303788574989992e-05,Low,Maintain: Standard loyalty program
16247,Inactive,170,1,114.56,484.94136442000433,0.9999776962114252,High,Low Priority: Automated email only
16248,Silver Tier,62,1,152.94,891.4895806459505,2.230378857499106e-05,Low,Maintain: Standard loyalty program
16249,Silver Tier,53,5,1800.07,1501.4949556881957,2.2303788574990307e-05,Low,Maintain: Standard loyalty program
16250,Inactive,261,2,389.44,415.1637247687224,0.9999776962114252,High,Low Priority: Automated email only
16253,Silver Tier,67,2,3683.86,2173.6223018593787,2.230378857499217e-05,Low,Maintain: Standard loyalty program
16255,Silver Tier,17,8,2619.91,2033.0985352052764,2.230378857499007e-05,Low,Maintain: Standard loyalty program
16256,Inactive,267,1,752.4300000000001,345.98669741276063,0.9999776962114252,High,Low Priority: Automated email only
16257,Inactive,177,1,46.95,473.0666458355044,0.9999776962114252,High,Low Priority: Automated email only
16258,Silver Tier,45,5,5203.51,5098.174591708065,2.2303788574990107e-05,Low,Maintain: Standard loyalty program
16260,Silver Tier,51,1,1035.45,973.891045138813,2.2303788574990226e-05,Low,Maintain: Standard loyalty program
16261,Silver Tier,17,4,728.54,942.525186670496,2.2303788574989992e-05,Low,Maintain: Standard loyalty program
16265,Silver Tier,9,9,5447.0,3803.014549700629,2.2303788574990107e-05,Low,Maintain: Standard loyalty program
16266,Silver Tier,74,7,861.89,1255.8001934956294,2.230378857499181e-05,Low,Maintain: Standard loyalty program
16268,Silver Tier,71,2,667.65,827.8164177882809,2.2303788574991337e-05,Low,Maintain: Standard loyalty program
16270,Inactive,353,1,1141.24,274.66444300148896,0.9999776962114252,High,Low Priority: Automated email only
16271,Silver Tier,3,5,1404.64,1295.452255047296,2.2303788574990107e-05,Low,Maintain: Standard loyalty program
16272,Silver Tier,117,1,411.7,626.4730735073999,0.9999776962114252,High,Send: Standard win-back offer
16274,Inactive,373,1,351.75,262.2374002805863,0.9999776962114252,High,Low Priority: Automated email only
16275,Inactive,197,1,559.87,437.3675776942195,0.9999776962114252,High,Low Priority: Automated email only
16276,Inactive,177,1,810.6,473.0666458355044,0.9999776962114252,High,Low Priority: Automated email only
16278,Silver Tier,100,1,566.38,685.7773694675018,0.9999776962114252,High,Send: Standard win-back offer
16279,Silver Tier,21,3,1502.78,2002.3535896825497,2.2303788574989992e-05,Low,Maintain: Standard loyalty program
16281,Silver Tier,72,1,2062.06,821.9458652291272,2.2303788574991693e-05,Low,Maintain: Standard loyalty program
16282,Inactive,340,1,168.3,284.08822665066236,0.9999776962114252,High,Low Priority: Automated email only
16283,Silver Tier,6,5,1570.81,2021.157321206117,2.230378857499007e-05,Low,Maintain: Standard loyalty program
16284,Silver Tier,31,2,812.68,2166.5520383258195,2.2303788574989992e-05,Low,Maintain: Standard loyalty program
16287,Inactive,170,1,142.5,486.97869006985377,0.9999776962114252,High,Low Priority: Automated email only
16292,Silver Tier,122,1,302.25,609.9887757918019,0.9999776962114252,High,Send: Standard win-back offer
16293,Silver Tier,22,10,2248.99,1721.218797548711,2.230378857499003e-05,Low,Maintain: Standard loyalty program
16295,Silver Tier,10,4,1328.55,3390.9490292110777,2.230378857499003e-05,Low,Maintain: Standard loyalty program
16297,Inactive,269,1,301.9,343.9335921559132,0.9999776962114252,High,Low Priority: Automated email only
16298,Silver Tier,23,3,598.2,1141.9022150447702,2.2303788574989992e-05,Low,Maintain: Standard loyalty program
16302,Silver Tier,127,1,233.22,594.3498010481835,0.9999776962114252,High,Send: Standard win-back offer
16303,Silver Tier,26,3,5360.63,3769.356620169039,2.230378857499007e-05,Low,Maintain: Standard loyalty program
16305,Silver Tier,139,1,361.22,559.8986179491969,0.9999776962114252,High,Send: Standard win-back offer
16306,Inactive,214,6,632.27,752.8871025256792,0.9999776962114252,High,Low Priority: Automated email only
16308,Silver Tier,38,4,2560.0,2560.0798466807555,2.230378857499003e-05,Low,Maintain: Standard loyalty program
16309,Silver Tier,106,2,706.57,788.0980089365528,0.9999776962114252,High,Send: Standard win-back offer
16311,Silver Tier,18,2,616.26,1682.1255296404047,2.230378857499003e-05,Low,Maintain: Standard loyalty program
16313,Silver Tier,3,2,274.15,1420.2448739239587,2.230378857499082e-05,Low,Maintain: Standard loyalty program
16315,Inactive,331,1,226.37,290.4955624637694,0.9999776962114252,High,Low Priority: Automated email only
16316,Silver Tier,64,8,2938.91,2343.37896455962,2.2303788574991652e-05,Low,Maintain: Standard loyalty program
16317,Silver Tier,120,3,1341.65,1031.8797030453914,0.9999776962114252,High,Send: Standard win-back offer
16318,Silver Tier,35,1,328.15,1114.3514760006665,2.2303788574990107e-05,Low,Maintain: Standard loyalty program
16319,Inactive,218,1,404.4,405.25680882157616,0.9999776962114252,High,Low Priority: Automated email only
16320,Inactive,172,2,1038.46,673.2399704190027,0.9999776962114252,High,Low Priority: Automated email only
16321,Silver Tier,72,5,373.65,590.1270303366363,2.2303788574991415e-05,Low,Maintain: Standard loyalty program
16322,Silver Tier,1,2,326.75,1615.506146575658,2.23037885749909e-05,Low,Maintain: Standard loyalty program
16323,Inactive,196,1,207.50000000000003,437.3675776942195,0.9999776962114252,High,Low Priority: Automated email only
16324,Silver Tier,128,3,408.59,850.7136592035346,0.9999776962114252,High,Send: Standard win-back offer
16325,Silver Tier,47,3,594.24,849.8395879460743,2.2303788574990107e-05,Low,Maintain: Standard loyalty program
16326,Silver Tier,6,14,3039.2200000000003,2655.1706911516912,2.2303788574990307e-05,Low,Maintain: Standard loyalty program
16327,Silver Tier,14,6,3820.27,2744.7812679614085,2.230378857499007e-05,Low,Maintain: Standard loyalty program
16330,Silver Tier,18,3,251.91,1078.2593222502744,2.2303788574990107e-05,Low,Maintain: Standard loyalty program
16332,Silver Tier,28,7,1582.8,1669.4245976686148,2.2303788574989992e-05,Low,Maintain: Standard loyalty program
16333,Gold Tier,8,22,26626.8,22725.19979286566,2.230378857499106e-05,Low,Maintain: VIP loyalty program
16337,Silver Tier,37,1,151.05,1103.738729125816,2.230378857499007e-05,Low,Maintain: Standard loyalty program
16338,Inactive,157,1,214.8,512.832809797066,0.9999776962114252,High,Low Priority: Automated email only
16339,Inactive,284,1,94.05,328.3462161271562,0.9999776962114252,High,Low Priority: Automated email only
16340,Silver Tier,107,1,534.31,658.5049988584291,0.9999776962114252,High,Send: Standard win-back offer
16341,Silver Tier,25,4,1971.87,1851.164413879719,2.2303788574989992e-05,Low,Maintain: Standard loyalty program
16342,Silver Tier,75,4,322.41,832.1897898294244,2.230378857499217e-05,Low,Maintain: Standard loyalty program
16343,Silver Tier,16,2,328.58,1363.4498314612754,2.230378857499007e-05,Low,Maintain: Standard loyalty program
16344,Inactive,158,1,101.1,510.57390215929144,0.9999776962114252,High,Low Priority: Automated email only
16345,Silver Tier,44,1,565.46,1025.5998068295544,2.2303788574989992e-05,Low,Maintain: Standard loyalty program
16347,Silver Tier,11,2,847.45,2423.9448563333267,2.230378857499003e-05,Low,Maintain: Standard loyalty program
16348,Silver Tier,32,7,1415.65,1512.3996634500756,2.2303788574989992e-05,Low,Maintain: Standard loyalty program
16349,Inactive,291,1,53.5,322.85912934222307,0.9999776962114252,High,Low Priority: Automated email only
16350,Silver Tier,21,4,1116.47,942.466040221925,2.2303788574989992e-05,Low,Maintain: Standard loyalty program
16351,Inactive,333,1,153.9,289.04685668528043,0.9999776962114252,High,Low Priority: Automated email only
16352,Silver Tier,18,2,494.44,2074.207221445716,2.230378857499007e-05,Low,Maintain: Standard loyalty program
16353,Gold Tier,4,23,6675.71,5266.897432623983,2.2303788574990426e-05,Low,Maintain: VIP loyalty program
16354,Silver Tier,63,2,395.8,1024.5805616103366,2.2303788574990663e-05,Low,Maintain: Standard loyalty program
16356,Inactive,198,3,211.77,512.6783213925803,0.9999776962114252,High,Low Priority: Automated email only
16357,Silver Tier,33,3,658.88,1072.2838317443393,2.2303788574989992e-05,Low,Maintain: Standard loyalty program
16358,Silver Tier,1,4,2027.5,2511.161367539477,2.2303788574990185e-05,Low,Maintain: Standard loyalty program
16359,Silver Tier,7,9,1750.92,1738.600144574944,2.230378857499007e-05,Low,Maintain: Standard loyalty program
16360,Silver Tier,5,6,3450.41,7573.423613779661,2.2303788574990107e-05,Low,Maintain: Standard loyalty program
16361,Silver Tier,10,4,891.21,2297.8685519022943,2.230378857499003e-05,Low,Maintain: Standard loyalty program
16362,Silver Tier,32,5,709.99,1565.0581027427254,2.2303788574989992e-05,Low,Maintain: Standard loyalty program
16363,Silver Tier,53,1,109.36,949.944145249896,2.230378857499086e-05,Low,Maintain: Standard loyalty program
16364,Silver Tier,12,2,705.79,1164.775944853212,2.230378857499003e-05,Low,Maintain: Standard loyalty program
16365,Silver Tier,18,9,1540.42,1396.201341565518,2.230378857499003e-05,Low,Maintain: Standard loyalty program
16366,Silver Tier,19,1,327.3,1332.1040378327834,2.230378857499007e-05,Low,Maintain: Standard loyalty program
16367,Silver Tier,37,2,800.67,738.6653456059069,2.2303788574989992e-05,Low,Maintain: Standard loyalty program
16368,Silver Tier,2,2,479.91,1936.6243341290217,2.2303788574990185e-05,Low,Maintain: Standard loyalty program
16369,Silver Tier,18,3,1545.41,1905.2389451077995,2.2303788574989992e-05,Low,Maintain: Standard loyalty program
16370,Silver Tier,82,4,1301.91,1593.5204308012817,2.2303788574994664e-05,Low,Maintain: Standard loyalty program
16372,Silver Tier,33,2,355.73,1136.2013539108086,2.230378857499003e-05,Low,Maintain: Standard loyalty program
16374,Silver Tier,66,2,466.73,684.2819609389195,2.2303788574990744e-05,Low,Maintain: Standard loyalty program
16376,Silver Tier,9,2,974.96,1969.137868848896,2.230378857499003e-05,Low,Maintain: Standard loyalty program
16377,Inactive,267,1,676.2,344.95708979870165,0.9999776962114252,High,Low Priority: Automated email only
16378,Inactive,247,3,362.95,552.4222438567484,0.9999776962114252,High,Low Priority: Automated email only
16379,Silver Tier,4,4,2157.4,4559.77091440714,2.230378857499007e-05,Low,Maintain: Standard loyalty program
16380,Silver Tier,61,1,1743.15,891.4895806459505,2.23037885749909e-05,Low,Maintain: Standard loyalty program
16383,Silver Tier,75,2,643.76,690.5472772507474,2.230378857499229e-05,Low,Maintain: Standard loyalty program
16384,Silver Tier,90,2,584.5,564.0442954281752,2.2303788574999773e-05,Low,Maintain: Standard loyalty program
16385,Silver Tier,60,3,554.86,616.4641978371488,2.2303788574990385e-05,Low,Maintain: Standard loyalty program
16386,Silver Tier,29,2,302.57,640.4088356293197,2.230378857499003e-05,Low,Maintain: Standard loyalty program
16387,Inactive,323,1,94.36,296.4385792867013,0.9999776962114252,High,Low Priority: Automated email only
16389,Silver Tier,53,4,1382.07,1537.2176133848563,2.2303788574990307e-05,Low,Maintain: Standard loyalty program
16392,Inactive,270,1,217.89,342.9161502563091,0.9999776962114252,High,Low Priority: Automated email only
16393,Silver Tier,2,13,3040.96,2505.263847086062,2.2303788574990148e-05,Low,Maintain: Standard loyalty program
16394,Silver Tier,57,5,1555.34,1519.220979298415,2.2303788574990307e-05,Low,Maintain: Standard loyalty program
16395,Silver Tier,61,5,1482.06,1314.1319959985624,2.23037885749909e-05,Low,Maintain: Standard loyalty program
16398,Inactive,154,2,1705.8,900.8870303817816,0.9999776962114252,High,Low Priority: Automated email only
16399,Silver Tier,19,2,408.02,667.1809284468891,2.230378857499007e-05,Low,Maintain: Standard loyalty program
16400,Silver Tier,95,1,303.93,711.0180375807835,0.9999776962114252,High,Send: Standard win-back offer
16401,Silver Tier,1,12,4098.32,3390.224888130367,2.2303788574990263e-05,Low,Maintain: Standard loyalty program
16402,Inactive,265,2,293.45,369.70052048477686,0.9999776962114252,High,Low Priority: Automated email only
16403,Inactive,312,1,177.5,304.2182884157301,0.9999776962114252,High,Low Priority: Automated email only
16404,Silver Tier,70,1,443.05,833.7714421202147,2.2303788574991378e-05,Low,Maintain: Standard loyalty program
16405,Inactive,302,2,167.25,478.74017348705246,0.9999776962114252,High,Low Priority: Automated email only
16406,Silver Tier,19,1,154.35,1332.1040378327834,2.2303788574990107e-05,Low,Maintain: Standard loyalty program
16407,Silver Tier,13,10,2079.68,1959.9914843029776,2.230378857499003e-05,Low,Maintain: Standard loyalty program
16409,Silver Tier,36,5,2022.98,1825.4406810005669,2.2303788574989992e-05,Low,Maintain: Standard loyalty program
16411,Silver Tier,19,2,211.7,367.4771909864555,2.2303788574990185e-05,Low,Maintain: Standard loyalty program
16412,Silver Tier,54,1,135.99,949.944145249896,2.230378857499082e-05,Low,Maintain: Standard loyalty program
16413,Silver Tier,57,1,262.2,927.1467966421674,2.2303788574990344e-05,Low,Maintain: Standard loyalty program
16414,Silver Tier,22,2,126.25,454.8490595810356,2.2303788574990148e-05,Low,Maintain: Standard loyalty program
16415,Silver Tier,44,1,200.27,1025.5998068295544,2.230378857499007e-05,Low,Maintain: Standard loyalty program
16416,Silver Tier,27,3,1051.4,2892.640951381298,2.2303788574989992e-05,Low,Maintain: Standard loyalty program
16418,Silver Tier,45,3,631.12,988.3334107797735,2.230378857499003e-05,Low,Maintain: Standard loyalty program
16419,Silver Tier,113,6,958.71,984.1125747785708,0.9999776962114252,High,Send: Standard win-back offer
16422,Gold Tier,17,51,34684.4,25613.936088476636,2.230378857499217e-05,Low,Maintain: VIP loyalty program
16423,Silver Tier,25,1,346.12,1246.1579201425084,2.230378857499007e-05,Low,Maintain: Standard loyalty program
16424,Inactive,191,1,133.56,445.77748714189454,0.9999776962114252,High,Low Priority: Automated email only
16425,Inactive,302,1,302.7,312.4173559698087,0.9999776962114252,High,Low Priority: Automated email only
16426,Silver Tier,2,10,1863.76,1879.9020952705089,2.2303788574990107e-05,Low,Maintain: Standard loyalty program
16427,Inactive,263,2,241.06,492.1454046827382,0.9999776962114252,High,Low Priority: Automated email only
16429,Silver Tier,106,1,284.55,662.2674747601277,0.9999776962114252,High,Send: Standard win-back offer
16430,Silver Tier,57,1,300.85,919.7889416513344,2.2303788574990344e-05,Low,Maintain: Standard loyalty program
16431,Inactive,213,3,623.28,599.1827206482078,0.9999776962114252,High,Low Priority: Automated email only
16432,Silver Tier,64,1,287.40000000000003,871.382211660038,2.2303788574990663e-05,Low,Maintain: Standard loyalty program
16433,Silver Tier,28,1,184.26,1194.7687753130083,2.2303788574990107e-05,Low,Maintain: Standard loyalty program
16434,Silver Tier,29,7,1511.8,1397.3568308734798,2.2303788574989992e-05,Low,Maintain: Standard loyalty program
16438,Silver Tier,6,5,798.35,2244.742622958818,2.2303788574990148e-05,Low,Maintain: Standard loyalty program
16440,Silver Tier,8,5,3640.67,4294.301458622326,2.2303788574990148e-05,Low,Maintain: Standard loyalty program
16441,Silver Tier,67,2,381.2,516.1360102743963,2.2303788574990744e-05,Low,Maintain: Standard loyalty program
16442,Silver Tier,2,3,609.3,663.6866084719065,2.2303788574990148e-05,Low,Maintain: Standard loyalty program
16444,Silver Tier,46,4,654.67,946.9775437230212,2.230378857499003e-05,Low,Maintain: Standard loyalty program
16445,Silver Tier,34,1,230.51,1136.2013539108086,2.2303788574990107e-05,Low,Maintain: Standard loyalty program
16446,Platinum Tier,1,2,168472.5,176340.84442230687,2.23037885749909e-05,Low,Maintain: Continue white-glove service
16447,Silver Tier,136,1,255.91,568.1314526115447,0.9999776962114252,High,Send: Standard win-back offer
16448,Inactive,198,1,182.99,434.09180192261977,0.9999776962114252,High,Low Priority: Automated email only
16449,Inactive,198,2,707.69,630.37395372434,0.9999776962114252,High,Low Priority: Automated email only
16450,Inactive,150,1,311.92,531.6500917101112,0.9999776962114252,High,Low Priority: Automated email only
16451,Silver Tier,88,1,266.97,742.9194360225239,2.2303788575000092e-05,Low,Maintain: Standard loyalty program
16454,Silver Tier,45,2,6.9,1032.6927076372192,2.2303788574990185e-05,Low,Maintain: Standard loyalty program
16455,Silver Tier,64,7,1841.18,1407.2220643499752,2.230378857499106e-05,Low,Maintain: Standard loyalty program
16456,Silver Tier,99,5,2158.18,1321.4110528038384,0.9999776962114252,High,Send: Standard win-back offer
16457,Inactive,218,1,208.36,403.8449286955369,0.9999776962114252,High,Low Priority: Automated email only
16458,Gold Tier,3,18,3482.74,2909.877607986194,2.2303788574990344e-05,Low,Maintain: VIP loyalty program
16460,Silver Tier,28,3,811.23,2078.3313434882666,2.2303788574989992e-05,Low,Maintain: Standard loyalty program
16461,Inactive,178,1,142.92,471.1438391061143,0.9999776962114252,High,Low Priority: Automated email only
16462,Silver Tier,74,3,136.0,499.2614723974277,2.230378857499249e-05,Low,Maintain: Standard loyalty program
16463,Silver Tier,21,4,1422.4,1800.884290821372,2.2303788574989992e-05,Low,Maintain: Standard loyalty program
16464,Silver Tier,20,3,1298.66,2002.093269888263,2.2303788574989992e-05,Low,Maintain: Standard loyalty program
16466,Silver Tier,34,7,1595.96,1752.8799965954931,2.2303788574989992e-05,Low,Maintain: Standard loyalty program
16468,Silver Tier,74,1,74.9,810.4510859892586,2.2303788574992563e-05,Low,Maintain: Standard loyalty program
16469,Silver Tier,24,4,625.42,802.8407477767704,2.230378857499003e-05,Low,Maintain: Standard loyalty program
16470,Silver Tier,52,4,752.77,739.2253059031885,2.2303788574990263e-05,Low,Maintain: Standard loyalty program
16471,Inactive,275,1,223.95,337.9179231900678,0.9999776962114252,High,Low Priority: Automated email only
16473,Inactive,165,3,316.11,481.7014299427337,0.9999776962114252,High,Low Priority: Automated email only
16474,Silver Tier,7,7,1810.65,2907.5534484172526,2.2303788574990107e-05,Low,Maintain: Standard loyalty program
16475,Silver Tier,88,4,544.3,648.0736393724147,2.2303788575000173e-05,Low,Maintain: Standard loyalty program
16477,Silver Tier,64,7,2494.46,2009.6680615141984,2.230378857499157e-05,Low,Maintain: Standard loyalty program
16478,Silver Tier,25,3,331.0,1369.937816849918,2.230378857499007e-05,Low,Maintain: Standard loyalty program
16479,Silver Tier,10,2,300.83,1467.013040655582,2.230378857499007e-05,Low,Maintain: Standard loyalty program
16480,Silver Tier,76,1,769.29,804.82343769289,2.230378857499193e-05,Low,Maintain: Standard loyalty program
16482,Silver Tier,16,1,220.62,1379.6826382410247,2.2303788574990107e-05,Low,Maintain: Standard loyalty program
16483,Inactive,192,1,139.35,444.0697294609968,0.9999776962114252,High,Low Priority: Automated email only
16484,Inactive,174,2,404.3,658.3635735949034,0.9999776962114252,High,Low Priority: Automated email only
16485,Silver Tier,77,1,363.65,793.7994213099503,2.230378857499213e-05,Low,Maintain: Standard loyalty program
16488,Silver Tier,33,3,498.8,1057.333305717673,2.230378857499003e-05,Low,Maintain: Standard loyalty program
16491,Silver Tier,47,1,731.5,1007.7639635956134,2.2303788574990107e-05,Low,Maintain: Standard loyalty program
16493,Silver Tier,80,4,1351.63,1329.24698185033,2.2303788574994427e-05,Low,Maintain: Standard loyalty program
16494,Inactive,297,1,826.53,317.55242640997517,0.9999776962114252,High,Low Priority: Automated email only
16495,Silver Tier,3,3,648.26,730.6447908739719,2.2303788574990148e-05,Low,Maintain: Standard loyalty program
16496,Silver Tier,9,3,1599.52,1054.00984861084,2.230378857499003e-05,Low,Maintain: Standard loyalty program
16497,Silver Tier,50,6,2965.69,2487.13645931312,2.2303788574990148e-05,Low,Maintain: Standard loyalty program
16498,Inactive,161,2,100.97,603.4142036264808,0.9999776962114252,High,Low Priority: Automated email only
16499,Inactive,360,2,365.45,408.9588929752174,0.9999776962114252,High,Low Priority: Automated email only
16500,Silver Tier,5,6,400.86,566.4509785090378,2.2303788574990226e-05,Low,Maintain: Standard loyalty program
16503,Silver Tier,107,4,1431.93,1030.2686990250045,0.9999776962114252,High,Send: Standard win-back offer
16504,Silver Tier,25,1,465.88,1232.9005241921468,2.230378857499007e-05,Low,Maintain: Standard loyalty program
16505,Silver Tier,32,1,777.6,1158.925382250077,2.230378857499003e-05,Low,Maintain: Standard loyalty program
16506,Silver Tier,20,2,90.3,1349.864877111083,2.2303788574990185e-05,Low,Maintain: Standard loyalty program
16509,Inactive,297,1,363.7000000000001,317.55242640997517,0.9999776962114252,High,Low Priority: Automated email only
16510,Inactive,372,1,248.1,262.83198413710926,0.9999776962114252,High,Low Priority: Automated email only
16511,Silver Tier,22,3,918.33,963.2281026352504,2.2303788574989992e-05,Low,Maintain: Standard loyalty program
16513,Silver Tier,5,4,874.59,3454.0783448169186,2.2303788574990148e-05,Low,Maintain: Standard loyalty program
16515,Silver Tier,52,5,1624.14,1482.401818755491,2.2303788574990263e-05,Low,Maintain: Standard loyalty program
16516,Silver Tier,30,1,101.7,1170.6317638661749,2.2303788574990148e-05,Low,Maintain: Standard loyalty program
16517,Inactive,277,1,162.7,334.98832132167604,0.9999776962114252,High,Low Priority: Automated email only
16518,Silver Tier,61,2,484.32,626.35538571456,2.2303788574990585e-05,Low,Maintain: Standard loyalty program
16519,Silver Tier,25,2,215.08,389.46094078159183,2.2303788574990185e-05,Low,Maintain: Standard loyalty program
16520,Inactive,186,3,1046.57,834.7177897206545,0.9999776962114252,High,Low Priority: Automated email only
16523,Gold Tier,2,21,9418.47,7896.438962647142,2.2303788574990426e-05,Low,Maintain: VIP loyalty program
16525,Gold Tier,2,26,13027.45,10028.622969993705,2.2303788574990585e-05,Low,Maintain: VIP loyalty program
16526,Inactive,172,1,290.36,482.9210154828088,0.9999776962114252,High,Low Priority: Automated email only
16527,Silver Tier,81,1,228.06,772.6333322467653,2.2303788574993197e-05,Low,Maintain: Standard loyalty program
16528,Silver Tier,4,1,244.41,1609.660589705031,2.230378857499082e-05,Low,Maintain: Standard loyalty program
16529,Inactive,190,1,455.25,447.49843127294145,0.9999776962114252,High,Low Priority: Automated email only
16531,Silver Tier,22,7,1244.59,1223.970538203521,2.230378857499003e-05,Low,Maintain: Standard loyalty program
16532,Silver Tier,18,3,6748.8,3949.6646469488473,2.2303788574990107e-05,Low,Maintain: Standard loyalty program
16533,Silver Tier,19,3,1082.81,2642.2281608751296,2.2303788574989992e-05,Low,Maintain: Standard loyalty program
16535,Silver Tier,5,1,593.75,1566.149238768915,2.2303788574990148e-05,Low,Maintain: Standard loyalty program
16536,Silver Tier,110,1,548.12,647.4697996251092,0.9999776962114252,High,Send: Standard win-back offer
16539,Silver Tier,3,4,1388.81,1002.5826389287008,2.2303788574990148e-05,Low,Maintain: Standard loyalty program
16542,Silver Tier,54,1,119.62,949.944145249896,2.230378857499082e-05,Low,Maintain: Standard loyalty program
16545,Inactive,165,1,339.3,497.4276193830024,0.9999776962114252,High,Low Priority: Automated email only
16546,Inactive,291,2,787.15,625.4643283135492,0.9999776962114252,High,Low Priority: Automated email only
16549,Silver Tier,10,10,4034.9,3530.9676474332264,2.2303788574990107e-05,Low,Maintain: Standard loyalty program
16550,Silver Tier,109,5,2298.97,1606.018540135191,0.9999776962114252,High,Send: Standard win-back offer
16551,Silver Tier,96,3,922.12,813.6718706061745,0.9999776962114252,High,Send: Standard win-back offer
16552,Inactive,243,2,379.73,493.6034486247856,0.9999776962114252,High,Low Priority: Automated email only
16553,Silver Tier,163,12,5719.82,3400.7301260338486,0.9999776962114252,High,Send: Standard win-back offer
16554,Silver Tier,42,3,837.1,994.2807862843677,2.2303788574989992e-05,Low,Maintain: Standard loyalty program
16555,Silver Tier,35,2,285.89,985.378667726361,2.230378857499007e-05,Low,Maintain: Standard loyalty program
16556,Silver Tier,67,7,3313.79,2611.538575385051,2.230378857499173e-05,Low,Maintain: Standard loyalty program
16557,Silver Tier,24,2,281.85,916.5263550585868,2.2303788574990107e-05,Low,Maintain: Standard loyalty program
16558,Gold Tier,1,20,8338.49,6293.10464940073,2.2303788574990503e-05,Low,Maintain: VIP loyalty program
16560,Silver Tier,27,2,841.41,662.3171553047829,2.2303788574989992e-05,Low,Maintain: Standard loyalty program
16561,Silver Tier,6,2,511.12,1621.1933316408113,2.2303788574990185e-05,Low,Maintain: Standard loyalty program
16563,Silver Tier,54,1,1077.74,949.944145249896,2.2303788574990307e-05,Low,Maintain: Standard loyalty program
16565,Inactive,364,1,173.7,267.6875158822208,0.9999776962114252,High,Low Priority: Automated email only
16566,Silver Tier,15,5,614.66,874.413843878075,2.2303788574989992e-05,Low,Maintain: Standard loyalty program
16567,Inactive,194,2,865.6,555.6006864655164,0.9999776962114252,High,Low Priority: Automated email only
16569,Silver Tier,3,1,124.2,1609.660589705031,2.23037885749909e-05,Low,Maintain: Standard loyalty program
16570,Silver Tier,15,10,3738.4,3224.832763436638,2.230378857499007e-05,Low,Maintain: Standard loyalty program
16571,Silver Tier,27,3,1421.69,1264.8031857384017,2.2303788574989992e-05,Low,Maintain: Standard loyalty program
16572,Silver Tier,127,3,1009.6,1006.3763047163892,0.9999776962114252,High,Send: Standard win-back offer
16573,Silver Tier,85,2,663.61,677.4334935322237,2.2303788574994546e-05,Low,Maintain: Standard loyalty program
16574,Silver Tier,71,1,451.44,827.8164177882809,2.2303788574991378e-05,Low,Maintain: Standard loyalty program
16581,Inactive,183,1,105.84,461.75960895582784,0.9999776962114252,High,Low Priority: Automated email only
16582,Silver Tier,113,1,313.62,636.7983907445174,0.9999776962114252,High,Send: Standard win-back offer
16583,Inactive,374,1,233.45,262.2374002805863,0.9999776962114252,High,Low Priority: Automated email only
16584,Silver Tier,80,2,936.08,711.4380851768691,2.2303788574993e-05,Low,Maintain: Standard loyalty program
16586,Inactive,249,1,463.95,365.6303548271988,0.9999776962114252,High,Low Priority: Automated email only
16587,Inactive,232,1,225.15,385.0635714668843,0.9999776962114252,High,Low Priority: Automated email only
16589,Silver Tier,71,3,459.24,1078.2116485264946,2.2303788574991378e-05,Low,Maintain: Standard loyalty program
16591,Silver Tier,69,1,213.5,845.942306092539,2.2303788574990785e-05,Low,Maintain: Standard loyalty program
16592,Gold Tier,4,16,4113.68,3780.4846956679726,2.2303788574990344e-05,Low,Maintain: VIP loyalty program
16593,Silver Tier,51,3,330.03,564.8093954967676,2.2303788574990263e-05,Low,Maintain: Standard loyalty program
16594,Silver Tier,75,1,181.09,804.82343769289,2.2303788574992723e-05,Low,Maintain: Standard loyalty program
16595,Silver Tier,61,1,360.16,891.4895806459505,2.2303788574990585e-05,Low,Maintain: Standard loyalty program
16596,Silver Tier,16,2,250.15,400.4890583559229,2.230378857499007e-05,Low,Maintain: Standard loyalty program
16597,Silver Tier,4,1,90.04,1587.6067673138905,2.23037885749909e-05,Low,Maintain: Standard loyalty program
16598,Inactive,286,1,145.05,327.4187857791556,0.9999776962114252,High,Low Priority: Automated email only
16600,Silver Tier,4,6,813.52,915.9821949709468,2.2303788574990185e-05,Low,Maintain: Standard loyalty program
16601,Silver Tier,41,1,242.7,1063.2353258039057,2.230378857499003e-05,Low,Maintain: Standard loyalty program
16602,Silver Tier,36,1,528.08,1103.738729125816,2.2303788574990107e-05,Low,Maintain: Standard loyalty program
16603,Silver Tier,75,2,482.47,1188.0234304560486,2.230378857499209e-05,Low,Maintain: Standard loyalty program
16607,Silver Tier,18,14,3347.71,2641.0041025058904,2.2303788574990263e-05,Low,Maintain: Standard loyalty program
16609,Silver Tier,15,7,5493.46,5429.4432461614515,2.2303788574990107e-05,Low,Maintain: Standard loyalty program
16610,Inactive,219,1,75.66,402.4428526001735,0.9999776962114252,High,Low Priority: Automated email only
16611,Inactive,186,1,129.49,454.51717492507487,0.9999776962114252,High,Low Priority: Automated email only
16612,Silver Tier,33,4,1187.66,1134.165067266727,2.2303788574989992e-05,Low,Maintain: Standard loyalty program
16613,Silver Tier,70,1,618.59,833.7714421202147,2.2303788574991337e-05,Low,Maintain: Standard loyalty program
16614,Inactive,183,1,506.19,461.75960895582784,0.9999776962114252,High,Low Priority: Automated email only
16616,Silver Tier,15,2,500.42,974.1903666841124,2.230378857499007e-05,Low,Maintain: Standard loyalty program
16617,Inactive,236,1,151.85,381.26403757860874,0.9999776962114252,High,Low Priority: Automated email only
16618,Silver Tier,31,5,2647.59,1906.2646642166872,2.230378857499003e-05,Low,Maintain: Standard loyalty program
16619,Inactive,264,1,226.21,349.1127321634966,0.9999776962114252,High,Low Priority: Automated email only
16620,Silver Tier,4,2,178.96,489.25537899717074,2.23037885749909e-05,Low,Maintain: Standard loyalty program
16621,Silver Tier,52,4,813.48,1014.6586318115584,2.2303788574990263e-05,Low,Maintain: Standard loyalty program
16623,Inactive,246,1,129.45,369.1232389549317,0.9999776962114252,High,Low Priority: Automated email only
16624,Silver Tier,81,2,810.57,928.220071184223,2.230378857499312e-05,Low,Maintain: Standard loyalty program
16625,Inactive,275,1,333.08,337.9179231900678,0.9999776962114252,High,Low Priority: Automated email only
16626,Gold Tier,1,17,4413.1,4046.3356682905064,2.2303788574990503e-05,Low,Maintain: VIP loyalty program
16627,Silver Tier,79,1,322.8,783.0733593220475,2.230378857499233e-05,Low,Maintain: Standard loyalty program
16628,Silver Tier,30,5,2188.05,2404.413516116542,2.2303788574989992e-05,Low,Maintain: Standard loyalty program
16629,Silver Tier,74,2,408.63,1143.667467038828,2.230378857499181e-05,Low,Maintain: Standard loyalty program
16633,Silver Tier,17,6,2883.1,3072.0430463593725,2.230378857499003e-05,Low,Maintain: Standard loyalty program
16634,Inactive,223,2,217.9,345.0483948385254,0.9999776962114252,High,Low Priority: Automated email only
16637,Silver Tier,32,4,1154.47,1405.7271240785103,2.2303788574989992e-05,Low,Maintain: Standard loyalty program
16638,Silver Tier,23,10,1680.72,1576.0382894128409,2.230378857499003e-05,Low,Maintain: Standard loyalty program
16639,Silver Tier,31,3,1257.51,1420.559949162826,2.2303788574989992e-05,Low,Maintain: Standard loyalty program
16641,Silver Tier,106,1,231.1,666.0731967961318,0.9999776962114252,High,Send: Standard win-back offer
16642,Silver Tier,5,2,688.33,891.3372946364544,2.2303788574990148e-05,Low,Maintain: Standard loyalty program
16643,Inactive,246,1,487.51,369.1232389549317,0.9999776962114252,High,Low Priority: Automated email only
16644,Inactive,178,2,833.78,599.9088372073892,0.9999776962114252,High,Low Priority: Automated email only
16647,Inactive,170,2,214.06,591.3956326282033,0.9999776962114252,High,Low Priority: Automated email only
16648,Silver Tier,43,1,290.65999999999997,1044.0784632385316,2.230378857499003e-05,Low,Maintain: Standard loyalty program
16650,Silver Tier,72,1,518.42,827.8164177882809,2.2303788574991378e-05,Low,Maintain: Standard loyalty program
16652,Silver Tier,59,7,6773.97,5230.02071008809,2.2303788574990625e-05,Low,Maintain: Standard loyalty program
16653,Silver Tier,16,2,1212.66,1173.0418119250714,2.230378857499003e-05,Low,Maintain: Standard loyalty program
16654,Silver Tier,141,4,601.27,606.079834984529,0.9999776962114252,High,Send: Standard win-back offer
16655,Silver Tier,18,6,3789.52,2759.9251374649593,2.230378857499007e-05,Low,Maintain: Standard loyalty program
16656,Gold Tier,22,15,8625.8,6612.571197373334,2.2303788574990307e-05,Low,Maintain: VIP loyalty program
16657,Silver Tier,10,4,874.43,1095.24334920079,2.230378857499003e-05,Low,Maintain: Standard loyalty program
16658,Inactive,368,1,123.24,265.2375295735978,0.9999776962114252,High,Low Priority: Automated email only
16659,Inactive,189,1,39.12,449.23271518157816,0.9999776962114252,High,Low Priority: Automated email only
16660,Silver Tier,16,4,1267.65,1141.0560939230847,2.2303788574989992e-05,Low,Maintain: Standard loyalty program
16665,Inactive,362,1,135.4,268.92956100875483,0.9999776962114252,High,Low Priority: Automated email only
16666,Silver Tier,19,1,118.98,1316.965589877716,2.2303788574990148e-05,Low,Maintain: Standard loyalty program
16667,Silver Tier,68,2,567.18,685.595605919537,2.2303788574990703e-05,Low,Maintain: Standard loyalty program
16668,Silver Tier,15,6,306.72,665.4309568085608,2.2303788574990107e-05,Low,Maintain: Standard loyalty program
16669,Silver Tier,24,3,1348.88,2145.426341237144,2.2303788574989992e-05,Low,Maintain: Standard loyalty program
16670,Silver Tier,17,11,4095.9,3189.3429312863764,2.2303788574990107e-05,Low,Maintain: Standard loyalty program
16671,Silver Tier,28,3,1692.27,1023.2754764261284,2.2303788574989992e-05,Low,Maintain: Standard loyalty program
16672,Gold Tier,2,20,8134.94,7354.918461049602,2.2303788574990426e-05,Low,Maintain: VIP loyalty program
16674,Silver Tier,55,2,304.24,1144.4894802722831,2.2303788574990344e-05,Low,Maintain: Standard loyalty program
16676,Silver Tier,34,4,1592.12,1229.6807593301685,2.2303788574989992e-05,Low,Maintain: Standard loyalty program
16678,Silver Tier,3,12,3109.99,3064.711786871445,2.2303788574990148e-05,Low,Maintain: Standard loyalty program
16679,Inactive,366,1,129.75,266.45689100090283,0.9999776962114252,High,Low Priority: Automated email only
16680,Silver Tier,43,1,183.7,1034.75663059681,2.230378857499007e-05,Low,Maintain: Standard loyalty program
16681,Silver Tier,73,6,1770.34,1930.2566315648949,2.230378857499181e-05,Low,Maintain: Standard loyalty program
16682,Silver Tier,5,5,1028.0,1211.6420397895351,2.2303788574990185e-05,Low,Maintain: Standard loyalty program
16684,Gold Tier,4,28,66653.56,51389.32100464769,2.23037885749911e-05,Low,Maintain: VIP loyalty program
16685,Silver Tier,61,2,324.24,891.4895806459505,2.2303788574990585e-05,Low,Maintain: Standard loyalty program
16686,Silver Tier,47,7,2959.88,2343.8536878947443,2.2303788574990185e-05,Low,Maintain: Standard loyalty program
16688,Silver Tier,1,4,1260.86,3747.9165160245025,2.2303788574990226e-05,Low,Maintain: Standard loyalty program
16689,Silver Tier,76,2,422.6,1149.9820397664134,2.2303788574991852e-05,Low,Maintain: Standard loyalty program
16690,Silver Tier,72,2,225.58,655.0775644386715,2.2303788574991415e-05,Low,Maintain: Standard loyalty program
16692,Inactive,256,2,1276.0,1389.4582502623846,0.9999776962114252,High,Low Priority: Automated email only
16693,Silver Tier,69,2,477.86,676.1963331686261,2.2303788574990744e-05,Low,Maintain: Standard loyalty program
16696,Silver Tier,135,4,657.9,1077.1227600208551,0.9999776962114252,High,Send: Standard win-back offer
16697,Inactive,241,1,112.75,373.8855720243593,0.9999776962114252,High,Low Priority: Automated email only
16698,Inactive,227,2,1998.0,1146.0159139717107,0.9999776962114252,High,Low Priority: Automated email only
16700,Silver Tier,9,13,5076.55,3946.647369692571,2.2303788574990107e-05,Low,Maintain: Standard loyalty program
16701,Silver Tier,9,13,5398.3,4123.007359820901,2.2303788574990107e-05,Low,Maintain: Standard loyalty program
16705,Gold Tier,1,20,14034.99,10288.17184198695,2.230378857499102e-05,Low,Maintain: VIP loyalty program
16706,Silver Tier,37,3,531.35,1187.6292614776837,2.230378857499003e-05,Low,Maintain: Standard loyalty program
16708,Silver Tier,46,1,656.63,1016.603648575807,2.230378857499003e-05,Low,Maintain: Standard loyalty program
16709,Silver Tier,85,5,3029.87,2119.29199746522,2.2303788574996605e-05,Low,Maintain: Standard loyalty program
16710,Silver Tier,19,10,2467.99,1918.1080636410495,2.230378857499007e-05,Low,Maintain: Standard loyalty program
16711,Silver Tier,3,5,1651.03,1421.1468467028358,2.2303788574990107e-05,Low,Maintain: Standard loyalty program
16712,Silver Tier,9,11,3611.31,3510.8565085149753,2.230378857499007e-05,Low,Maintain: Standard loyalty program
16713,Gold Tier,19,15,6910.78,5292.299646619069,2.2303788574990307e-05,Low,Maintain: VIP loyalty program
16714,Inactive,219,3,1129.06,365.82704094764017,0.9999776962114252,High,Low Priority: Automated email only
16715,Silver Tier,78,1,301.71999999999997,788.3999061904082,2.2303788574992404e-05,Low,Maintain: Standard loyalty program
16716,Inactive,267,2,901.2,484.550422234297,0.9999776962114252,High,Low Priority: Automated email only
16717,Silver Tier,24,6,3843.08,2947.9478431119214,2.230378857499007e-05,Low,Maintain: Standard loyalty program
16718,Inactive,369,1,606.05,264.6320244409797,0.9999776962114252,High,Low Priority: Automated email only
16719,Silver Tier,15,7,1770.22,1339.9072589477655,2.230378857499003e-05,Low,Maintain: Standard loyalty program
16720,Silver Tier,26,1,152.95,1219.9222926807831,2.2303788574990107e-05,Low,Maintain: Standard loyalty program
16721,Inactive,262,1,292.47,350.16733507934754,0.9999776962114252,High,Low Priority: Automated email only
16722,Silver Tier,17,13,4730.81,3559.882933560352,2.2303788574990107e-05,Low,Maintain: Standard loyalty program
16723,Silver Tier,91,2,576.4,1045.8533564287468,0.9999776962114252,High,Send: Standard win-back offer
16725,Inactive,302,7,758.27,635.1228463768072,0.9999776962114252,High,Low Priority: Automated email only
16726,Silver Tier,26,5,1358.74,1234.7300119839583,2.2303788574989992e-05,Low,Maintain: Standard loyalty program
16727,Inactive,364,1,256.32,267.6875158822208,0.9999776962114252,High,Low Priority: Automated email only
16728,Silver Tier,46,4,1048.28,1215.8078177898913,2.230378857499003e-05,Low,Maintain: Standard loyalty program
16729,Gold Tier,38,21,7205.33,7667.096787565057,2.2303788574990426e-05,Low,Maintain: VIP loyalty program
16730,Silver Tier,52,3,743.11,806.738729017761,2.2303788574990263e-05,Low,Maintain: Standard loyalty program
16732,Silver Tier,32,1,603.75,1158.925382250077,2.230378857499003e-05,Low,Maintain: Standard loyalty program
16734,Silver Tier,52,3,646.76,1286.9858704458372,2.2303788574990263e-05,Low,Maintain: Standard loyalty program
16735,Silver Tier,79,5,2247.41,1633.6703848589275,2.2303788574994464e-05,Low,Maintain: Standard loyalty program
16737,Silver Tier,53,1,417.6,949.944145249896,2.2303788574990344e-05,Low,Maintain: Standard loyalty program
16738,Inactive,298,1,3.75,316.68489035990433,0.9999776962114252,High,Low Priority: Automated email only
16739,Inactive,177,1,323.0,473.0666458355044,0.9999776962114252,High,Low Priority: Automated email only
16742,Silver Tier,47,1,464.9,1007.7639635956134,2.2303788574990148e-05,Low,Maintain: Standard loyalty program
16743,Silver Tier,29,7,2213.13,1692.0292165523167,2.2303788574989992e-05,Low,Maintain: Standard loyalty program
16744,Silver Tier,11,7,1291.91,2209.3062121414973,2.230378857499003e-05,Low,Maintain: Standard loyalty program
16745,Gold Tier,87,17,7180.7,6387.067948318737,2.2303788574998703e-05,Low,Maintain: VIP loyalty program
16746,Gold Tier,5,18,6680.11,5306.855272918693,2.2303788574990385e-05,Low,Maintain: VIP loyalty program
16747,Silver Tier,38,2,836.0600000000001,1755.8475370381975,2.2303788574989992e-05,Low,Maintain: Standard loyalty program
16748,Silver Tier,18,5,1515.9,1188.652735372399,2.2303788574989992e-05,Low,Maintain: Standard loyalty program
16750,Silver Tier,45,5,623.93,1033.0539136246234,2.230378857499003e-05,Low,Maintain: Standard loyalty program
16751,Silver Tier,31,1,1764.72,1170.6317638661749,2.2303788574989992e-05,Low,Maintain: Standard loyalty program
16752,Inactive,373,1,207.5,262.83198413710926,0.9999776962114252,High,Low Priority: Automated email only
16753,Silver Tier,58,1,223.92,912.546967178022,2.2303788574990426e-05,Low,Maintain: Standard loyalty program
16754,Inactive,372,1,2002.4,262.83198413710926,0.9999776962114252,High,Low Priority: Automated email only
16755,Silver Tier,114,3,1475.43,1289.2535946422583,0.9999776962114252,High,Send: Standard win-back offer
16756,Inactive,215,1,239.4,409.5523126461623,0.9999776962114252,High,Low Priority: Automated email only
16757,Inactive,319,1,106.83,299.5022203602368,0.9999776962114252,High,Low Priority: Automated email only
16758,Silver Tier,65,1,369.34,864.8798402201314,2.2303788574990663e-05,Low,Maintain: Standard loyalty program
16759,Silver Tier,8,3,789.79,2456.220361983299,2.2303788574990185e-05,Low,Maintain: Standard loyalty program
16761,Silver Tier,97,1,316.62,702.4005175556322,0.9999776962114252,High,Send: Standard win-back offer
16762,Silver Tier,20,3,1207.24,1947.49582688946,2.2303788574989992e-05,Low,Maintain: Standard loyalty program
16763,Inactive,199,1,611.8499999999999,434.09180192261977,0.9999776962114252,High,Low Priority: Automated email only
16764,Silver Tier,4,13,2790.9500000000003,4798.306088656855,2.2303788574990148e-05,Low,Maintain: Standard loyalty program
16765,Inactive,294,1,34.0,319.30183684963674,0.9999776962114252,High,Low Priority: Automated email only
16766,Inactive,273,2,1145.6,338.9058777262529,0.9999776962114252,High,Low Priority: Automated email only
16767,Silver Tier,31,11,5575.56,3522.2105958943152,2.2303788574990107e-05,Low,Maintain: Standard loyalty program
16768,Silver Tier,48,3,478.09,688.3752942985441,2.2303788574990148e-05,Low,Maintain: Standard loyalty program
16769,Inactive,260,1,361.54,352.2957723378669,0.9999776962114252,High,Low Priority: Automated email only
16770,Silver Tier,58,5,757.1,791.95635167692,2.2303788574990344e-05,Low,Maintain: Standard loyalty program
16771,Silver Tier,33,5,2242.61,1882.31044791801,2.2303788574989992e-05,Low,Maintain: Standard loyalty program
16773,Silver Tier,57,1,171.59,919.7889416513344,2.2303788574990744e-05,Low,Maintain: Standard loyalty program
16774,Silver Tier,68,4,661.52,1253.7885884212803,2.2303788574990703e-05,Low,Maintain: Standard loyalty program
16775,Silver Tier,10,11,1691.51,1456.3190156733936,2.230378857499003e-05,Low,Maintain: Standard loyalty program
16776,Silver Tier,60,1,371.54,898.3998783426291,2.2303788574990426e-05,Low,Maintain: Standard loyalty program
16777,Silver Tier,80,2,222.62,463.6861241935106,2.230378857499324e-05,Low,Maintain: Standard loyalty program
16778,Silver Tier,74,2,245.94,527.1452586632572,2.230378857499205e-05,Low,Maintain: Standard loyalty program
16779,Gold Tier,2,22,10611.72,8195.793086841466,2.2303788574990463e-05,Low,Maintain: VIP loyalty program
16780,Silver Tier,100,2,422.24,644.9071611039657,0.9999776962114252,High,Send: Standard win-back offer
16781,Inactive,372,1,311.25,262.83198413710926,0.9999776962114252,High,Low Priority: Automated email only
16782,Silver Tier,10,13,2267.9500000000003,1806.3652314823064,2.230378857499003e-05,Low,Maintain: Standard loyalty program
16784,Silver Tier,20,1,107.6,1316.965589877716,2.2303788574990226e-05,Low,Maintain: Standard loyalty program
16788,Silver Tier,123,2,594.39,689.7475482732368,0.9999776962114252,High,Send: Standard win-back offer
16789,Silver Tier,8,1,80.8,1505.1219667863047,2.2303788574990937e-05,Low,Maintain: Standard loyalty program
16790,Silver Tier,4,6,1545.62,4097.591309082471,2.2303788574990107e-05,Low,Maintain: Standard loyalty program
16791,Silver Tier,29,7,1705.78,1543.6164018960396,2.2303788574989992e-05,Low,Maintain: Standard loyalty program
16792,Inactive,282,2,110.38,330.216929121674,0.9999776962114252,High,Low Priority: Automated email only
16793,Silver Tier,57,1,243.84,919.7889416513344,2.2303788574990344e-05,Low,Maintain: Standard loyalty program
16794,Silver Tier,1,10,1196.5,1858.1312028490383,2.2303788574990226e-05,Low,Maintain: Standard loyalty program
16795,Inactive,365,1,414.88,267.07078577809557,0.9999776962114252,High,Low Priority: Automated email only
16796,Silver Tier,89,1,305.62,733.5163099957323,2.2303788575000092e-05,Low,Maintain: Standard loyalty program
16800,Silver Tier,11,1,1162.65,1448.6733665307254,2.230378857499003e-05,Low,Maintain: Standard loyalty program
16801,Inactive,163,4,1594.23,1195.8934090186372,0.9999776962114252,High,Low Priority: Automated email only
16803,Silver Tier,65,1,332.3,864.8798402201314,2.2303788574990663e-05,Low,Maintain: Standard loyalty program
16804,Silver Tier,23,3,536.99,758.029406949799,2.230378857499003e-05,Low,Maintain: Standard loyalty program
16805,Inactive,174,2,460.59,483.26797937704333,0.9999776962114252,High,Low Priority: Automated email only
16806,Silver Tier,103,4,762.16,1021.6763843646848,0.9999776962114252,High,Send: Standard win-back offer
16807,Silver Tier,143,3,1121.59,1094.9726969621615,0.9999776962114252,High,Send: Standard win-back offer
16808,Silver Tier,99,2,288.42,501.3596729141046,0.9999776962114252,High,Send: Standard win-back offer
16809,Silver Tier,23,5,914.69,1125.9371760313156,2.2303788574989992e-05,Low,Maintain: Standard loyalty program
16810,Inactive,192,1,309.54,444.0697294609968,0.9999776962114252,High,Low Priority: Automated email only
16811,Silver Tier,5,2,547.07,2366.6288675937244,2.2303788574990148e-05,Low,Maintain: Standard loyalty program
16812,Inactive,361,1,479.35,270.1831860954547,0.9999776962114252,High,Low Priority: Automated email only
16813,Silver Tier,8,10,1652.18,2320.018195495275,2.2303788574990107e-05,Low,Maintain: Standard loyalty program
16814,Gold Tier,14,21,6416.7,5021.5214552643465,2.2303788574990307e-05,Low,Maintain: VIP loyalty program
16816,Silver Tier,103,4,417.06,596.9512079989508,0.9999776962114252,High,Send: Standard win-back offer
16817,Silver Tier,3,9,1604.75,1369.7212974693498,2.2303788574990107e-05,Low,Maintain: Standard loyalty program
16818,Silver Tier,11,11,3349.57,3912.0960897170858,2.230378857499007e-05,Low,Maintain: Standard loyalty program
16820,Silver Tier,96,1,497.61,706.6830047119079,0.9999776962114252,High,Send: Standard win-back offer
16823,Inactive,227,1,358.38,391.56726551098217,0.9999776962114252,High,Low Priority: Automated email only
16824,Silver Tier,16,2,460.64,880.4021763346021,2.230378857499007e-05,Low,Maintain: Standard loyalty program
16825,Silver Tier,39,2,775.18,1053.781947342478,2.2303788574989992e-05,Low,Maintain: Standard loyalty program
16826,Silver Tier,51,1,341.7,965.7756941997336,2.2303788574990263e-05,Low,Maintain: Standard loyalty program
16828,Silver Tier,93,2,128.5,780.3441326373514,0.9999776962114252,High,Send: Standard win-back offer
16829,Inactive,157,1,197.22,515.1117955259693,0.9999776962114252,High,Low Priority: Automated email only
16830,Silver Tier,39,1,325.91,1083.108434623702,2.230378857499003e-05,Low,Maintain: Standard loyalty program
16832,Inactive,184,3,199.15,650.0759134159892,0.9999776962114252,High,Low Priority: Automated email only
16833,Silver Tier,1,4,1106.53,957.6353534555366,2.2303788574990226e-05,Low,Maintain: Standard loyalty program
16834,Inactive,228,1,413.46,391.56726551098217,0.9999776962114252,High,Low Priority: Automated email only
16835,Silver Tier,128,2,180.85,374.32372218228625,0.9999776962114252,High,Send: Standard win-back offer
16836,Silver Tier,40,2,251.87,989.2470440291312,2.230378857499003e-05,Low,Maintain: Standard loyalty program
16837,Silver Tier,31,11,3170.98,3625.7056797555633,2.230378857499007e-05,Low,Maintain: Standard loyalty program
16838,Inactive,197,2,588.85,540.9289531123791,0.9999776962114252,High,Low Priority: Automated email only
16839,Gold Tier,9,34,16594.35,12594.677676859592,2.230378857499209e-05,Low,Maintain: VIP loyalty program
16841,Silver Tier,37,6,1869.82,1822.4545062867137,2.2303788574989992e-05,Low,Maintain: Standard loyalty program
16842,Silver Tier,101,3,1264.19,996.0470687144594,0.9999776962114252,High,Send: Standard win-back offer
16843,Gold Tier,43,16,10196.57,8215.673272005939,2.2303788574990426e-05,Low,Maintain: VIP loyalty program
16846,Silver Tier,50,1,214.32,973.891045138813,2.2303788574990185e-05,Low,Maintain: Standard loyalty program
16847,Silver Tier,43,1,193.44,1034.75663059681,2.230378857499007e-05,Low,Maintain: Standard loyalty program
16848,Silver Tier,53,1,281.42,957.7944940514782,2.2303788574990344e-05,Low,Maintain: Standard loyalty program
16849,Inactive,187,1,124.57,454.51717492507487,0.9999776962114252,High,Low Priority: Automated email only
16850,Inactive,334,1,332.41,288.3279090035837,0.9999776962114252,High,Low Priority: Automated email only
16851,Silver Tier,4,3,342.45,1790.16333897832,2.230378857499082e-05,Low,Maintain: Standard loyalty program
16852,Silver Tier,10,2,144.91,596.9948540852428,2.2303788574990148e-05,Low,Maintain: Standard loyalty program
16855,Silver Tier,24,2,328.4,1676.3100440071344,2.230378857499007e-05,Low,Maintain: Standard loyalty program
16856,Silver Tier,15,1,35.400000000000006,1396.3067155040203,2.2303788574990185e-05,Low,Maintain: Standard loyalty program
16858,Inactive,369,1,375.69000000000005,265.2375295735978,0.9999776962114252,High,Low Priority: Automated email only
16859,Silver Tier,145,2,747.81,837.788723333575,0.9999776962114252,High,Send: Standard win-back offer
16861,Silver Tier,60,2,173.76,733.65661603686,2.230378857499086e-05,Low,Maintain: Standard loyalty program
16863,Silver Tier,31,2,502.8,537.9156457295751,2.230378857499003e-05,Low,Maintain: Standard loyalty program
16866,Silver Tier,141,3,207.74,755.645830797755,0.9999776962114252,High,Send: Standard win-back offer
16869,Silver Tier,23,4,817.12,1353.501251360332,2.2303788574989992e-05,Low,Maintain: Standard loyalty program
16871,Silver Tier,22,6,2812.34,2568.540406114842,2.230378857499003e-05,Low,Maintain: Standard loyalty program
16872,Silver Tier,77,3,680.02,920.6821939335553,2.230378857499181e-05,Low,Maintain: Standard loyalty program
16873,Silver Tier,5,6,7123.62,4016.7602355873887,2.2303788574990226e-05,Low,Maintain: Standard loyalty program
16875,Silver Tier,67,5,2095.53,1679.7173392967295,2.230378857499106e-05,Low,Maintain: Standard loyalty program
16877,Silver Tier,12,6,846.62,1439.1362375848034,2.2303788574989992e-05,Low,Maintain: Standard loyalty program
16878,Silver Tier,84,1,13.3,757.4850672444373,2.2303788574995376e-05,Low,Maintain: Standard loyalty program
16880,Silver Tier,31,7,1491.43,2104.762239386488,2.2303788574989992e-05,Low,Maintain: Standard loyalty program
16881,Silver Tier,67,1,432.0,858.4738053899073,2.2303788574990744e-05,Low,Maintain: Standard loyalty program
16882,Silver Tier,67,3,705.12,919.7701459621736,2.2303788574990703e-05,Low,Maintain: Standard loyalty program
16883,Inactive,187,2,272.48,405.30941843760706,0.9999776962114252,High,Low Priority: Automated email only
16884,Silver Tier,38,2,429.84,1093.3262542128698,2.230378857499003e-05,Low,Maintain: Standard loyalty program
16885,Silver Tier,15,3,450.41,533.6643951244331,2.230378857499007e-05,Low,Maintain: Standard loyalty program
16887,Silver Tier,35,1,192.33,1114.3514760006665,2.2303788574990148e-05,Low,Maintain: Standard loyalty program
16889,Inactive,195,3,1578.67,1143.2105898691475,0.9999776962114252,High,Low Priority: Automated email only
16891,Silver Tier,2,5,742.43,721.4101021932778,2.2303788574990148e-05,Low,Maintain: Standard loyalty program
16892,Silver Tier,1,5,518.19,1103.1820478186671,2.2303788574990263e-05,Low,Maintain: Standard loyalty program
16893,Inactive,367,1,145.93,266.45689100090283,0.9999776962114252,High,Low Priority: Automated email only
16895,Silver Tier,65,1,202.27,871.382211660038,2.230378857499106e-05,Low,Maintain: Standard loyalty program
16897,Inactive,299,2,289.78,413.345527672986,0.9999776962114252,High,Low Priority: Automated email only
16898,Silver Tier,26,3,501.03,600.792203328276,2.230378857499007e-05,Low,Maintain: Standard loyalty program
16899,Silver Tier,8,6,1271.06,1176.3743562584175,2.2303788574990148e-05,Low,Maintain: Standard loyalty program
16900,Silver Tier,17,3,887.11,1405.3908893894354,2.230378857499003e-05,Low,Maintain: Standard loyalty program
16902,Silver Tier,116,1,1706.88,626.4730735073999,0.9999776962114252,High,Send: Standard win-back offer
16903,Silver Tier,29,1,363.2,1182.577097323801,2.230378857499007e-05,Low,Maintain: Standard loyalty program
16904,Gold Tier,4,16,3653.75,2872.5783888296746,2.2303788574990307e-05,Low,Maintain: VIP loyalty program
16905,Silver Tier,5,7,3037.6,2368.423491260847,2.2303788574990148e-05,Low,Maintain: Standard loyalty program
16906,Silver Tier,82,4,559.59,907.3795188844982,2.2303788574993715e-05,Low,Maintain: Standard loyalty program
16907,Silver Tier,29,5,928.76,894.0664607663365,2.2303788574989992e-05,Low,Maintain: Standard loyalty program
16909,Silver Tier,72,1,379.14,821.9458652291272,2.2303788574991378e-05,Low,Maintain: Standard loyalty program
16910,Silver Tier,4,8,1508.96,3795.753135103384,2.2303788574990107e-05,Low,Maintain: Standard loyalty program
16912,Silver Tier,29,11,2555.58,2165.1379297786457,2.230378857499007e-05,Low,Maintain: Standard loyalty program
16913,Inactive,290,1,113.44,322.85912934222307,0.9999776962114252,High,Low Priority: Automated email only
16914,Silver Tier,36,1,183.76,1103.738729125816,2.2303788574990148e-05,Low,Maintain: Standard loyalty program
16915,Silver Tier,9,6,621.6800000000001,949.8800988606514,2.230378857499003e-05,Low,Maintain: Standard loyalty program
16916,Silver Tier,24,2,562.41,548.3990526001767,2.230378857499003e-05,Low,Maintain: Standard loyalty program
16917,Inactive,277,1,391.52,335.95919464018573,0.9999776962114252,High,Low Priority: Automated email only
16918,Silver Tier,50,6,1068.82,1041.1741606033877,2.2303788574990107e-05,Low,Maintain: Standard loyalty program
16919,Silver Tier,156,11,2592.25,2098.9292689585345,0.9999776962114252,High,Send: Standard win-back offer
16921,Silver Tier,61,1,154.18,891.4895806459505,2.2303788574990974e-05,Low,Maintain: Standard loyalty program
16923,Gold Tier,12,19,7069.08,5372.507482951776,2.2303788574990307e-05,Low,Maintain: VIP loyalty program
16924,Silver Tier,21,3,829.89,2050.4631719529293,2.2303788574989992e-05,Low,Maintain: Standard loyalty program
16926,Inactive,371,1,230.25,263.4292704434109,0.9999776962114252,High,Low Priority: Automated email only
16927,Silver Tier,116,3,543.05,565.2741973676509,0.9999776962114252,High,Send: Standard win-back offer
16928,Gold Tier,80,17,2814.7,2368.932307686001,2.2303788574995298e-05,Low,Maintain: VIP loyalty program
16929,Silver Tier,4,7,1295.39,2220.716565693197,2.2303788574990148e-05,Low,Maintain: Standard loyalty program
16930,Silver Tier,26,3,378.89,1362.677734963118,2.230378857499007e-05,Low,Maintain: Standard loyalty program
16931,Gold Tier,5,21,4554.87,3699.2802159603534,2.2303788574990385e-05,Low,Maintain: VIP loyalty program
16932,Silver Tier,53,1,150.23000000000002,949.944145249896,2.2303788574990744e-05,Low,Maintain: Standard loyalty program
16933,Silver Tier,1,2,563.23,759.6686477697931,2.2303788574990226e-05,Low,Maintain: Standard loyalty program
16934,Silver Tier,55,2,931.03,942.2214556792164,2.2303788574990307e-05,Low,Maintain: Standard loyalty program
16936,Silver Tier,26,1,261.9,1232.9005241921468,2.2303788574990107e-05,Low,Maintain: Standard loyalty program
16938,Silver Tier,9,4,2711.6800000000003,2409.658552376267,2.230378857499007e-05,Low,Maintain: Standard loyalty program
16940,Silver Tier,52,3,3049.88,2339.8475429531436,2.2303788574990307e-05,Low,Maintain: Standard loyalty program
16942,Silver Tier,13,9,1904.99,2306.6908484293003,2.230378857499003e-05,Low,Maintain: Standard loyalty program
16943,Inactive,212,3,816.73,657.8705364053675,0.9999776962114252,High,Low Priority: Automated email only
16945,Gold Tier,22,19,4345.5,3500.94123687639,2.2303788574990344e-05,Low,Maintain: VIP loyalty program
16947,Inactive,236,1,406.48,381.26403757860874,0.9999776962114252,High,Low Priority: Automated email only
16948,Silver Tier,139,3,435.02,647.6598146892397,0.9999776962114252,High,Send: Standard win-back offer
16949,Silver Tier,4,6,1286.27,1403.1422362356134,2.2303788574990107e-05,Low,Maintain: Standard loyalty program
16950,Silver Tier,57,3,1178.56,1030.2217927487477,2.2303788574990307e-05,Low,Maintain: Standard loyalty program
16951,Silver Tier,135,3,1277.75,569.5572564039999,0.9999776962114252,High,Send: Standard win-back offer
16952,Silver Tier,109,2,167.61,651.1068698341855,0.9999776962114252,High,Send: Standard win-back offer
16953,Silver Tier,30,1,20.8,1170.6317638661749,2.2303788574990148e-05,Low,Maintain: Standard loyalty program
16954,Silver Tier,1,9,2085.08,1677.9248297208255,2.2303788574990185e-05,Low,Maintain: Standard loyalty program
16955,Inactive,185,4,518.67,590.5024944570107,0.9999776962114252,High,Low Priority: Automated email only
16956,Silver Tier,18,1,308.74,1347.594640248632,2.230378857499007e-05,Low,Maintain: Standard loyalty program
16957,Inactive,239,2,416.64,636.2218198009227,0.9999776962114252,High,Low Priority: Automated email only
16959,Silver Tier,87,1,117.35,742.9194360225239,2.230378857499795e-05,Low,Maintain: Standard loyalty program
16960,Silver Tier,39,3,507.05,739.1927834126045,2.230378857499003e-05,Low,Maintain: Standard loyalty program
16961,Silver Tier,116,1,234.17,626.4730735073999,0.9999776962114252,High,Send: Standard win-back offer
16963,Inactive,187,1,110.55,452.74192762029065,0.9999776962114252,High,Low Priority: Automated email only
16965,Inactive,227,1,201.19,392.89445809729585,0.9999776962114252,High,Low Priority: Automated email only
16966,Silver Tier,8,7,2154.97,2317.827115217171,2.2303788574990107e-05,Low,Maintain: Standard loyalty program
16967,Inactive,189,1,319.02,449.23271518157816,0.9999776962114252,High,Low Priority: Automated email only
16968,Silver Tier,4,2,439.43,1081.6265697221825,2.2303788574990185e-05,Low,Maintain: Standard loyalty program
16969,Silver Tier,39,3,650.41,851.5102830238826,2.2303788574989992e-05,Low,Maintain: Standard loyalty program
16971,Silver Tier,38,1,357.21,1083.108434623702,2.230378857499003e-05,Low,Maintain: Standard loyalty program
16976,Inactive,267,1,251.52,344.95708979870165,0.9999776962114252,High,Low Priority: Automated email only
16978,Silver Tier,78,1,344.33,793.7994213099503,2.230378857499217e-05,Low,Maintain: Standard loyalty program
16979,Silver Tier,4,6,1852.0,1731.6166262902598,2.230378857499007e-05,Low,Maintain: Standard loyalty program
16980,Inactive,255,2,1028.46,653.5680809462795,0.9999776962114252,High,Low Priority: Automated email only
16982,Silver Tier,61,1,384.06,898.3998783426291,2.2303788574990585e-05,Low,Maintain: Standard loyalty program
16983,Silver Tier,13,7,1905.87,1632.9493590955994,2.230378857499003e-05,Low,Maintain: Standard loyalty program
16984,Silver Tier,88,2,4459.52,2477.7856795325893,2.230378857500053e-05,Low,Maintain: Standard loyalty program
16985,Silver Tier,17,10,5464.12,3776.855399382656,2.2303788574990107e-05,Low,Maintain: Standard loyalty program
16986,Silver Tier,30,2,1873.2,6551.667811741119,2.2303788574989992e-05,Low,Maintain: Standard loyalty program
16987,Silver Tier,3,7,1616.8,2194.8815464362574,2.2303788574990107e-05,Low,Maintain: Standard loyalty program
16988,Silver Tier,5,1,126.12,1566.149238768915,2.23037885749909e-05,Low,Maintain: Standard loyalty program
16989,Silver Tier,7,6,1133.25,1100.9159697190084,2.2303788574990107e-05,Low,Maintain: Standard loyalty program
16990,Inactive,219,1,179.0,403.8449286955369,0.9999776962114252,High,Low Priority: Automated email only
16992,Silver Tier,11,5,1614.31,1496.404710905841,2.2303788574989992e-05,Low,Maintain: Standard loyalty program
16996,Silver Tier,30,6,1456.96,1354.020052106978,2.2303788574989992e-05,Low,Maintain: Standard loyalty program
16997,Inactive,288,3,702.0,596.7772732184679,0.9999776962114252,High,Low Priority: Automated email only
16998,Inactive,150,4,295.0,554.0350190813551,0.9999776962114252,High,Low Priority: Automated email only
16999,Silver Tier,23,2,484.82,1436.6244143047627,2.230378857499007e-05,Low,Maintain: Standard loyalty program
17001,Silver Tier,1,11,3989.57,3122.0087410646083,2.2303788574990263e-05,Low,Maintain: Standard loyalty program
17002,Silver Tier,86,3,1493.73,1228.9583879542183,2.2303788574997913e-05,Low,Maintain: Standard loyalty program
17004,Silver Tier,46,2,1312.14,1573.1946537207914,2.230378857499003e-05,Low,Maintain: Standard loyalty program
17006,Silver Tier,5,4,781.78,2115.0602946429503,2.2303788574990148e-05,Low,Maintain: Standard loyalty program
17007,Silver Tier,51,6,889.9300000000001,861.760943541196,2.2303788574990226e-05,Low,Maintain: Standard loyalty program
17010,Silver Tier,18,1,195.36,1332.1040378327834,2.2303788574990107e-05,Low,Maintain: Standard loyalty program
17011,Silver Tier,30,1,270.9,1170.6317638661749,2.230378857499007e-05,Low,Maintain: Standard loyalty program
17014,Silver Tier,8,3,583.4300000000001,1958.3684807327356,2.2303788574990185e-05,Low,Maintain: Standard loyalty program
17015,Silver Tier,29,3,1838.61,2138.7854406109395,2.2303788574989992e-05,Low,Maintain: Standard loyalty program
17017,Gold Tier,3,20,8694.26,6217.928811665562,2.2303788574990426e-05,Low,Maintain: VIP loyalty program
17018,Silver Tier,41,2,920.1,722.0048096404176,2.2303788574989992e-05,Low,Maintain: Standard loyalty program
17019,Silver Tier,11,4,1258.08,980.4546529690574,2.230378857499003e-05,Low,Maintain: Standard loyalty program
17022,Silver Tier,31,1,71.0,1158.925382250077,2.2303788574990148e-05,Low,Maintain: Standard loyalty program
17024,Silver Tier,45,3,95.85,727.5161384873718,2.2303788574990185e-05,Low,Maintain: Standard loyalty program
17025,Silver Tier,61,3,357.77,437.64274531624255,2.2303788574990585e-05,Low,Maintain: Standard loyalty program
17026,Inactive,185,2,154.83,392.3085589644997,0.9999776962114252,High,Low Priority: Automated email only
17027,Silver Tier,79,6,877.5600000000001,956.4901666223384,2.2303788574992645e-05,Low,Maintain: Standard loyalty program
17029,Silver Tier,111,2,716.0,784.9207231389602,0.9999776962114252,High,Send: Standard win-back offer
17030,Silver Tier,64,1,146.87,877.9831095133258,2.2303788574991137e-05,Low,Maintain: Standard loyalty program
17031,Silver Tier,12,2,380.35,813.0176201834331,2.230378857499007e-05,Low,Maintain: Standard loyalty program
17033,Silver Tier,86,3,1030.14,848.6151330203531,2.2303788574997913e-05,Low,Maintain: Standard loyalty program
17034,Silver Tier,16,3,745.52,919.8144451077512,2.230378857499003e-05,Low,Maintain: Standard loyalty program
17035,Inactive,246,2,433.53,490.55967419642275,0.9999776962114252,High,Low Priority: Automated email only
17037,Silver Tier,88,1,1267.32,742.9194360225239,2.230378857500021e-05,Low,Maintain: Standard loyalty program
17038,Silver Tier,30,1,112.4,1170.6317638661749,2.2303788574990226e-05,Low,Maintain: Standard loyalty program
17040,Silver Tier,138,1,449.73,562.6162538325339,0.9999776962114252,High,Send: Standard win-back offer
17041,Silver Tier,27,3,1071.49,878.357760211668,2.2303788574989992e-05,Low,Maintain: Standard loyalty program
17042,Silver Tier,3,5,1036.58,1250.2493830575977,2.2303788574990185e-05,Low,Maintain: Standard loyalty program
17043,Silver Tier,32,4,1735.18,1891.9426926669896,2.2303788574989992e-05,Low,Maintain: Standard loyalty program
17044,Silver Tier,25,1,948.48,1232.9005241921468,2.230378857499003e-05,Low,Maintain: Standard loyalty program
17045,Silver Tier,113,3,339.44,744.4356823390284,0.9999776962114252,High,Send: Standard win-back offer
17046,Inactive,157,1,642.02,512.832809797066,0.9999776962114252,High,Low Priority: Automated email only
17047,Silver Tier,85,3,1100.9,867.0207911171829,2.2303788574995653e-05,Low,Maintain: Standard loyalty program
17048,Silver Tier,118,3,925.35,865.8528272643914,0.9999776962114252,High,Send: Standard win-back offer
17049,Silver Tier,3,9,5655.03,4903.562130450659,2.2303788574990185e-05,Low,Maintain: Standard loyalty program
17050,Silver Tier,96,6,3185.64,3063.247255803086,0.9999776962114252,High,Send: Standard win-back offer
17051,Inactive,194,1,240.89,440.69317179989525,0.9999776962114252,High,Low Priority: Automated email only
17052,Silver Tier,28,1,399.09,1194.7687753130083,2.230378857499007e-05,Low,Maintain: Standard loyalty program
17053,Silver Tier,131,1,498.48,582.4044341532608,0.9999776962114252,High,Send: Standard win-back offer
17054,Silver Tier,28,5,1356.33,1530.6167578621285,2.2303788574989992e-05,Low,Maintain: Standard loyalty program
17058,Silver Tier,82,3,1179.89,1056.1093607395333,2.230378857499403e-05,Low,Maintain: Standard loyalty program
17059,Silver Tier,30,5,3080.39,2046.3764763320885,2.230378857499003e-05,Low,Maintain: Standard loyalty program
17060,Inactive,266,1,234.24,345.98669741276063,0.9999776962114252,High,Low Priority: Automated email only
17061,Silver Tier,74,11,5232.2300000000005,4065.899445781227,2.2303788574993197e-05,Low,Maintain: Standard loyalty program
17062,Inactive,314,4,533.33,564.4650079934343,0.9999776962114252,High,Low Priority: Automated email only
17063,Silver Tier,21,7,1461.14,1407.118238941735,2.230378857499003e-05,Low,Maintain: Standard loyalty program
17064,Silver Tier,59,3,855.45,909.028055503144,2.2303788574990385e-05,Low,Maintain: Standard loyalty program
17068,Gold Tier,12,21,4552.14,3697.58771947699,2.2303788574990307e-05,Low,Maintain: VIP loyalty program
17069,Silver Tier,28,9,2709.7000000000003,2133.1019330269605,2.230378857499007e-05,Low,Maintain: Standard loyalty program
17070,Silver Tier,114,1,304.24,633.3190042800318,0.9999776962114252,High,Send: Standard win-back offer
17071,Silver Tier,28,9,2429.03,2226.642663997245,2.230378857499007e-05,Low,Maintain: Standard loyalty program
17073,Silver Tier,18,4,1446.09,2568.1759356166667,2.2303788574989992e-05,Low,Maintain: Standard loyalty program
17075,Silver Tier,18,4,834.12,905.4589679728856,2.2303788574989992e-05,Low,Maintain: Standard loyalty program
17076,Silver Tier,36,3,841.0799999999999,816.1758954278552,2.230378857499003e-05,Low,Maintain: Standard loyalty program
17078,Silver Tier,36,2,378.2,1103.738729125816,2.230378857499007e-05,Low,Maintain: Standard loyalty program
17079,Silver Tier,78,1,118.8,788.3999061904082,2.230378857499284e-05,Low,Maintain: Standard loyalty program
17080,Silver Tier,22,2,287.62,584.5890269104701,2.230378857499007e-05,Low,Maintain: Standard loyalty program
17081,Silver Tier,25,2,288.91,1632.0828654226457,2.230378857499007e-05,Low,Maintain: Standard loyalty program
17082,Silver Tier,33,2,2003.85,1364.545709183949,2.2303788574989992e-05,Low,Maintain: Standard loyalty program
17083,Silver Tier,109,3,1405.78,969.5564635812008,0.9999776962114252,High,Send: Standard win-back offer
17084,Silver Tier,35,2,2747.99,1114.3514760006665,2.230378857499003e-05,Low,Maintain: Standard loyalty program
17085,Silver Tier,123,5,1562.4,1166.1411203847383,0.9999776962114252,High,Send: Standard win-back offer
17086,Silver Tier,7,6,2050.08,5119.092699207552,2.230378857499007e-05,Low,Maintain: Standard loyalty program
17088,Silver Tier,28,4,1991.01,1403.555996255158,2.2303788574989992e-05,Low,Maintain: Standard loyalty program
17090,Silver Tier,4,7,1974.65,1821.0815501351096,2.2303788574990107e-05,Low,Maintain: Standard loyalty program
17091,Silver Tier,3,9,3827.76,2963.519625502917,2.2303788574990185e-05,Low,Maintain: Standard loyalty program
17092,Silver Tier,50,4,1774.03,1902.0825697527891,2.2303788574990107e-05,Low,Maintain: Standard loyalty program
17094,Inactive,322,1,302.0,296.4385792867013,0.9999776962114252,High,Low Priority: Automated email only
17095,Silver Tier,23,3,1324.16,1118.045924533884,2.2303788574989992e-05,Low,Maintain: Standard loyalty program
17096,Silver Tier,15,4,1022.13,1288.1868671452623,2.2303788574989992e-05,Low,Maintain: Standard loyalty program
17097,Silver Tier,2,8,954.42,934.0492703712536,2.2303788574990148e-05,Low,Maintain: Standard loyalty program
17100,Silver Tier,18,2,971.74,1332.1040378327834,2.230378857499003e-05,Low,Maintain: Standard loyalty program
17101,Silver Tier,10,4,1621.73,2352.883754925047,2.230378857499003e-05,Low,Maintain: Standard loyalty program
17102,Inactive,262,1,25.5,351.2283290459734,0.9999776962114252,High,Low Priority: Automated email only
17105,Inactive,159,2,665.78,629.4230881657803,0.9999776962114252,High,Low Priority: Automated email only
17107,Silver Tier,33,6,10797.48,8720.642266773604,2.230378857499007e-05,Low,Maintain: Standard loyalty program
17109,Silver Tier,29,6,881.29,925.0337097878444,2.2303788574989992e-05,Low,Maintain: Standard loyalty program
17110,Inactive,165,1,163.29999999999998,495.30211275531394,0.9999776962114252,High,Low Priority: Automated email only
17111,Silver Tier,47,1,231.61,999.0767042537736,2.2303788574990148e-05,Low,Maintain: Standard loyalty program
17114,Silver Tier,6,8,801.12,916.0244195767734,2.2303788574990148e-05,Low,Maintain: Standard loyalty program
17115,Silver Tier,8,3,837.5,1007.9524860446191,2.2303788574990185e-05,Low,Maintain: Standard loyalty program
17117,Inactive,288,1,116.2,324.6676665070214,0.9999776962114252,High,Low Priority: Automated email only
17118,Inactive,318,1,157.02,300.2780509841134,0.9999776962114252,High,Low Priority: Automated email only
17119,Silver Tier,3,2,606.91,1204.6221451854533,2.2303788574990148e-05,Low,Maintain: Standard loyalty program
17120,Inactive,233,1,307.46,383.7886732905511,0.9999776962114252,High,Low Priority: Automated email only
17122,Silver Tier,119,1,138.32,616.4772790167465,0.9999776962114252,High,Send: Standard win-back offer
17123,Inactive,162,1,345.3,503.91502891787184,0.9999776962114252,High,Low Priority: Automated email only
17124,Inactive,185,1,294.24,456.3063996534212,0.9999776962114252,High,Low Priority: Automated email only
17125,Silver Tier,50,1,230.5,973.891045138813,2.2303788574990148e-05,Low,Maintain: Standard loyalty program
17126,Inactive,152,5,989.45,887.7904026990805,0.9999776962114252,High,Low Priority: Automated email only
17128,Inactive,335,1,157.09,287.61252902899014,0.9999776962114252,High,Low Priority: Automated email only
17131,Silver Tier,5,5,2463.17,4643.614422956578,2.2303788574990107e-05,Low,Maintain: Standard loyalty program
17133,Silver Tier,16,7,4892.240000000001,4469.088511659313,2.2303788574990107e-05,Low,Maintain: Standard loyalty program
17134,Silver Tier,107,2,413.2,492.8345188888677,0.9999776962114252,High,Send: Standard win-back offer
17135,Silver Tier,16,7,1139.73,1007.8007944773047,2.230378857499003e-05,Low,Maintain: Standard loyalty program
17138,Inactive,276,1,380.5,336.9357121417372,0.9999776962114252,High,Low Priority: Automated email only
17139,Gold Tier,16,12,10650.77,7734.960185629998,2.2303788574990107e-05,Low,Maintain: VIP loyalty program
17140,Inactive,247,1,454.12,366.7872811283449,0.9999776962114252,High,Low Priority: Automated email only
17142,Inactive,239,1,579.0,376.3131214718976,0.9999776962114252,High,Low Priority: Automated email only
17144,Silver Tier,1,2,984.57,1622.757346766056,2.2303788574990226e-05,Low,Maintain: Standard loyalty program
17146,Silver Tier,106,3,749.78,658.857235779805,0.9999776962114252,High,Send: Standard win-back offer
17147,Silver Tier,23,4,1714.59,1459.2176358593103,2.2303788574989992e-05,Low,Maintain: Standard loyalty program
17148,Silver Tier,52,1,124.88,965.7756941997336,2.2303788574990785e-05,Low,Maintain: Standard loyalty program
17152,Inactive,195,3,1689.5,1593.2276706275363,0.9999776962114252,High,Low Priority: Automated email only
17153,Silver Tier,24,1,213.78,1246.1579201425084,2.2303788574990107e-05,Low,Maintain: Standard loyalty program
17154,Silver Tier,75,1,329.34,804.82343769289,2.230378857499209e-05,Low,Maintain: Standard loyalty program
17155,Silver Tier,18,2,251.7,683.5348218794855,2.230378857499007e-05,Low,Maintain: Standard loyalty program
17157,Silver Tier,8,2,319.0,743.7115968947027,2.230378857499086e-05,Low,Maintain: Standard loyalty program
17158,Silver Tier,32,3,1266.97,939.065494029937,2.2303788574989992e-05,Low,Maintain: Standard loyalty program
17159,Silver Tier,22,3,1538.88,1876.236827373135,2.2303788574989992e-05,Low,Maintain: Standard loyalty program
17160,Silver Tier,31,6,3518.03,3486.8729070568543,2.230378857499003e-05,Low,Maintain: Standard loyalty program
17162,Silver Tier,29,10,1715.46,1511.769334496214,2.230378857499003e-05,Low,Maintain: Standard loyalty program
17163,Silver Tier,22,2,293.1,1263.405985078109,2.230378857499007e-05,Low,Maintain: Standard loyalty program
17164,Silver Tier,33,7,2467.35,2142.189805612919,2.230378857499003e-05,Low,Maintain: Standard loyalty program
17165,Inactive,284,1,158.68,328.3462161271562,0.9999776962114252,High,Low Priority: Automated email only
17166,Silver Tier,39,2,206.34,586.9875951429792,2.2303788574990107e-05,Low,Maintain: Standard loyalty program
17169,Silver Tier,58,2,835.78,1142.1247692898578,2.2303788574990344e-05,Low,Maintain: Standard loyalty program
17171,Inactive,289,1,224.91,323.76087222719343,0.9999776962114252,High,Low Priority: Automated email only
17172,Silver Tier,79,1,317.76,788.3999061904082,2.230378857499233e-05,Low,Maintain: Standard loyalty program
17173,Silver Tier,5,8,3766.6,6086.723338509823,2.2303788574990148e-05,Low,Maintain: Standard loyalty program
17174,Inactive,218,1,59.9,405.25680882157616,0.9999776962114252,High,Low Priority: Automated email only
17175,Silver Tier,44,4,1443.69,1195.1173755026157,2.2303788574989992e-05,Low,Maintain: Standard loyalty program
17176,Inactive,202,1,306.13,429.2691259765146,0.9999776962114252,High,Low Priority: Automated email only
17179,Inactive,178,3,711.79,665.7076847602002,0.9999776962114252,High,Low Priority: Automated email only
17180,Silver Tier,56,4,783.97,799.2183439046412,2.2303788574990307e-05,Low,Maintain: Standard loyalty program
17181,Silver Tier,57,2,239.92,364.9234515595327,2.2303788574990344e-05,Low,Maintain: Standard loyalty program
17183,Silver Tier,8,6,3347.31,6416.020653484113,2.2303788574990148e-05,Low,Maintain: Standard loyalty program
17186,Silver Tier,47,2,144.0,1221.8937365591016,2.2303788574990585e-05,Low,Maintain: Standard loyalty program
17187,Inactive,227,1,203.95,392.89445809729585,0.9999776962114252,High,Low Priority: Automated email only
17188,Silver Tier,11,7,2474.23,1808.224056132972,2.230378857499007e-05,Low,Maintain: Standard loyalty program
17189,Silver Tier,106,2,383.75,425.40129677881856,0.9999776962114252,High,Send: Standard win-back offer
17190,Silver Tier,59,2,444.74,755.5464843991575,2.2303788574990426e-05,Low,Maintain: Standard loyalty program
17191,Silver Tier,28,7,2093.68,1491.2845925524666,2.2303788574989992e-05,Low,Maintain: Standard loyalty program
17193,Silver Tier,36,7,1699.3,2229.7383058822884,2.2303788574989992e-05,Low,Maintain: Standard loyalty program
17194,Inactive,274,2,262.62,325.54450543066696,0.9999776962114252,High,Low Priority: Automated email only
17197,Silver Tier,30,1,1013.01,1182.577097323801,2.230378857499003e-05,Low,Maintain: Standard loyalty program
17198,Silver Tier,24,3,692.22,618.1792181428378,2.230378857499003e-05,Low,Maintain: Standard loyalty program
17201,Silver Tier,54,1,289.78000000000003,949.944145249896,2.2303788574990344e-05,Low,Maintain: Standard loyalty program
17203,Silver Tier,36,6,3560.08,6497.6661636885,2.230378857499003e-05,Low,Maintain: Standard loyalty program
17204,Inactive,175,4,1564.56,1139.1884879315628,0.9999776962114252,High,Low Priority: Automated email only
17205,Silver Tier,54,1,384.08,949.944145249896,2.2303788574990344e-05,Low,Maintain: Standard loyalty program
17206,Silver Tier,53,1,204.24,949.944145249896,2.2303788574990744e-05,Low,Maintain: Standard loyalty program
17211,Silver Tier,27,8,2317.2200000000003,1865.2753283439577,2.230378857499003e-05,Low,Maintain: Standard loyalty program
17212,Inactive,253,1,226.85,359.95350356360143,0.9999776962114252,High,Low Priority: Automated email only
17213,Silver Tier,40,7,2781.23,2163.9768009798777,2.230378857499003e-05,Low,Maintain: Standard loyalty program
17214,Silver Tier,60,6,1059.12,1020.1674406680726,2.2303788574990385e-05,Low,Maintain: Standard loyalty program
17217,Inactive,234,1,113.5,382.5221896728982,0.9999776962114252,High,Low Priority: Automated email only
17218,Silver Tier,4,10,1951.97,1601.7286525858738,2.2303788574990107e-05,Low,Maintain: Standard loyalty program
17219,Silver Tier,32,1,114.23,1158.925382250077,2.2303788574990226e-05,Low,Maintain: Standard loyalty program
17220,Silver Tier,24,14,3187.55,2525.115565298399,2.2303788574990263e-05,Low,Maintain: Standard loyalty program
17221,Silver Tier,7,2,334.48,1856.4599277832783,2.230378857499082e-05,Low,Maintain: Standard loyalty program
17222,Silver Tier,65,1,328.65,864.8798402201314,2.2303788574990663e-05,Low,Maintain: Standard loyalty program
17223,Inactive,310,2,416.89,393.386737795999,0.9999776962114252,High,Low Priority: Automated email only
17226,Inactive,309,1,393.49,307.4457237630449,0.9999776962114252,High,Low Priority: Automated email only
17227,Silver Tier,19,6,939.32,933.0234526674168,2.2303788574989992e-05,Low,Maintain: Standard loyalty program
17228,Silver Tier,16,8,1906.09,1616.974825954743,2.230378857499003e-05,Low,Maintain: Standard loyalty program
17229,Silver Tier,96,2,318.76,867.3999689024766,0.9999776962114252,High,Send: Standard win-back offer
17230,Inactive,264,8,3638.41,1685.6939626634962,0.9999776962114252,High,Low Priority: Automated email only
17231,Silver Tier,12,10,3124.72,2560.1821941387693,2.230378857499007e-05,Low,Maintain: Standard loyalty program
17232,Silver Tier,3,2,417.77,2374.4701377756323,2.2303788574990185e-05,Low,Maintain: Standard loyalty program
17233,Silver Tier,35,1,190.88,1114.3514760006665,2.2303788574990148e-05,Low,Maintain: Standard loyalty program
17234,Inactive,183,1,149.89,461.75960895582784,0.9999776962114252,High,Low Priority: Automated email only
17235,Silver Tier,25,2,550.06,446.0453394266369,2.230378857499003e-05,Low,Maintain: Standard loyalty program
17236,Silver Tier,13,6,916.13,940.6868395338772,2.2303788574989992e-05,Low,Maintain: Standard loyalty program
17237,Silver Tier,11,2,314.69,1729.9935969793928,2.230378857499007e-05,Low,Maintain: Standard loyalty program
17238,Gold Tier,3,17,3719.1,2871.990545590859,2.2303788574990344e-05,Low,Maintain: VIP loyalty program
17239,Inactive,313,1,382.5,304.2182884157301,0.9999776962114252,High,Low Priority: Automated email only
17242,Silver Tier,108,2,1135.04,1038.692497066403,0.9999776962114252,High,Send: Standard win-back offer
17243,Gold Tier,1,26,8540.05,6664.635759308619,2.2303788574990663e-05,Low,Maintain: VIP loyalty program
17244,Silver Tier,53,1,954.9,949.944145249896,2.2303788574990307e-05,Low,Maintain: Standard loyalty program
17245,Inactive,205,1,171.45,424.55243579789015,0.9999776962114252,High,Low Priority: Automated email only
17247,Silver Tier,15,1,280.09000000000003,1379.6826382410247,2.230378857499007e-05,Low,Maintain: Standard loyalty program
17248,Silver Tier,120,1,318.65,613.2158625724459,0.9999776962114252,High,Send: Standard win-back offer
17250,Silver Tier,4,2,381.97,605.7429921497163,2.2303788574990185e-05,Low,Maintain: Standard loyalty program
17251,Inactive,363,1,269.83,268.92956100875483,0.9999776962114252,High,Low Priority: Automated email only
17252,Silver Tier,117,2,348.90999999999997,550.6687993540514,0.9999776962114252,High,Send: Standard win-back offer
17253,Silver Tier,18,1,178.26,1332.1040378327834,2.2303788574990107e-05,Low,Maintain: Standard loyalty program
17254,Silver Tier,5,2,271.19,1979.941018391672,2.230378857499082e-05,Low,Maintain: Standard loyalty program
17255,Silver Tier,41,2,291.48,515.0932538718605,2.230378857499003e-05,Low,Maintain: Standard loyalty program
17256,Silver Tier,107,2,240.0,444.0055534076062,0.9999776962114252,High,Send: Standard win-back offer
17259,Inactive,148,2,581.23,453.2436204534066,0.9999776962114252,High,Low Priority: Automated email only
17262,Silver Tier,52,5,1253.36,1045.6338545100684,2.2303788574990263e-05,Low,Maintain: Standard loyalty program
17263,Inactive,208,1,63.440000000000005,418.4224305997317,0.9999776962114252,High,Low Priority: Automated email only
17265,Silver Tier,139,2,550.01,747.3048287116991,0.9999776962114252,High,Send: Standard win-back offer
17266,Silver Tier,2,3,296.58,927.8631551304126,2.230378857499082e-05,Low,Maintain: Standard loyalty program
17267,Silver Tier,127,2,317.2,591.3177516889655,0.9999776962114252,High,Send: Standard win-back offer
17268,Silver Tier,108,4,763.64,1091.7413515230262,0.9999776962114252,High,Send: Standard win-back offer
17272,Silver Tier,42,4,2148.63,1849.2929100612537,2.2303788574989992e-05,Low,Maintain: Standard loyalty program
17274,Silver Tier,35,1,107.82,1114.3514760006665,2.2303788574990226e-05,Low,Maintain: Standard loyalty program
17277,Inactive,228,2,1065.35,604.4351972646573,0.9999776962114252,High,Low Priority: Automated email only
17278,Inactive,241,1,246.04,373.8855720243593,0.9999776962114252,High,Low Priority: Automated email only
17279,Silver Tier,58,1,187.83,919.7889416513344,2.2303788574990785e-05,Low,Maintain: Standard loyalty program
17282,Silver Tier,130,3,1685.46,1182.5494193684235,0.9999776962114252,High,Send: Standard win-back offer
17284,Silver Tier,60,6,1647.48,1112.1620297354075,2.2303788574990385e-05,Low,Maintain: Standard loyalty program
17286,Silver Tier,22,1,151.37,1287.698184584735,2.2303788574990107e-05,Low,Maintain: Standard loyalty program
17287,Silver Tier,26,7,1049.06,1032.5457350084466,2.230378857499003e-05,Low,Maintain: Standard loyalty program
17288,Silver Tier,9,7,1417.63,1329.5327940877846,2.230378857499003e-05,Low,Maintain: Standard loyalty program
17289,Silver Tier,32,3,931.02,1512.3688861031055,2.2303788574989992e-05,Low,Maintain: Standard loyalty program
17290,Silver Tier,4,2,513.01,2165.37783201365,2.2303788574990185e-05,Low,Maintain: Standard loyalty program
17291,Inactive,308,1,550.8000000000001,307.4457237630449,0.9999776962114252,High,Low Priority: Automated email only
17293,Silver Tier,8,9,1854.06,1496.594264033421,2.2303788574990107e-05,Low,Maintain: Standard loyalty program
17295,Silver Tier,29,3,547.0,1606.0591285333985,2.2303788574989992e-05,Low,Maintain: Standard loyalty program
17297,Silver Tier,17,1,128.18,1347.594640248632,2.2303788574990148e-05,Low,Maintain: Standard loyalty program
17298,Silver Tier,101,2,498.42,1287.7528516001264,0.9999776962114252,High,Send: Standard win-back offer
17299,Silver Tier,12,4,656.61,1263.9019987043584,2.230378857499003e-05,Low,Maintain: Standard loyalty program
17301,Silver Tier,21,1,163.24,1287.698184584735,2.2303788574990107e-05,Low,Maintain: Standard loyalty program
17302,Silver Tier,15,5,1135.63,1209.7522290247334,2.2303788574989992e-05,Low,Maintain: Standard loyalty program
17303,Inactive,361,1,250.04,269.55491595883393,0.9999776962114252,High,Low Priority: Automated email only
17306,Gold Tier,11,19,8631.31,6871.953514391755,2.2303788574990307e-05,Low,Maintain: VIP loyalty program
17309,Silver Tier,95,1,82.75,706.6830047119079,0.9999776962114252,High,Send: Standard win-back offer
17311,Silver Tier,78,2,1384.85,971.4450940305128,2.2303788574993156e-05,Low,Maintain: Standard loyalty program
17312,Silver Tier,139,3,644.3,1289.2374110816816,0.9999776962114252,High,Send: Standard win-back offer
17313,Silver Tier,31,1,2328.84,1158.925382250077,2.230378857499003e-05,Low,Maintain: Standard loyalty program
17314,Silver Tier,25,8,2527.92,2382.2412063874954,2.230378857499007e-05,Low,Maintain: Standard loyalty program
17315,Gold Tier,2,38,6281.23,5218.508199816755,2.230378857499157e-05,Low,Maintain: VIP loyalty program
17317,Silver Tier,46,3,2600.34,2010.6385653349228,2.230378857499007e-05,Low,Maintain: Standard loyalty program
17320,Silver Tier,100,3,1200.62,849.9866189810089,0.9999776962114252,High,Send: Standard win-back offer
17321,Silver Tier,8,2,657.16,1095.034742277369,2.2303788574990185e-05,Low,Maintain: Standard loyalty program
17323,Silver Tier,15,7,906.52,1109.4791083722191,2.230378857499003e-05,Low,Maintain: Standard loyalty program
17324,Silver Tier,18,4,986.48,956.486248072125,2.2303788574989992e-05,Low,Maintain: Standard loyalty program
17325,Inactive,280,1,96.8,332.1090813134735,0.9999776962114252,High,Low Priority: Automated email only
17329,Silver Tier,14,2,523.11,565.5714139278814,2.230378857499007e-05,Low,Maintain: Standard loyalty program
17330,Silver Tier,23,2,363.9,1216.2806611244214,2.230378857499007e-05,Low,Maintain: Standard loyalty program
17331,Silver Tier,124,1,175.2,603.635445546069,0.9999776962114252,High,Send: Standard win-back offer
17333,Silver Tier,86,1,494.25,752.5668013948482,2.230378857499724e-05,Low,Maintain: Standard loyalty program
17334,Inactive,302,2,307.02,368.4238017078749,0.9999776962114252,High,Low Priority: Automated email only
17337,Inactive,151,4,1981.06,1203.4263228244135,0.9999776962114252,High,Low Priority: Automated email only
17338,Silver Tier,17,8,6493.54,4672.446999530976,2.2303788574990107e-05,Low,Maintain: Standard loyalty program
17339,Silver Tier,94,2,243.36,436.79529683940933,0.9999776962114252,High,Send: Standard win-back offer
17340,Gold Tier,30,11,12353.29,7562.550834868565,2.2303788574990107e-05,Low,Maintain: VIP loyalty program
17341,Inactive,157,3,682.29,489.73033304970465,0.9999776962114252,High,Low Priority: Automated email only
17343,Inactive,355,1,193.64,273.36898645829564,0.9999776962114252,High,Low Priority: Automated email only
17344,Silver Tier,46,1,157.62,1007.7639635956134,2.2303788574990107e-05,Low,Maintain: Standard loyalty program
17345,Silver Tier,15,4,519.69,996.7046494037236,2.230378857499003e-05,Low,Maintain: Standard loyalty program
17346,Gold Tier,4,15,2622.88,2213.1508894426916,2.2303788574990307e-05,Low,Maintain: VIP loyalty program
17347,Silver Tier,86,1,228.96,747.7119978348546,2.2303788574997476e-05,Low,Maintain: Standard loyalty program
17348,Silver Tier,15,5,1156.6,1273.8699188150297,2.2303788574989992e-05,Low,Maintain: Standard loyalty program
17349,Inactive,179,1,98.25,467.3447423141662,0.9999776962114252,High,Low Priority: Automated email only
17350,Silver Tier,8,4,1281.32,4052.200798296546,2.2303788574990185e-05,Low,Maintain: Standard loyalty program
17351,Silver Tier,36,3,587.15,767.210009956112,2.230378857499003e-05,Low,Maintain: Standard loyalty program
17353,Silver Tier,129,2,1740.0,1727.3464775181817,0.9999776962114252,High,Send: Standard win-back offer
17354,Silver Tier,51,1,1393.06,973.891045138813,2.2303788574990226e-05,Low,Maintain: Standard loyalty program
17356,Inactive,312,1,178.22,305.018777800336,0.9999776962114252,High,Low Priority: Automated email only
17357,Silver Tier,24,2,384.39,1246.1579201425084,2.230378857499007e-05,Low,Maintain: Standard loyalty program
17358,Inactive,303,2,360.81,402.0886572084709,0.9999776962114252,High,Low Priority: Automated email only
17359,Silver Tier,11,1,127.86,1448.6733665307254,2.2303788574990148e-05,Low,Maintain: Standard loyalty program
17360,Silver Tier,17,3,568.24,821.6708865472749,2.230378857499003e-05,Low,Maintain: Standard loyalty program
17361,Silver Tier,49,3,488.2,774.6925590556672,2.2303788574990148e-05,Low,Maintain: Standard loyalty program
17362,Inactive,239,2,312.23,484.35895757812,0.9999776962114252,High,Low Priority: Automated email only
17364,Silver Tier,1,11,4462.68,3690.9813943545264,2.2303788574990263e-05,Low,Maintain: Standard loyalty program
17365,Silver Tier,13,8,4767.36,3615.500019583301,2.2303788574990107e-05,Low,Maintain: Standard loyalty program
17367,Inactive,238,1,167.55,377.53875631108787,0.9999776962114252,High,Low Priority: Automated email only
17368,Silver Tier,23,8,1878.87,1431.583514575073,2.230378857499003e-05,Low,Maintain: Standard loyalty program
17370,Silver Tier,73,4,446.18,1062.7374779811992,2.2303788574991456e-05,Low,Maintain: Standard loyalty program
17371,Silver Tier,17,3,418.4,536.0136849939897,2.230378857499007e-05,Low,Maintain: Standard loyalty program
17372,Silver Tier,41,8,1337.18,1237.973202982607,2.2303788574989992e-05,Low,Maintain: Standard loyalty program
17373,Silver Tier,40,4,646.92,800.1329032067766,2.2303788574989992e-05,Low,Maintain: Standard loyalty program
17374,Inactive,219,2,495.77,638.5839930846223,0.9999776962114252,High,Low Priority: Automated email only
17375,Inactive,199,3,400.1,540.1827155186833,0.9999776962114252,High,Low Priority: Automated email only
17376,Silver Tier,71,2,203.2,434.1597914910602,2.2303788574991852e-05,Low,Maintain: Standard loyalty program
17377,Gold Tier,24,20,4058.32,3238.3236818291816,2.2303788574990344e-05,Low,Maintain: VIP loyalty program
17379,Silver Tier,11,1,389.72,1448.6733665307254,2.230378857499007e-05,Low,Maintain: Standard loyalty program
17381,Gold Tier,9,29,20275.61,14838.663950351678,2.230378857499205e-05,Low,Maintain: VIP loyalty program
17382,Silver Tier,65,1,65.4,864.8798402201314,2.2303788574991174e-05,Low,Maintain: Standard loyalty program
17383,Silver Tier,4,1,193.39,1587.6067673138905,2.230378857499086e-05,Low,Maintain: Standard loyalty program
17384,Silver Tier,19,2,336.4,584.2256578304714,2.230378857499007e-05,Low,Maintain: Standard loyalty program
17385,Silver Tier,15,1,256.11,1396.3067155040203,2.230378857499007e-05,Low,Maintain: Standard loyalty program
17386,Silver Tier,8,6,2686.42,3388.9275573743785,2.2303788574990148e-05,Low,Maintain: Standard loyalty program
17387,Silver Tier,20,2,746.81,2570.6172485852467,2.230378857499003e-05,Low,Maintain: Standard loyalty program
17388,Silver Tier,78,4,1259.56,1184.19177376232,2.2303788574993597e-05,Low,Maintain: Standard loyalty program
17389,Gold Tier,1,34,31833.68,26885.233022666576,2.2303788574992208e-05,Low,Maintain: VIP loyalty program
17391,Inactive,164,2,508.8,710.6642089771356,0.9999776962114252,High,Low Priority: Automated email only
17392,Inactive,307,2,417.27,416.80754623180866,0.9999776962114252,High,Low Priority: Automated email only
17394,Inactive,219,1,203.87,402.4428526001735,0.9999776962114252,High,Low Priority: Automated email only
17396,Silver Tier,39,8,7330.8,5234.3772345206025,2.230378857499007e-05,Low,Maintain: Standard loyalty program
17397,Silver Tier,22,2,681.41,1273.5470319616638,2.230378857499003e-05,Low,Maintain: Standard loyalty program
17398,Silver Tier,115,3,653.38,771.0174886329063,0.9999776962114252,High,Send: Standard win-back offer
17400,Silver Tier,126,5,2097.84,1609.3486469043694,0.9999776962114252,High,Send: Standard win-back offer
17402,Silver Tier,5,13,2633.85,1988.6413512246868,2.2303788574990107e-05,Low,Maintain: Standard loyalty program
17403,Silver Tier,36,1,263.92,1103.738729125816,2.2303788574990107e-05,Low,Maintain: Standard loyalty program
17404,Gold Tier,4,15,31906.82,24002.476029209596,2.230378857499102e-05,Low,Maintain: VIP loyalty program
17405,Silver Tier,1,3,1031.41,1542.5047471671792,2.2303788574990226e-05,Low,Maintain: Standard loyalty program
17406,Inactive,333,3,2184.42,1281.4070103765555,0.9999776962114252,High,Low Priority: Automated email only
17408,Inactive,163,1,32.65,499.571448296114,0.9999776962114252,High,Low Priority: Automated email only
17409,Inactive,185,2,771.85,892.2405301615341,0.9999776962114252,High,Low Priority: Automated email only
17410,Silver Tier,16,5,1214.72,1547.8753774463491,2.2303788574989992e-05,Low,Maintain: Standard loyalty program
17411,Silver Tier,12,3,778.94,891.1908111534304,2.230378857499003e-05,Low,Maintain: Standard loyalty program
17412,Silver Tier,3,7,1258.06,1124.3868346506083,2.2303788574990148e-05,Low,Maintain: Standard loyalty program
17414,Silver Tier,44,2,778.0,745.4549977314006,2.2303788574989992e-05,Low,Maintain: Standard loyalty program
17415,Silver Tier,80,1,507.84,783.0733593220475,2.2303788574993156e-05,Low,Maintain: Standard loyalty program
17416,Silver Tier,30,7,6893.42,4834.626465353471,2.2303788574990107e-05,Low,Maintain: Standard loyalty program
17418,Silver Tier,42,2,463.46,565.8924608083393,2.230378857499003e-05,Low,Maintain: Standard loyalty program
17419,Silver Tier,11,12,4226.57,3253.153850774679,2.2303788574990107e-05,Low,Maintain: Standard loyalty program
17420,Silver Tier,50,3,598.83,647.9830816292465,2.2303788574990107e-05,Low,Maintain: Standard loyalty program
17422,Silver Tier,16,6,1979.37,1870.3167684560444,2.2303788574989992e-05,Low,Maintain: Standard loyalty program
17423,Silver Tier,46,2,698.41,728.445249775293,2.230378857499003e-05,Low,Maintain: Standard loyalty program
17425,Silver Tier,19,2,759.17,1218.465546322433,2.230378857499003e-05,Low,Maintain: Standard loyalty program
17426,Silver Tier,8,6,5037.26,3826.7489403439063,2.2303788574990185e-05,Low,Maintain: Standard loyalty program
17427,Silver Tier,72,1,100.8,827.8164177882809,2.2303788574991852e-05,Low,Maintain: Standard loyalty program
17428,Gold Tier,1,28,17256.85,13211.839709010685,2.2303788574991137e-05,Low,Maintain: VIP loyalty program
17429,Silver Tier,128,3,524.9200000000001,859.5152001847126,0.9999776962114252,High,Send: Standard win-back offer
17430,Silver Tier,33,2,265.76,416.9858510640493,2.230378857499003e-05,Low,Maintain: Standard loyalty program
17431,Inactive,313,1,403.3,303.42198975554805,0.9999776962114252,High,Low Priority: Automated email only
17432,Silver Tier,18,2,365.76,1805.4455833960208,2.230378857499007e-05,Low,Maintain: Standard loyalty program
17433,Silver Tier,88,1,303.15999999999997,738.1879265173318,2.2303788575000092e-05,Low,Maintain: Standard loyalty program
17434,Silver Tier,2,7,2373.82,4917.333751229974,2.2303788574990148e-05,Low,Maintain: Standard loyalty program
17436,Silver Tier,2,2,216.3,556.0062565385118,2.23037885749909e-05,Low,Maintain: Standard loyalty program
17438,Inactive,254,1,388.4500000000001,359.95350356360143,0.9999776962114252,High,Low Priority: Automated email only
17440,Inactive,157,3,186.42,489.39912591517225,0.9999776962114252,High,Low Priority: Automated email only
17442,Silver Tier,37,6,2248.56,2034.2831449919556,2.2303788574989992e-05,Low,Maintain: Standard loyalty program
17443,Inactive,220,1,534.24,402.4428526001735,0.9999776962114252,High,Low Priority: Automated email only
17444,Inactive,148,3,2940.04,2802.924869585356,0.9999776962114252,High,Low Priority: Automated email only
17446,Inactive,177,2,120.9,401.3504449742993,0.9999776962114252,High,Low Priority: Automated email only
17447,Silver Tier,40,2,541.53,1324.2647805345778,2.230378857499003e-05,Low,Maintain: Standard loyalty program
17449,Silver Tier,2,7,2519.21,1727.2149267184243,2.2303788574990148e-05,Low,Maintain: Standard loyalty program
17450,Platinum Tier,8,46,194390.79,147400.0105888516,2.230378857499213e-05,Low,Maintain: Continue white-glove service
17451,Silver Tier,1,7,1721.4,3366.412965409281,2.2303788574990185e-05,Low,Maintain: Standard loyalty program
17453,Silver Tier,18,2,486.72,1342.0465420594694,2.230378857499007e-05,Low,Maintain: Standard loyalty program
17454,Inactive,192,4,517.53,601.475783086835,0.9999776962114252,High,Low Priority: Automated email only
17455,Inactive,204,1,131.7,426.1131061294917,0.9999776962114252,High,Low Priority: Automated email only
17456,Inactive,365,1,249.86,267.07078577809557,0.9999776962114252,High,Low Priority: Automated email only
17457,Silver Tier,127,5,1737.7,1415.6102020734756,0.9999776962114252,High,Send: Standard win-back offer
17458,Silver Tier,15,1,316.5,1379.6826382410247,2.230378857499007e-05,Low,Maintain: Standard loyalty program
17459,Silver Tier,43,2,657.3,1853.1318972196968,2.2303788574989992e-05,Low,Maintain: Standard loyalty program
17460,Silver Tier,94,6,622.4300000000001,781.220660586047,0.9999776962114252,High,Send: Standard win-back offer
17461,Silver Tier,23,3,735.82,2429.1471061024345,2.2303788574989992e-05,Low,Maintain: Standard loyalty program
17462,Silver Tier,60,2,675.69,560.4691592016019,2.2303788574990385e-05,Low,Maintain: Standard loyalty program
17463,Silver Tier,16,5,1875.86,1375.9365441661662,2.2303788574989992e-05,Low,Maintain: Standard loyalty program
17464,Inactive,158,1,289.96000000000004,510.57390215929144,0.9999776962114252,High,Low Priority: Automated email only
17466,Silver Tier,10,2,763.28,1521.9627935530857,2.230378857499003e-05,Low,Maintain: Standard loyalty program
17468,Silver Tier,10,2,137.0,1755.1924450518786,2.2303788574990148e-05,Low,Maintain: Standard loyalty program
17469,Silver Tier,16,5,1870.97,2365.936330030266,2.2303788574989992e-05,Low,Maintain: Standard loyalty program
17470,Silver Tier,45,5,1125.07,1033.186075075165,2.230378857499003e-05,Low,Maintain: Standard loyalty program
17472,Inactive,191,3,697.54,760.3185981649161,0.9999776962114252,High,Low Priority: Automated email only
17475,Silver Tier,79,1,194.37,783.0733593220475,2.2303788574992963e-05,Low,Maintain: Standard loyalty program
17480,Silver Tier,78,1,511.82,793.7994213099503,2.2303788574992364e-05,Low,Maintain: Standard loyalty program
17481,Silver Tier,4,4,1255.59,2827.2304823861045,2.2303788574990148e-05,Low,Maintain: Standard loyalty program
17483,Silver Tier,65,3,414.04,885.3041189730319,2.2303788574990663e-05,Low,Maintain: Standard loyalty program
17486,Inactive,261,1,396.87,351.2283290459734,0.9999776962114252,High,Low Priority: Automated email only
17489,Silver Tier,59,2,376.64,659.0232042132541,2.2303788574990426e-05,Low,Maintain: Standard loyalty program
17490,Silver Tier,1,7,2092.32,2954.236989940978,2.2303788574990185e-05,Low,Maintain: Standard loyalty program
17491,Silver Tier,1,10,3558.87,2778.800291915198,2.2303788574990226e-05,Low,Maintain: Standard loyalty program
17492,Inactive,248,1,374.57,365.6303548271988,0.9999776962114252,High,Low Priority: Automated email only
17495,Silver Tier,8,2,497.56,1695.575234050052,2.2303788574990226e-05,Low,Maintain: Standard loyalty program
17496,Inactive,359,1,271.05,271.448553849472,0.9999776962114252,High,Low Priority: Automated email only
17498,Silver Tier,76,1,272.21999999999997,804.82343769289,2.230378857499213e-05,Low,Maintain: Standard loyalty program
17499,Inactive,290,1,622.88,323.76087222719343,0.9999776962114252,High,Low Priority: Automated email only
17500,Silver Tier,17,3,1138.0,4097.951363896245,2.230378857499003e-05,Low,Maintain: Standard loyalty program
17501,Inactive,221,2,288.6,401.0504787668746,0.9999776962114252,High,Low Priority: Automated email only
17502,Silver Tier,9,4,689.1,2984.8183743674367,2.230378857499003e-05,Low,Maintain: Standard loyalty program
17503,Silver Tier,3,2,558.96,1865.4946321096477,2.2303788574990148e-05,Low,Maintain: Standard loyalty program
17504,Inactive,206,9,2997.03,2419.58848649584,0.9999776962114252,High,Low Priority: Automated email only
17505,Inactive,162,2,1145.84,1185.8334758023343,0.9999776962114252,High,Low Priority: Automated email only
17506,Silver Tier,76,1,302.2,804.82343769289,2.230378857499213e-05,Low,Maintain: Standard loyalty program
17507,Inactive,262,2,605.58,561.2707050653744,0.9999776962114252,High,Low Priority: Automated email only
17508,Inactive,281,1,387.31,332.1090813134735,0.9999776962114252,High,Low Priority: Automated email only
17509,Silver Tier,58,8,6083.64,5166.54077159086,2.2303788574990503e-05,Low,Maintain: Standard loyalty program
17510,Silver Tier,25,1,308.48,1246.1579201425084,2.230378857499007e-05,Low,Maintain: Standard loyalty program
17511,Gold Tier,3,31,91062.38,67678.09538122553,2.230378857499209e-05,Low,Maintain: VIP loyalty program
17512,Silver Tier,29,10,2924.99,2566.826784346676,2.230378857499007e-05,Low,Maintain: Standard loyalty program
17513,Silver Tier,72,1,513.2,821.9458652291272,2.2303788574991378e-05,Low,Maintain: Standard loyalty program
17514,Silver Tier,128,1,208.65,588.3164834524878,0.9999776962114252,High,Send: Standard win-back offer
17515,Silver Tier,31,4,639.02,712.2115572441771,2.2303788574989992e-05,Low,Maintain: Standard loyalty program
17516,Silver Tier,15,5,764.88,807.3484697980455,2.2303788574989992e-05,Low,Maintain: Standard loyalty program
17517,Inactive,309,1,153.94,307.4457237630449,0.9999776962114252,High,Low Priority: Automated email only
17519,Silver Tier,17,6,1844.02,1453.1161065699189,2.2303788574989992e-05,Low,Maintain: Standard loyalty program
17520,Silver Tier,54,1,546.81,949.944145249896,2.2303788574990307e-05,Low,Maintain: Standard loyalty program
17521,Silver Tier,30,3,723.2099999999999,1176.4142057521708,2.2303788574989992e-05,Low,Maintain: Standard loyalty program
17522,Silver Tier,2,5,1070.71,1543.9190093298157,2.2303788574990185e-05,Low,Maintain: Standard loyalty program
17523,Silver Tier,11,4,652.74,3031.448998216724,2.230378857499003e-05,Low,Maintain: Standard loyalty program
17524,Inactive,361,1,145.0,269.55491595883393,0.9999776962114252,High,Low Priority: Automated email only
17525,Inactive,360,1,422.7,270.81439185105637,0.9999776962114252,High,Low Priority: Automated email only
17526,Silver Tier,5,4,1195.9,1037.2599095366318,2.2303788574990148e-05,Low,Maintain: Standard loyalty program
17527,Silver Tier,54,4,939.37,1219.3467673323205,2.2303788574990307e-05,Low,Maintain: Standard loyalty program
17528,Silver Tier,1,8,3628.5,6895.853539937367,2.2303788574990226e-05,Low,Maintain: Standard loyalty program
17530,Silver Tier,1,10,2367.12,1908.281104123468,2.2303788574990226e-05,Low,Maintain: Standard loyalty program
17531,Inactive,190,1,296.7,447.49843127294145,0.9999776962114252,High,Low Priority: Automated email only
17534,Silver Tier,54,1,223.36,949.944145249896,2.2303788574990385e-05,Low,Maintain: Standard loyalty program
17535,Inactive,280,1,164.4,332.1090813134735,0.9999776962114252,High,Low Priority: Automated email only
17536,Inactive,177,1,76.5,471.1438391061143,0.9999776962114252,High,Low Priority: Automated email only
17537,Silver Tier,30,2,887.67,573.9216337622177,2.2303788574989992e-05,Low,Maintain: Standard loyalty program
17538,Silver Tier,26,1,98.42,1232.9005241921468,2.2303788574990185e-05,Low,Maintain: Standard loyalty program
17540,Silver Tier,25,2,578.9,586.6321134320884,2.230378857499003e-05,Low,Maintain: Standard loyalty program
17542,Inactive,270,1,170.75,342.9161502563091,0.9999776962114252,High,Low Priority: Automated email only
17545,Silver Tier,43,3,642.32,1034.75663059681,2.2303788574989992e-05,Low,Maintain: Standard loyalty program
17548,Inactive,234,1,103.3,383.7886732905511,0.9999776962114252,High,Low Priority: Automated email only
17549,Silver Tier,24,2,148.86,1429.9355902993602,2.2303788574990148e-05,Low,Maintain: Standard loyalty program
17550,Inactive,197,3,267.16,539.9105702773941,0.9999776962114252,High,Low Priority: Automated email only
17551,Inactive,359,1,290.34,270.81439185105637,0.9999776962114252,High,Low Priority: Automated email only
17552,Silver Tier,60,4,930.41,761.7538894034122,2.2303788574990385e-05,Low,Maintain: Standard loyalty program
17553,Silver Tier,130,1,1487.6,585.3455299462746,0.9999776962114252,High,Send: Standard win-back offer
17554,Silver Tier,1,5,1952.45,2415.3314660178494,2.2303788574990185e-05,Low,Maintain: Standard loyalty program
17555,Silver Tier,20,2,480.31,542.5325934088091,2.230378857499007e-05,Low,Maintain: Standard loyalty program
17556,Inactive,206,1,157.9,423.0031564436664,0.9999776962114252,High,Low Priority: Automated email only
17557,Silver Tier,14,3,541.46,1475.9110330265926,2.230378857499007e-05,Low,Maintain: Standard loyalty program
17560,Silver Tier,95,4,854.95,960.5157238403964,0.9999776962114252,High,Send: Standard win-back offer
17561,Silver Tier,19,1,165.12,1316.965589877716,2.2303788574990107e-05,Low,Maintain: Standard loyalty program
17562,Silver Tier,14,7,1122.38,1731.0058258931858,2.230378857499003e-05,Low,Maintain: Standard loyalty program
17564,Silver Tier,24,3,454.01,1651.4293478277882,2.230378857499007e-05,Low,Maintain: Standard loyalty program
17566,Silver Tier,8,2,869.77,2903.123901345267,2.2303788574990185e-05,Low,Maintain: Standard loyalty program
17567,Silver Tier,7,8,4331.48,3152.1149734921623,2.2303788574990148e-05,Low,Maintain: Standard loyalty program
17569,Inactive,332,1,344.14,289.04685668528043,0.9999776962114252,High,Low Priority: Automated email only
17571,Silver Tier,50,4,1425.67,1373.3742322864327,2.2303788574990107e-05,Low,Maintain: Standard loyalty program
17572,Silver Tier,71,4,226.75000000000003,446.66244566001615,2.2303788574991415e-05,Low,Maintain: Standard loyalty program
17573,Silver Tier,29,3,380.6,1278.3309445614043,2.230378857499003e-05,Low,Maintain: Standard loyalty program
17574,Inactive,243,1,185.65,372.6835048802685,0.9999776962114252,High,Low Priority: Automated email only
17576,Gold Tier,8,19,3564.83,2995.5642408607487,2.2303788574990385e-05,Low,Maintain: VIP loyalty program
17578,Inactive,218,1,143.45999999999998,403.8449286955369,0.9999776962114252,High,Low Priority: Automated email only
17579,Silver Tier,5,3,448.9,931.2258831941436,2.2303788574990185e-05,Low,Maintain: Standard loyalty program
17580,Inactive,253,3,215.72,456.7814707557672,0.9999776962114252,High,Low Priority: Automated email only
17581,Gold Tier,1,25,11025.24,7934.608495744761,2.2303788574990663e-05,Low,Maintain: VIP loyalty program
17582,Inactive,236,1,175.27,380.0141350613526,0.9999776962114252,High,Low Priority: Automated email only
17584,Silver Tier,7,2,1242.3,1418.77352949137,2.2303788574990148e-05,Low,Maintain: Standard loyalty program
17585,Silver Tier,109,4,1116.68,898.9374342438043,0.9999776962114252,High,Send: Standard win-back offer
17588,Silver Tier,100,3,1240.2,1326.9274230098138,0.9999776962114252,High,Send: Standard win-back offer
17589,Silver Tier,60,4,2404.17,2304.4999614447806,2.2303788574990426e-05,Low,Maintain: Standard loyalty program
17590,Silver Tier,2,3,1468.02,4430.27429347067,2.2303788574990107e-05,Low,Maintain: Standard loyalty program
17591,Silver Tier,73,7,2203.67,1696.142054696969,2.230378857499233e-05,Low,Maintain: Standard loyalty program
17593,Silver Tier,4,5,3923.86,2806.7650794222836,2.2303788574990148e-05,Low,Maintain: Standard loyalty program
17594,Silver Tier,85,2,993.18,1024.7785367524873,2.2303788574994623e-05,Low,Maintain: Standard loyalty program
17595,Silver Tier,12,2,386.69,1916.2221293961488,2.230378857499007e-05,Low,Maintain: Standard loyalty program
17596,Silver Tier,23,7,2806.69,2132.5063478345214,2.230378857499007e-05,Low,Maintain: Standard loyalty program
17597,Inactive,214,1,2044.37,411.0044555279848,0.9999776962114252,High,Low Priority: Automated email only
17600,Silver Tier,18,1,161.67000000000002,1347.594640248632,2.2303788574990107e-05,Low,Maintain: Standard loyalty program
17601,Inactive,239,1,116.01,376.3131214718976,0.9999776962114252,High,Low Priority: Automated email only
17602,Silver Tier,2,6,5054.42,3873.968187986158,2.2303788574990185e-05,Low,Maintain: Standard loyalty program
17603,Silver Tier,78,1,394.72,788.3999061904082,2.2303788574992404e-05,Low,Maintain: Standard loyalty program
17604,Inactive,217,2,309.36,489.08581352027375,0.9999776962114252,High,Low Priority: Automated email only
17608,Silver Tier,33,2,191.99,1136.2013539108086,2.2303788574990148e-05,Low,Maintain: Standard loyalty program
17609,Silver Tier,41,5,1105.78,911.4569103413432,2.2303788574989992e-05,Low,Maintain: Standard loyalty program
17611,Gold Tier,7,15,3961.12,3216.0112552536325,2.2303788574990344e-05,Low,Maintain: VIP loyalty program
17612,Silver Tier,53,6,2048.45,1938.5215260622028,2.2303788574990307e-05,Low,Maintain: Standard loyalty program
17613,Gold Tier,23,14,4544.55,3883.9382982741326,2.2303788574990307e-05,Low,Maintain: VIP loyalty program
17614,Silver Tier,57,1,386.32,919.7889416513344,2.2303788574990344e-05,Low,Maintain: Standard loyalty program
17615,Silver Tier,130,3,329.6,679.5320485394392,0.9999776962114252,High,Send: Standard win-back offer
17616,Inactive,174,3,571.1999999999999,501.5677925185609,0.9999776962114252,High,Low Priority: Automated email only
17618,Silver Tier,6,3,930.28,793.2024338752065,2.2303788574990148e-05,Low,Maintain: Standard loyalty program
17619,Inactive,312,1,214.37,304.2182884157301,0.9999776962114252,High,Low Priority: Automated email only
17620,Silver Tier,60,1,81.44,905.4181567991492,2.2303788574990937e-05,Low,Maintain: Standard loyalty program
17621,Silver Tier,21,3,1379.9,1157.739316638427,2.2303788574989992e-05,Low,Maintain: Standard loyalty program
17623,Silver Tier,33,1,527.05,1147.450852684066,2.230378857499007e-05,Low,Maintain: Standard loyalty program
17624,Silver Tier,15,2,843.48,919.5098306123128,2.230378857499003e-05,Low,Maintain: Standard loyalty program
17625,Silver Tier,18,4,2020.4,1865.9798378042192,2.2303788574989992e-05,Low,Maintain: Standard loyalty program
17628,Silver Tier,81,1,75.75,772.6333322467653,2.2303788574993715e-05,Low,Maintain: Standard loyalty program
17629,Silver Tier,6,8,1814.12,1554.7124928965152,2.2303788574990107e-05,Low,Maintain: Standard loyalty program
17630,Inactive,170,2,503.6,614.3299573852805,0.9999776962114252,High,Low Priority: Automated email only
17631,Silver Tier,2,3,528.33,708.3633604435371,2.2303788574990185e-05,Low,Maintain: Standard loyalty program
17633,Silver Tier,31,4,1324.84,2417.7089463436605,2.2303788574989992e-05,Low,Maintain: Standard loyalty program
17634,Silver Tier,36,9,2358.59,1643.9060226386723,2.230378857499007e-05,Low,Maintain: Standard loyalty program
17636,Silver Tier,19,1,285.56,1316.965589877716,2.230378857499007e-05,Low,Maintain: Standard loyalty program
17637,Silver Tier,31,2,547.0600000000001,1068.5915865766551,2.2303788574989992e-05,Low,Maintain: Standard loyalty program
17639,Inactive,276,1,108.5,335.95919464018573,0.9999776962114252,High,Low Priority: Automated email only
17640,Silver Tier,87,1,621.66,747.7119978348546,2.23037885749972e-05,Low,Maintain: Standard loyalty program
17642,Silver Tier,120,2,712.29,928.7305863090172,0.9999776962114252,High,Send: Standard win-back offer
17643,Inactive,373,1,101.55,262.2374002805863,0.9999776962114252,High,Low Priority: Automated email only
17644,Silver Tier,1,11,2895.64,2886.0299464926584,2.2303788574990226e-05,Low,Maintain: Standard loyalty program
17646,Inactive,219,3,1008.39,859.2326124979013,0.9999776962114252,High,Low Priority: Automated email only
17647,Silver Tier,65,1,133.06,864.8798402201314,2.23037885749911e-05,Low,Maintain: Standard loyalty program
17648,Silver Tier,61,4,1797.5,1608.9247789346268,2.23037885749909e-05,Low,Maintain: Standard loyalty program
17649,Silver Tier,138,1,868.49,559.8986179491969,0.9999776962114252,High,Send: Standard win-back offer
17650,Silver Tier,21,1,166.07999999999998,1287.698184584735,2.2303788574990107e-05,Low,Maintain: Standard loyalty program
17651,Silver Tier,12,10,3945.0,5371.037102754627,2.2303788574990107e-05,Low,Maintain: Standard loyalty program
17652,Silver Tier,25,12,4867.72,4804.775274461789,2.2303788574990107e-05,Low,Maintain: Standard loyalty program
17653,Silver Tier,37,4,1207.56,2503.494235737729,2.2303788574989992e-05,Low,Maintain: Standard loyalty program
17654,Inactive,277,1,117.55,334.98832132167604,0.9999776962114252,High,Low Priority: Automated email only
17655,Silver Tier,11,7,2638.94,1807.358901768215,2.230378857499007e-05,Low,Maintain: Standard loyalty program
17656,Silver Tier,73,5,1674.69,2897.301183208507,2.230378857499177e-05,Low,Maintain: Standard loyalty program
17658,Silver Tier,26,2,595.42,773.5672637065802,2.230378857499003e-05,Low,Maintain: Standard loyalty program
17659,Silver Tier,17,12,2999.46,2404.9522966946092,2.230378857499007e-05,Low,Maintain: Standard loyalty program
17660,Silver Tier,141,1,178.75,551.9009969998928,0.9999776962114252,High,Send: Standard win-back offer
17663,Silver Tier,26,7,1802.91,1727.6250500040487,2.230378857499003e-05,Low,Maintain: Standard loyalty program
17664,Silver Tier,19,2,604.64,771.4788669437909,2.230378857499003e-05,Low,Maintain: Standard loyalty program
17666,Silver Tier,4,2,728.16,1704.2427074444538,2.2303788574990148e-05,Low,Maintain: Standard loyalty program
17667,Silver Tier,66,5,2055.51,1360.0412466976866,2.230378857499106e-05,Low,Maintain: Standard loyalty program
17668,Silver Tier,1,2,347.75,1778.321492688061,2.23037885749909e-05,Low,Maintain: Standard loyalty program
17669,Silver Tier,43,7,3406.7200000000003,3450.5777324268074,2.230378857499003e-05,Low,Maintain: Standard loyalty program
17670,Inactive,228,1,205.7,391.56726551098217,0.9999776962114252,High,Low Priority: Automated email only
17671,Silver Tier,16,4,1572.71,1187.1580844974155,2.2303788574989992e-05,Low,Maintain: Standard loyalty program
17672,Silver Tier,50,2,3178.17,1876.1405017271304,2.2303788574990148e-05,Low,Maintain: Standard loyalty program
17673,Silver Tier,2,6,1594.97,1372.888414710486,2.2303788574990107e-05,Low,Maintain: Standard loyalty program
17674,Silver Tier,74,2,551.04,477.68805249545727,2.230378857499201e-05,Low,Maintain: Standard loyalty program
17675,Gold Tier,1,31,20374.28,15482.0648093444,2.230378857499213e-05,Low,Maintain: VIP loyalty program
17676,Silver Tier,4,6,1371.18,1138.1229140699827,2.2303788574990107e-05,Low,Maintain: Standard loyalty program
17677,Gold Tier,2,30,16345.38,12022.572883357312,2.230378857499205e-05,Low,Maintain: VIP loyalty program
17678,Inactive,264,1,298.11,349.1127321634966,0.9999776962114252,High,Low Priority: Automated email only
17679,Silver Tier,53,2,1992.11,1537.509151974122,2.2303788574990307e-05,Low,Maintain: Standard loyalty program
17680,Silver Tier,24,1,184.4,1259.703587062989,2.2303788574990107e-05,Low,Maintain: Standard loyalty program
17682,Silver Tier,10,6,2474.33,1872.7559497855584,2.230378857499003e-05,Low,Maintain: Standard loyalty program
17684,Silver Tier,44,1,239.41,1034.75663059681,2.230378857499003e-05,Low,Maintain: Standard loyalty program
17685,Silver Tier,17,7,3155.83,2323.1788312366416,2.230378857499007e-05,Low,Maintain: Standard loyalty program
17686,Silver Tier,7,7,5739.46,3939.0780389587535,2.2303788574990185e-05,Low,Maintain: Standard loyalty program
17690,Gold Tier,30,15,4726.8,3599.8144441259096,2.2303788574990344e-05,Low,Maintain: VIP loyalty program
17691,Inactive,358,2,290.40000000000003,406.2056143209182,0.9999776962114252,High,Low Priority: Automated email only
17692,Silver Tier,127,4,740.94,636.2322471227898,0.9999776962114252,High,Send: Standard win-back offer
17693,Silver Tier,137,1,200.47,562.6162538325339,0.9999776962114252,High,Send: Standard win-back offer
17694,Silver Tier,142,1,283.12,551.9009969998928,0.9999776962114252,High,Send: Standard win-back offer
17695,Silver Tier,132,2,765.34,1060.3754445716927,0.9999776962114252,High,Send: Standard win-back offer
17696,Silver Tier,38,8,2285.71,1924.788401432186,2.230378857499003e-05,Low,Maintain: Standard loyalty program
17697,Inactive,236,1,338.95,380.0141350613526,0.9999776962114252,High,Low Priority: Automated email only
17698,Inactive,261,1,154.95,352.2957723378669,0.9999776962114252,High,Low Priority: Automated email only
17700,Silver Tier,17,4,2534.64,2140.8184202874404,2.230378857499003e-05,Low,Maintain: Standard loyalty program
17701,Inactive,253,1,417.95,361.07472695079787,0.9999776962114252,High,Low Priority: Automated email only
17702,Silver Tier,30,4,1824.37,2105.662220309384,2.2303788574989992e-05,Low,Maintain: Standard loyalty program
17703,Silver Tier,35,3,798.74,1531.420145138453,2.230378857499003e-05,Low,Maintain: Standard loyalty program
17704,Inactive,169,2,885.19,906.1949030135092,0.9999776962114252,High,Low Priority: Automated email only
17705,Silver Tier,3,9,1823.52,1904.7672690882407,2.2303788574990107e-05,Low,Maintain: Standard loyalty program
17706,Gold Tier,4,17,10504.49,7928.110989409435,2.2303788574990385e-05,Low,Maintain: VIP loyalty program
17707,Inactive,185,2,152.4,386.82210999363974,0.9999776962114252,High,Low Priority: Automated email only
17708,Inactive,188,2,263.33,462.3991923066547,0.9999776962114252,High,Low Priority: Automated email only
17709,Inactive,170,1,137.45,486.97869006985377,0.9999776962114252,High,Low Priority: Automated email only
17711,Silver Tier,11,2,385.1,514.6278550296462,2.230378857499007e-05,Low,Maintain: Standard loyalty program
17712,Silver Tier,45,1,522.91,1025.5998068295544,2.230378857499007e-05,Low,Maintain: Standard loyalty program
17714,Inactive,321,1,153.0,297.9625247411955,0.9999776962114252,High,Low Priority: Automated email only
17715,Inactive,201,1,326.4,430.86473332273926,0.9999776962114252,High,Low Priority: Automated email only
17716,Silver Tier,23,11,5655.99,5293.879367725903,2.2303788574990107e-05,Low,Maintain: Standard loyalty program
17718,Inactive,232,1,139.35,385.0635714668843,0.9999776962114252,High,Low Priority: Automated email only
17719,Gold Tier,38,15,5396.04,5389.243792011068,2.2303788574990426e-05,Low,Maintain: VIP loyalty program
17720,Silver Tier,26,4,1195.94,1121.3759311847216,2.230378857499003e-05,Low,Maintain: Standard loyalty program
17722,Silver Tier,96,4,2424.04,1423.1750833690296,0.9999776962114252,High,Send: Standard win-back offer
17723,Silver Tier,127,6,3276.4000000000005,3825.6610283329255,0.9999776962114252,High,Send: Standard win-back offer
17724,Silver Tier,71,3,1033.0,1662.0468040501294,2.2303788574991337e-05,Low,Maintain: Standard loyalty program
17725,Silver Tier,16,11,3439.08,3488.815393850526,2.230378857499007e-05,Low,Maintain: Standard loyalty program
17727,Silver Tier,15,1,1060.25,1379.6826382410247,2.230378857499003e-05,Low,Maintain: Standard loyalty program
17728,Silver Tier,4,3,2876.01,5869.370440406595,2.2303788574990148e-05,Low,Maintain: Standard loyalty program
17730,Silver Tier,3,13,5298.4800000000005,4552.232607017095,2.2303788574990185e-05,Low,Maintain: Standard loyalty program
17731,Silver Tier,79,4,1240.11,1266.8856615072054,2.230378857499383e-05,Low,Maintain: Standard loyalty program
17732,Inactive,373,1,303.97,262.83198413710926,0.9999776962114252,High,Low Priority: Automated email only
17733,Silver Tier,39,2,692.19,827.4403188601925,2.2303788574989992e-05,Low,Maintain: Standard loyalty program
17734,Silver Tier,54,3,700.63,1067.867060690542,2.2303788574990307e-05,Low,Maintain: Standard loyalty program
17735,Gold Tier,2,19,13110.02,9979.69227014414,2.2303788574990426e-05,Low,Maintain: VIP loyalty program
17736,Silver Tier,9,3,377.44,912.494909478785,2.230378857499007e-05,Low,Maintain: Standard loyalty program
17737,Silver Tier,9,2,168.24,1261.7469437722525,2.2303788574990148e-05,Low,Maintain: Standard loyalty program
17738,Silver Tier,19,4,1879.05,1359.514585264575,2.2303788574989992e-05,Low,Maintain: Standard loyalty program
17739,Silver Tier,12,7,2791.35,2184.0991895635893,2.230378857499007e-05,Low,Maintain: Standard loyalty program
17742,Silver Tier,113,2,355.11,379.4011024922839,0.9999776962114252,High,Send: Standard win-back offer
17744,Silver Tier,4,6,2322.4,1813.4758001257692,2.2303788574990107e-05,Low,Maintain: Standard loyalty program
17746,Inactive,240,1,110.25,375.09541896348713,0.9999776962114252,High,Low Priority: Automated email only
17747,Silver Tier,113,1,71.4,640.3162225470167,0.9999776962114252,High,Send: Standard win-back offer
17749,Inactive,178,2,674.52,689.7661178160696,0.9999776962114252,High,Low Priority: Automated email only
17750,Silver Tier,5,9,1710.45,2654.225363248797,2.2303788574990107e-05,Low,Maintain: Standard loyalty program
17752,Inactive,359,1,80.64,270.81439185105637,0.9999776962114252,High,Low Priority: Automated email only
17754,Silver Tier,1,5,1664.65,1805.0143611790704,2.2303788574990185e-05,Low,Maintain: Standard loyalty program
17757,Gold Tier,1,30,5593.39,4486.672108421311,2.2303788574991652e-05,Low,Maintain: VIP loyalty program
17758,Silver Tier,19,8,3408.2,3307.207472927963,2.230378857499007e-05,Low,Maintain: Standard loyalty program
17759,Silver Tier,17,3,819.96,1360.6093900287854,2.230378857499003e-05,Low,Maintain: Standard loyalty program
17760,Silver Tier,22,2,287.59,384.7921697012413,2.230378857499007e-05,Low,Maintain: Standard loyalty program
17761,Silver Tier,33,1,712.78,1147.450852684066,2.230378857499003e-05,Low,Maintain: Standard loyalty program
17763,Inactive,263,1,15.0,349.1127321634966,0.9999776962114252,High,Low Priority: Automated email only
17764,Silver Tier,51,2,772.55,1043.1191395468852,2.2303788574990226e-05,Low,Maintain: Standard loyalty program
17765,Inactive,159,3,367.63,673.5671353775821,0.9999776962114252,High,Low Priority: Automated email only
17767,Silver Tier,15,1,271.2,1379.6826382410247,2.230378857499007e-05,Low,Maintain: Standard loyalty program
17768,Silver Tier,8,3,2081.9,2798.085953311848,2.2303788574990107e-05,Low,Maintain: Standard loyalty program
17769,Silver Tier,13,10,3957.43,3412.4756648591883,2.2303788574990107e-05,Low,Maintain: Standard loyalty program
17770,Inactive,199,5,1143.27,894.6052313830544,0.9999776962114252,High,Low Priority: Automated email only
17771,Silver Tier,57,2,245.81,444.7242738058192,2.2303788574990344e-05,Low,Maintain: Standard loyalty program
17772,Silver Tier,11,2,173.45,1467.013040655582,2.2303788574990148e-05,Low,Maintain: Standard loyalty program
17774,Silver Tier,97,4,1213.73,1223.0782579102563,0.9999776962114252,High,Send: Standard win-back offer
17775,Inactive,255,1,56.4,358.8392222195989,0.9999776962114252,High,Low Priority: Automated email only
17777,Silver Tier,25,3,647.56,1675.7935482085552,2.230378857499003e-05,Low,Maintain: Standard loyalty program
17779,Silver Tier,21,3,650.32,1150.0731272316186,2.2303788574989992e-05,Low,Maintain: Standard loyalty program
17781,Inactive,159,2,188.02,501.76671324095287,0.9999776962114252,High,Low Priority: Automated email only
17783,Silver Tier,72,2,283.47,588.7196587829276,2.2303788574991378e-05,Low,Maintain: Standard loyalty program
17785,Silver Tier,53,1,131.94,949.944145249896,2.230378857499082e-05,Low,Maintain: Standard loyalty program
17786,Silver Tier,85,2,266.85,476.3855951219583,2.2303788574994864e-05,Low,Maintain: Standard loyalty program
17787,Inactive,153,4,1817.54,1100.5881911212175,0.9999776962114252,High,Low Priority: Automated email only
17788,Silver Tier,74,2,1117.9,2281.5780842514437,2.230378857499225e-05,Low,Maintain: Standard loyalty program
17789,Inactive,281,1,225.9,331.16030234843294,0.9999776962114252,High,Low Priority: Automated email only
17790,Silver Tier,27,14,1964.3,1754.6847053748102,2.2303788574990226e-05,Low,Maintain: Standard loyalty program
17791,Silver Tier,30,1,106.1,1182.577097323801,2.2303788574990185e-05,Low,Maintain: Standard loyalty program
17793,Silver Tier,25,1,300.34,1232.9005241921468,2.230378857499007e-05,Low,Maintain: Standard loyalty program
17795,Inactive,180,2,342.83,571.7533818762525,0.9999776962114252,High,Low Priority: Automated email only
17796,Silver Tier,40,4,690.0,748.325681153984,2.2303788574989992e-05,Low,Maintain: Standard loyalty program
17797,Silver Tier,22,3,780.43,1125.1792736259197,2.2303788574989992e-05,Low,Maintain: Standard loyalty program
17799,Silver Tier,22,10,3039.17,2492.417477886929,2.230378857499007e-05,Low,Maintain: Standard loyalty program
17800,Silver Tier,37,9,1187.21,1235.1099706141456,2.230378857499003e-05,Low,Maintain: Standard loyalty program
17802,Silver Tier,82,3,1285.04,1140.5687317565282,2.2303788574994623e-05,Low,Maintain: Standard loyalty program
17805,Silver Tier,74,1,512.31,816.1579995989189,2.230378857499205e-05,Low,Maintain: Standard loyalty program
17806,Silver Tier,11,1,546.04,1448.6733665307254,2.230378857499003e-05,Low,Maintain: Standard loyalty program
17809,Silver Tier,16,12,5411.91,4325.49948149837,2.2303788574990107e-05,Low,Maintain: Standard loyalty program
17811,Gold Tier,4,39,7761.82,6701.387943758689,2.230378857499161e-05,Low,Maintain: VIP loyalty program
17812,Silver Tier,13,4,699.81,701.1862515028029,2.230378857499003e-05,Low,Maintain: Standard loyalty program
17813,Silver Tier,14,5,1698.07,4218.756899752536,2.2303788574989992e-05,Low,Maintain: Standard loyalty program
17816,Silver Tier,37,4,36.56,357.919741067661,2.2303788574990148e-05,Low,Maintain: Standard loyalty program
17817,Silver Tier,4,3,387.68,493.96989644270536,2.2303788574990185e-05,Low,Maintain: Standard loyalty program
17819,Silver Tier,72,7,3704.87,2626.8894029388084,2.230378857499288e-05,Low,Maintain: Standard loyalty program
17824,Silver Tier,51,1,298.4,965.7756941997336,2.2303788574990263e-05,Low,Maintain: Standard loyalty program
17827,Silver Tier,5,5,1987.33,834.9676806226322,2.230378857499007e-05,Low,Maintain: Standard loyalty program
17828,Silver Tier,23,4,1820.09,1800.5948499898848,2.2303788574989992e-05,Low,Maintain: Standard loyalty program
17829,Inactive,299,1,889.24,315.82208166682904,0.9999776962114252,High,Low Priority: Automated email only
17830,Silver Tier,2,3,398.7,584.0881242060667,2.2303788574990185e-05,Low,Maintain: Standard loyalty program
17831,Silver Tier,33,1,35.400000000000006,1136.2013539108086,2.2303788574990148e-05,Low,Maintain: Standard loyalty program
17832,Silver Tier,50,1,155.37,982.1439581906712,2.2303788574990544e-05,Low,Maintain: Standard loyalty program
17835,Silver Tier,3,3,342.24,2338.218942060322,2.230378857499082e-05,Low,Maintain: Standard loyalty program
17836,Silver Tier,47,1,110.21,999.0767042537736,2.2303788574990663e-05,Low,Maintain: Standard loyalty program
17837,Silver Tier,42,8,1541.23,2649.690174191017,2.2303788574989992e-05,Low,Maintain: Standard loyalty program
17838,Silver Tier,27,5,2720.8,1802.0831358903283,2.230378857499003e-05,Low,Maintain: Standard loyalty program
17839,Silver Tier,42,1,318.15,1044.0784632385316,2.230378857499003e-05,Low,Maintain: Standard loyalty program
17841,Platinum Tier,2,124,40519.84,30795.677335721695,2.230378857499205e-05,Low,Maintain: Continue white-glove service
17843,Inactive,303,1,205.48,311.5776142870179,0.9999776962114252,High,Low Priority: Automated email only
17844,Silver Tier,107,1,51.559999999999995,662.2674747601277,0.9999776962114252,High,Send: Standard win-back offer
17846,Silver Tier,85,1,2033.1,752.5668013948482,2.2303788574995653e-05,Low,Maintain: Standard loyalty program
17848,Silver Tier,81,9,901.2,976.4357385034064,2.2303788574993356e-05,Low,Maintain: Standard loyalty program
17849,Inactive,218,4,605.8000000000001,665.7334798247476,0.9999776962114252,High,Low Priority: Automated email only
17850,Gold Tier,372,34,5391.21,2788.983375840763,0.9999776962114252,High,High Priority: Send retention offer
17852,Silver Tier,12,2,114.34,1448.6733665307254,2.2303788574990226e-05,Low,Maintain: Standard loyalty program
17854,Inactive,185,2,311.26,654.4917315982977,0.9999776962114252,High,Low Priority: Automated email only
17855,Inactive,373,1,208.97,262.83198413710926,0.9999776962114252,High,Low Priority: Automated email only
17856,Silver Tier,2,4,1418.03,1256.0425504371267,2.2303788574990148e-05,Low,Maintain: Standard loyalty program
17857,Gold Tier,4,23,26879.04,19898.97870517288,2.2303788574990937e-05,Low,Maintain: VIP loyalty program
17858,Silver Tier,6,12,5140.66,4034.987328784307,2.2303788574990148e-05,Low,Maintain: Standard loyalty program
17859,Inactive,305,1,141.92,310.7423748975451,0.9999776962114252,High,Low Priority: Automated email only
17860,Inactive,369,1,226.45,265.2375295735978,0.9999776962114252,High,Low Priority: Automated email only
17861,Silver Tier,3,8,2097.88,1937.641997794492,2.2303788574990107e-05,Low,Maintain: Standard loyalty program
17862,Inactive,324,1,330.9,295.68243753942744,0.9999776962114252,High,Low Priority: Automated email only
17863,Silver Tier,59,6,3160.0,2372.5066038336245,2.2303788574990544e-05,Low,Maintain: Standard loyalty program
17864,Silver Tier,13,3,554.85,732.4818723318738,2.230378857499003e-05,Low,Maintain: Standard loyalty program
17865,Gold Tier,31,20,10526.32,7820.768630722203,2.2303788574990426e-05,Low,Maintain: VIP loyalty program
17866,Silver Tier,143,1,329.65000000000003,549.2856589747144,0.9999776962114252,High,Send: Standard win-back offer
17867,Silver Tier,30,6,1157.87,1402.8011282462066,2.2303788574989992e-05,Low,Maintain: Standard loyalty program
17869,Silver Tier,107,5,428.18,492.7458900369708,0.9999776962114252,High,Send: Standard win-back offer
17870,Silver Tier,2,12,1865.89,1509.8211136548507,2.2303788574990107e-05,Low,Maintain: Standard loyalty program
17871,Inactive,205,1,155.9,424.55243579789015,0.9999776962114252,High,Low Priority: Automated email only
17873,Silver Tier,80,5,1848.96,1516.9472592172508,2.230378857499435e-05,Low,Maintain: Standard loyalty program
17874,Inactive,185,6,683.46,1019.7951182864892,0.9999776962114252,High,Low Priority: Automated email only
17877,Inactive,170,1,237.61,484.94136442000433,0.9999776962114252,High,Low Priority: Automated email only
17878,Silver Tier,44,1,379.45,1034.75663059681,2.230378857499003e-05,Low,Maintain: Standard loyalty program
17879,Inactive,174,1,178.52,478.9304059352244,0.9999776962114252,High,Low Priority: Automated email only
17880,Inactive,365,1,458.92,267.6875158822208,0.9999776962114252,High,Low Priority: Automated email only
17881,Inactive,304,1,133.35,310.7423748975451,0.9999776962114252,High,Low Priority: Automated email only
17883,Silver Tier,3,4,664.34,1010.627862917852,2.2303788574990148e-05,Low,Maintain: Standard loyalty program
17884,Silver Tier,4,4,695.0699999999999,697.1720034066911,2.2303788574990148e-05,Low,Maintain: Standard loyalty program
17885,Silver Tier,12,1,156.34,1430.786674672573,2.2303788574990107e-05,Low,Maintain: Standard loyalty program
17886,Silver Tier,32,3,869.28,1072.960077604146,2.2303788574989992e-05,Low,Maintain: Standard loyalty program
17887,Silver Tier,129,1,111.35,585.3455299462746,0.9999776962114252,High,Send: Standard win-back offer
17888,Silver Tier,21,8,716.0,886.2904950764075,2.230378857499003e-05,Low,Maintain: Standard loyalty program
17889,Inactive,212,2,201.37,424.7753976665904,0.9999776962114252,High,Low Priority: Automated email only
17890,Inactive,323,2,586.89,399.0850517110417,0.9999776962114252,High,Low Priority: Automated email only
17891,Inactive,162,1,203.86,501.73383744486046,0.9999776962114252,High,Low Priority: Automated email only
17892,Silver Tier,56,3,244.1,784.3192686903413,2.2303788574990385e-05,Low,Maintain: Standard loyalty program
17893,Inactive,225,1,107.21,394.2306785524733,0.9999776962114252,High,Low Priority: Automated email only
17894,Silver Tier,72,8,1118.96,1109.5488017588546,2.230378857499181e-05,Low,Maintain: Standard loyalty program
17895,Silver Tier,44,1,95.45,1025.5998068295544,2.2303788574990148e-05,Low,Maintain: Standard loyalty program
17896,Silver Tier,23,1,256.32,1259.703587062989,2.230378857499007e-05,Low,Maintain: Standard loyalty program
17897,Inactive,173,3,541.8100000000001,586.0923524479341,0.9999776962114252,High,Low Priority: Automated email only
17898,Silver Tier,85,2,152.06,550.8166154284154,2.2303788574995298e-05,Low,Maintain: Standard loyalty program
17899,Inactive,159,1,154.55,508.3348084278073,0.9999776962114252,High,Low Priority: Automated email only
17900,Inactive,190,2,112.2,447.49843127294145,0.9999776962114252,High,Low Priority: Automated email only
17901,Silver Tier,29,1,110.38,1182.577097323801,2.2303788574990185e-05,Low,Maintain: Standard loyalty program
17904,Silver Tier,21,1,181.07,1287.698184584735,2.2303788574990107e-05,Low,Maintain: Standard loyalty program
17905,Silver Tier,71,4,798.99,757.6687754968087,2.2303788574991337e-05,Low,Maintain: Standard loyalty program
17906,Inactive,247,1,72.9,366.7872811283449,0.9999776962114252,High,Low Priority: Automated email only
17908,Inactive,374,1,232.03,262.2374002805863,0.9999776962114252,High,Low Priority: Automated email only
17911,Silver Tier,9,1,366.23,1485.8231282945333,2.230378857499007e-05,Low,Maintain: Standard loyalty program
17912,Inactive,310,5,310.06,469.3034873952633,0.9999776962114252,High,Low Priority: Automated email only
17913,Silver Tier,59,2,408.65,452.03585495509327,2.2303788574990426e-05,Low,Maintain: Standard loyalty program
17914,Silver Tier,4,1,329.36,1609.660589705031,2.230378857499082e-05,Low,Maintain: Standard loyalty program
17917,Silver Tier,45,3,335.03,496.14455535896616,2.230378857499007e-05,Low,Maintain: Standard loyalty program
17919,Silver Tier,88,1,1304.04,738.1879265173318,2.230378857500021e-05,Low,Maintain: Standard loyalty program
17920,Gold Tier,4,17,4119.5,3103.6718209131145,2.2303788574990385e-05,Low,Maintain: VIP loyalty program
17921,Silver Tier,64,4,820.23,947.2375493178176,2.2303788574990625e-05,Low,Maintain: Standard loyalty program
17923,Inactive,282,1,207.50000000000003,330.216929121674,0.9999776962114252,High,Low Priority: Automated email only
17924,Silver Tier,12,7,2962.5,2260.663160092864,2.230378857499007e-05,Low,Maintain: Standard loyalty program
17925,Inactive,373,1,244.08,262.83198413710926,0.9999776962114252,High,Low Priority: Automated email only
17926,Silver Tier,133,2,397.29,698.5271421602882,0.9999776962114252,High,Send: Standard win-back offer
17928,Silver Tier,45,2,212.54,557.2839004569124,2.2303788574990148e-05,Low,Maintain: Standard loyalty program
17929,Silver Tier,11,4,843.0,928.3611322162808,2.230378857499003e-05,Low,Maintain: Standard loyalty program
17930,Silver Tier,36,5,1740.48,1875.6853496866795,2.2303788574989992e-05,Low,Maintain: Standard loyalty program
17931,Silver Tier,134,2,408.36,521.0504192309718,0.9999776962114252,High,Send: Standard win-back offer
17932,Silver Tier,29,3,1331.57,1319.1251098456569,2.2303788574989992e-05,Low,Maintain: Standard loyalty program
17934,Silver Tier,52,2,704.25,1226.982858269878,2.2303788574990263e-05,Low,Maintain: Standard loyalty program
17935,Silver Tier,138,2,145.79,666.3379363545175,0.9999776962114252,High,Send: Standard win-back offer
17936,Silver Tier,5,1,380.13,1566.149238768915,2.2303788574990185e-05,Low,Maintain: Standard loyalty program
17937,Silver Tier,9,7,4301.22,2529.7808342440026,2.2303788574990107e-05,Low,Maintain: Standard loyalty program
17939,Inactive,160,1,99.14,508.3348084278073,0.9999776962114252,High,Low Priority: Automated email only
17940,Silver Tier,49,10,4020.04,3026.433182250538,2.2303788574990263e-05,Low,Maintain: Standard loyalty program
17941,Silver Tier,131,1,304.56,582.4044341532608,0.9999776962114252,High,Send: Standard win-back offer
17942,Silver Tier,8,1,77.50000000000001,1524.9288592155797,2.2303788574990937e-05,Low,Maintain: Standard loyalty program
17946,Inactive,233,2,149.57999999999998,530.9948382272286,0.9999776962114252,High,Low Priority: Automated email only
17947,Silver Tier,37,1,176.68,1093.3262542128698,2.230378857499007e-05,Low,Maintain: Standard loyalty program
17948,Inactive,147,1,358.56000000000006,536.5721934858108,0.9999776962114252,High,Low Priority: Automated email only
17949,Gold Tier,1,45,58510.48,43723.972440006095,2.2303788574992208e-05,Low,Maintain: VIP loyalty program
17950,Silver Tier,72,3,482.2,460.33565079679295,2.2303788574991378e-05,Low,Maintain: Standard loyalty program
17951,Silver Tier,40,3,1008.54,815.5971763591539,2.2303788574989992e-05,Low,Maintain: Standard loyalty program
17954,Silver Tier,5,12,2314.13,2003.072021675414,2.2303788574990107e-05,Low,Maintain: Standard loyalty program
17955,Inactive,199,4,557.3,795.4129836318001,0.9999776962114252,High,Low Priority: Automated email only
17956,Inactive,249,1,12.75,364.48070425354217,0.9999776962114252,High,Low Priority: Automated email only
17957,Silver Tier,66,1,111.68,858.4738053899073,2.230378857499122e-05,Low,Maintain: Standard loyalty program
17958,Silver Tier,117,1,508.4599999999999,626.4730735073999,0.9999776962114252,High,Send: Standard win-back offer
17960,Inactive,171,1,73.78,482.9210154828088,0.9999776962114252,High,Low Priority: Automated email only
17961,Gold Tier,21,39,1296.44,1248.8370432691218,2.2303788574991537e-05,Low,Maintain: VIP loyalty program
17962,Silver Tier,142,1,102.41,549.2856589747144,0.9999776962114252,High,Send: Standard win-back offer
17964,Silver Tier,32,2,463.21,441.6869715171713,2.230378857499003e-05,Low,Maintain: Standard loyalty program
17965,Silver Tier,38,14,2599.19,2283.318135802154,2.2303788574990307e-05,Low,Maintain: Standard loyalty program
17966,Silver Tier,38,5,1098.43,1347.10037305502,2.2303788574989992e-05,Low,Maintain: Standard loyalty program
17967,Inactive,372,1,112.27,263.4292704434109,0.9999776962114252,High,Low Priority: Automated email only
17968,Inactive,374,1,265.1,262.2374002805863,0.9999776962114252,High,Low Priority: Automated email only
17969,Inactive,166,2,228.2,387.24833645973905,0.9999776962114252,High,Low Priority: Automated email only
17970,Inactive,211,1,562.79,413.9398564473345,0.9999776962114252,High,Low Priority: Automated email only
17972,Inactive,242,1,135.19,373.8855720243593,0.9999776962114252,High,Low Priority: Automated email only
17973,Silver Tier,52,1,337.04,965.7756941997336,2.2303788574990307e-05,Low,Maintain: Standard loyalty program
17974,Silver Tier,25,3,703.99,1069.8940519716364,2.230378857499003e-05,Low,Maintain: Standard loyalty program
17975,Silver Tier,15,13,4483.26,3515.083642616918,2.2303788574990107e-05,Low,Maintain: Standard loyalty program
17976,Inactive,372,1,321.79,262.83198413710926,0.9999776962114252,High,Low Priority: Automated email only
17977,Silver Tier,29,1,288.14,1182.577097323801,2.230378857499007e-05,Low,Maintain: Standard loyalty program
17978,Inactive,365,1,300.91999999999996,267.07078577809557,0.9999776962114252,High,Low Priority: Automated email only
17979,Silver Tier,36,4,732.41,903.3176772017388,2.230378857499003e-05,Low,Maintain: Standard loyalty program
17980,Inactive,166,3,811.45,702.4631605725347,0.9999776962114252,High,Low Priority: Automated email only
17984,Inactive,145,1,152.68,541.5862926153269,0.9999776962114252,High,Low Priority: Automated email only
17985,Silver Tier,22,1,631.35,1273.5470319616638,2.230378857499003e-05,Low,Maintain: Standard loyalty program
17986,Silver Tier,56,1,20.8,927.1467966421674,2.230378857499086e-05,Low,Maintain: Standard loyalty program
17987,Inactive,185,1,198.57,456.3063996534212,0.9999776962114252,High,Low Priority: Automated email only
17988,Silver Tier,12,7,201.12,492.41190615977064,2.2303788574990148e-05,Low,Maintain: Standard loyalty program
17990,Inactive,237,3,630.84,660.0805931137579,0.9999776962114252,High,Low Priority: Automated email only
17991,Inactive,225,2,93.35,546.1761056879088,0.9999776962114252,High,Low Priority: Automated email only
17994,Silver Tier,122,4,674.89,733.9044614690984,0.9999776962114252,High,Send: Standard win-back offer
17995,Inactive,282,1,76.1,331.16030234843294,0.9999776962114252,High,Low Priority: Automated email only
17997,Silver Tier,74,8,1962.46,2929.6069049776365,2.2303788574992645e-05,Low,Maintain: Standard loyalty program
17999,Silver Tier,37,2,380.39,440.2753196224637,2.230378857499003e-05,Low,Maintain: Standard loyalty program
18001,Silver Tier,12,2,415.13,1189.0942457572348,2.230378857499007e-05,Low,Maintain: Standard loyalty program
18004,Inactive,362,1,157.92,268.92956100875483,0.9999776962114252,High,Low Priority: Automated email only
18005,Silver Tier,4,2,226.47,1414.8272489407552,2.230378857499086e-05,Low,Maintain: Standard loyalty program
18006,Silver Tier,23,1,444.68,1259.703587062989,2.230378857499007e-05,Low,Maintain: Standard loyalty program
18008,Silver Tier,70,9,2116.19,2060.24517683144,2.2303788574991852e-05,Low,Maintain: Standard loyalty program
18009,Inactive,235,1,247.39,381.26403757860874,0.9999776962114252,High,Low Priority: Automated email only
18010,Inactive,257,1,174.8,356.63122935035165,0.9999776962114252,High,Low Priority: Automated email only
18011,Inactive,373,1,102.79,262.2374002805863,0.9999776962114252,High,Low Priority: Automated email only
18013,Inactive,155,2,187.29,517.4111282486208,0.9999776962114252,High,Low Priority: Automated email only
18014,Silver Tier,28,1,162.22,1194.7687753130083,2.2303788574990107e-05,Low,Maintain: Standard loyalty program
18015,Silver Tier,4,1,120.03,1587.6067673138905,2.23037885749909e-05,Low,Maintain: Standard loyalty program
18016,Silver Tier,32,5,1477.66,1313.4901814612213,2.2303788574989992e-05,Low,Maintain: Standard loyalty program
18017,Silver Tier,81,3,523.0,667.7908305686808,2.2303788574992923e-05,Low,Maintain: Standard loyalty program
18018,Silver Tier,108,2,122.14,601.700920779954,0.9999776962114252,High,Send: Standard win-back offer
18019,Silver Tier,52,1,38.45,965.7756941997336,2.2303788574990785e-05,Low,Maintain: Standard loyalty program
18022,Silver Tier,36,1,612.72,1114.3514760006665,2.230378857499007e-05,Low,Maintain: Standard loyalty program
18024,Inactive,153,2,389.78,524.4339704135677,0.9999776962114252,High,Low Priority: Automated email only
18027,Silver Tier,99,1,115.31,693.9894043708468,0.9999776962114252,High,Send: Standard win-back offer
18030,Silver Tier,4,2,230.65,1517.5492871416657,2.230378857499082e-05,Low,Maintain: Standard loyalty program
18032,Inactive,334,1,73.5,287.61252902899014,0.9999776962114252,High,Low Priority: Automated email only
18033,Silver Tier,65,1,93.82,864.8798402201314,2.2303788574991174e-05,Low,Maintain: Standard loyalty program
18034,Silver Tier,22,2,418.68,1287.698184584735,2.230378857499007e-05,Low,Maintain: Standard loyalty program
18035,Silver Tier,36,3,713.89,1824.3150834688247,2.230378857499003e-05,Low,Maintain: Standard loyalty program
18036,Silver Tier,32,3,403.12,743.8038651996781,2.230378857499003e-05,Low,Maintain: Standard loyalty program
18037,Inactive,154,6,70.02,382.6284360699425,0.9999776962114252,High,Low Priority: Automated email only
18040,Silver Tier,19,2,357.20000000000005,544.4714370749346,2.230378857499007e-05,Low,Maintain: Standard loyalty program
18041,Gold Tier,12,21,4097.37,3132.979088624356,2.2303788574990307e-05,Low,Maintain: VIP loyalty program
18042,Silver Tier,54,1,165.04999999999998,949.944145249896,2.2303788574990744e-05,Low,Maintain: Standard loyalty program
18043,Silver Tier,25,3,529.29,501.01327362952406,2.230378857499007e-05,Low,Maintain: Standard loyalty program
18044,Silver Tier,4,10,2088.6,1897.8651987975388,2.2303788574990107e-05,Low,Maintain: Standard loyalty program
18045,Silver Tier,45,1,178.34,1016.603648575807,2.2303788574990107e-05,Low,Maintain: Standard loyalty program
18048,Inactive,203,2,172.29000000000002,426.1131061294917,0.9999776962114252,High,Low Priority: Automated email only
18050,Inactive,359,1,74.4,270.81439185105637,0.9999776962114252,High,Low Priority: Automated email only
18053,Silver Tier,71,1,300.02,833.7714421202147,2.2303788574991378e-05,Low,Maintain: Standard loyalty program
18055,Silver Tier,7,10,6761.34,5075.397254486548,2.2303788574990185e-05,Low,Maintain: Standard loyalty program
18056,Inactive,288,1,363.65,324.6676665070214,0.9999776962114252,High,Low Priority: Automated email only
18058,Silver Tier,10,1,170.16,1485.8231282945333,2.2303788574990107e-05,Low,Maintain: Standard loyalty program
18059,Silver Tier,23,3,306.46,1470.4287608277705,2.230378857499007e-05,Low,Maintain: Standard loyalty program
18061,Silver Tier,22,10,2119.41,1646.2748053261855,2.230378857499003e-05,Low,Maintain: Standard loyalty program
18062,Inactive,173,3,720.52,765.861786168257,0.9999776962114252,High,Low Priority: Automated email only
18064,Silver Tier,133,2,814.0,832.3771353220827,0.9999776962114252,High,Send: Standard win-back offer
18065,Silver Tier,6,14,2392.83,1864.2631404701303,2.2303788574990307e-05,Low,Maintain: Standard loyalty program
18066,Silver Tier,75,1,318.0,804.82343769289,2.230378857499209e-05,Low,Maintain: Standard loyalty program
18067,Silver Tier,40,1,396.33,1063.2353258039057,2.230378857499003e-05,Low,Maintain: Standard loyalty program
18068,Inactive,289,1,101.7,323.76087222719343,0.9999776962114252,High,Low Priority: Automated email only
18069,Silver Tier,26,5,2009.24,1756.135012766534,2.2303788574989992e-05,Low,Maintain: Standard loyalty program
18071,Inactive,258,2,453.0,443.0290747525028,0.9999776962114252,High,Low Priority: Automated email only
18072,Inactive,186,1,247.44,456.3063996534212,0.9999776962114252,High,Low Priority: Automated email only
18073,Silver Tier,114,12,3859.82,4964.717286347344,0.9999776962114252,High,Send: Standard win-back offer
18074,Inactive,374,1,489.6,262.2374002805863,0.9999776962114252,High,Low Priority: Automated email only
18075,Silver Tier,23,10,2611.75,2200.759228519103,2.230378857499007e-05,Low,Maintain: Standard loyalty program
18077,Silver Tier,8,11,2584.41,2152.1296796310708,2.2303788574990148e-05,Low,Maintain: Standard loyalty program
18078,Inactive,217,2,336.13,536.9918770985779,0.9999776962114252,High,Low Priority: Automated email only
18079,Silver Tier,45,4,3613.15,2441.102749197015,2.2303788574990585e-05,Low,Maintain: Standard loyalty program
18080,Silver Tier,19,2,1231.5,799.6573468276637,2.230378857499003e-05,Low,Maintain: Standard loyalty program
18081,Silver Tier,36,3,343.45,1061.6476112133591,2.230378857499007e-05,Low,Maintain: Standard loyalty program
18082,Silver Tier,26,1,680.84,1232.9005241921468,2.230378857499003e-05,Low,Maintain: Standard loyalty program
18084,Silver Tier,16,1,90.48,1363.4498314612754,2.2303788574990185e-05,Low,Maintain: Standard loyalty program
18085,Inactive,330,2,689.95,556.9720825935443,0.9999776962114252,High,Low Priority: Automated email only
18086,Inactive,274,1,101.34,337.9179231900678,0.9999776962114252,High,Low Priority: Automated email only
18087,Silver Tier,98,2,4055.7199999999993,1061.076149985173,0.9999776962114252,High,Send: Standard win-back offer
18088,Silver Tier,61,1,166.03,891.4895806459505,2.2303788574990974e-05,Low,Maintain: Standard loyalty program
18092,Silver Tier,2,11,9068.26,6064.579972540947,2.2303788574990226e-05,Low,Maintain: Standard loyalty program
18093,Silver Tier,93,4,2106.52,1450.4797577362954,0.9999776962114252,High,Send: Standard win-back offer
18094,Silver Tier,82,7,3017.3,2623.284282752206,2.2303788574995653e-05,Low,Maintain: Standard loyalty program
18095,Inactive,313,2,580.05,484.89694542021414,0.9999776962114252,High,Low Priority: Automated email only
18096,Silver Tier,12,3,849.06,2714.5551189437724,2.230378857499003e-05,Low,Maintain: Standard loyalty program
18097,Silver Tier,8,6,2662.4,2210.1434035279185,2.2303788574990148e-05,Low,Maintain: Standard loyalty program
18099,Silver Tier,127,1,168.31,591.3177516889655,0.9999776962114252,High,Send: Standard win-back offer
18101,Silver Tier,11,2,222.4,798.2269886949952,2.2303788574990107e-05,Low,Maintain: Standard loyalty program
18102,Platinum Tier,1,60,259657.3,178954.25076564235,2.230378857499217e-05,Low,Maintain: Continue white-glove service
18104,Silver Tier,37,1,754.64,1093.3262542128698,2.2303788574989992e-05,Low,Maintain: Standard loyalty program
18105,Silver Tier,38,1,113.48000000000002,1093.3262542128698,2.2303788574990185e-05,Low,Maintain: Standard loyalty program
18106,Inactive,330,1,421.9,291.2253748813861,0.9999776962114252,High,Low Priority: Automated email only
18108,Inactive,254,1,271.0,358.8392222195989,0.9999776962114252,High,Low Priority: Automated email only
18109,Gold Tier,2,26,8004.92,6238.860953998908,2.2303788574990585e-05,Low,Maintain: VIP loyalty program
18110,Silver Tier,20,1,198.8,1316.965589877716,2.2303788574990107e-05,Low,Maintain: Standard loyalty program
18112,Silver Tier,12,2,352.69,773.5190373596469,2.230378857499007e-05,Low,Maintain: Standard loyalty program
18113,Inactive,369,1,76.32000000000001,265.2375295735978,0.9999776962114252,High,Low Priority: Automated email only
18114,Inactive,290,1,220.1,322.85912934222307,0.9999776962114252,High,Low Priority: Automated email only
18116,Silver Tier,68,8,1403.11,1302.504086133124,2.2303788574991174e-05,Low,Maintain: Standard loyalty program
18117,Silver Tier,26,1,315.65,1232.9005241921468,2.230378857499007e-05,Low,Maintain: Standard loyalty program
18118,Gold Tier,11,26,5625.08,4283.575837706951,2.2303788574990463e-05,Low,Maintain: VIP loyalty program
18119,Inactive,368,1,180.7,265.8458120425742,0.9999776962114252,High,Low Priority: Automated email only
18120,Inactive,214,1,111.15,409.5523126461623,0.9999776962114252,High,Low Priority: Automated email only
18121,Inactive,149,2,653.3,642.7409426907512,0.9999776962114252,High,Low Priority: Automated email only
18122,Silver Tier,8,6,1793.06,3139.409482595792,2.2303788574990107e-05,Low,Maintain: Standard loyalty program
18123,Silver Tier,24,2,574.4399999999999,2130.98448191555,2.230378857499003e-05,Low,Maintain: Standard loyalty program
18125,Silver Tier,30,4,1131.75,860.3586389343867,2.2303788574989992e-05,Low,Maintain: Standard loyalty program
18126,Silver Tier,61,1,200.92,898.3998783426291,2.2303788574990974e-05,Low,Maintain: Standard loyalty program
18127,Silver Tier,19,3,347.08,972.6048023415004,2.230378857499007e-05,Low,Maintain: Standard loyalty program
18129,Inactive,243,1,112.55,371.4891427284427,0.9999776962114252,High,Low Priority: Automated email only
18130,Silver Tier,15,3,1059.39,2937.5157483068383,2.230378857499003e-05,Low,Maintain: Standard loyalty program
18133,Inactive,212,1,931.5,412.4669332194865,0.9999776962114252,High,Low Priority: Automated email only
18135,Silver Tier,29,5,681.91,1282.159361802308,2.2303788574989992e-05,Low,Maintain: Standard loyalty program
18136,Silver Tier,63,3,784.33,759.3691695757187,2.2303788574990625e-05,Low,Maintain: Standard loyalty program
18138,Inactive,295,1,152.65,318.42472877685196,0.9999776962114252,High,Low Priority: Automated email only
18139,Silver Tier,18,6,8438.34,7574.087006610856,2.230378857499007e-05,Low,Maintain: Standard loyalty program
18142,Inactive,157,2,1019.52,1223.096642033276,0.9999776962114252,High,Low Priority: Automated email only
18143,Silver Tier,117,2,1000.16,1358.8886810358042,0.9999776962114252,High,Send: Standard win-back offer
18144,Silver Tier,8,12,2888.75,2373.0339365032305,2.2303788574990148e-05,Low,Maintain: Standard loyalty program
18145,Silver Tier,13,4,2861.5499999999997,2228.122979623297,2.230378857499007e-05,Low,Maintain: Standard loyalty program
18146,Silver Tier,141,2,160.35,556.7867433081296,0.9999776962114252,High,Send: Standard win-back offer
18147,Silver Tier,46,2,179.34,904.5140788336628,2.2303788574990107e-05,Low,Maintain: Standard loyalty program
18149,Silver Tier,51,3,612.0799999999999,763.3885875696377,2.2303788574990226e-05,Low,Maintain: Standard loyalty program
18150,Silver Tier,32,3,566.58,916.2395581744738,2.2303788574989992e-05,Low,Maintain: Standard loyalty program
18151,Silver Tier,135,2,653.35,654.9794965704004,0.9999776962114252,High,Send: Standard win-back offer
18154,Silver Tier,3,2,399.19,1680.5417455917795,2.2303788574990185e-05,Low,Maintain: Standard loyalty program
18155,Silver Tier,75,3,371.62,618.8435173008106,2.230378857499209e-05,Low,Maintain: Standard loyalty program
18156,Silver Tier,13,2,675.64,632.3430054768234,2.230378857499003e-05,Low,Maintain: Standard loyalty program
18158,Silver Tier,9,2,453.4,1073.083281092558,2.230378857499007e-05,Low,Maintain: Standard loyalty program
18159,Inactive,301,1,530.15,313.2616364491695,0.9999776962114252,High,Low Priority: Automated email only
18160,Silver Tier,57,2,638.0600000000001,849.3551797032716,2.2303788574990307e-05,Low,Maintain: Standard loyalty program
18161,Silver Tier,15,5,1618.69,1462.756708572274,2.2303788574989992e-05,Low,Maintain: Standard loyalty program
18164,Silver Tier,37,1,399.65,1093.3262542128698,2.230378857499003e-05,Low,Maintain: Standard loyalty program
18165,Inactive,177,1,302.46,471.1438391061143,0.9999776962114252,High,Low Priority: Automated email only
18167,Silver Tier,23,3,1384.86,2371.9614295686033,2.2303788574989992e-05,Low,Maintain: Standard loyalty program
18168,Inactive,176,6,1160.04,990.9820584883834,0.9999776962114252,High,Low Priority: Automated email only
18169,Silver Tier,61,1,202.65,898.3998783426291,2.2303788574990974e-05,Low,Maintain: Standard loyalty program
18170,Silver Tier,33,3,980.31,1221.2048711671537,2.2303788574989992e-05,Low,Maintain: Standard loyalty program
18171,Silver Tier,59,5,1231.31,1155.06980276998,2.2303788574990385e-05,Low,Maintain: Standard loyalty program
18172,Gold Tier,15,20,7561.68,5579.6788424368115,2.2303788574990344e-05,Low,Maintain: VIP loyalty program
18173,Silver Tier,87,4,2106.84,1568.6239185126994,2.230378857499827e-05,Low,Maintain: Standard loyalty program
18174,Silver Tier,7,1,104.0,1524.9288592155797,2.2303788574990937e-05,Low,Maintain: Standard loyalty program
18176,Inactive,358,1,476.35,271.448553849472,0.9999776962114252,High,Low Priority: Automated email only
18177,Silver Tier,31,6,1340.87,1627.339157125455,2.2303788574989992e-05,Low,Maintain: Standard loyalty program
18178,Silver Tier,129,4,1590.81,1268.6696216243067,0.9999776962114252,High,Send: Standard win-back offer
18179,Silver Tier,9,6,1793.17,1527.449294418073,2.2303788574989992e-05,Low,Maintain: Standard loyalty program
18180,Silver Tier,5,6,1843.75,3060.6285237645666,2.230378857499007e-05,Low,Maintain: Standard loyalty program
18181,Silver Tier,24,1,366.85,1246.1579201425084,2.230378857499007e-05,Low,Maintain: Standard loyalty program
18183,Inactive,227,2,632.07,664.0216365121296,0.9999776962114252,High,Low Priority: Automated email only
18184,Silver Tier,15,1,49.8,1379.6826382410247,2.2303788574990185e-05,Low,Maintain: Standard loyalty program
18185,Inactive,249,1,304.25,364.48070425354217,0.9999776962114252,High,Low Priority: Automated email only
18188,Silver Tier,15,3,2001.04,1729.447719836583,2.230378857499003e-05,Low,Maintain: Standard loyalty program
18189,Silver Tier,78,2,1090.24,797.1177654102044,2.2303788574992563e-05,Low,Maintain: Standard loyalty program
18190,Inactive,192,2,284.46000000000004,424.3021958097317,0.9999776962114252,High,Low Priority: Automated email only
18191,Inactive,262,1,207.8,351.2283290459734,0.9999776962114252,High,Low Priority: Automated email only
18192,Silver Tier,72,1,957.97,827.8164177882809,2.2303788574991337e-05,Low,Maintain: Standard loyalty program
18193,Inactive,165,1,243.76,495.30211275531394,0.9999776962114252,High,Low Priority: Automated email only
18194,Silver Tier,82,1,973.84,767.5170296675334,2.2303788574993356e-05,Low,Maintain: Standard loyalty program
18196,Silver Tier,95,2,686.63,569.7767900721096,0.9999776962114252,High,Send: Standard win-back offer
18198,Gold Tier,4,17,5425.56,4579.04117106169,2.2303788574990385e-05,Low,Maintain: VIP loyalty program
18200,Silver Tier,106,1,150.35,662.2674747601277,0.9999776962114252,High,Send: Standard win-back offer
18202,Inactive,200,3,1396.99,1045.3218913874712,0.9999776962114252,High,Low Priority: Automated email only
18203,Inactive,157,1,160.42000000000002,512.832809797066,0.9999776962114252,High,Low Priority: Automated email only
18204,Silver Tier,71,3,1975.35,2215.068841917747,2.2303788574991693e-05,Low,Maintain: Standard loyalty program
18205,Silver Tier,36,2,517.36,1541.5487064830895,2.230378857499007e-05,Low,Maintain: Standard loyalty program
18209,Silver Tier,29,1,139.10000000000002,1194.7687753130083,2.2303788574990148e-05,Low,Maintain: Standard loyalty program
18210,Silver Tier,2,6,2621.38,2812.049686212787,2.2303788574990148e-05,Low,Maintain: Standard loyalty program
18211,Silver Tier,26,5,600.07,857.1944335855469,2.230378857499003e-05,Low,Maintain: Standard loyalty program
18212,Inactive,326,1,216.07,293.4369819483421,0.9999776962114252,High,Low Priority: Automated email only
18213,Inactive,237,1,232.48,380.0141350613526,0.9999776962114252,High,Low Priority: Automated email only
18215,Silver Tier,89,1,299.34000000000003,733.5163099957323,2.2303788575000092e-05,Low,Maintain: Standard loyalty program
18216,Silver Tier,31,1,481.75,1158.925382250077,2.230378857499007e-05,Low,Maintain: Standard loyalty program
18217,Silver Tier,29,2,621.75,1611.2233925446649,2.2303788574989992e-05,Low,Maintain: Standard loyalty program
18218,Inactive,211,2,641.92,678.61087443032,0.9999776962114252,High,Low Priority: Automated email only
18219,Silver Tier,3,10,2069.77,1741.1719626990114,2.2303788574990107e-05,Low,Maintain: Standard loyalty program
18220,Inactive,227,1,305.28,392.89445809729585,0.9999776962114252,High,Low Priority: Automated email only
18221,Silver Tier,22,5,1041.61,1451.2617293630228,2.2303788574989992e-05,Low,Maintain: Standard loyalty program
18222,Silver Tier,93,1,443.0,719.8496572064222,0.9999776962114252,High,Send: Standard win-back offer
18223,Gold Tier,5,14,6484.54,4978.39582845388,2.2303788574990385e-05,Low,Maintain: VIP loyalty program
18224,Inactive,264,1,158.95000000000002,349.1127321634966,0.9999776962114252,High,Low Priority: Automated email only
18225,Silver Tier,3,12,5504.96,4503.742407313951,2.2303788574990185e-05,Low,Maintain: Standard loyalty program
18226,Silver Tier,44,11,5228.05,4264.339516820078,2.2303788574990148e-05,Low,Maintain: Standard loyalty program
18227,Inactive,218,1,93.75,405.25680882157616,0.9999776962114252,High,Low Priority: Automated email only
18228,Silver Tier,57,2,779.9,1620.0751180767843,2.2303788574990307e-05,Low,Maintain: Standard loyalty program
18229,Gold Tier,12,20,7276.9,5564.996661289916,2.2303788574990344e-05,Low,Maintain: VIP loyalty program
18230,Silver Tier,9,7,2810.2000000000003,2450.8610897873587,2.230378857499007e-05,Low,Maintain: Standard loyalty program
18231,Inactive,192,5,2071.77,1971.8698659775696,0.9999776962114252,High,Low Priority: Automated email only
18232,Silver Tier,82,4,592.97,1125.470835856184,2.2303788574993715e-05,Low,Maintain: Standard loyalty program
18233,Inactive,326,1,440.0,294.18166801803847,0.9999776962114252,High,Low Priority: Automated email only
18235,Silver Tier,72,3,1796.48,1949.502699956656,2.2303788574991693e-05,Low,Maintain: Standard loyalty program
18236,Silver Tier,30,6,882.24,1279.8142377083232,2.2303788574989992e-05,Low,Maintain: Standard loyalty program
18237,Silver Tier,3,5,987.1,1778.6177705264763,2.2303788574990185e-05,Low,Maintain: Standard loyalty program
18239,Inactive,219,5,1561.61,1138.0041947857276,0.9999776962114252,High,Low Priority: Automated email only
18240,Silver Tier,46,1,422.58,1007.7639635956134,2.230378857499007e-05,Low,Maintain: Standard loyalty program
18241,Gold Tier,10,17,2073.09,2529.34374154087,2.2303788574990226e-05,Low,Maintain: VIP loyalty program
18242,Silver Tier,72,4,2232.49,2568.6330931489188,2.230378857499217e-05,Low,Maintain: Standard loyalty program
18245,Silver Tier,7,7,2567.06,1997.403145836609,2.2303788574990148e-05,Low,Maintain: Standard loyalty program
18246,Silver Tier,24,2,596.1,798.0877374702776,2.230378857499003e-05,Low,Maintain: Standard loyalty program
18248,Silver Tier,123,2,804.02,881.7945031592084,0.9999776962114252,High,Send: Standard win-back offer
18249,Silver Tier,17,1,95.34,1347.594640248632,2.2303788574990185e-05,Low,Maintain: Standard loyalty program
18250,Inactive,310,1,349.27,305.82349107964,0.9999776962114252,High,Low Priority: Automated email only
18251,Silver Tier,87,1,4314.72,742.9194360225239,2.2303788574998073e-05,Low,Maintain: Standard loyalty program
18252,Silver Tier,51,2,518.27,1105.4682945052066,2.2303788574990263e-05,Low,Maintain: Standard loyalty program
18255,Silver Tier,89,1,103.3,733.5163099957323,2.230378857500057e-05,Low,Maintain: Standard loyalty program
18257,Silver Tier,39,8,2337.63,2194.0781349478307,2.230378857499003e-05,Low,Maintain: Standard loyalty program
18259,Silver Tier,25,3,2338.6,1696.859174687846,2.230378857499003e-05,Low,Maintain: Standard loyalty program
18260,Inactive,173,6,2628.35,2139.0486170077556,0.9999776962114252,High,Low Priority: Automated email only
18261,Silver Tier,43,2,324.24,1009.256246972789,2.230378857499003e-05,Low,Maintain: Standard loyalty program
18262,Silver Tier,140,1,149.48,554.5413610371427,0.9999776962114252,High,Send: Standard win-back offer
18263,Silver Tier,26,3,1213.16,1304.2170015302067,2.230378857499003e-05,Low,Maintain: Standard loyalty program
18265,Silver Tier,72,2,801.51,997.9752884289652,2.2303788574991337e-05,Low,Maintain: Standard loyalty program
18268,Silver Tier,134,1,25.5,570.9298029785416,0.9999776962114252,High,Send: Standard win-back offer
18269,Inactive,366,1,168.6,266.45689100090283,0.9999776962114252,High,Low Priority: Automated email only
18270,Silver Tier,38,2,283.15000000000003,555.5578366426496,2.230378857499003e-05,Low,Maintain: Standard loyalty program
18272,Silver Tier,3,6,3078.58,2958.6344688045237,2.2303788574990107e-05,Low,Maintain: Standard loyalty program
18273,Silver Tier,2,3,204.0,586.572953335617,2.230378857499086e-05,Low,Maintain: Standard loyalty program
18274,Silver Tier,30,1,175.92,1170.6317638661749,2.2303788574990107e-05,Low,Maintain: Standard loyalty program
18276,Silver Tier,44,1,335.86,1034.75663059681,2.230378857499003e-05,Low,Maintain: Standard loyalty program
18277,Silver Tier,58,1,110.38,912.546967178022,2.2303788574990937e-05,Low,Maintain: Standard loyalty program
18278,Silver Tier,74,1,173.9,816.1579995989189,2.2303788574992445e-05,Low,Maintain: Standard loyalty program
18280,Inactive,278,1,180.6,334.98832132167604,0.9999776962114252,High,Low Priority: Automated email only
18281,Inactive,181,1,80.82,465.46807862947327,0.9999776962114252,High,Low Priority: Automated email only
18282,Silver Tier,8,2,178.05,817.4684882214144,2.2303788574990937e-05,Low,Maintain: Standard loyalty program
18283,Gold Tier,4,16,2045.53,1961.5002701932815,2.2303788574990263e-05,Low,Maintain: VIP loyalty program
18287,Silver Tier,43,3,1837.28,1736.5079733701052,2.2303788574989992e-05,Low,Maintain: Standard loyalty program
