CustomerID,Segment,Cluster,Recency,Frequency,Monetary,R_Score,F_Score,M_Score,RFM_Score,Predicted_CLV_12m,Expected_Purchases_12m,Probability_Alive,Churn_Probability,Risk_Level,Recommended_Action
12346,Gold Tier,3,326,1,77183.6,1,1,5,115,294.18166801803847,0.0251795734272517,1.0,0.9999776962114252,High,High Priority: Send retention offer
12347,Silver Tier,0,2,7,4310.0,5,5,5,555,3010.6975655071533,0.1878652085717299,0.9996980932908984,2.2303788574990185e-05,Low,Maintain: Standard loyalty program
12348,Silver Tier,0,75,4,1797.24,2,4,4,244,1006.785749714311,0.1074703432675347,0.9991774292051466,2.2303788574993156e-05,Low,Maintain: Standard loyalty program
12349,Silver Tier,0,19,1,1757.55,4,1,4,414,1332.1040378327834,0.114123036862965,1.0,2.230378857499007e-05,Low,Maintain: Standard loyalty program
12350,Inactive,1,310,1,334.4,1,1,2,112,305.82349107964,0.0261763614312115,1.0,0.9999776962114252,High,Low Priority: Automated email only
12352,Silver Tier,0,36,8,2506.04,3,5,5,355,2370.7550443923924,0.2243514492606634,0.9994056360781496,2.230378857499003e-05,Low,Maintain: Standard loyalty program
12353,Inactive,1,204,1,89.0,1,1,1,111,424.55243579789015,0.0363434043495584,1.0,0.9999776962114252,High,Low Priority: Automated email only
12354,Inactive,1,232,1,1079.4,1,1,4,114,385.0635714668843,0.0329616186486809,1.0,0.9999776962114252,High,Low Priority: Automated email only
12355,Inactive,1,214,1,459.4,1,1,2,112,409.5523126461623,0.035058779504,1.0,0.9999776962114252,High,Low Priority: Automated email only
12356,Silver Tier,0,23,3,2811.43,4,3,5,435,782.0819812103747,0.0860614125080726,0.9994781788916342,2.230378857499003e-05,Low,Maintain: Standard loyalty program
12357,Silver Tier,0,33,1,6207.67,4,1,5,415,1136.2013539108086,0.0973255042500641,1.0,2.2303788574990663e-05,Low,Maintain: Standard loyalty program
12358,Silver Tier,0,2,2,1168.06,5,2,4,524,1518.406214599299,0.1000730271782485,0.9994863742683914,2.2303788574990148e-05,Low,Maintain: Standard loyalty program
12359,Silver Tier,0,58,4,6310.03,3,4,5,345,4847.581254224086,0.1147393462105709,0.9992925393826472,2.2303788574990974e-05,Low,Maintain: Standard loyalty program
12360,Silver Tier,0,52,3,2662.06,3,3,5,335,2311.670765624694,0.126028702207824,0.9991859618615913,2.2303788574990307e-05,Low,Maintain: Standard loyalty program
12361,Inactive,1,287,1,189.9,1,1,1,111,325.5795547475773,0.0278679553693218,1.0,0.9999776962114252,High,Low Priority: Automated email only
12362,Silver Tier,0,3,10,5226.2300000000005,5,5,5,555,4687.340986656016,0.3239419489028773,0.9997471884585708,2.2303788574990185e-05,Low,Maintain: Standard loyalty program
12363,Silver Tier,0,110,2,552.0,2,2,3,223,673.2151474041973,0.0704183604402592,0.9988800664433618,0.9999776962114252,High,Send: Standard win-back offer
12364,Silver Tier,0,8,4,1313.1,5,4,4,544,2005.7544878643228,0.2536963100232045,0.9995430755886084,2.2303788574990185e-05,Low,Maintain: Standard loyalty program
12365,Inactive,1,291,2,641.38,1,2,3,123,321.96239575917747,0.0275582345563962,1.0,0.9999776962114252,High,Low Priority: Automated email only
12367,Silver Tier,0,4,1,168.9,5,1,1,511,1587.6067673138905,0.136036511099782,1.0,2.230378857499086e-05,Low,Maintain: Standard loyalty program
12370,Silver Tier,0,51,4,3541.94,3,4,5,345,1762.9576794072923,0.1069890173133354,0.9993623798205132,2.2303788574990785e-05,Low,Maintain: Standard loyalty program
12371,Silver Tier,0,45,2,1887.96,3,2,4,324,1874.4457158823593,0.1711669766897558,0.9989004906703876,2.230378857499003e-05,Low,Maintain: Standard loyalty program
12372,Silver Tier,0,72,3,1298.04,3,3,4,334,1141.1640145083736,0.0928733004516702,0.9991825480120824,2.2303788574991693e-05,Low,Maintain: Standard loyalty program
12373,Inactive,1,311,1,364.6,1,1,2,112,305.018777800336,0.0261074600705156,1.0,0.9999776962114252,High,Low Priority: Automated email only
12374,Silver Tier,0,25,1,742.9300000000001,4,1,3,413,1232.9005241921468,0.1056164161470964,1.0,2.2303788574990107e-05,Low,Maintain: Standard loyalty program
12375,Silver Tier,0,11,2,457.5,5,2,2,522,1210.1923455152787,0.1312423996844133,0.999429834519837,2.230378857499007e-05,Low,Maintain: Standard loyalty program
12377,Inactive,1,315,2,1628.12,1,2,4,124,743.7685591855372,0.0515093500591098,0.9938613912980316,0.9999776962114252,High,Low Priority: Automated email only
12378,Silver Tier,0,130,1,4008.62,2,1,5,215,585.3455299462746,0.0501160616651096,1.0,0.9999776962114252,High,Send: Standard win-back offer
12379,Silver Tier,0,82,2,852.24,2,2,3,223,1042.821709430169,0.0916432751336234,0.9989154932837092,2.2303788574993356e-05,Low,Maintain: Standard loyalty program
12380,Silver Tier,0,22,4,2724.81,4,4,5,445,3175.8717992489464,0.1807429976644772,0.9994533736530606,2.230378857499003e-05,Low,Maintain: Standard loyalty program
12381,Silver Tier,0,5,5,1845.31,5,4,4,544,1774.02747016479,0.3080940191256763,0.9996088229418728,2.230378857499007e-05,Low,Maintain: Standard loyalty program
12383,Inactive,1,185,5,1850.56,1,4,4,144,1290.8874700188408,0.1368276853724325,0.9943798932167937,0.9999776962114252,High,Low Priority: Automated email only
12384,Silver Tier,0,29,2,585.27,4,2,3,423,1161.9987065507648,0.1153349903055632,0.9993184818173938,2.2303788574989992e-05,Low,Maintain: Standard loyalty program
12386,Inactive,1,338,2,401.9,1,2,2,122,406.4320429186952,0.0500092148993559,0.992295798092555,0.9999776962114252,High,Low Priority: Automated email only
12388,Silver Tier,0,16,6,2780.66,4,4,5,445,2287.2153109441033,0.176975112334302,0.9995992895597392,2.230378857499003e-05,Low,Maintain: Standard loyalty program
12390,Silver Tier,0,80,1,549.84,2,1,3,213,783.0733593220475,0.0670573960663036,1.0,2.230378857499312e-05,Low,Maintain: Standard loyalty program
12391,Silver Tier,0,22,1,439.66,4,1,2,412,1287.698184584735,0.1103151500121465,1.0,2.230378857499007e-05,Low,Maintain: Standard loyalty program
12393,Silver Tier,0,72,4,1582.6,3,4,4,344,1239.064958479354,0.1144382400638317,0.9991623371310046,2.2303788574991693e-05,Low,Maintain: Standard loyalty program
12394,Silver Tier,0,64,2,1272.48,3,2,4,324,1370.5726709413168,0.0766000436587401,0.9991976905713966,2.2303788574990974e-05,Low,Maintain: Standard loyalty program
12395,Silver Tier,0,19,12,3018.63,4,5,5,455,2345.5187972437902,0.2952193460387343,0.9996480140077086,2.230378857499007e-05,Low,Maintain: Standard loyalty program
12397,Silver Tier,0,36,2,2409.9,3,2,5,325,2347.1009419392344,0.1074124935735486,0.9992816930254722,2.230378857499003e-05,Low,Maintain: Standard loyalty program
12398,Silver Tier,0,46,1,1635.66,3,1,4,314,1016.603648575807,0.087072670047252,1.0,2.2303788574990107e-05,Low,Maintain: Standard loyalty program
12399,Silver Tier,0,119,4,1108.65,2,4,4,244,1222.042541528601,0.1388802993411927,0.9978271911688062,0.9999776962114252,High,Send: Standard win-back offer
12401,Inactive,1,303,1,84.3,1,1,1,111,311.5776142870179,0.0266690456961384,1.0,0.9999776962114252,High,Low Priority: Automated email only
12402,Inactive,1,323,1,225.6,1,1,1,111,295.68243753942744,0.0253080699234739,1.0,0.9999776962114252,High,Low Priority: Automated email only
12403,Silver Tier,0,50,1,427.7,3,1,2,312,982.1439581906712,0.0841188153604568,1.0,2.2303788574990148e-05,Low,Maintain: Standard loyalty program
12405,Inactive,1,149,1,1710.39,2,1,4,214,534.0998019112836,0.045726211377391,1.0,0.9999776962114252,High,Low Priority: Automated email only
12406,Silver Tier,0,22,2,3415.3,4,2,5,425,2580.0286652954956,0.0869560019927035,0.999398176926123,2.230378857499007e-05,Low,Maintain: Standard loyalty program
12407,Silver Tier,0,50,5,1708.12,3,4,4,344,1859.8065092717056,0.173840975305734,0.9992399325427812,2.2303788574990107e-05,Low,Maintain: Standard loyalty program
12408,Silver Tier,0,33,5,2888.55,4,4,5,445,2389.4582138932165,0.1395247375468775,0.9994188205030812,2.230378857499003e-05,Low,Maintain: Standard loyalty program
12409,Silver Tier,0,79,3,11072.67,2,3,5,235,6431.232600290743,0.1350081171487184,0.998730291254888,2.2303788574994823e-05,Low,Maintain: Standard loyalty program
12410,Inactive,1,309,2,693.3299999999999,1,2,3,123,307.4457237630449,0.0263152609859678,1.0,0.9999776962114252,High,Low Priority: Automated email only
12412,Silver Tier,0,75,3,1226.88,2,3,4,234,1512.4931633374072,0.1423850468155478,0.9987293863923762,2.230378857499312e-05,Low,Maintain: Standard loyalty program
12413,Silver Tier,0,67,3,758.1,3,3,3,333,564.5670274911122,0.0834995955788485,0.9992676582747488,2.2303788574990703e-05,Low,Maintain: Standard loyalty program
12414,Inactive,1,217,3,562.41,1,3,3,133,705.3295808831213,0.0890777747829881,0.9951153932238256,0.9999776962114252,High,Low Priority: Automated email only
12415,Platinum Tier,4,24,21,124914.53,4,5,5,455,96342.3746196274,0.4676673423349125,0.9995654536021642,2.2303788574990937e-05,Low,Maintain: Continue white-glove service
12417,Silver Tier,0,3,9,3649.1,5,5,5,555,2930.0385794904214,0.2486162232152422,0.9997338907086843,2.2303788574990148e-05,Low,Maintain: Standard loyalty program
12418,Silver Tier,0,113,1,668.58,2,1,3,213,640.3162225470167,0.0548254206643806,1.0,0.9999776962114252,High,Send: Standard win-back offer
12420,Silver Tier,0,64,1,600.39,3,1,3,313,877.9831095133258,0.075191074676543,1.0,2.2303788574990703e-05,Low,Maintain: Standard loyalty program
12421,Silver Tier,0,16,4,807.04,4,4,3,443,904.2696576814528,0.1183184233337382,0.999543121156792,2.2303788574989992e-05,Low,Maintain: Standard loyalty program
12422,Silver Tier,0,96,3,803.5600000000001,2,3,3,233,803.1320188131793,0.0862417985343187,0.9990304819580436,0.9999776962114252,High,Send: Standard win-back offer
12423,Silver Tier,0,1,8,1859.31,5,5,4,554,1612.0745574288464,0.2225387819516899,0.9997303711453764,2.2303788574990185e-05,Low,Maintain: Standard loyalty program
12424,Inactive,1,163,2,1760.96,2,2,4,224,501.73383744486046,0.0429538532745328,1.0,0.9999776962114252,High,Low Priority: Automated email only
12425,Silver Tier,0,78,1,777.2,2,1,3,213,788.3999061904082,0.0675138464403072,1.0,2.230378857499229e-05,Low,Maintain: Standard loyalty program
12426,Inactive,1,195,1,582.73,1,1,3,113,440.69317179989525,0.0377257525104405,1.0,0.9999776962114252,High,Low Priority: Automated email only
12427,Silver Tier,0,22,3,825.8,4,3,3,433,688.3194438651655,0.0770632861868255,0.9994906418159384,2.2303788574989992e-05,Low,Maintain: Standard loyalty program
12428,Silver Tier,0,26,9,7956.46,4,5,5,455,3169.546632834737,0.2326648408189837,0.9995162337944428,2.2303788574990107e-05,Low,Maintain: Standard loyalty program
12429,Silver Tier,0,9,4,3750.4,5,4,5,545,2111.0536245683907,0.1057786097567312,0.9995742946964872,2.230378857499007e-05,Low,Maintain: Standard loyalty program
12430,Silver Tier,0,43,1,256.4,3,1,2,312,1034.75663059681,0.0886287817760632,1.0,2.230378857499003e-05,Low,Maintain: Standard loyalty program
12431,Gold Tier,3,36,15,6419.95,3,5,5,355,4875.216051307276,0.3752334179754227,0.9994264434281352,2.2303788574990385e-05,Low,Maintain: VIP loyalty program
12432,Silver Tier,0,43,5,5059.32,3,4,5,345,2786.1151243148706,0.1406835740669867,0.9992378565885036,2.230378857499007e-05,Low,Maintain: Standard loyalty program
12433,Silver Tier,0,1,7,13375.87,5,5,5,555,8625.387710487077,0.1581657573368343,0.999680200887116,2.2303788574990785e-05,Low,Maintain: Standard loyalty program
12434,Silver Tier,0,85,2,806.14,2,2,3,223,868.5592299211354,0.0665811456403851,0.9991274526231204,2.2303788574994623e-05,Low,Maintain: Standard loyalty program
12435,Silver Tier,0,80,2,7829.89,2,2,5,225,3684.9319105546056,0.065196392703486,0.9991690662063606,2.2303788574995416e-05,Low,Maintain: Standard loyalty program
12436,Silver Tier,0,100,1,509.01,2,1,3,213,689.8589465351988,0.0590701224336564,1.0,0.9999776962114252,High,Send: Standard win-back offer
12437,Gold Tier,3,2,18,4951.41,5,5,5,555,4157.177030304067,0.4448040565468641,0.999819361288421,2.2303788574990385e-05,Low,Maintain: VIP loyalty program
12438,Silver Tier,0,14,2,2906.85,4,2,5,425,3415.498580226149,0.1048564493941701,0.9994218869102232,2.230378857499007e-05,Low,Maintain: Standard loyalty program
12441,Inactive,1,367,1,173.55,1,1,1,111,266.45689100090283,0.0228058387806504,1.0,0.9999776962114252,High,Low Priority: Automated email only
12442,Silver Tier,0,3,1,172.06,5,1,1,511,1609.660589705031,0.1379282589170133,1.0,2.230378857499086e-05,Low,Maintain: Standard loyalty program
12444,Silver Tier,0,21,5,5005.46,4,4,5,445,4756.044239187997,0.2412789673446685,0.9994514462882836,2.230378857499007e-05,Low,Maintain: Standard loyalty program
12445,Silver Tier,0,22,1,133.4,4,1,1,411,1273.5470319616638,0.1091017025711163,1.0,2.2303788574990148e-05,Low,Maintain: Standard loyalty program
12446,Silver Tier,0,58,1,1002.31,3,1,4,314,919.7889416513344,0.0787741448838927,1.0,2.2303788574990426e-05,Low,Maintain: Standard loyalty program
12447,Inactive,1,243,1,476.49,1,1,2,112,371.4891427284427,0.0317991774017797,1.0,0.9999776962114252,High,Low Priority: Automated email only
12448,Silver Tier,0,44,1,449.45,3,1,2,312,1025.5998068295544,0.087843835003437,1.0,2.230378857499003e-05,Low,Maintain: Standard loyalty program
12449,Silver Tier,0,22,4,4067.29,4,4,5,445,4474.985593842138,0.1793291297461875,0.9994458768553642,2.230378857499007e-05,Low,Maintain: Standard loyalty program
12450,Inactive,1,156,2,197.88,2,2,1,221,678.2822205514992,0.0903001317651946,0.9966346164818776,0.9999776962114252,High,Low Priority: Automated email only
12451,Silver Tier,0,11,5,9035.52,5,4,5,545,5301.353806814517,0.1473478835768107,0.9996006926963088,2.230378857499007e-05,Low,Maintain: Standard loyalty program
12452,Silver Tier,0,17,2,430.57,4,2,2,422,1363.4498314612754,0.1168111145017802,1.0,2.230378857499007e-05,Low,Maintain: Standard loyalty program
12453,Silver Tier,0,134,1,707.09,2,1,3,213,570.9298029785416,0.048881132193955,1.0,0.9999776962114252,High,Send: Standard win-back offer
12454,Silver Tier,0,56,1,3528.34,3,1,5,315,927.1467966421674,0.0794047891970098,1.0,2.2303788574990937e-05,Low,Maintain: Standard loyalty program
12455,Silver Tier,0,73,6,2466.86,2,4,5,245,1103.7981818039862,0.1913763388467238,0.9988269374951172,2.230378857499233e-05,Low,Maintain: Standard loyalty program
12456,Silver Tier,0,44,3,3181.04,3,3,5,335,2545.3360106050745,0.1049683018855142,0.9993289914897528,2.230378857499003e-05,Low,Maintain: Standard loyalty program
12457,Silver Tier,0,66,7,2363.23,3,5,5,355,2268.581142918128,0.2656367315302843,0.9984831587468116,2.230378857499161e-05,Low,Maintain: Standard loyalty program
12458,Silver Tier,0,71,2,947.4,3,2,4,324,797.93290549995,0.0620597833716303,0.9992324747492976,2.2303788574991337e-05,Low,Maintain: Standard loyalty program
12461,Silver Tier,0,94,2,826.88,2,2,3,223,870.7720487584959,0.0981917267547578,0.998616181251946,0.9999776962114252,High,Send: Standard win-back offer
12462,Silver Tier,0,19,2,1189.59,4,2,4,424,697.3794651840036,0.0589016879919074,0.9994423662971894,2.230378857499003e-05,Low,Maintain: Standard loyalty program
12463,Silver Tier,0,53,4,1344.78,3,4,4,344,1476.568597386242,0.1480454284688717,0.9991949799357622,2.2303788574990307e-05,Low,Maintain: Standard loyalty program
12464,Silver Tier,0,10,8,1212.05,5,5,4,554,1258.318271587685,0.2166866554361653,0.9996486615317004,2.230378857499003e-05,Low,Maintain: Standard loyalty program
12465,Silver Tier,0,17,2,742.1899999999999,4,2,3,423,938.2113283938698,0.0920746597714103,0.9994168295472284,2.230378857499003e-05,Low,Maintain: Standard loyalty program
12468,Inactive,1,188,2,729.54,1,2,3,123,733.5062113414272,0.0568464630822571,0.9982853542898844,0.9999776962114252,High,Low Priority: Automated email only
12471,Gold Tier,3,2,30,19788.65,5,5,5,555,13752.2800408325,0.5494811022611462,0.9998477545997884,2.230378857499205e-05,Low,Maintain: VIP loyalty program
12472,Silver Tier,0,32,7,6572.11,4,5,5,455,3982.93133822203,0.1869718327516129,0.999508946618496,2.230378857499007e-05,Low,Maintain: Standard loyalty program
12473,Silver Tier,0,29,5,3928.05,4,4,5,445,4475.1787765485415,0.176558080486579,0.9993822597176846,2.230378857499007e-05,Low,Maintain: Standard loyalty program
12474,Gold Tier,3,17,18,7324.09,4,5,5,455,6279.531054980869,0.5072662677888424,0.9996705425021912,2.2303788574990307e-05,Low,Maintain: VIP loyalty program
12475,Silver Tier,0,54,1,723.38,3,1,3,313,949.944145249896,0.0813587982568712,1.0,2.2303788574990385e-05,Low,Maintain: Standard loyalty program
12476,Silver Tier,0,16,11,6816.42,4,5,5,455,5529.38152001383,0.2741899978113588,0.999669631656349,2.2303788574990107e-05,Low,Maintain: Standard loyalty program
12477,Silver Tier,0,23,6,13219.74,4,4,5,445,9789.930954081852,0.1889249235541493,0.9995429374407192,2.2303788574990663e-05,Low,Maintain: Standard loyalty program
12478,Silver Tier,0,4,1,680.99,5,1,3,513,1609.660589705031,0.1379282589170133,1.0,2.2303788574990226e-05,Low,Maintain: Standard loyalty program
12479,Silver Tier,0,11,1,527.2,5,1,3,513,1448.6733665307254,0.1241199846914916,1.0,2.230378857499007e-05,Low,Maintain: Standard loyalty program
12480,Silver Tier,0,28,4,3281.63,4,4,5,445,2259.257635387907,0.1133441357434111,0.9994831983524232,2.230378857499003e-05,Low,Maintain: Standard loyalty program
12481,Silver Tier,0,23,10,5579.82,4,5,5,455,4401.340621112907,0.2163551529207544,0.999594894208732,2.2303788574990107e-05,Low,Maintain: Standard loyalty program
12483,Silver Tier,0,17,8,2484.98,4,5,5,455,1917.9716879237944,0.2301519118715033,0.999623802769454,2.230378857499007e-05,Low,Maintain: Standard loyalty program
12484,Silver Tier,0,33,6,4527.32,4,4,5,445,3049.9327017774935,0.1725844564551893,0.9994834417290884,2.230378857499007e-05,Low,Maintain: Standard loyalty program
12488,Silver Tier,0,10,3,1298.66,5,3,4,534,2570.1824829113693,0.2355604015834635,0.9994675897871084,2.230378857499003e-05,Low,Maintain: Standard loyalty program
12489,Inactive,1,336,1,334.93,1,1,2,112,286.1923664968277,0.0244955328882243,1.0,0.9999776962114252,High,Low Priority: Automated email only
12490,Silver Tier,0,5,10,5417.93,5,5,5,555,4128.421162448699,0.2962596050338547,0.999736105556366,2.2303788574990185e-05,Low,Maintain: Standard loyalty program
12491,Silver Tier,0,39,1,460.4,3,1,2,312,1083.108434623702,0.0927737784293248,1.0,2.230378857499003e-05,Low,Maintain: Standard loyalty program
12492,Silver Tier,0,63,2,263.21000000000004,3,2,2,322,1012.4024628857672,0.1258858373305559,0.9988423708921056,2.2303788574990663e-05,Low,Maintain: Standard loyalty program
12493,Inactive,1,166,2,433.74,2,2,2,222,730.2031166979693,0.0821816354988397,0.9970175434163004,0.9999776962114252,High,Low Priority: Automated email only
12494,Silver Tier,0,16,7,1246.1,4,5,4,454,1237.173569706693,0.1887178834405666,0.9996280266331886,2.230378857499003e-05,Low,Maintain: Standard loyalty program
12497,Silver Tier,0,82,1,1043.1,2,1,4,214,772.6333322467653,0.0661627642284102,1.0,2.230378857499379e-05,Low,Maintain: Standard loyalty program
12498,Silver Tier,0,21,3,403.7000000000001,4,3,2,432,1443.1167681369452,0.1739534877468509,0.999289316032164,2.230378857499003e-05,Low,Maintain: Standard loyalty program
12500,Silver Tier,0,23,11,4257.82,4,5,5,455,3566.4289518769106,0.2932665860815985,0.9995841949229644,2.2303788574990107e-05,Low,Maintain: Standard loyalty program
12501,Inactive,1,337,1,2169.39,1,1,5,115,286.1923664968277,0.0244955328882243,1.0,0.9999776962114252,High,Low Priority: Automated email only
12502,Silver Tier,0,96,5,3723.87,2,4,5,245,2993.768602156485,0.1530391714742706,0.998575311354532,0.9999776962114252,High,Send: Standard win-back offer
12504,Silver Tier,0,18,2,482.0499999999999,4,2,2,422,1479.0902238701728,0.2214319743158914,0.9992650274767284,2.230378857499007e-05,Low,Maintain: Standard loyalty program
12506,Inactive,1,233,1,73.5,1,1,1,111,385.0635714668843,0.0329616186486809,1.0,0.9999776962114252,High,Low Priority: Automated email only
12507,Silver Tier,0,134,3,1304.81,2,3,4,234,1101.008664451282,0.0922946270821028,0.9983989995901532,0.9999776962114252,High,Send: Standard win-back offer
12508,Silver Tier,0,26,2,397.88,4,2,2,422,1757.6637633027726,0.2236577444603667,0.9991052762184944,2.230378857499007e-05,Low,Maintain: Standard loyalty program
12509,Inactive,1,284,1,176.5,1,1,1,111,328.3462161271562,0.0281048534748136,1.0,0.9999776962114252,High,Low Priority: Automated email only
12510,Silver Tier,0,143,2,982.57,2,2,4,224,566.6782632650768,0.0555789712881164,0.998848221637204,0.9999776962114252,High,Send: Standard win-back offer
12512,Silver Tier,0,66,2,132.18,3,2,1,321,858.4738053899073,0.0735190544599296,1.0,2.2303788574991137e-05,Low,Maintain: Standard loyalty program
12513,Silver Tier,0,113,1,612.29,2,1,3,213,640.3162225470167,0.0548254206643806,1.0,0.9999776962114252,High,Send: Standard win-back offer
12514,Inactive,1,267,1,1017.68,1,1,4,114,344.95708979870165,0.0295272034380185,1.0,0.9999776962114252,High,Low Priority: Automated email only
12515,Inactive,1,353,1,383.7,1,1,2,112,274.66444300148896,0.0235085370737603,1.0,0.9999776962114252,High,Low Priority: Automated email only
12516,Silver Tier,0,78,2,1312.06,2,2,4,224,1387.2756793720375,0.0879688872447195,0.9989990544944478,2.2303788574993156e-05,Low,Maintain: Standard loyalty program
12517,Silver Tier,0,28,5,2481.6,4,4,5,445,2652.2382219349533,0.1772415985264114,0.999391299764951,2.230378857499003e-05,Low,Maintain: Standard loyalty program
12518,Silver Tier,0,1,5,2056.89,5,4,5,545,3901.672042508319,0.3236045373187244,0.9996473961115032,2.2303788574990185e-05,Low,Maintain: Standard loyalty program
12519,Silver Tier,0,64,1,330.84000000000003,3,1,2,312,877.9831095133258,0.075191074676543,1.0,2.2303788574990663e-05,Low,Maintain: Standard loyalty program
12520,Silver Tier,0,79,5,2634.26,2,4,5,245,1962.2714443770997,0.1691817449666441,0.9987479080130746,2.2303788574994505e-05,Low,Maintain: Standard loyalty program
12521,Silver Tier,0,143,1,599.68,2,1,3,213,549.2856589747144,0.047027033773002,1.0,0.9999776962114252,High,Send: Standard win-back offer
12522,Silver Tier,0,39,2,192.72,3,2,1,321,1388.2224266693113,0.1825965128443395,0.998955592166092,2.230378857499007e-05,Low,Maintain: Standard loyalty program
12523,Silver Tier,0,19,11,1789.77,4,5,4,454,1773.138359210036,0.3247414844258576,0.9996303458331628,2.230378857499003e-05,Low,Maintain: Standard loyalty program
12524,Silver Tier,0,9,8,4485.72,5,5,5,555,3727.363867877581,0.2336004016000981,0.9996780974958394,2.2303788574990107e-05,Low,Maintain: Standard loyalty program
12526,Silver Tier,0,1,3,1316.66,5,3,4,534,2365.625706211568,0.208106418644725,0.9995563845737592,2.2303788574990185e-05,Low,Maintain: Standard loyalty program
12527,Silver Tier,0,82,3,348.71000000000004,2,3,2,232,533.6330502999667,0.0860331532434466,0.999149988620036,2.2303788574993753e-05,Low,Maintain: Standard loyalty program
12528,Silver Tier,0,9,6,1933.48,5,5,4,554,1609.0180242714996,0.183485632029549,0.9996324104907064,2.2303788574989992e-05,Low,Maintain: Standard loyalty program
12530,Silver Tier,0,60,4,1662.28,3,4,4,344,1345.694526744733,0.1133213667701065,0.9992824186110408,2.2303788574990385e-05,Low,Maintain: Standard loyalty program
12531,Silver Tier,0,15,1,125.22,4,1,1,411,1396.3067155040203,0.1196288779998455,1.0,2.2303788574990148e-05,Low,Maintain: Standard loyalty program
12532,Silver Tier,0,30,1,349.83000000000004,4,1,2,412,1170.6317638661749,0.1002774292261558,1.0,2.230378857499007e-05,Low,Maintain: Standard loyalty program
12534,Silver Tier,0,131,1,1089.18,2,1,4,214,582.4044341532608,0.0498641089985776,1.0,0.9999776962114252,High,Send: Standard win-back offer
12535,Silver Tier,0,92,2,716.35,2,2,3,223,924.1140522325708,0.0858863321953943,0.9988596253879936,0.9999776962114252,High,Send: Standard win-back offer
12536,Silver Tier,0,43,3,12601.830000000002,3,3,5,335,19650.30491347044,0.1711710057555825,0.9989240035927344,2.2303788574990585e-05,Low,Maintain: Standard loyalty program
12538,Silver Tier,0,29,1,363.95,4,1,2,412,1182.577097323801,0.1013016031875834,1.0,2.230378857499007e-05,Low,Maintain: Standard loyalty program
12539,Silver Tier,0,22,4,5568.35,4,4,5,445,3348.2793410522045,0.1141935356393799,0.9995126928239724,2.230378857499007e-05,Low,Maintain: Standard loyalty program
12540,Gold Tier,3,20,17,13400.24,4,5,5,455,10001.552894480454,0.4695052288649851,0.9996619027631916,2.23037885749909e-05,Low,Maintain: VIP loyalty program
12541,Silver Tier,0,30,3,981.18,4,3,4,434,994.5435478050238,0.0971565117379101,0.9994331416139228,2.2303788574989992e-05,Low,Maintain: Standard loyalty program
12544,Silver Tier,0,36,1,372.7,3,1,2,312,1103.738729125816,0.0945424046456437,1.0,2.2303788574990107e-05,Low,Maintain: Standard loyalty program
12545,Silver Tier,0,75,2,1000.39,2,2,4,224,742.5501501966602,0.0667878187964915,0.9991817254550884,2.230378857499217e-05,Low,Maintain: Standard loyalty program
12546,Silver Tier,0,47,2,1161.5,3,2,4,324,1724.389124083527,0.1500639637480611,0.998983211242729,2.2303788574990107e-05,Low,Maintain: Standard loyalty program
12547,Inactive,1,198,2,207.8,1,2,1,121,431.9247712533648,0.0626735992237197,0.9976780314225336,0.9999776962114252,High,Low Priority: Automated email only
12548,Inactive,1,166,1,95.2,2,1,1,211,493.1946945131873,0.0422224457165635,1.0,0.9999776962114252,High,Low Priority: Automated email only
12550,Silver Tier,0,79,1,964.83,2,1,4,214,783.0733593220475,0.0670573960663036,1.0,2.2303788574992445e-05,Low,Maintain: Standard loyalty program
12551,Inactive,1,358,1,168.0,1,1,1,111,272.08569290817746,0.023287753336452,1.0,0.9999776962114252,High,Low Priority: Automated email only
12552,Silver Tier,0,39,2,437.82,3,2,2,322,1586.4356780007242,0.2028851315367955,0.9988751034665496,2.230378857499003e-05,Low,Maintain: Standard loyalty program
12553,Silver Tier,0,8,10,3692.28,5,5,5,555,2847.396961680295,0.2962534892939456,0.999715467825486,2.2303788574990148e-05,Low,Maintain: Standard loyalty program
12556,Silver Tier,0,50,2,599.56,3,2,3,323,1001.1501044695552,0.0995878653953571,0.9991843405017004,2.2303788574990107e-05,Low,Maintain: Standard loyalty program
12557,Silver Tier,0,16,5,11990.96,4,4,5,445,8507.826095027614,0.1316025143012429,0.9995783832223476,2.230378857499007e-05,Low,Maintain: Standard loyalty program
12558,Silver Tier,0,8,1,269.96,5,1,2,512,1524.9288592155797,0.1306603172652558,1.0,2.230378857499086e-05,Low,Maintain: Standard loyalty program
12559,Inactive,1,311,2,561.71,1,2,3,123,405.60416649481374,0.0559684443054396,0.9905268339194632,0.9999776962114252,High,Low Priority: Automated email only
12560,Silver Tier,0,5,3,2134.01,5,3,5,535,1883.6209194469511,0.1599818638845772,0.999525424812384,2.230378857499007e-05,Low,Maintain: Standard loyalty program
12561,Inactive,1,303,1,238.85,1,1,1,111,312.4173559698087,0.0267409472309883,1.0,0.9999776962114252,High,Low Priority: Automated email only
12562,Silver Tier,0,8,7,3781.74,5,5,5,555,4599.787200200921,0.3067949965645357,0.9996398902055476,2.2303788574990185e-05,Low,Maintain: Standard loyalty program
12564,Inactive,1,261,1,456.9,1,1,2,112,351.2283290459734,0.0300642070730911,1.0,0.9999776962114252,High,Low Priority: Automated email only
12565,Inactive,1,289,1,145.92,1,1,1,111,324.6676665070214,0.0277898743291961,1.0,0.9999776962114252,High,Low Priority: Automated email only
12566,Silver Tier,0,86,1,351.65,2,1,2,212,747.7119978348546,0.0640272497809341,1.0,2.230378857499724e-05,Low,Maintain: Standard loyalty program
12567,Silver Tier,0,23,10,9401.28,4,5,5,455,6203.225818349643,0.2417726224086955,0.9996059997167022,2.2303788574990107e-05,Low,Maintain: Standard loyalty program
12569,Gold Tier,3,2,32,4124.69,5,5,5,555,4415.444177740052,0.9655848882618576,0.9998686236685108,2.230378857499157e-05,Low,Maintain: VIP loyalty program
12571,Silver Tier,0,40,2,519.61,3,2,3,323,1129.8109541211898,0.1153242119204318,0.999225092643498,2.230378857499003e-05,Low,Maintain: Standard loyalty program
12572,Silver Tier,0,9,2,1020.42,5,2,4,524,2304.6208511361683,0.1826818069637707,0.9994222223128424,2.230378857499003e-05,Low,Maintain: Standard loyalty program
12573,Inactive,1,227,1,160.54000000000002,1,1,1,111,391.56726551098217,0.0335185708702388,1.0,0.9999776962114252,High,Low Priority: Automated email only
12574,Inactive,1,316,1,218.45,1,1,1,111,301.84183365497734,0.0258354440755661,1.0,0.9999776962114252,High,Low Priority: Automated email only
12576,Silver Tier,0,36,5,1315.83,3,4,4,344,1294.2733210312367,0.1552242643678447,0.9994327335861908,2.230378857499003e-05,Low,Maintain: Standard loyalty program
12577,Silver Tier,0,35,3,626.6,3,3,3,333,608.2866805831235,0.051191425853753,0.9994047895614362,2.230378857499003e-05,Low,Maintain: Standard loyalty program
12578,Silver Tier,0,21,2,2794.51,4,2,5,425,1193.7833149700828,0.0549147348949369,0.9994377968148922,2.230378857499007e-05,Low,Maintain: Standard loyalty program
12579,Silver Tier,0,78,1,440.42,2,1,2,212,788.3999061904082,0.0675138464403072,1.0,2.2303788574992364e-05,Low,Maintain: Standard loyalty program
12580,Inactive,1,247,1,415.7,1,1,2,112,367.9515524467717,0.0314962421666847,1.0,0.9999776962114252,High,Low Priority: Automated email only
12581,Silver Tier,0,40,1,197.71,3,1,1,311,1073.0798618180827,0.0919140499511519,1.0,2.230378857499007e-05,Low,Maintain: Standard loyalty program
12582,Inactive,1,239,2,511.36,1,2,3,123,627.4878173218895,0.0611792622974756,0.9962199554336646,0.9999776962114252,High,Low Priority: Automated email only
12583,Gold Tier,3,3,15,7281.38,5,5,5,555,5156.36473909585,0.4025277916433176,0.9998138361875356,2.2303788574990426e-05,Low,Maintain: VIP loyalty program
12584,Silver Tier,0,4,9,2338.15,5,5,5,555,2193.865113983952,0.3034801744250222,0.999730186105474,2.2303788574990148e-05,Low,Maintain: Standard loyalty program
12585,Inactive,1,234,2,2040.1,1,2,4,124,854.4214646866964,0.0520802147661076,0.9977478441941906,0.9999776962114252,High,Low Priority: Automated email only
12586,Silver Tier,0,17,1,196.94000000000003,4,1,1,411,1347.594640248632,0.1154514310307538,1.0,2.2303788574990107e-05,Low,Maintain: Standard loyalty program
12587,Silver Tier,0,8,1,144.0,5,1,1,511,1524.9288592155797,0.1306603172652558,1.0,2.2303788574990937e-05,Low,Maintain: Standard loyalty program
12588,Silver Tier,0,39,1,214.9,3,1,1,311,1073.0798618180827,0.0919140499511519,1.0,2.230378857499007e-05,Low,Maintain: Standard loyalty program
12589,Silver Tier,0,29,2,646.68,4,2,3,423,1335.3936419630215,0.102878190899955,0.9993411237417046,2.2303788574989992e-05,Low,Maintain: Standard loyalty program
12590,Inactive,1,211,2,9864.26,1,2,5,125,413.9398564473345,0.0354345291946952,1.0,0.9999776962114252,High,Low Priority: Automated email only
12591,Inactive,1,317,1,452.85,1,1,2,112,300.2780509841134,0.0257015506815781,1.0,0.9999776962114252,High,Low Priority: Automated email only
12592,Silver Tier,0,92,2,437.6,2,2,2,222,694.7420352028616,0.0776678424287833,0.9989524959784424,0.9999776962114252,High,Send: Standard win-back offer
12593,Silver Tier,0,109,3,418.1,2,3,2,232,696.0417298401095,0.1180192977912669,0.9983164144401632,0.9999776962114252,High,Send: Standard win-back offer
12594,Silver Tier,0,38,10,3338.2200000000003,3,5,5,355,2891.295359602827,0.2707847215783696,0.9993988433975576,2.230378857499007e-05,Low,Maintain: Standard loyalty program
12596,Silver Tier,0,51,2,618.27,3,2,3,323,761.2250566068325,0.0704475124092392,0.9992935853115889,2.2303788574990226e-05,Low,Maintain: Standard loyalty program
12597,Silver Tier,0,19,4,3811.22,4,4,5,445,3479.9259263885356,0.1362240908951443,0.9995094129898596,2.230378857499007e-05,Low,Maintain: Standard loyalty program
12598,Silver Tier,0,10,8,3023.08,5,5,5,555,2536.4135733594862,0.2320368647187888,0.9996510143933784,2.230378857499007e-05,Low,Maintain: Standard loyalty program
12599,Silver Tier,0,29,7,1032.58,4,5,4,454,1130.523746648523,0.2195574520115481,0.9994916435626908,2.230378857499003e-05,Low,Maintain: Standard loyalty program
12600,Silver Tier,0,29,10,2599.04,4,5,5,455,2227.079653119142,0.2679266198377641,0.99955531764305,2.230378857499007e-05,Low,Maintain: Standard loyalty program
12601,Inactive,1,190,5,577.0600000000001,1,4,3,143,713.5728193001327,0.143367952474877,0.992403757036587,0.9999776962114252,High,Low Priority: Automated email only
12602,Silver Tier,0,59,1,153.12,3,1,1,311,912.546967178022,0.0781534389798333,1.0,2.230378857499082e-05,Low,Maintain: Standard loyalty program
12603,Silver Tier,0,22,1,739.1999999999999,4,1,3,413,1287.698184584735,0.1103151500121465,1.0,2.2303788574990107e-05,Low,Maintain: Standard loyalty program
12604,Silver Tier,0,79,2,254.18,2,2,2,222,481.1010168983694,0.0663815278743172,0.9991605176763342,2.2303788574992563e-05,Low,Maintain: Standard loyalty program
12607,Silver Tier,0,60,1,1579.51,3,1,4,314,898.3998783426291,0.0769409172535742,1.0,2.2303788574990463e-05,Low,Maintain: Standard loyalty program
12609,Silver Tier,0,78,3,1126.85,2,3,4,234,1029.5179464119203,0.0875907124075511,0.9991620603041654,2.2303788574992563e-05,Low,Maintain: Standard loyalty program
12610,Silver Tier,0,23,5,2099.54,4,4,5,445,2642.873575674416,0.2969589860724936,0.9993716208733164,2.2303788574989992e-05,Low,Maintain: Standard loyalty program
12611,Silver Tier,0,52,1,1193.32,3,1,4,314,957.7944940514782,0.0820316823265691,1.0,2.2303788574990344e-05,Low,Maintain: Standard loyalty program
12612,Silver Tier,0,74,1,704.04,2,1,3,213,810.4510859892586,0.0694035271114614,1.0,2.230378857499197e-05,Low,Maintain: Standard loyalty program
12613,Silver Tier,0,57,5,3344.38,3,4,5,345,2740.933575562626,0.1024218585094505,0.9992432732315794,2.23037885749909e-05,Low,Maintain: Standard loyalty program
12614,Inactive,1,278,1,315.6,1,1,2,112,334.98832132167604,0.0286735956357553,1.0,0.9999776962114252,High,Low Priority: Automated email only
12615,Silver Tier,0,2,4,2291.19,5,4,5,545,2800.012250926984,0.1937396116148158,0.9995941415545964,2.2303788574990148e-05,Low,Maintain: Standard loyalty program
12616,Silver Tier,0,95,2,713.3,2,2,3,223,732.1859247504879,0.0598481093309719,0.999118317668669,0.9999776962114252,High,Send: Standard win-back offer
12617,Silver Tier,0,29,1,352.98,4,1,2,412,1182.577097323801,0.1013016031875834,1.0,2.230378857499007e-05,Low,Maintain: Standard loyalty program
12618,Silver Tier,0,22,1,177.31,4,1,1,411,1287.698184584735,0.1103151500121465,1.0,2.2303788574990107e-05,Low,Maintain: Standard loyalty program
12619,Silver Tier,0,16,9,3641.24,4,5,5,455,3953.608366022096,0.3288934836215562,0.9996079528933052,2.230378857499007e-05,Low,Maintain: Standard loyalty program
12620,Silver Tier,0,15,3,1339.41,4,3,4,434,1392.016513026125,0.1242187386215653,0.9994852199772322,2.230378857499003e-05,Low,Maintain: Standard loyalty program
12621,Gold Tier,3,2,20,13689.67,5,5,5,555,10449.316100562122,0.4652580751454501,0.9998356933041168,2.23037885749909e-05,Low,Maintain: VIP loyalty program
12622,Inactive,1,232,1,180.1,1,1,1,111,385.0635714668843,0.0329616186486809,1.0,0.9999776962114252,High,Low Priority: Automated email only
12623,Inactive,1,276,1,305.1,1,1,2,112,335.95919464018573,0.0287567290360468,1.0,0.9999776962114252,High,Low Priority: Automated email only
12624,Silver Tier,0,106,2,641.13,2,2,3,223,953.3316138439508,0.0890042093027384,0.9985743910403728,0.9999776962114252,High,Send: Standard win-back offer
12625,Inactive,1,212,2,2683.82,1,2,5,125,1064.776298078639,0.0563831512725039,0.9978662978654108,0.9999776962114252,High,Low Priority: Automated email only
12626,Silver Tier,0,23,9,6620.48,4,5,5,455,4943.269806428039,0.2680894020399877,0.9995754591445408,2.2303788574990107e-05,Low,Maintain: Standard loyalty program
12627,Silver Tier,0,11,7,4478.53,5,5,5,555,6450.496270099508,0.3919487621083097,0.999591098225539,2.2303788574990107e-05,Low,Maintain: Standard loyalty program
12628,Silver Tier,0,4,3,786.46,5,3,3,533,2118.3891948922646,0.2550679140042955,0.9995163826917014,2.2303788574990148e-05,Low,Maintain: Standard loyalty program
12630,Silver Tier,0,10,2,1270.88,5,2,4,524,2676.964100243775,0.1957376206992532,0.9994064055994326,2.230378857499003e-05,Low,Maintain: Standard loyalty program
12631,Silver Tier,0,57,1,640.5,3,1,3,313,919.7889416513344,0.0787741448838927,1.0,2.2303788574990385e-05,Low,Maintain: Standard loyalty program
12633,Silver Tier,0,59,4,2163.98,3,4,5,345,1422.8157547154285,0.1289151752580439,0.9992242014057026,2.2303788574990385e-05,Low,Maintain: Standard loyalty program
12635,Silver Tier,0,90,2,1689.18,2,2,4,224,1903.0590219365247,0.0982008516525795,0.998708982050121,2.230378857500021e-05,Low,Maintain: Standard loyalty program
12637,Silver Tier,0,67,8,6002.9,3,5,5,355,4074.602775483,0.2087998969363401,0.9989486191328084,2.230378857499181e-05,Low,Maintain: Standard loyalty program
12638,Silver Tier,0,33,1,671.69,4,1,3,413,1136.2013539108086,0.0973255042500641,1.0,2.2303788574990107e-05,Low,Maintain: Standard loyalty program
12639,Inactive,1,239,1,486.1,1,1,2,112,377.53875631108787,0.0323172300879273,1.0,0.9999776962114252,High,Low Priority: Automated email only
12640,Silver Tier,0,24,3,1174.58,4,3,4,434,1791.7094425460057,0.2260923582482174,0.9992898415037372,2.230378857499003e-05,Low,Maintain: Standard loyalty program
12641,Silver Tier,0,115,1,185.9,2,1,1,211,629.8774363004163,0.0539310934840909,1.0,0.9999776962114252,High,Send: Standard win-back offer
12642,Silver Tier,0,25,3,1013.26,4,3,4,434,1933.704842892864,0.1926810456613892,0.9993159658287312,2.230378857499003e-05,Low,Maintain: Standard loyalty program
12643,Silver Tier,0,128,6,3344.64,2,5,5,255,2321.92610505784,0.1441399583292629,0.9977476396625248,0.9999776962114252,High,Send: Standard win-back offer
12644,Silver Tier,0,130,1,477.91,2,1,2,212,585.3455299462746,0.0501160616651096,1.0,0.9999776962114252,High,Send: Standard win-back offer
12645,Silver Tier,0,34,4,1775.18,3,4,4,344,1521.5202627134977,0.1192290520442486,0.9994464189341008,2.2303788574989992e-05,Low,Maintain: Standard loyalty program
12646,Silver Tier,0,5,2,1346.97,5,2,4,524,2652.928291409981,0.1857869703352258,0.999457523427711,2.2303788574990107e-05,Low,Maintain: Standard loyalty program
12647,Silver Tier,0,22,12,3722.82,4,5,5,455,2863.1597369416986,0.2965589283282057,0.9996186918338004,2.230378857499007e-05,Low,Maintain: Standard loyalty program
12648,Inactive,1,155,1,318.05,2,1,2,212,519.7310816912019,0.0444954164693017,1.0,0.9999776962114252,High,Low Priority: Automated email only
12649,Silver Tier,0,107,3,623.51,2,3,3,233,740.5293753404133,0.0779307094989577,0.9987779775109682,0.9999776962114252,High,Send: Standard win-back offer
12650,Silver Tier,0,3,1,314.44,5,1,2,512,1609.660589705031,0.1379282589170133,1.0,2.230378857499082e-05,Low,Maintain: Standard loyalty program
12651,Inactive,1,335,1,114.0,1,1,1,111,287.61252902899014,0.0246171257630355,1.0,0.9999776962114252,High,Low Priority: Automated email only
12652,Inactive,1,331,1,919.98,1,1,3,113,289.7693988304708,0.0248017954510735,1.0,0.9999776962114252,High,Low Priority: Automated email only
12653,Inactive,1,149,2,2209.85,2,2,5,225,1495.719924951022,0.0599860206418818,0.998683865599233,0.9999776962114252,High,Low Priority: Automated email only
12654,Silver Tier,0,11,5,601.98,5,4,3,543,781.0403283214748,0.1261239516031859,0.9995629027898482,2.230378857499003e-05,Low,Maintain: Standard loyalty program
12656,Silver Tier,0,17,5,4051.17,4,4,5,445,4172.223028863962,0.191746878719706,0.999533638366236,2.230378857499007e-05,Low,Maintain: Standard loyalty program
12657,Silver Tier,0,11,4,1643.18,5,4,4,544,3092.136646603198,0.2307455418747158,0.9994472872276288,2.230378857499003e-05,Low,Maintain: Standard loyalty program
12658,Silver Tier,0,19,1,686.05,4,1,3,413,1332.1040378327834,0.114123036862965,1.0,2.2303788574990107e-05,Low,Maintain: Standard loyalty program
12659,Silver Tier,0,30,1,91.68,4,1,1,411,1182.577097323801,0.1013016031875834,1.0,2.2303788574990148e-05,Low,Maintain: Standard loyalty program
12660,Silver Tier,0,11,1,245.1,5,1,1,511,1448.6733665307254,0.1241199846914916,1.0,2.230378857499007e-05,Low,Maintain: Standard loyalty program
12662,Silver Tier,0,1,11,3849.78,5,5,5,555,3004.675942198041,0.2667705266310908,0.9997669345755572,2.2303788574990263e-05,Low,Maintain: Standard loyalty program
12664,Silver Tier,0,8,9,4881.88,5,5,5,555,3909.5707101346,0.270866302156468,0.9996999369560124,2.2303788574990185e-05,Low,Maintain: Standard loyalty program
12665,Inactive,1,325,1,63.0,1,1,1,111,294.93014354857866,0.025243658156636,1.0,0.9999776962114252,High,Low Priority: Automated email only
12667,Silver Tier,0,58,1,620.13,3,1,3,313,912.546967178022,0.0781534389798333,1.0,2.2303788574990426e-05,Low,Maintain: Standard loyalty program
12668,Silver Tier,0,12,4,3807.15,5,4,5,545,2797.195302618751,0.1082729371120415,0.9995655238643189,2.2303788574990107e-05,Low,Maintain: Standard loyalty program
12669,Inactive,1,151,3,2744.0299999999997,2,3,5,235,1937.2982726226508,0.104126166707565,0.9974514043842608,0.9999776962114252,High,Low Priority: Automated email only
12670,Silver Tier,0,10,5,2996.05,5,4,5,545,2982.7723547971173,0.1923939643973075,0.9995849456474092,2.230378857499007e-05,Low,Maintain: Standard loyalty program
12672,Inactive,1,330,1,225.9,1,1,1,111,291.2253748813861,0.0249264555710647,1.0,0.9999776962114252,High,Low Priority: Automated email only
12673,Silver Tier,0,5,2,610.52,5,2,3,523,629.3914158003049,0.0554732247017109,0.999478662293587,2.2303788574990148e-05,Low,Maintain: Standard loyalty program
12674,Silver Tier,0,39,4,1970.6,3,4,4,344,2097.0666277087635,0.1663072404096685,0.999307496996122,2.2303788574989992e-05,Low,Maintain: Standard loyalty program
12676,Silver Tier,0,25,6,1331.39,4,5,4,454,1093.7089532463467,0.1839501754734122,0.9995323267679612,2.2303788574989992e-05,Low,Maintain: Standard loyalty program
12678,Gold Tier,3,42,12,17628.46,3,5,5,355,13781.868531521535,0.2508817243752268,0.9993693875680996,2.2303788574990744e-05,Low,Maintain: VIP loyalty program
12679,Silver Tier,0,59,4,1113.02,3,4,4,344,704.651106589701,0.1303796122613618,0.9992176017216275,2.2303788574990385e-05,Low,Maintain: Standard loyalty program
12680,Silver Tier,0,1,4,862.81,5,4,3,543,1759.0771356451123,0.2523178824613971,0.999607091861766,2.2303788574990226e-05,Low,Maintain: Standard loyalty program
12681,Gold Tier,3,15,22,13787.54,4,5,5,455,10071.79066870089,0.5456378955074135,0.9997347185402116,2.2303788574990937e-05,Low,Maintain: VIP loyalty program
12682,Gold Tier,3,4,31,12279.82,5,5,5,555,9409.949229485575,0.7316666437052641,0.9998699174045712,2.230378857499157e-05,Low,Maintain: VIP loyalty program
12683,Gold Tier,3,4,15,8476.57,5,5,5,555,5955.09042926908,0.2993346226199173,0.9997587192547605,2.2303788574990385e-05,Low,Maintain: VIP loyalty program
12684,Silver Tier,0,8,7,2283.63,5,5,5,555,2595.2760716501925,0.2904750491773204,0.9996526511663346,2.2303788574990107e-05,Low,Maintain: Standard loyalty program
12685,Silver Tier,0,28,6,2863.08,4,5,5,455,5501.135282899568,0.4313999039279678,0.9990337871843024,2.230378857499003e-05,Low,Maintain: Standard loyalty program
12686,Inactive,1,372,1,89.14,1,1,1,111,263.4292704434109,0.0225466288937982,1.0,0.9999776962114252,High,Low Priority: Automated email only
12688,Silver Tier,0,114,1,4873.8099999999995,2,1,5,215,636.7983907445174,0.0545240340700973,1.0,0.9999776962114252,High,Send: Standard win-back offer
12689,Silver Tier,0,26,2,1247.61,4,2,4,424,1774.167035804349,0.1118058843875469,0.999346491999986,2.230378857499003e-05,Low,Maintain: Standard loyalty program
12690,Inactive,1,206,1,389.01,1,1,2,112,423.0031564436664,0.0362107209173878,1.0,0.9999776962114252,High,Low Priority: Automated email only
12691,Silver Tier,0,28,6,1035.8,4,5,4,454,1001.0677854954668,0.1640819008374191,0.9995247885037069,2.2303788574989992e-05,Low,Maintain: Standard loyalty program
12693,Silver Tier,0,127,4,855.91,2,4,3,243,938.4679906627553,0.1181606548220949,0.998210307330298,0.9999776962114252,High,Send: Standard win-back offer
12694,Silver Tier,0,70,2,869.67,3,2,3,323,1032.044666937525,0.0869280765590127,0.9990772257912856,2.2303788574991337e-05,Low,Maintain: Standard loyalty program
12695,Silver Tier,0,7,4,582.1,5,4,3,543,1082.8868364125904,0.1645611648018034,0.9995669727989428,2.2303788574990148e-05,Low,Maintain: Standard loyalty program
12697,Silver Tier,0,29,3,957.59,4,3,4,434,1328.988286389172,0.1424761086943372,0.999368120419306,2.2303788574989992e-05,Low,Maintain: Standard loyalty program
12700,Silver Tier,0,8,4,4939.99,5,4,5,545,4733.7084415819,0.1616632169475473,0.9995677229284968,2.2303788574990185e-05,Low,Maintain: Standard loyalty program
12701,Silver Tier,0,80,2,797.71,2,2,3,223,864.3439684282461,0.0704359954048697,0.9991302173203728,2.230378857499312e-05,Low,Maintain: Standard loyalty program
12702,Silver Tier,0,20,1,219.0,4,1,1,411,1316.965589877716,0.1128248642298541,1.0,2.2303788574990107e-05,Low,Maintain: Standard loyalty program
12703,Silver Tier,0,71,1,283.55,3,1,2,312,827.8164177882809,0.0708916959513835,1.0,2.2303788574991378e-05,Low,Maintain: Standard loyalty program
12704,Silver Tier,0,7,8,2340.84,5,5,5,555,3367.802690167867,0.3441910166278744,0.999641279716686,2.2303788574990107e-05,Low,Maintain: Standard loyalty program
12705,Silver Tier,0,15,9,6868.29,4,5,5,455,4932.472310925152,0.220429561277424,0.999643057770876,2.2303788574990107e-05,Low,Maintain: Standard loyalty program
12707,Inactive,1,292,1,603.42,1,1,3,113,321.96239575917747,0.0275582345563962,1.0,0.9999776962114252,High,Low Priority: Automated email only
12708,Silver Tier,0,30,10,2712.91,4,5,5,455,2237.798463612427,0.2697627871642804,0.9995423998338494,2.230378857499007e-05,Low,Maintain: Standard loyalty program
12709,Gold Tier,3,15,15,9706.52,4,5,5,455,7331.382145382064,0.4089627885616154,0.9997071491038207,2.2303788574990307e-05,Low,Maintain: VIP loyalty program
12710,Silver Tier,0,97,3,1149.02,2,3,4,234,1017.2401437205456,0.1254711783615505,0.9984649748102178,0.9999776962114252,High,Send: Standard win-back offer
12712,Silver Tier,0,29,13,4396.13,4,5,5,455,3513.099409358994,0.3497207347077164,0.9995499068753804,2.2303788574990107e-05,Low,Maintain: Standard loyalty program
12713,Silver Tier,0,1,1,848.55,5,1,3,513,1679.659240030157,0.1439329298486533,1.0,2.2303788574990263e-05,Low,Maintain: Standard loyalty program
12714,Silver Tier,0,9,5,4708.86,5,4,5,545,3672.267394540717,0.1595284128278532,0.9996019782208844,2.2303788574990107e-05,Low,Maintain: Standard loyalty program
12715,Silver Tier,0,106,1,343.36,2,1,2,212,662.2674747601277,0.0567061099956413,1.0,0.9999776962114252,High,Send: Standard win-back offer
12716,Silver Tier,0,4,2,1053.49,5,2,4,524,1210.6733376858142,0.1084975956308937,0.9994765376238302,2.2303788574990148e-05,Low,Maintain: Standard loyalty program
12717,Inactive,1,151,2,1030.98,2,2,4,224,819.553683314288,0.0697058714177663,0.9983141439414822,0.9999776962114252,High,Low Priority: Automated email only
12718,Silver Tier,0,71,1,238.25,3,1,1,311,827.8164177882809,0.0708916959513835,1.0,2.2303788574991378e-05,Low,Maintain: Standard loyalty program
12719,Silver Tier,0,5,2,644.95,5,2,3,523,1794.410135907902,0.1635883710612423,0.9994540059074962,2.2303788574990148e-05,Low,Maintain: Standard loyalty program
12720,Gold Tier,3,3,25,5781.73,5,5,5,555,4388.8869704337185,0.5706082416268629,0.9998531503519746,2.2303788574990544e-05,Low,Maintain: VIP loyalty program
12721,Silver Tier,0,32,6,2656.13,4,5,5,455,2150.894359094374,0.1652420238830689,0.9995017619514184,2.230378857499003e-05,Low,Maintain: Standard loyalty program
12722,Silver Tier,0,85,4,997.63,2,4,4,244,1662.192898815425,0.2092153767727076,0.9974287023327144,2.2303788574994983e-05,Low,Maintain: Standard loyalty program
12723,Silver Tier,0,4,5,725.07,5,4,3,543,2041.364517019615,0.2531659017191838,0.9995270571938588,2.2303788574990148e-05,Low,Maintain: Standard loyalty program
12724,Silver Tier,0,5,4,1031.41,5,4,4,544,1050.8391796728945,0.1144869667188167,0.99958777043414,2.2303788574990148e-05,Low,Maintain: Standard loyalty program
12725,Inactive,1,371,1,427.8,1,1,2,112,263.4292704434109,0.0225466288937982,1.0,0.9999776962114252,High,Low Priority: Automated email only
12726,Silver Tier,0,28,7,2609.1,4,5,5,455,2204.9072970907805,0.1922446073829547,0.9995346514595688,2.230378857499003e-05,Low,Maintain: Standard loyalty program
12727,Silver Tier,0,11,7,3980.7,5,5,5,555,3239.452078643257,0.1797105147631666,0.9996278043875276,2.2303788574990107e-05,Low,Maintain: Standard loyalty program
12728,Silver Tier,0,71,4,836.33,3,4,3,343,823.6731564447418,0.114439347200011,0.999172003556946,2.2303788574991337e-05,Low,Maintain: Standard loyalty program
12729,Silver Tier,0,114,1,453.01,2,1,2,212,636.7983907445174,0.0545240340700973,1.0,0.9999776962114252,High,Send: Standard win-back offer
12731,Gold Tier,3,24,12,18895.91,4,5,5,455,13839.245388894507,0.2999801958633721,0.9996059051028992,2.2303788574990703e-05,Low,Maintain: VIP loyalty program
12732,Inactive,1,180,1,236.26,1,1,1,111,467.3447423141662,0.0400083745391801,1.0,0.9999776962114252,High,Low Priority: Automated email only
12733,Inactive,1,234,1,383.95,1,1,2,112,382.5221896728982,0.0327439860318688,1.0,0.9999776962114252,High,Low Priority: Automated email only
12734,Inactive,1,353,1,110.4,1,1,1,111,275.31678656264273,0.0235643886809125,1.0,0.9999776962114252,High,Low Priority: Automated email only
12735,Inactive,1,315,2,779.5699999999999,1,2,3,123,656.9772547346166,0.053578151467243,0.9922232121601926,0.9999776962114252,High,Low Priority: Automated email only
12736,Inactive,1,333,1,234.0,1,1,1,111,289.04685668528043,0.024739931804691,1.0,0.9999776962114252,High,Low Priority: Automated email only
12738,Inactive,1,372,1,155.35,1,1,1,111,262.83198413710926,0.0224954923923936,1.0,0.9999776962114252,High,Low Priority: Automated email only
12739,Silver Tier,0,78,2,1013.04,2,2,4,224,879.2253211398036,0.1303273516457102,0.9984076111497378,2.2303788574992208e-05,Low,Maintain: Standard loyalty program
12740,Silver Tier,0,64,1,427.6,3,1,2,312,877.9831095133258,0.075191074676543,1.0,2.2303788574990663e-05,Low,Maintain: Standard loyalty program
12743,Silver Tier,0,134,2,540.13,2,2,3,223,570.9298029785416,0.048881132193955,1.0,0.9999776962114252,High,Send: Standard win-back offer
12744,Gold Tier,3,52,7,21279.29,3,5,5,355,16255.945022462398,0.1805750794618149,0.9992715854675698,2.2303788574990974e-05,Low,Maintain: VIP loyalty program
12747,Silver Tier,0,2,11,4196.01,5,5,5,555,3227.3943189375486,0.2966040090061104,0.9997706464167502,2.2303788574990185e-05,Low,Maintain: Standard loyalty program
12748,Platinum Tier,2,1,209,33053.19,5,5,5,555,25515.79931043661,3.06359638785164,0.9999708074723944,2.230378857499213e-05,Low,Maintain: Continue white-glove service
12749,Silver Tier,0,4,5,4090.88,5,4,5,545,4088.954155520698,0.1628138486819391,0.9995906791836596,2.2303788574990185e-05,Low,Maintain: Standard loyalty program
12750,Silver Tier,0,129,1,275.88,2,1,2,212,588.3164834524878,0.0503705733882789,1.0,0.9999776962114252,High,Send: Standard win-back offer
12752,Silver Tier,0,81,1,4366.78,2,1,5,215,772.6333322467653,0.0661627642284102,1.0,2.2303788574995498e-05,Low,Maintain: Standard loyalty program
12753,Gold Tier,3,23,6,21429.39,4,5,5,455,13573.323216909648,0.1621847274562669,0.9995660551412582,2.2303788574990663e-05,Low,Maintain: VIP loyalty program
12754,Inactive,1,236,3,3010.74,1,3,5,135,2744.075186547892,0.0893627159765907,0.9930292982217614,0.9999776962114252,High,Low Priority: Automated email only
12755,Inactive,1,281,2,3811.95,1,2,5,125,326.7086205639124,0.0503432683398597,0.9966273340301084,0.9999776962114252,High,Low Priority: Automated email only
12756,Silver Tier,0,87,1,112.08,2,1,1,211,747.7119978348546,0.0640272497809341,1.0,2.2303788574998032e-05,Low,Maintain: Standard loyalty program
12757,Gold Tier,3,16,13,7834.650000000001,4,5,5,455,8307.376515234224,0.378236389090254,0.999593521567175,2.2303788574990107e-05,Low,Maintain: VIP loyalty program
12758,Silver Tier,0,117,2,2791.59,2,2,5,225,1409.336719992582,0.0634795869895286,0.9989235962807282,0.9999776962114252,High,Send: Standard win-back offer
12759,Silver Tier,0,52,3,1531.44,3,3,4,334,1375.9404659226602,0.0985554078878575,0.9992950891439965,2.2303788574990263e-05,Low,Maintain: Standard loyalty program
12762,Silver Tier,0,8,2,1898.52,5,2,4,524,5828.859724617259,0.233255859358618,0.9994132744964868,2.2303788574990148e-05,Low,Maintain: Standard loyalty program
12763,Silver Tier,0,138,2,494.08,2,2,3,223,426.60227496057064,0.050001356119959,0.998983581316521,0.9999776962114252,High,Send: Standard win-back offer
12764,Inactive,1,317,1,1693.88,1,1,4,114,301.05791158816436,0.0257683234506782,1.0,0.9999776962114252,High,Low Priority: Automated email only
12766,Silver Tier,0,4,7,6989.63,5,5,5,555,4676.781656934745,0.1882962556229536,0.9996932684404368,2.2303788574990263e-05,Low,Maintain: Standard loyalty program
12769,Inactive,1,239,1,1143.6,1,1,4,114,377.53875631108787,0.0323172300879273,1.0,0.9999776962114252,High,Low Priority: Automated email only
12770,Inactive,1,211,1,1351.45,1,1,4,114,415.4233375256688,0.0355615753645113,1.0,0.9999776962114252,High,Low Priority: Automated email only
12772,Silver Tier,0,60,1,892.47,3,1,3,313,905.4181567991492,0.0775424383903179,1.0,2.2303788574990463e-05,Low,Maintain: Standard loyalty program
12775,Silver Tier,0,17,5,1386.04,4,4,4,444,1372.5188337226025,0.152383678253847,0.999560244999828,2.2303788574989992e-05,Low,Maintain: Standard loyalty program
12778,Silver Tier,0,20,6,822.23,4,5,3,453,978.4482685947098,0.1834740238632057,0.9995691690304638,2.2303788574989992e-05,Low,Maintain: Standard loyalty program
12779,Silver Tier,0,38,8,3981.36,3,5,5,355,3099.446879596527,0.2133763312347782,0.9994638554324788,2.230378857499007e-05,Low,Maintain: Standard loyalty program
12781,Silver Tier,0,64,2,826.74,3,2,3,323,613.2757413603792,0.0620621568973037,0.9992706911884088,2.2303788574990625e-05,Low,Maintain: Standard loyalty program
12782,Silver Tier,0,5,5,2330.92,5,4,5,545,1740.4444743056908,0.135935481993877,0.999630971893167,2.2303788574990107e-05,Low,Maintain: Standard loyalty program
12783,Silver Tier,0,2,6,2225.91,5,5,5,555,5188.7636521789245,0.4022944207062618,0.9996227641229184,2.2303788574990107e-05,Low,Maintain: Standard loyalty program
12784,Silver Tier,0,9,2,532.82,5,2,3,523,1822.8137252919717,0.2610430071514958,0.9993734264302736,2.230378857499007e-05,Low,Maintain: Standard loyalty program
12785,Inactive,1,364,1,311.95,1,1,2,112,267.6875158822208,0.0229111992653797,1.0,0.9999776962114252,High,Low Priority: Automated email only
12787,Silver Tier,0,10,3,463.66,5,3,2,532,909.2356650583944,0.1299350658062918,0.9995101322030024,2.230378857499007e-05,Low,Maintain: Standard loyalty program
12789,Silver Tier,0,65,1,91.85,3,1,1,311,864.8798402201314,0.074068070465522,1.0,2.2303788574991174e-05,Low,Maintain: Standard loyalty program
12790,Inactive,1,192,1,324.92,1,1,2,112,444.0697294609968,0.0380149377449266,1.0,0.9999776962114252,High,Low Priority: Automated email only
12791,Inactive,1,374,1,192.6,1,1,1,111,262.2374002805863,0.0224445873246541,1.0,0.9999776962114252,High,Low Priority: Automated email only
12792,Inactive,1,257,1,400.54,1,1,2,112,356.63122935035165,0.0305268605248329,1.0,0.9999776962114252,High,Low Priority: Automated email only
12793,Inactive,1,335,2,545.48,1,2,3,123,577.013729469604,0.0494847991891773,0.9931785684839296,0.9999776962114252,High,Low Priority: Automated email only
12794,Silver Tier,0,53,2,860.41,3,2,3,323,1750.8031199171778,0.1311829380131535,0.9989770253026142,2.2303788574990307e-05,Low,Maintain: Standard loyalty program
12795,Silver Tier,0,19,1,430.48,4,1,2,412,1332.1040378327834,0.114123036862965,1.0,2.230378857499007e-05,Low,Maintain: Standard loyalty program
12797,Inactive,1,366,1,254.03,1,1,2,112,267.07078577809557,0.0228583976149709,1.0,0.9999776962114252,High,Low Priority: Automated email only
12798,Silver Tier,0,10,3,6977.04,5,3,5,535,7397.066731665463,0.1418984007490642,0.9994994232972124,2.2303788574990107e-05,Low,Maintain: Standard loyalty program
12802,Inactive,1,187,1,427.58,1,1,2,112,454.51717492507487,0.0389097204265607,1.0,0.9999776962114252,High,Low Priority: Automated email only
12808,Silver Tier,0,37,3,483.65,3,3,2,332,576.7681482467322,0.0775880623637034,0.9994343961670298,2.230378857499003e-05,Low,Maintain: Standard loyalty program
12809,Inactive,1,178,1,489.31,2,1,3,213,471.1438391061143,0.0403337640782646,1.0,0.9999776962114252,High,Low Priority: Automated email only
12811,Inactive,1,261,3,514.85,1,3,3,133,633.907279662227,0.0942901783254443,0.981067255874533,0.9999776962114252,High,Low Priority: Automated email only
12812,Silver Tier,0,45,1,229.64,3,1,1,311,1025.5998068295544,0.087843835003437,1.0,2.230378857499007e-05,Low,Maintain: Standard loyalty program
12814,Silver Tier,0,102,1,125.92,2,1,1,211,681.7438105098372,0.058374814201062,1.0,0.9999776962114252,High,Send: Standard win-back offer
12815,Inactive,1,148,2,1063.46,2,2,4,224,992.013239470534,0.0819385656784749,0.9978069793490556,0.9999776962114252,High,Low Priority: Automated email only
12816,Silver Tier,0,96,2,572.2,2,2,3,223,855.1689959256231,0.089383551168725,0.9987523854486018,0.9999776962114252,High,Send: Standard win-back offer
12817,Inactive,1,281,1,166.04,1,1,1,111,331.16030234843294,0.0283458137278725,1.0,0.9999776962114252,High,Low Priority: Automated email only
12818,Inactive,1,262,1,1542.08,1,1,4,114,351.2283290459734,0.0300642070730911,1.0,0.9999776962114252,High,Low Priority: Automated email only
12820,Silver Tier,0,3,4,942.34,5,4,4,544,984.4964674095692,0.1162272769645952,0.9995954624711908,2.2303788574990148e-05,Low,Maintain: Standard loyalty program
12821,Inactive,1,214,1,92.72,1,1,1,111,409.5523126461623,0.035058779504,1.0,0.9999776962114252,High,Low Priority: Automated email only
12822,Silver Tier,0,71,2,948.88,3,2,4,324,1350.6439240596385,0.1403695521001373,0.9984886484010193,2.2303788574991337e-05,Low,Maintain: Standard loyalty program
12823,Silver Tier,0,75,5,1759.5,2,4,4,244,1671.8314117406912,0.1585502718187148,0.9989479101645148,2.2303788574993156e-05,Low,Maintain: Standard loyalty program
12824,Silver Tier,0,60,1,397.12,3,1,2,312,905.4181567991492,0.0775424383903179,1.0,2.2303788574990426e-05,Low,Maintain: Standard loyalty program
12826,Silver Tier,0,3,7,1474.72,5,5,4,554,1334.587391004014,0.1887311029276481,0.999698049513604,2.2303788574990107e-05,Low,Maintain: Standard loyalty program
12827,Silver Tier,0,6,3,430.15,5,3,2,532,1850.289116230989,0.3002409416347597,0.999495823169181,2.2303788574990185e-05,Low,Maintain: Standard loyalty program
12828,Silver Tier,0,3,6,1018.71,5,5,4,554,2039.6504299277635,0.3513767130667033,0.9996608113961972,2.2303788574990148e-05,Low,Maintain: Standard loyalty program
12829,Inactive,1,337,2,293.0,1,2,2,122,454.387507459371,0.0506803199331059,0.9917387392312492,0.9999776962114252,High,Low Priority: Automated email only
12830,Silver Tier,0,38,6,6814.64,3,5,5,355,6672.089277957228,0.2412204230245174,0.9992089377675826,2.230378857499007e-05,Low,Maintain: Standard loyalty program
12831,Inactive,1,262,1,215.05,1,1,1,111,350.16733507934754,0.0299733541292174,1.0,0.9999776962114252,High,Low Priority: Automated email only
12832,Silver Tier,0,32,2,383.03,4,2,2,422,1018.2965008568732,0.1312186258909886,0.9992487936482471,2.230378857499003e-05,Low,Maintain: Standard loyalty program
12833,Inactive,1,145,1,417.38,2,1,2,212,541.5862926153269,0.046367500850168,1.0,0.9999776962114252,High,Low Priority: Automated email only
12834,Inactive,1,283,1,312.38,1,1,2,112,330.216929121674,0.0282650358626706,1.0,0.9999776962114252,High,Low Priority: Automated email only
12836,Silver Tier,0,59,4,2610.36,3,4,5,345,1833.6937108269824,0.1207745581568965,0.9992507686005444,2.2303788574990426e-05,Low,Maintain: Standard loyalty program
12837,Inactive,1,173,1,134.1,2,1,1,211,478.9304059352244,0.0410006841373842,1.0,0.9999776962114252,High,Low Priority: Automated email only
12838,Silver Tier,0,34,2,671.95,3,2,3,323,492.2620066824357,0.0495700704234747,0.9994131201506296,2.230378857499003e-05,Low,Maintain: Standard loyalty program
12839,Gold Tier,3,3,14,5591.42,5,5,5,555,4284.382160984411,0.380542065793062,0.99980462518018,2.2303788574990385e-05,Low,Maintain: VIP loyalty program
12840,Silver Tier,0,144,4,2726.77,2,4,5,245,2466.1967920183706,0.1549296576053221,0.9950481168918438,0.9999776962114252,High,Send: Standard win-back offer
12841,Gold Tier,3,5,25,3991.58,5,5,5,555,3159.0104934161427,0.6498330927640531,0.9998513654894704,2.2303788574990544e-05,Low,Maintain: VIP loyalty program
12842,Silver Tier,0,70,2,1118.99,3,2,4,324,976.8156621366016,0.0581096464876217,0.9992588700544852,2.2303788574991693e-05,Low,Maintain: Standard loyalty program
12843,Silver Tier,0,66,8,1702.26,3,5,4,354,2028.0736215835616,0.2816908783085419,0.9985256708269372,2.23037885749911e-05,Low,Maintain: Standard loyalty program
12844,Silver Tier,0,29,2,325.96000000000004,4,2,2,422,906.1617308709632,0.1101168043148391,0.9993208739161754,2.230378857499003e-05,Low,Maintain: Standard loyalty program
12845,Inactive,1,267,4,354.09000000000003,1,4,2,142,620.7150316826637,0.1193244489916275,0.932682125187816,0.9999776962114252,High,Low Priority: Automated email only
12847,Silver Tier,0,22,1,843.64,4,1,3,413,1273.5470319616638,0.1091017025711163,1.0,2.2303788574990107e-05,Low,Maintain: Standard loyalty program
12849,Silver Tier,0,31,2,1010.29,4,2,4,424,696.7399065667531,0.065017417504808,0.9993925029845732,2.2303788574989992e-05,Low,Maintain: Standard loyalty program
12851,Silver Tier,0,97,1,131.81,2,1,1,211,702.4005175556322,0.0601447068430333,1.0,0.9999776962114252,High,Send: Standard win-back offer
12852,Inactive,1,295,1,311.55,1,1,2,112,319.30183684963674,0.0273304244829762,1.0,0.9999776962114252,High,Low Priority: Automated email only
12853,Silver Tier,0,135,6,1957.1,2,5,4,254,1580.0998259519963,0.0882174467989471,0.9985087295426512,0.9999776962114252,High,Send: Standard win-back offer
12854,Silver Tier,0,79,3,1316.25,2,3,4,234,1097.7834663542092,0.0875907124075511,0.9991620603041654,2.2303788574993356e-05,Low,Maintain: Standard loyalty program
12855,Inactive,1,373,1,38.1,1,1,1,111,262.83198413710926,0.0224954923923936,1.0,0.9999776962114252,High,Low Priority: Automated email only
12856,Silver Tier,0,8,6,2170.78,5,5,5,555,5459.232543650492,0.5297864866938315,0.9995606546260034,2.2303788574990107e-05,Low,Maintain: Standard loyalty program
12857,Inactive,1,211,2,1106.4,1,2,4,124,603.6113226258243,0.0589553294849163,0.9976628019033564,0.9999776962114252,High,Low Priority: Automated email only
12863,Silver Tier,0,52,1,521.2,3,1,3,313,957.7944940514782,0.0820316823265691,1.0,2.2303788574990307e-05,Low,Maintain: Standard loyalty program
12864,Silver Tier,0,138,1,147.12,2,1,1,211,559.8986179491969,0.0479361612478806,1.0,0.9999776962114252,High,Send: Standard win-back offer
12865,Silver Tier,0,26,2,1568.23,4,2,4,424,1588.128773364643,0.1141349904966972,0.999335590934729,2.230378857499003e-05,Low,Maintain: Standard loyalty program
12866,Inactive,1,283,1,559.12,1,1,3,113,329.2789155637291,0.0281847170791603,1.0,0.9999776962114252,High,Low Priority: Automated email only
12867,Silver Tier,0,26,7,4009.34,4,5,5,455,3095.620688258321,0.1909032364784374,0.9995516951054372,2.2303788574990107e-05,Low,Maintain: Standard loyalty program
12868,Inactive,1,186,6,1607.0600000000002,1,5,4,154,1351.202812770267,0.1570319972781106,0.9925143168023008,0.9999776962114252,High,Low Priority: Automated email only
12871,Silver Tier,0,84,2,380.64,2,2,2,222,754.2525975231288,0.0793615272028838,0.9990118902027773,2.2303788574994583e-05,Low,Maintain: Standard loyalty program
12872,Inactive,1,327,2,599.97,1,2,3,123,459.27852054004256,0.0501887562910053,0.9935685153160398,0.9999776962114252,High,Low Priority: Automated email only
12873,Inactive,1,282,1,374.0,1,1,2,112,330.216929121674,0.0282650358626706,1.0,0.9999776962114252,High,Low Priority: Automated email only
12875,Silver Tier,0,143,2,343.2300000000001,2,2,2,222,350.9153092119823,0.0508112224205511,0.9989366842905588,0.9999776962114252,High,Send: Standard win-back offer
12876,Silver Tier,0,58,2,2218.02,3,2,5,325,2126.7052779228375,0.0826730372977786,0.9992073314368304,2.2303788574990344e-05,Low,Maintain: Standard loyalty program
12877,Silver Tier,0,4,12,1535.77,5,5,4,554,1433.9566888060249,0.332350016295859,0.9997769185867904,2.2303788574990107e-05,Low,Maintain: Standard loyalty program
12878,Inactive,1,236,2,854.99,1,2,3,123,866.6680952000443,0.0651374103882583,0.9952933306577254,0.9999776962114252,High,Low Priority: Automated email only
12879,Silver Tier,0,45,3,573.22,3,3,3,333,1722.0169682028843,0.2118710958406434,0.9988990749872384,2.230378857499003e-05,Low,Maintain: Standard loyalty program
12881,Inactive,1,276,1,298.0,1,1,2,112,336.9357121417372,0.0288403458956578,1.0,0.9999776962114252,High,Low Priority: Automated email only
12882,Silver Tier,0,9,2,1463.04,5,2,4,524,4122.408296683797,0.2149420524872005,0.9993969918952668,2.230378857499003e-05,Low,Maintain: Standard loyalty program
12883,Silver Tier,0,25,4,703.47,4,4,3,443,1613.0538518387048,0.1387059916329378,0.999311795536691,2.230378857499003e-05,Low,Maintain: Standard loyalty program
12884,Silver Tier,0,88,1,309.05,2,1,2,212,738.1879265173318,0.0632111513215991,1.0,2.2303788574999855e-05,Low,Maintain: Standard loyalty program
12885,Silver Tier,0,63,3,1175.22,3,3,4,334,1502.6926211198827,0.1140906068889582,0.998946979881496,2.2303788574990974e-05,Low,Maintain: Standard loyalty program
12886,Silver Tier,0,68,2,1378.4,3,2,4,324,1075.124212922079,0.0760661293370558,0.9991739412955816,2.230378857499106e-05,Low,Maintain: Standard loyalty program
12888,Inactive,1,214,2,354.12,1,2,2,122,493.6248863153507,0.0674205481821156,0.9963438361580714,0.9999776962114252,High,Low Priority: Automated email only
12890,Silver Tier,0,24,1,376.72,4,1,2,412,1246.1579201425084,0.1067531700766435,1.0,2.230378857499007e-05,Low,Maintain: Standard loyalty program
12891,Inactive,1,186,3,331.0,1,3,2,132,641.7176091221991,0.0936625014112967,0.996627614992574,0.9999776962114252,High,Low Priority: Automated email only
12893,Silver Tier,0,31,1,176.55,4,1,1,411,1170.6317638661749,0.1002774292261558,1.0,2.2303788574990107e-05,Low,Maintain: Standard loyalty program
12895,Silver Tier,0,42,2,372.8,3,2,2,322,1078.0732723101096,0.1413611489457762,0.9990927581258134,2.230378857499003e-05,Low,Maintain: Standard loyalty program
12897,Inactive,1,205,2,216.5,1,2,1,121,437.79263292308514,0.0591228603437859,0.997800422707228,0.9999776962114252,High,Low Priority: Automated email only
12901,Gold Tier,3,9,28,17654.54,5,5,5,555,17443.258797329767,0.8080323288224466,0.999786319374527,2.230378857499106e-05,Low,Maintain: VIP loyalty program
12902,Inactive,1,265,1,138.68,1,1,1,111,348.06446272391844,0.0297932856709015,1.0,0.9999776962114252,High,Low Priority: Automated email only
12904,Silver Tier,0,18,2,496.06,4,2,3,423,867.3473447338708,0.0909277442034411,0.9994130720424904,2.230378857499007e-05,Low,Maintain: Standard loyalty program
12906,Silver Tier,0,12,5,2919.81,5,4,5,545,2845.240090692342,0.149106617325685,0.999412886670642,2.230378857499003e-05,Low,Maintain: Standard loyalty program
12908,Inactive,1,176,2,750.0,2,2,3,223,683.6030478879559,0.0574512204506081,0.9984210312115596,0.9999776962114252,High,Low Priority: Automated email only
12909,Silver Tier,0,40,5,2178.67,3,4,5,345,1692.8795006211258,0.1425497400586472,0.999356125056692,2.2303788574989992e-05,Low,Maintain: Standard loyalty program
12910,Silver Tier,0,23,8,3075.04,4,5,5,455,2919.367303087901,0.225490901593684,0.9994988912259234,2.230378857499007e-05,Low,Maintain: Standard loyalty program
12912,Silver Tier,0,3,5,1662.3,5,4,4,544,5282.156573989154,0.5315668309799613,0.9996144102972696,2.2303788574990107e-05,Low,Maintain: Standard loyalty program
12913,Silver Tier,0,5,5,2483.63,5,4,5,545,1840.2098576926105,0.1325131649308195,0.999631396595076,2.2303788574990107e-05,Low,Maintain: Standard loyalty program
12915,Inactive,1,149,2,363.65,2,2,2,222,417.1941538062273,0.0496582571192453,0.9989255208300716,0.9999776962114252,High,Low Priority: Automated email only
12916,Silver Tier,0,139,4,2944.95,2,4,5,245,2087.2870952565577,0.1178203950638082,0.9979016834673532,0.9999776962114252,High,Send: Standard win-back offer
12917,Silver Tier,0,128,1,594.0,2,1,3,213,588.3164834524878,0.0503705733882789,1.0,0.9999776962114252,High,Send: Standard win-back offer
12919,Silver Tier,0,8,6,1335.19,5,5,4,554,2157.972920772724,0.2937630293619354,0.9996096980216445,2.2303788574990107e-05,Low,Maintain: Standard loyalty program
12920,Silver Tier,0,17,1,162.78,4,1,1,411,1347.594640248632,0.1154514310307538,1.0,2.2303788574990107e-05,Low,Maintain: Standard loyalty program
12921,Gold Tier,3,9,37,16587.09,5,5,5,555,12598.33718939018,0.6197115764269988,0.9998018747809824,2.230378857499209e-05,Low,Maintain: VIP loyalty program
12922,Inactive,1,161,1,405.38,2,1,2,212,503.91502891787184,0.043140681750789,1.0,0.9999776962114252,High,Low Priority: Automated email only
12923,Silver Tier,0,64,1,172.82,3,1,1,311,871.382211660038,0.0746253479085986,1.0,2.230378857499106e-05,Low,Maintain: Standard loyalty program
12924,Silver Tier,0,88,4,933.7,2,4,4,244,1062.6636875506897,0.1158614612088296,0.998972516358211,2.230378857500021e-05,Low,Maintain: Standard loyalty program
12925,Silver Tier,0,5,2,694.05,5,2,3,523,1610.3189543476865,0.1532877573706348,0.9994635549786804,2.2303788574990148e-05,Low,Maintain: Standard loyalty program
12928,Silver Tier,0,35,5,2062.7,3,4,5,345,1586.6084448974536,0.1352780589023355,0.9994677940628696,2.2303788574989992e-05,Low,Maintain: Standard loyalty program
12929,Inactive,1,312,1,117.85,1,1,1,111,305.018777800336,0.0261074600705156,1.0,0.9999776962114252,High,Low Priority: Automated email only
12930,Silver Tier,0,78,2,415.8,2,2,2,222,802.5237365529239,0.091264985576713,0.9989559553697204,2.230378857499217e-05,Low,Maintain: Standard loyalty program
12931,Gold Tier,3,22,15,42055.96,4,5,5,455,32634.31640110188,0.3330803240711673,0.999626850324113,2.23037885749909e-05,Low,Maintain: VIP loyalty program
12933,Silver Tier,0,24,3,607.53,4,3,3,433,838.4037281034418,0.0963307059452461,0.9994584045731306,2.230378857499003e-05,Low,Maintain: Standard loyalty program
12935,Silver Tier,0,2,7,2160.7,5,5,5,555,1818.0460978496412,0.1801814674382974,0.9996704256323792,2.2303788574990107e-05,Low,Maintain: Standard loyalty program
12936,Silver Tier,0,17,4,1063.9,4,4,4,444,1531.317322225295,0.2307281819753863,0.999372094857061,2.2303788574989992e-05,Low,Maintain: Standard loyalty program
12937,Silver Tier,0,15,4,1504.27,4,4,4,444,1633.3993564741331,0.136632719803265,0.9995320742606684,2.2303788574989992e-05,Low,Maintain: Standard loyalty program
12938,Silver Tier,0,26,1,114.14,4,1,1,411,1232.9005241921468,0.1056164161470964,1.0,2.2303788574990226e-05,Low,Maintain: Standard loyalty program
12939,Silver Tier,0,64,8,11581.8,3,5,5,355,8022.314344445892,0.1733788103233758,0.9991243054516378,2.2303788574991693e-05,Low,Maintain: Standard loyalty program
12940,Silver Tier,0,55,2,899.69,3,2,3,323,1864.9229713422017,0.1404264301616718,0.998893238270657,2.2303788574990307e-05,Low,Maintain: Standard loyalty program
12942,Silver Tier,0,131,3,675.6,2,3,3,233,623.9407299715332,0.0780730089534389,0.9987757867534612,0.9999776962114252,High,Send: Standard win-back offer
12944,Silver Tier,0,36,2,604.51,3,2,3,323,538.9738178813565,0.0517965911301426,0.9994036435331504,2.230378857499003e-05,Low,Maintain: Standard loyalty program
12945,Inactive,1,288,1,462.95,1,1,2,112,324.6676665070214,0.0277898743291961,1.0,0.9999776962114252,High,Low Priority: Automated email only
12947,Silver Tier,0,144,6,1603.99,2,5,4,254,1282.3524622745852,0.157724048118012,0.9968883958337276,0.9999776962114252,High,Send: Standard win-back offer
12948,Silver Tier,0,16,7,2064.95,4,5,5,455,2099.875157829866,0.2459615797592806,0.9995905318302384,2.230378857499003e-05,Low,Maintain: Standard loyalty program
12949,Silver Tier,0,31,8,4167.22,4,5,5,455,3062.135396178438,0.1803764004807107,0.9994338558533434,2.230378857499007e-05,Low,Maintain: Standard loyalty program
12950,Silver Tier,0,2,3,1843.0,5,3,4,534,6533.055583352396,0.3648806220793501,0.9995282532420618,2.2303788574990148e-05,Low,Maintain: Standard loyalty program
12951,Silver Tier,0,9,6,1064.07,5,5,4,554,1084.5762607365266,0.1752077178067893,0.999640148566523,2.2303788574989992e-05,Low,Maintain: Standard loyalty program
12952,Silver Tier,0,6,4,1387.79,5,4,4,544,2334.8717725925585,0.2307602030920375,0.999510790573178,2.2303788574990107e-05,Low,Maintain: Standard loyalty program
12953,Silver Tier,0,10,1,329.85,5,1,2,512,1485.8231282945333,0.1273062041388565,1.0,2.230378857499007e-05,Low,Maintain: Standard loyalty program
12955,Silver Tier,0,1,11,4757.16,5,5,5,555,4641.0337043579,0.3866676174741587,0.9997745749885554,2.2303788574990263e-05,Low,Maintain: Standard loyalty program
12956,Inactive,1,306,1,108.07,1,1,1,111,309.0852589323376,0.0264556424891204,1.0,0.9999776962114252,High,Low Priority: Automated email only
12957,Silver Tier,0,10,8,4017.54,5,5,5,555,3221.554493872064,0.20075273248322,0.9996593031906086,2.2303788574990107e-05,Low,Maintain: Standard loyalty program
12962,Silver Tier,0,7,2,266.39,5,2,2,522,904.135899379364,0.1204232850798315,0.9994528217813154,2.230378857499082e-05,Low,Maintain: Standard loyalty program
12963,Silver Tier,0,8,8,1856.63,5,5,4,554,1461.4571327875813,0.1887253925313146,0.9996678018650288,2.2303788574990107e-05,Low,Maintain: Standard loyalty program
12965,Silver Tier,0,89,1,769.8100000000001,2,1,3,213,733.5163099957323,0.0628108542508325,1.0,2.2303788574999855e-05,Low,Maintain: Standard loyalty program
12966,Silver Tier,0,10,1,160.18,5,1,1,511,1485.8231282945333,0.1273062041388565,1.0,2.2303788574990107e-05,Low,Maintain: Standard loyalty program
12967,Inactive,1,358,2,1660.9,1,2,4,124,496.709615070308,0.0492834198431972,0.9891368091186316,0.9999776962114252,High,Low Priority: Automated email only
12968,Silver Tier,0,112,1,135.95,2,1,1,211,640.3162225470167,0.0548254206643806,1.0,0.9999776962114252,High,Send: Standard win-back offer
12970,Silver Tier,0,7,4,405.47,5,4,2,542,630.0103913556623,0.0560405669584945,0.9994735672953046,2.2303788574990185e-05,Low,Maintain: Standard loyalty program
12971,Platinum Tier,2,4,86,11189.91,5,5,5,555,8851.175403324414,1.9274420328163269,0.9999264047454234,2.230378857499157e-05,Low,Maintain: Continue white-glove service
12974,Inactive,1,198,1,144.8,1,1,1,111,435.72353274756034,0.0373001311186775,1.0,0.9999776962114252,High,Low Priority: Automated email only
12976,Inactive,1,212,1,738.6,1,1,3,113,413.9398564473345,0.0354345291946952,1.0,0.9999776962114252,High,Low Priority: Automated email only
12977,Inactive,1,156,1,39.239999999999995,2,1,1,211,515.1117955259693,0.0440997444974629,1.0,0.9999776962114252,High,Low Priority: Automated email only
12980,Silver Tier,0,158,9,7374.900000000001,2,5,5,255,5232.38270189354,0.2445998133230474,0.9858924515430296,0.9999776962114252,High,Send: Standard win-back offer
12981,Silver Tier,0,30,2,372.22,4,2,2,422,940.7783835128548,0.1084810376991538,0.9993240064622928,2.230378857499003e-05,Low,Maintain: Standard loyalty program
12982,Inactive,1,243,1,390.54,1,1,2,112,372.6835048802685,0.0319014549445206,1.0,0.9999776962114252,High,Low Priority: Automated email only
12984,Silver Tier,0,19,1,97.5,4,1,1,411,1332.1040378327834,0.114123036862965,1.0,2.2303788574990185e-05,Low,Maintain: Standard loyalty program
12985,Silver Tier,0,1,2,1239.38,5,2,4,524,2843.2301464042826,0.2260527380545916,0.9994906496839489,2.2303788574990226e-05,Low,Maintain: Standard loyalty program
12987,Silver Tier,0,74,2,558.7,2,2,3,223,788.8481840438061,0.0823520493337398,0.9990849832038514,2.230378857499201e-05,Low,Maintain: Standard loyalty program
12988,Inactive,1,292,1,505.82,1,1,3,113,321.0706298515195,0.0274818770591969,1.0,0.9999776962114252,High,Low Priority: Automated email only
12989,Gold Tier,3,3,15,6924.11,5,5,5,555,5470.709796730433,0.3554602063097299,0.99978826435858,2.2303788574990426e-05,Low,Maintain: VIP loyalty program
12990,Silver Tier,0,31,3,409.5,4,3,2,432,631.3135243818655,0.0894644811937289,0.9994354102305816,2.230378857499003e-05,Low,Maintain: Standard loyalty program
12991,Silver Tier,0,23,2,503.76,4,2,3,423,1073.868958875799,0.1210761249874683,0.9993471400840168,2.230378857499007e-05,Low,Maintain: Standard loyalty program
12993,Silver Tier,0,23,4,414.76,4,4,2,442,670.0389752523664,0.1250844422922236,0.999496700167505,2.230378857499003e-05,Low,Maintain: Standard loyalty program
12994,Silver Tier,0,4,3,974.42,5,3,4,534,987.9369488271406,0.1006278480812109,0.999541159564296,2.2303788574990148e-05,Low,Maintain: Standard loyalty program
12995,Silver Tier,0,85,1,211.32,2,1,1,211,752.5668013948482,0.0644432526413674,1.0,2.23037885749949e-05,Low,Maintain: Standard loyalty program
12997,Silver Tier,0,22,4,1226.89,4,4,4,444,1127.6582968646085,0.1189274507452988,0.999508191881594,2.2303788574989992e-05,Low,Maintain: Standard loyalty program
12999,Inactive,1,196,3,455.88,1,3,2,132,588.3422424163754,0.1072920487373459,0.9929826614914612,0.9999776962114252,High,Low Priority: Automated email only
13000,Silver Tier,0,107,3,534.85,2,3,3,233,567.0951342600156,0.0782724322158919,0.9990193153680912,0.9999776962114252,High,Send: Standard win-back offer
13001,Gold Tier,3,4,13,9785.97,5,5,5,555,7877.711370780712,0.38965980924659,0.9997793195163012,2.2303788574990226e-05,Low,Maintain: VIP loyalty program
13002,Inactive,1,318,1,120.95,1,1,1,111,299.5022203602368,0.0256351230710872,1.0,0.9999776962114252,High,Low Priority: Automated email only
13003,Silver Tier,0,106,3,149.05,2,3,1,231,607.6545650543758,0.119692669529206,0.9983560132278312,0.9999776962114252,High,Send: Standard win-back offer
13004,Gold Tier,3,12,18,5655.91,5,5,5,555,4488.2383412866975,0.4739584638811867,0.9997545421758578,2.2303788574990307e-05,Low,Maintain: VIP loyalty program
13005,Inactive,1,174,2,513.7,2,2,3,223,608.8074720288337,0.0694500762536195,0.9978192542867914,0.9999776962114252,High,Low Priority: Automated email only
13006,Silver Tier,0,56,1,81.57,3,1,1,311,927.1467966421674,0.0794047891970098,1.0,2.230378857499086e-05,Low,Maintain: Standard loyalty program
13008,Inactive,1,323,1,229.46999999999997,1,1,1,111,295.68243753942744,0.0253080699234739,1.0,0.9999776962114252,High,Low Priority: Automated email only
13011,Inactive,1,372,1,50.55,1,1,1,111,262.83198413710926,0.0224954923923936,1.0,0.9999776962114252,High,Low Priority: Automated email only
13012,Silver Tier,0,9,8,1646.84,5,5,4,554,1560.0742544939033,0.2587020016941128,0.9996718297894932,2.230378857499003e-05,Low,Maintain: Standard loyalty program
13013,Silver Tier,0,1,13,4810.9400000000005,5,5,5,555,2806.8023380872773,0.3225327461009578,0.9997891679961032,2.2303788574990263e-05,Low,Maintain: Standard loyalty program
13014,Silver Tier,0,11,10,3466.2799999999997,5,5,5,555,3199.293227164935,0.3368833938231548,0.9996901253097352,2.230378857499007e-05,Low,Maintain: Standard loyalty program
13015,Silver Tier,0,53,5,3339.64,3,4,5,345,3080.926011377424,0.1443223010582733,0.9992107613332366,2.230378857499086e-05,Low,Maintain: Standard loyalty program
13016,Silver Tier,0,73,3,789.89,2,3,3,233,1256.5263251154404,0.1140715166298058,0.9987798306547055,2.2303788574991415e-05,Low,Maintain: Standard loyalty program
13017,Silver Tier,0,7,1,204.0,5,1,1,511,1524.9288592155797,0.1306603172652558,1.0,2.230378857499086e-05,Low,Maintain: Standard loyalty program
13018,Gold Tier,3,16,28,7277.7,4,5,5,455,6768.543648608035,0.6535415760374749,0.9996613505113858,2.2303788574990544e-05,Low,Maintain: VIP loyalty program
13021,Silver Tier,0,4,9,2616.38,5,5,5,555,2228.3578307063044,0.2199279080668779,0.9997097611082872,2.2303788574990148e-05,Low,Maintain: Standard loyalty program
13023,Silver Tier,0,64,2,689.9,3,2,3,323,1202.6005395379034,0.1106333238491385,0.99896085265128,2.2303788574990625e-05,Low,Maintain: Standard loyalty program
13026,Silver Tier,0,1,5,975.36,5,4,4,544,1258.566985416853,0.1683485318318377,0.9996424070717848,2.2303788574990263e-05,Low,Maintain: Standard loyalty program
13027,Silver Tier,0,114,6,6912.0,2,5,5,255,4486.484897391565,0.1650014192052853,0.9980464130412128,0.9999776962114252,High,Send: Standard win-back offer
13028,Silver Tier,0,23,2,661.3199999999999,4,2,3,423,1968.349388346962,0.1922701964165183,0.999246383151126,2.230378857499003e-05,Low,Maintain: Standard loyalty program
13029,Silver Tier,0,31,3,1247.5,4,3,4,434,963.110065287782,0.080348037841104,0.9994536046126572,2.2303788574989992e-05,Low,Maintain: Standard loyalty program
13030,Silver Tier,0,11,2,752.4399999999999,5,2,3,523,543.0269398963482,0.0501400189553615,0.9994663780843938,2.230378857499003e-05,Low,Maintain: Standard loyalty program
13032,Silver Tier,0,52,2,1010.18,3,2,4,324,1820.038950505339,0.1404318510444195,0.9989317985553264,2.2303788574990263e-05,Low,Maintain: Standard loyalty program
13033,Inactive,1,357,1,190.55,1,1,1,111,272.08569290817746,0.023287753336452,1.0,0.9999776962114252,High,Low Priority: Automated email only
13034,Silver Tier,0,55,2,642.77,3,2,3,323,624.5351805383577,0.0500198127587959,0.9993523288984892,2.2303788574990307e-05,Low,Maintain: Standard loyalty program
13035,Silver Tier,0,74,2,921.88,2,2,3,223,928.57304457052,0.0665856259578544,0.9991946849925388,2.230378857499189e-05,Low,Maintain: Standard loyalty program
13037,Silver Tier,0,138,3,881.07,2,3,3,233,1030.905799181052,0.1041715716464642,0.9978863500036288,0.9999776962114252,High,Send: Standard win-back offer
13038,Silver Tier,0,80,3,908.46,2,3,3,233,835.7166250248064,0.0944176518631548,0.9990955632642696,2.230378857499312e-05,Low,Maintain: Standard loyalty program
13040,Silver Tier,0,9,2,676.99,5,2,3,523,2391.820743901438,0.2149445624845981,0.9994086624074808,2.230378857499003e-05,Low,Maintain: Standard loyalty program
13043,Inactive,1,273,1,516.42,1,1,3,113,338.9058777262529,0.0290090469607568,1.0,0.9999776962114252,High,Low Priority: Automated email only
13044,Inactive,1,291,1,560.47,1,1,3,113,321.96239575917747,0.0275582345563962,1.0,0.9999776962114252,High,Low Priority: Automated email only
13045,Silver Tier,0,99,1,305.28,2,1,2,212,689.8589465351988,0.0590701224336564,1.0,0.9999776962114252,High,Send: Standard win-back offer
13046,Silver Tier,0,31,2,629.31,4,2,3,423,777.8576191661369,0.0654058765349541,0.999395467413255,2.2303788574989992e-05,Low,Maintain: Standard loyalty program
13047,Silver Tier,0,32,10,3237.54,4,5,5,455,2454.0423521055477,0.2124233633079298,0.999523681652787,2.230378857499007e-05,Low,Maintain: Standard loyalty program
13048,Silver Tier,0,14,4,1819.41,4,4,4,444,1429.1428616846354,0.1159283318149004,0.9995490833798932,2.2303788574989992e-05,Low,Maintain: Standard loyalty program
13049,Silver Tier,0,64,2,656.6800000000001,3,2,3,323,725.9813765168532,0.0566096118777641,0.9992914548588664,2.2303788574990625e-05,Low,Maintain: Standard loyalty program
13050,Gold Tier,3,15,17,5836.86,4,5,5,455,4554.997639350897,0.4641373643266987,0.9997259328944432,2.2303788574990307e-05,Low,Maintain: VIP loyalty program
13052,Inactive,1,212,1,348.15000000000003,1,1,2,112,412.4669332194865,0.0353083875558034,1.0,0.9999776962114252,High,Low Priority: Automated email only
13055,Silver Tier,0,78,3,1214.41,2,3,4,234,1367.69482794926,0.0776777559794312,0.9990800026253902,2.2303788574993156e-05,Low,Maintain: Standard loyalty program
13058,Silver Tier,0,25,3,271.40000000000003,4,3,2,432,966.2491414921265,0.1541404250312747,0.99938511330266,2.2303788574990148e-05,Low,Maintain: Standard loyalty program
13059,Inactive,1,250,1,183.4,1,1,1,111,364.48070425354217,0.0311990242976074,1.0,0.9999776962114252,High,Low Priority: Automated email only
13060,Inactive,1,254,1,307.53000000000003,1,1,2,112,359.95350356360143,0.0308113512080067,1.0,0.9999776962114252,High,Low Priority: Automated email only
13061,Silver Tier,0,72,1,248.61,3,1,1,311,821.9458652291272,0.0703885989447985,1.0,2.2303788574991378e-05,Low,Maintain: Standard loyalty program
13062,Inactive,1,191,1,346.98,1,1,2,112,445.77748714189454,0.0381611993123137,1.0,0.9999776962114252,High,Low Priority: Automated email only
13064,Silver Tier,0,13,4,1105.59,5,4,4,544,1084.2991227493983,0.1159293662496665,0.9995580024103504,2.230378857499003e-05,Low,Maintain: Standard loyalty program
13065,Inactive,1,373,1,205.86,1,1,1,111,262.2374002805863,0.0224445873246541,1.0,0.9999776962114252,High,Low Priority: Automated email only
13066,Silver Tier,0,24,2,470.8,4,2,2,422,2259.9689465970287,0.2170213809769162,0.9991637624683444,2.230378857499007e-05,Low,Maintain: Standard loyalty program
13067,Silver Tier,0,82,1,115.46,2,1,1,211,767.5170296675334,0.0657243406486802,1.0,2.230378857499419e-05,Low,Maintain: Standard loyalty program
13068,Silver Tier,0,10,2,344.0,5,2,2,522,485.482990610191,0.0564735277015689,0.9994657755577724,2.230378857499007e-05,Low,Maintain: Standard loyalty program
13069,Gold Tier,3,1,24,4431.44,5,5,5,555,3469.162488381532,0.5432146180802909,0.9998611079274056,2.2303788574990663e-05,Low,Maintain: VIP loyalty program
13070,Inactive,1,192,1,228.8,1,1,1,111,444.0697294609968,0.0380149377449266,1.0,0.9999776962114252,High,Low Priority: Automated email only
13072,Inactive,1,267,1,177.15,1,1,1,111,345.98669741276063,0.0296153678574663,1.0,0.9999776962114252,High,Low Priority: Automated email only
13075,Silver Tier,0,130,1,919.61,2,1,3,213,585.3455299462746,0.0501160616651096,1.0,0.9999776962114252,High,Send: Standard win-back offer
13077,Silver Tier,0,1,4,728.02,5,4,3,543,621.2193902881586,0.0779541475809761,0.9995534899838556,2.2303788574990226e-05,Low,Maintain: Standard loyalty program
13078,Gold Tier,3,3,26,12627.94,5,5,5,555,9638.907157693851,0.6848984712111952,0.9998627903124272,2.2303788574990585e-05,Low,Maintain: VIP loyalty program
13079,Silver Tier,0,4,5,220.1,5,4,1,541,1021.2950164564136,0.2771259002899806,0.9996129232484406,2.230378857499086e-05,Low,Maintain: Standard loyalty program
13080,Inactive,1,179,1,58.08,2,1,1,211,467.3447423141662,0.0400083745391801,1.0,0.9999776962114252,High,Low Priority: Automated email only
13081,Gold Tier,3,12,11,28337.38,5,5,5,555,19552.900416276792,0.2406930468406933,0.9996873809100344,2.2303788574990703e-05,Low,Maintain: VIP loyalty program
13082,Silver Tier,0,126,9,3613.63,2,5,5,255,2927.358199329394,0.2005780003160402,0.9963407075943196,0.9999776962114252,High,Send: Standard win-back offer
13083,Silver Tier,0,4,2,303.75,5,2,2,522,1173.4616938077709,0.1522226414189598,0.9994637508922816,2.230378857499082e-05,Low,Maintain: Standard loyalty program
13085,Inactive,1,158,2,416.08,2,2,2,222,484.82220284983106,0.0601441612251237,0.9985726958539136,0.9999776962114252,High,Low Priority: Automated email only
13089,Platinum Tier,2,3,97,58762.08,5,5,5,555,44838.98912920771,1.8036607365516872,0.9999343297089774,2.230378857499205e-05,Low,Maintain: Continue white-glove service
13090,Gold Tier,3,9,14,8910.82,5,5,5,555,6884.465004184703,0.3489991924031026,0.9997550688094832,2.2303788574990307e-05,Low,Maintain: VIP loyalty program
13091,Silver Tier,0,28,1,345.82,4,1,2,412,1194.7687753130083,0.102346913647596,1.0,2.230378857499007e-05,Low,Maintain: Standard loyalty program
13092,Silver Tier,0,71,5,477.83,3,4,2,342,569.5355651149534,0.1352371193589522,0.999165322579709,2.2303788574991378e-05,Low,Maintain: Standard loyalty program
13093,Inactive,1,276,8,7832.47,1,5,5,155,4466.200202959722,0.15126811837503,0.8160312745691132,0.9999776962114252,High,Low Priority: Automated email only
13094,Silver Tier,0,21,12,1927.32,4,5,4,454,1639.7389813991483,0.3246964681478506,0.999632562775692,2.230378857499003e-05,Low,Maintain: Standard loyalty program
13095,Silver Tier,0,71,1,74.39999999999999,3,1,1,311,833.7714421202147,0.0714020364259883,1.0,2.2303788574991852e-05,Low,Maintain: Standard loyalty program
13097,Silver Tier,0,33,10,6003.22,4,5,5,455,4683.131079892141,0.2468206582316379,0.999504443430281,2.2303788574990107e-05,Low,Maintain: Standard loyalty program
13098,Gold Tier,3,1,28,28882.44,5,5,5,555,24778.212930702663,0.8029631326956224,0.9998804631168138,2.2303788574991174e-05,Low,Maintain: VIP loyalty program
13099,Silver Tier,0,99,1,207.36,2,1,1,211,689.8589465351988,0.0590701224336564,1.0,0.9999776962114252,High,Send: Standard win-back offer
13101,Inactive,1,234,1,101.19,1,1,1,111,382.5221896728982,0.0327439860318688,1.0,0.9999776962114252,High,Low Priority: Automated email only
13102,Gold Tier,3,1,24,6424.09,5,5,5,555,5036.808594893019,0.5482185453472036,0.9998546075447392,2.2303788574990663e-05,Low,Maintain: VIP loyalty program
13103,Silver Tier,0,40,1,243.94,3,1,1,311,1073.0798618180827,0.0919140499511519,1.0,2.230378857499003e-05,Low,Maintain: Standard loyalty program
13104,Silver Tier,0,3,6,1098.48,5,5,4,554,1114.7094003500436,0.1652692857706302,0.9996666613154626,2.2303788574990148e-05,Low,Maintain: Standard loyalty program
13106,Silver Tier,0,133,1,76.5,2,1,1,211,573.7558586401718,0.0491232251125102,1.0,0.9999776962114252,High,Send: Standard win-back offer
13107,Silver Tier,0,44,4,1531.62,3,4,4,344,1116.2313892492068,0.1141792682887517,0.9993878136181046,2.2303788574989992e-05,Low,Maintain: Standard loyalty program
13108,Inactive,1,373,1,350.06,1,1,2,112,262.83198413710926,0.0224954923923936,1.0,0.9999776962114252,High,Low Priority: Automated email only
13109,Silver Tier,0,60,2,786.54,3,2,3,323,1133.7350339494044,0.0969361844084282,0.9991149578475992,2.2303788574990385e-05,Low,Maintain: Standard loyalty program
13110,Silver Tier,0,31,7,1488.67,4,5,4,454,1425.7543608195576,0.1839396200991979,0.9994749719015082,2.2303788574989992e-05,Low,Maintain: Standard loyalty program
13113,Gold Tier,3,1,24,12245.96,5,5,5,555,9444.215868870962,0.6297324990311881,0.9998761240692926,2.2303788574990663e-05,Low,Maintain: VIP loyalty program
13115,Silver Tier,0,12,4,2294.78,5,4,5,545,2327.890737680116,0.1814723188334381,0.9995342426711872,2.230378857499007e-05,Low,Maintain: Standard loyalty program
13116,Silver Tier,0,138,1,501.14,2,1,3,213,559.8986179491969,0.0479361612478806,1.0,0.9999776962114252,High,Send: Standard win-back offer
13117,Silver Tier,0,22,8,984.91,4,5,4,454,926.8028192308022,0.2129224615180523,0.999605008805338,2.230378857499003e-05,Low,Maintain: Standard loyalty program
13118,Silver Tier,0,20,5,1197.81,4,4,4,444,1293.6805643164548,0.1285914780754458,0.9995156466612042,2.2303788574989992e-05,Low,Maintain: Standard loyalty program
13120,Inactive,1,239,1,30.6,1,1,1,111,377.53875631108787,0.0323172300879273,1.0,0.9999776962114252,High,Low Priority: Automated email only
13121,Inactive,1,269,1,283.73,1,1,2,112,342.9161502563091,0.0293524400619082,1.0,0.9999776962114252,High,Low Priority: Automated email only
13122,Silver Tier,0,94,2,922.39,2,2,3,223,461.01876421045733,0.0708836530447464,0.999012283924412,0.9999776962114252,High,Send: Standard win-back offer
13124,Silver Tier,0,90,3,3756.33,2,3,5,235,2103.653176532489,0.079196803471833,0.9991428260049496,2.2303788575000807e-05,Low,Maintain: Standard loyalty program
13126,Silver Tier,0,5,8,2099.64,5,5,5,555,1743.302028026141,0.1882953344220699,0.9996883776457725,2.2303788574990107e-05,Low,Maintain: Standard loyalty program
13127,Silver Tier,0,78,1,259.17,2,1,2,212,793.7994213099503,0.0679765533927228,1.0,2.2303788574992404e-05,Low,Maintain: Standard loyalty program
13130,Silver Tier,0,94,1,64.0,2,1,1,211,711.0180375807835,0.0608830836553006,1.0,0.9999776962114252,High,Send: Standard win-back offer
13131,Silver Tier,0,23,3,1073.3,4,3,4,434,1449.6787324886295,0.1324619215026347,0.9994211670066732,2.2303788574989992e-05,Low,Maintain: Standard loyalty program
13132,Inactive,1,262,1,77.3,1,1,1,111,351.2283290459734,0.0300642070730911,1.0,0.9999776962114252,High,Low Priority: Automated email only
13133,Inactive,1,274,2,109.8,1,2,1,121,409.7079285851228,0.0584462988235965,0.9943818624094384,0.9999776962114252,High,Low Priority: Automated email only
13134,Silver Tier,0,86,4,1793.58,2,4,4,244,1781.078164608378,0.148444426448427,0.998655134441008,2.2303788574997995e-05,Low,Maintain: Standard loyalty program
13135,Inactive,1,197,1,3096.0,1,1,5,115,437.3675776942195,0.0374409338089959,1.0,0.9999776962114252,High,Low Priority: Automated email only
13136,Silver Tier,0,56,5,2607.61,3,4,5,345,2776.819184963866,0.1633100374122498,0.999080494653485,2.2303788574990344e-05,Low,Maintain: Standard loyalty program
13137,Silver Tier,0,11,8,3603.29,5,5,5,555,3328.8553200275564,0.249091799972299,0.9996672336770032,2.230378857499007e-05,Low,Maintain: Standard loyalty program
13138,Silver Tier,0,22,6,962.39,4,5,4,454,904.3317068052178,0.1585068637148734,0.9995691263289104,2.2303788574989992e-05,Low,Maintain: Standard loyalty program
13139,Silver Tier,0,16,7,5064.94,4,5,5,455,4999.174843636899,0.2131288599656949,0.99957202743988,2.2303788574990107e-05,Low,Maintain: Standard loyalty program
13140,Silver Tier,0,108,3,422.47,2,3,2,232,516.6330752182705,0.0779114858833237,0.9990064677906776,0.9999776962114252,High,Send: Standard win-back offer
13141,Silver Tier,0,85,5,2388.75,2,4,5,245,1895.4069756575896,0.119485005923474,0.9989898608064678,2.2303788574996528e-05,Low,Maintain: Standard loyalty program
13142,Silver Tier,0,19,1,307.09000000000003,4,1,2,412,1316.965589877716,0.1128248642298541,1.0,2.230378857499007e-05,Low,Maintain: Standard loyalty program
13144,Inactive,1,333,1,110.95,1,1,1,111,289.04685668528043,0.024739931804691,1.0,0.9999776962114252,High,Low Priority: Automated email only
13145,Silver Tier,0,40,4,618.52,3,4,3,343,565.8236694450436,0.1040852835172594,0.9994400772588418,2.2303788574989992e-05,Low,Maintain: Standard loyalty program
13146,Silver Tier,0,26,1,228.91,4,1,1,411,1219.9222926807831,0.1045036164576723,1.0,2.2303788574990107e-05,Low,Maintain: Standard loyalty program
13147,Silver Tier,0,10,4,712.8,5,4,3,543,1984.8345684832384,0.2733265609479372,0.9995030748167276,2.230378857499003e-05,Low,Maintain: Standard loyalty program
13148,Silver Tier,0,29,12,3683.26,4,5,5,455,2864.2807282403137,0.1891353294685886,0.9995303913300624,2.230378857499007e-05,Low,Maintain: Standard loyalty program
13149,Silver Tier,0,14,4,1676.06,4,4,4,444,1543.905443139317,0.1282356193092953,0.9995423072287388,2.2303788574989992e-05,Low,Maintain: Standard loyalty program
13151,Inactive,1,296,1,1257.87,1,1,4,114,318.42472877685196,0.0272553224658869,1.0,0.9999776962114252,High,Low Priority: Automated email only
13153,Silver Tier,0,6,1,486.22,5,1,2,512,1566.149238768915,0.1341959535906739,1.0,2.2303788574990185e-05,Low,Maintain: Standard loyalty program
13155,Silver Tier,0,33,4,971.76,4,4,4,444,761.9452284313682,0.1050412785228315,0.9994694259045755,2.2303788574989992e-05,Low,Maintain: Standard loyalty program
13157,Silver Tier,0,49,4,1741.22,3,4,4,344,1712.315969278885,0.1250623515281218,0.9993201822455372,2.2303788574990107e-05,Low,Maintain: Standard loyalty program
13158,Silver Tier,0,95,4,1201.06,2,4,4,244,1142.7192873319725,0.1185432739918275,0.9988610369375032,0.9999776962114252,High,Send: Standard win-back offer
13159,Silver Tier,0,9,4,1429.35,5,4,4,544,2450.546190805746,0.24955583942489,0.9995342312732852,2.230378857499003e-05,Low,Maintain: Standard loyalty program
13160,Silver Tier,0,22,1,91.8,4,1,1,411,1273.5470319616638,0.1091017025711163,1.0,2.2303788574990185e-05,Low,Maintain: Standard loyalty program
13161,Inactive,1,313,1,112.75,1,1,1,111,303.42198975554805,0.0259707398226686,1.0,0.9999776962114252,High,Low Priority: Automated email only
13162,Silver Tier,0,122,4,1688.29,2,4,4,244,1089.4942610872824,0.1137878424697794,0.998439782737418,0.9999776962114252,High,Send: Standard win-back offer
13165,Silver Tier,0,46,2,1021.48,3,2,4,324,780.6320677686238,0.0521649132066533,0.9993704889325172,2.230378857499003e-05,Low,Maintain: Standard loyalty program
13166,Inactive,1,283,1,417.2,1,1,2,112,329.2789155637291,0.0281847170791603,1.0,0.9999776962114252,High,Low Priority: Automated email only
13167,Silver Tier,0,19,4,791.33,4,4,3,443,1506.1959112753875,0.2165638002796186,0.9994482485103824,2.2303788574989992e-05,Low,Maintain: Standard loyalty program
13168,Silver Tier,0,36,4,1299.59,3,4,4,344,928.7149155284033,0.1186106977633704,0.9994291584014192,2.230378857499003e-05,Low,Maintain: Standard loyalty program
13169,Silver Tier,0,64,2,712.88,3,2,3,323,612.2040008701827,0.0682486920378462,0.999240937807228,2.2303788574990625e-05,Low,Maintain: Standard loyalty program
13170,Silver Tier,0,27,1,108.81,4,1,1,411,1219.9222926807831,0.1045036164576723,1.0,2.2303788574990185e-05,Low,Maintain: Standard loyalty program
13171,Silver Tier,0,22,3,468.41,4,3,2,432,663.3963241220863,0.0921430815460796,0.9994762552885758,2.230378857499003e-05,Low,Maintain: Standard loyalty program
13173,Silver Tier,0,4,2,353.65000000000003,5,2,2,522,437.766331471376,0.0502558278090625,0.9994820049623522,2.2303788574990185e-05,Low,Maintain: Standard loyalty program
13174,Silver Tier,0,16,3,2742.82,4,3,5,435,1279.1070274022156,0.0774165243538385,0.9995071928974644,2.230378857499007e-05,Low,Maintain: Standard loyalty program
13176,Silver Tier,0,46,1,481.49,3,1,2,312,1007.7639635956134,0.0863149271016233,1.0,2.230378857499007e-05,Low,Maintain: Standard loyalty program
13177,Silver Tier,0,65,1,282.45,3,1,2,312,871.382211660038,0.0746253479085986,1.0,2.2303788574990663e-05,Low,Maintain: Standard loyalty program
13178,Silver Tier,0,26,11,5725.47,4,5,5,455,4193.369790858868,0.3027670257705593,0.9995705358748642,2.2303788574990107e-05,Low,Maintain: Standard loyalty program
13182,Silver Tier,0,45,1,121.18,3,1,1,311,1016.603648575807,0.087072670047252,1.0,2.2303788574990148e-05,Low,Maintain: Standard loyalty program
13183,Silver Tier,0,8,9,3957.78,5,5,5,555,3076.9061006332786,0.2628013394552609,0.9997081653796224,2.2303788574990185e-05,Low,Maintain: Standard loyalty program
13184,Silver Tier,0,15,10,1668.95,4,5,4,454,1753.8583634767808,0.2949995800895519,0.9996448209517635,2.230378857499003e-05,Low,Maintain: Standard loyalty program
13185,Inactive,1,268,1,71.4,1,1,1,111,344.95708979870165,0.0295272034380185,1.0,0.9999776962114252,High,Low Priority: Automated email only
13186,Silver Tier,0,40,3,1575.89,3,3,4,334,1636.5262246387174,0.172107745916068,0.9991724497915244,2.2303788574989992e-05,Low,Maintain: Standard loyalty program
13187,Inactive,1,337,1,236.02,1,1,1,111,285.48753173798195,0.0244351857844746,1.0,0.9999776962114252,High,Low Priority: Automated email only
13188,Silver Tier,0,11,1,114.6,5,1,1,511,1448.6733665307254,0.1241199846914916,1.0,2.2303788574990226e-05,Low,Maintain: Standard loyalty program
13189,Silver Tier,0,19,2,260.68,4,2,2,422,953.036599963996,0.1191056636965998,0.9993852771248918,2.230378857499007e-05,Low,Maintain: Standard loyalty program
13192,Silver Tier,0,95,2,911.94,2,2,3,223,967.2264113640928,0.0799313822960502,0.9988917819423015,0.9999776962114252,High,Send: Standard win-back offer
13193,Silver Tier,0,61,1,112.08,3,1,1,311,891.4895806459505,0.0763486566622308,1.0,2.23037885749911e-05,Low,Maintain: Standard loyalty program
13194,Silver Tier,0,136,1,60.7,2,1,1,211,568.1314526115447,0.048641413776145,1.0,0.9999776962114252,High,Send: Standard win-back offer
13196,Silver Tier,0,11,4,1797.78,5,4,4,544,1612.005166519793,0.1024493950587667,0.9995119240066452,2.230378857499003e-05,Low,Maintain: Standard loyalty program
13198,Silver Tier,0,10,6,3401.24,5,5,5,555,2596.8424817915225,0.1625728963312772,0.9996332141840512,2.230378857499003e-05,Low,Maintain: Standard loyalty program
13199,Gold Tier,3,4,38,9817.12,5,5,5,555,7546.392189094372,0.9056166247783412,0.9998857124350444,2.230378857499157e-05,Low,Maintain: VIP loyalty program
13200,Silver Tier,0,19,4,870.09,4,4,3,443,1641.1352880099032,0.2354448996051124,0.999418350400035,2.2303788574989992e-05,Low,Maintain: Standard loyalty program
13203,Silver Tier,0,10,4,869.46,5,4,3,543,1182.1902111900793,0.147623232074717,0.9995603698847866,2.230378857499003e-05,Low,Maintain: Standard loyalty program
13207,Silver Tier,0,15,2,250.26,4,2,2,422,695.1070821835909,0.1000663993777211,0.9994201786460007,2.230378857499007e-05,Low,Maintain: Standard loyalty program
13208,Silver Tier,0,59,6,1217.65,3,5,4,354,1291.0349207173676,0.184854073421501,0.9991561459573536,2.2303788574990385e-05,Low,Maintain: Standard loyalty program
13209,Silver Tier,0,30,8,5891.61,4,5,5,455,4494.791234667556,0.1625532871920595,0.9995126409070412,2.230378857499007e-05,Low,Maintain: Standard loyalty program
13210,Silver Tier,0,94,1,353.48,2,1,2,212,715.4065893045822,0.0612591126605566,1.0,0.9999776962114252,High,Send: Standard win-back offer
13211,Silver Tier,0,10,3,1095.42,5,3,4,534,1029.427853396639,0.0788585943438168,0.9995258838636132,2.230378857499003e-05,Low,Maintain: Standard loyalty program
13212,Silver Tier,0,20,3,786.83,4,3,3,433,2144.0589814215346,0.1686026765184174,0.999320202319649,2.2303788574989992e-05,Low,Maintain: Standard loyalty program
13213,Silver Tier,0,57,5,1520.58,3,4,4,344,1836.310346133434,0.1712268045920735,0.999036755541482,2.2303788574990307e-05,Low,Maintain: Standard loyalty program
13216,Inactive,1,268,1,333.74,1,1,2,112,344.95708979870165,0.0295272034380185,1.0,0.9999776962114252,High,Low Priority: Automated email only
13217,Silver Tier,0,122,3,533.98,2,3,3,233,1242.8819005269202,0.1501988516208835,0.9959706673238452,0.9999776962114252,High,Send: Standard win-back offer
13218,Silver Tier,0,127,1,62.63999999999999,2,1,1,211,591.3177516889655,0.0506276833552048,1.0,0.9999776962114252,High,Send: Standard win-back offer
13220,Silver Tier,0,78,4,819.2900000000001,2,4,3,243,1237.2147801289052,0.1504111767531842,0.9987839352098408,2.2303788574992404e-05,Low,Maintain: Standard loyalty program
13221,Inactive,1,240,2,847.41,1,2,3,123,552.9176982190947,0.0511048230768775,0.9977140527133156,0.9999776962114252,High,Low Priority: Automated email only
13223,Inactive,1,200,2,163.2,1,2,1,121,513.3355729070215,0.0725680101736838,0.9962646045302976,0.9999776962114252,High,Low Priority: Automated email only
13224,Silver Tier,0,60,2,2155.95,3,2,5,325,1849.3718958770755,0.0995783487502062,0.9990888581578304,2.2303788574990385e-05,Low,Maintain: Standard loyalty program
13225,Silver Tier,0,3,7,6463.84,5,5,5,555,4294.5387009608185,0.1904861342098909,0.9996930992820589,2.2303788574990226e-05,Low,Maintain: Standard loyalty program
13226,Inactive,1,273,1,108.21,1,1,1,111,338.9058777262529,0.0290090469607568,1.0,0.9999776962114252,High,Low Priority: Automated email only
13227,Inactive,1,202,1,257.7,1,1,2,112,429.2691259765146,0.0367473536403994,1.0,0.9999776962114252,High,Low Priority: Automated email only
13228,Silver Tier,0,81,1,358.0,2,1,2,212,772.6333322467653,0.0661627642284102,1.0,2.2303788574992963e-05,Low,Maintain: Standard loyalty program
13229,Inactive,1,226,1,160.95,1,1,1,111,394.2306785524733,0.0337466576787745,1.0,0.9999776962114252,High,Low Priority: Automated email only
13230,Silver Tier,0,4,14,2755.63,5,5,5,555,2381.2850458363546,0.3546387673314305,0.9997819058206886,2.2303788574990307e-05,Low,Maintain: Standard loyalty program
13232,Silver Tier,0,13,7,1328.35,5,5,4,554,1743.782226078268,0.2625281690067395,0.9996175992502738,2.230378857499003e-05,Low,Maintain: Standard loyalty program
13233,Silver Tier,0,74,2,605.12,2,2,3,223,551.0676279762857,0.0540915872550631,0.9992637691952576,2.230378857499201e-05,Low,Maintain: Standard loyalty program
13235,Inactive,1,212,1,1031.07,1,1,4,114,412.4669332194865,0.0353083875558034,1.0,0.9999776962114252,High,Low Priority: Automated email only
13236,Silver Tier,0,25,2,744.85,4,2,3,423,1282.892237849508,0.1252276301944267,0.9993331520461868,2.230378857499003e-05,Low,Maintain: Standard loyalty program
13238,Silver Tier,0,17,4,700.73,4,4,3,443,788.8947917210306,0.1070081784361577,0.999541359923187,2.2303788574989992e-05,Low,Maintain: Standard loyalty program
13239,Inactive,1,262,1,329.56,1,1,2,112,351.2283290459734,0.0300642070730911,1.0,0.9999776962114252,High,Low Priority: Automated email only
13240,Silver Tier,0,96,4,663.65,2,4,3,243,657.726905949656,0.1057154755273539,0.9989776962637216,0.9999776962114252,High,Send: Standard win-back offer
13242,Silver Tier,0,112,3,270.40000000000003,2,3,2,232,654.6515548045437,0.0776495089713633,0.9987166937148948,0.9999776962114252,High,Send: Standard win-back offer
13243,Inactive,1,203,1,585.12,1,1,3,113,426.1131061294917,0.0364770637159116,1.0,0.9999776962114252,High,Low Priority: Automated email only
13244,Silver Tier,0,93,1,121.74,2,1,1,211,719.8496572064222,0.0616398154300816,1.0,0.9999776962114252,High,Send: Standard win-back offer
13245,Silver Tier,0,51,1,430.5,3,1,2,312,973.891045138813,0.0834114029271052,1.0,2.2303788574990263e-05,Low,Maintain: Standard loyalty program
13246,Silver Tier,0,18,6,1961.52,4,5,4,454,1687.974332211244,0.1751974422429445,0.9995815217760085,2.2303788574989992e-05,Low,Maintain: Standard loyalty program
13247,Silver Tier,0,18,4,501.12,4,4,3,443,1389.5170427181652,0.304078112552399,0.999379394527544,2.230378857499003e-05,Low,Maintain: Standard loyalty program
13248,Silver Tier,0,125,2,465.68,2,2,2,222,617.6055300927125,0.0848410787380765,0.99831556527721,0.9999776962114252,High,Send: Standard win-back offer
13249,Silver Tier,0,92,3,711.41,2,3,3,233,823.0890596976096,0.1026952720636689,0.9988830305761368,0.9999776962114252,High,Send: Standard win-back offer
13253,Inactive,1,157,2,1030.4,2,2,4,224,724.0046229291445,0.0536673694032166,0.998772447433228,0.9999776962114252,High,Low Priority: Automated email only
13255,Silver Tier,0,9,2,399.51,5,2,2,522,422.8257509117952,0.0495729487683449,0.9994711522575644,2.230378857499007e-05,Low,Maintain: Standard loyalty program
13258,Silver Tier,0,12,3,672.83,5,3,3,533,1051.8606604207823,0.1237673112704688,0.999501920636032,2.230378857499003e-05,Low,Maintain: Standard loyalty program
13259,Silver Tier,0,62,1,283.18,3,1,2,312,891.4895806459505,0.0763486566622308,1.0,2.2303788574990663e-05,Low,Maintain: Standard loyalty program
13260,Silver Tier,0,61,1,557.62,3,1,3,313,891.4895806459505,0.0763486566622308,1.0,2.2303788574990544e-05,Low,Maintain: Standard loyalty program
13261,Inactive,1,269,2,944.1,1,2,4,124,464.5750931506053,0.061515760489437,0.9932796609509336,0.9999776962114252,High,Low Priority: Automated email only
13262,Inactive,1,263,1,200.29,1,1,1,111,349.1127321634966,0.0298830486396042,1.0,0.9999776962114252,High,Low Priority: Automated email only
13263,Gold Tier,3,1,35,7436.93,5,5,5,555,6590.800427962158,0.9998896848532596,0.9999010166886216,2.2303788574991693e-05,Low,Maintain: VIP loyalty program
13265,Silver Tier,0,53,5,2092.66,3,4,5,345,2090.92418781313,0.1692592382643321,0.9992053821274726,2.2303788574990307e-05,Low,Maintain: Standard loyalty program
13266,Silver Tier,0,11,12,3834.26,5,5,5,555,4050.846810325224,0.4366452757533752,0.99969160422762,2.2303788574990107e-05,Low,Maintain: Standard loyalty program
13267,Gold Tier,3,3,19,4521.49,5,5,5,555,3539.8615088089905,0.3814170243456399,0.9998045965534256,2.2303788574990385e-05,Low,Maintain: VIP loyalty program
13268,Silver Tier,0,18,11,3174.75,4,5,5,455,2919.7444713324853,0.3508960908655147,0.9996118054764992,2.230378857499007e-05,Low,Maintain: Standard loyalty program
13269,Gold Tier,3,1,15,5343.28,5,5,5,555,4109.251521330994,0.351406025334095,0.9998005669449714,2.2303788574990463e-05,Low,Maintain: VIP loyalty program
13270,Inactive,1,366,1,590.0,1,1,3,113,266.45689100090283,0.0228058387806504,1.0,0.9999776962114252,High,Low Priority: Automated email only
13271,Silver Tier,0,37,1,211.49,3,1,1,311,1093.3262542128698,0.0936497419097193,1.0,2.230378857499007e-05,Low,Maintain: Standard loyalty program
13272,Silver Tier,0,31,2,276.56,4,2,2,422,1113.1314361069244,0.1386961563020515,0.9992409365777384,2.230378857499003e-05,Low,Maintain: Standard loyalty program
13273,Silver Tier,0,113,1,138.98,2,1,1,211,636.7983907445174,0.0545240340700973,1.0,0.9999776962114252,High,Send: Standard win-back offer
13276,Silver Tier,0,64,2,590.9300000000001,3,2,3,323,1587.2299863384571,0.1303783422614607,0.9987982384295816,2.2303788574990625e-05,Low,Maintain: Standard loyalty program
13277,Silver Tier,0,16,4,258.4,4,4,2,442,1018.1061399950084,0.2272947196609446,0.9994721366101552,2.2303788574990107e-05,Low,Maintain: Standard loyalty program
13278,Silver Tier,0,41,1,542.73,3,1,3,313,1063.2353258039057,0.091070109272735,1.0,2.230378857499003e-05,Low,Maintain: Standard loyalty program
13279,Silver Tier,0,78,1,137.75,2,1,1,211,788.3999061904082,0.0675138464403072,1.0,2.230378857499288e-05,Low,Maintain: Standard loyalty program
13280,Silver Tier,0,122,3,798.46,2,3,3,233,734.4134817263592,0.0834590493763851,0.998782428274452,0.9999776962114252,High,Send: Standard win-back offer
13282,Silver Tier,0,18,3,1132.14,4,3,4,434,1325.0865176263285,0.1173375047524631,0.9994679698765168,2.2303788574989992e-05,Low,Maintain: Standard loyalty program
13283,Silver Tier,0,60,2,93.66,3,2,1,321,616.55703383035,0.0862517750562283,0.9991746193031092,2.2303788574990937e-05,Low,Maintain: Standard loyalty program
13284,Inactive,1,331,1,201.19,1,1,1,111,290.4955624637694,0.0248639692603859,1.0,0.9999776962114252,High,Low Priority: Automated email only
13285,Silver Tier,0,23,4,2709.12,4,4,5,445,2182.4618675710035,0.1278721293712559,0.9994938202701656,2.230378857499003e-05,Low,Maintain: Standard loyalty program
13291,Inactive,1,156,1,361.11,2,1,2,212,517.4111282486208,0.0442966969343705,1.0,0.9999776962114252,High,Low Priority: Automated email only
13292,Silver Tier,0,39,2,578.9399999999999,3,2,3,323,655.3754142579589,0.0620685045854528,0.9993728961236114,2.2303788574989992e-05,Low,Maintain: Standard loyalty program
13294,Inactive,1,190,2,873.74,1,2,3,123,780.5157432702881,0.0687628173733839,0.997356722519015,0.9999776962114252,High,Low Priority: Automated email only
13295,Inactive,1,360,1,201.2,1,1,1,111,270.81439185105637,0.0231789093405089,1.0,0.9999776962114252,High,Low Priority: Automated email only
13296,Silver Tier,0,137,1,87.4,2,1,1,211,562.6162538325339,0.0481689620622456,1.0,0.9999776962114252,High,Send: Standard win-back offer
13297,Silver Tier,0,8,4,2089.85,5,4,5,545,2786.2279074268195,0.2494299949529129,0.9994849030772344,2.2303788574990107e-05,Low,Maintain: Standard loyalty program
13298,Silver Tier,0,1,1,360.0,5,1,2,512,1655.6594005589177,0.141874112218269,1.0,2.2303788574990263e-05,Low,Maintain: Standard loyalty program
13299,Inactive,1,268,1,142.5,1,1,1,111,343.9335921559132,0.029439562388341,1.0,0.9999776962114252,High,Low Priority: Automated email only
13300,Inactive,1,169,1,371.89,2,1,2,212,486.97869006985377,0.0416900301009724,1.0,0.9999776962114252,High,Low Priority: Automated email only
13301,Silver Tier,0,104,4,618.09,2,4,3,243,794.3208996784267,0.1270472769061643,0.9985800807806434,0.9999776962114252,High,Send: Standard win-back offer
13302,Inactive,1,155,1,63.75,2,1,1,211,517.4111282486208,0.0442966969343705,1.0,0.9999776962114252,High,Low Priority: Automated email only
13304,Inactive,1,351,1,300.42,1,1,2,112,275.9722362853422,0.0236205063046922,1.0,0.9999776962114252,High,Low Priority: Automated email only
13305,Silver Tier,0,4,10,2000.86,5,5,4,554,1735.4350765843649,0.2673697212764736,0.9997451046586168,2.2303788574990107e-05,Low,Maintain: Standard loyalty program
13307,Silver Tier,0,120,1,15.0,2,1,1,211,613.2158625724459,0.0525036699144569,1.0,0.9999776962114252,High,Send: Standard win-back offer
13308,Silver Tier,0,23,3,1385.51,4,3,4,434,1166.8558285818467,0.1246695518532984,0.9994369777487946,2.2303788574989992e-05,Low,Maintain: Standard loyalty program
13309,Silver Tier,0,7,5,1456.79,5,4,4,544,1295.1063778323294,0.1536048129170374,0.9996140164243192,2.230378857499007e-05,Low,Maintain: Standard loyalty program
13310,Silver Tier,0,28,3,1132.03,4,3,4,434,924.06054572149,0.0862783021350588,0.9994533419918128,2.2303788574989992e-05,Low,Maintain: Standard loyalty program
13311,Silver Tier,0,4,2,598.57,5,2,3,523,767.9020439968582,0.1000717090474226,0.9994732093443632,2.2303788574990148e-05,Low,Maintain: Standard loyalty program
13313,Silver Tier,0,22,5,1555.3200000000002,4,4,4,444,1337.50520921105,0.1419208460354128,0.9995392593145778,2.2303788574989992e-05,Low,Maintain: Standard loyalty program
13314,Silver Tier,0,2,3,775.94,5,3,3,533,1608.645562787919,0.2388992494913479,0.9995474319579536,2.2303788574990148e-05,Low,Maintain: Standard loyalty program
13316,Silver Tier,0,37,4,5732.93,3,4,5,345,4414.379790423776,0.142110864257609,0.999374202183376,2.230378857499007e-05,Low,Maintain: Standard loyalty program
13317,Silver Tier,0,66,6,2273.68,3,5,5,355,1829.7693159094297,0.1074784867132165,0.999253140763087,2.230378857499157e-05,Low,Maintain: Standard loyalty program
13318,Silver Tier,0,1,3,640.76,5,3,3,533,2329.964933110341,0.3200998401002074,0.999544333055815,2.2303788574990226e-05,Low,Maintain: Standard loyalty program
13319,Gold Tier,3,5,26,10845.55,5,5,5,555,8055.879853986061,0.4652451518616396,0.9998079212758196,2.2303788574990585e-05,Low,Maintain: VIP loyalty program
13320,Silver Tier,0,78,4,1532.2,2,4,4,244,1610.1330334337038,0.1201817892133787,0.998892505936495,2.2303788574993475e-05,Low,Maintain: Standard loyalty program
13321,Silver Tier,0,72,2,567.36,3,2,3,323,1452.0093598550854,0.1412640138930688,0.9984062404479086,2.2303788574991337e-05,Low,Maintain: Standard loyalty program
13322,Silver Tier,0,17,1,199.48,4,1,1,411,1347.594640248632,0.1154514310307538,1.0,2.2303788574990107e-05,Low,Maintain: Standard loyalty program
13323,Silver Tier,0,3,5,787.85,5,4,3,543,2367.360526620512,0.378612969352319,0.9996120222391844,2.2303788574990148e-05,Low,Maintain: Standard loyalty program
13324,Silver Tier,0,36,10,7121.95,3,5,5,355,5174.292600471281,0.1629248537230654,0.9994671293876491,2.2303788574990107e-05,Low,Maintain: Standard loyalty program
13325,Silver Tier,0,82,1,675.3,2,1,3,213,772.6333322467653,0.0661627642284102,1.0,2.230378857499344e-05,Low,Maintain: Standard loyalty program
13327,Silver Tier,0,39,8,3627.77,3,5,5,355,2493.3059797578694,0.1886848722530372,0.9994531682273758,2.230378857499003e-05,Low,Maintain: Standard loyalty program
13328,Inactive,1,316,1,1308.48,1,1,4,114,301.05791158816436,0.0257683234506782,1.0,0.9999776962114252,High,Low Priority: Automated email only
13329,Silver Tier,0,32,2,789.0,4,2,3,423,634.069567521921,0.0503681072243755,0.9994170325850662,2.2303788574989992e-05,Low,Maintain: Standard loyalty program
13330,Silver Tier,0,93,3,1140.93,2,3,4,234,1010.8282997773396,0.088264224148732,0.9990381893468048,0.9999776962114252,High,Send: Standard win-back offer
13332,Silver Tier,0,14,1,350.9,4,1,2,412,1396.3067155040203,0.1196288779998455,1.0,2.230378857499007e-05,Low,Maintain: Standard loyalty program
13334,Silver Tier,0,82,3,3502.32,2,3,5,235,1894.2990151409756,0.0906310390317031,0.999107269448092,2.230378857499605e-05,Low,Maintain: Standard loyalty program
13336,Silver Tier,0,77,1,795.12,2,1,3,213,793.7994213099503,0.0679765533927228,1.0,2.230378857499201e-05,Low,Maintain: Standard loyalty program
13338,Inactive,1,158,1,487.02,2,1,2,212,512.832809797066,0.0439045356922351,1.0,0.9999776962114252,High,Low Priority: Automated email only
13339,Inactive,1,201,1,860.12,1,1,3,113,430.86473332273926,0.03688400629652,1.0,0.9999776962114252,High,Low Priority: Automated email only
13340,Silver Tier,0,45,7,10736.48,3,5,5,355,6899.445554022972,0.1678042710717691,0.9993078715003646,2.2303788574990148e-05,Low,Maintain: Standard loyalty program
13341,Inactive,1,261,1,775.85,1,1,3,113,352.2957723378669,0.0301556124645647,1.0,0.9999776962114252,High,Low Priority: Automated email only
13343,Inactive,1,178,1,353.43,2,1,2,212,471.1438391061143,0.0403337640782646,1.0,0.9999776962114252,High,Low Priority: Automated email only
13344,Silver Tier,0,68,3,2511.69,3,3,5,335,1103.3715383280537,0.0633164671270131,0.9992454420340025,2.230378857499157e-05,Low,Maintain: Standard loyalty program
13345,Inactive,1,288,1,389.5,1,1,2,112,325.5795547475773,0.0278679553693218,1.0,0.9999776962114252,High,Low Priority: Automated email only
13347,Silver Tier,0,70,1,341.35999999999996,3,1,2,312,833.7714421202147,0.0714020364259883,1.0,2.2303788574991378e-05,Low,Maintain: Standard loyalty program
13348,Silver Tier,0,64,1,233.76,3,1,1,311,871.382211660038,0.0746253479085986,1.0,2.2303788574990663e-05,Low,Maintain: Standard loyalty program
13349,Silver Tier,0,11,1,247.32,5,1,1,511,1467.013040655582,0.1256929055747151,1.0,2.230378857499007e-05,Low,Maintain: Standard loyalty program
13350,Silver Tier,0,16,2,979.12,4,2,4,424,1568.944545111294,0.1480925228867352,0.9993722544601846,2.230378857499003e-05,Low,Maintain: Standard loyalty program
13351,Silver Tier,0,66,1,373.94,3,1,2,312,858.4738053899073,0.0735190544599296,1.0,2.2303788574990744e-05,Low,Maintain: Standard loyalty program
13352,Silver Tier,0,60,1,397.98,3,1,2,312,898.3998783426291,0.0769409172535742,1.0,2.2303788574990426e-05,Low,Maintain: Standard loyalty program
13354,Silver Tier,0,71,1,743.53,3,1,3,313,827.8164177882809,0.0708916959513835,1.0,2.2303788574991415e-05,Low,Maintain: Standard loyalty program
13355,Silver Tier,0,122,1,674.7,2,1,3,213,606.7954794472454,0.051953635869414,1.0,0.9999776962114252,High,Send: Standard win-back offer
13356,Silver Tier,0,80,1,768.24,2,1,3,213,777.8183113846773,0.0666070762236167,1.0,2.230378857499308e-05,Low,Maintain: Standard loyalty program
13357,Inactive,1,257,1,609.4,1,1,3,113,355.5373916352416,0.0304331941772572,1.0,0.9999776962114252,High,Low Priority: Automated email only
13358,Inactive,1,269,1,439.03,1,1,2,112,343.9335921559132,0.029439562388341,1.0,0.9999776962114252,High,Low Priority: Automated email only
13359,Silver Tier,0,64,1,439.56,3,1,2,312,877.9831095133258,0.075191074676543,1.0,2.2303788574990663e-05,Low,Maintain: Standard loyalty program
13362,Silver Tier,0,9,4,3090.74,5,4,5,545,2406.816196358739,0.128959356445437,0.999566650706971,2.230378857499007e-05,Low,Maintain: Standard loyalty program
13363,Silver Tier,0,18,2,992.5,4,2,4,424,2216.234907502169,0.1957191128813039,0.9993119075068017,2.230378857499003e-05,Low,Maintain: Standard loyalty program
13364,Silver Tier,0,71,1,134.96,3,1,1,311,827.8164177882809,0.0708916959513835,1.0,2.2303788574991852e-05,Low,Maintain: Standard loyalty program
13365,Silver Tier,0,34,2,2225.37,3,2,5,325,2004.06763112118,0.0766127040412799,0.9993628370176816,2.2303788574989992e-05,Low,Maintain: Standard loyalty program
13366,Silver Tier,0,50,1,56.16,3,1,1,311,973.891045138813,0.0834114029271052,1.0,2.2303788574990625e-05,Low,Maintain: Standard loyalty program
13368,Inactive,1,257,2,623.4,1,2,3,123,750.1270659196837,0.0538288716026507,0.9968663424529484,0.9999776962114252,High,Low Priority: Automated email only
13369,Inactive,1,366,1,308.28000000000003,1,1,2,112,267.07078577809557,0.0228583976149709,1.0,0.9999776962114252,High,Low Priority: Automated email only
13370,Inactive,1,372,1,754.87,1,1,3,113,263.4292704434109,0.0225466288937982,1.0,0.9999776962114252,High,Low Priority: Automated email only
13372,Silver Tier,0,90,1,378.64,2,1,2,212,733.5163099957323,0.0628108542508325,1.0,2.2303788574999817e-05,Low,Maintain: Standard loyalty program
13373,Silver Tier,0,61,3,3312.25,3,3,5,335,2456.15366441566,0.0982641384037498,0.9992388506160492,2.230378857499205e-05,Low,Maintain: Standard loyalty program
13375,Silver Tier,0,89,1,778.65,2,1,3,213,738.1879265173318,0.0632111513215991,1.0,2.2303788574999855e-05,Low,Maintain: Standard loyalty program
13376,Silver Tier,0,99,3,1019.76,2,3,4,234,1119.637257170714,0.1118221077629802,0.9986434633186306,0.9999776962114252,High,Send: Standard win-back offer
13379,Silver Tier,0,26,3,572.56,4,3,3,433,1349.983557007314,0.1654177736524774,0.9993491441440864,2.230378857499003e-05,Low,Maintain: Standard loyalty program
13381,Silver Tier,0,32,6,3639.31,4,5,5,455,3221.5796793337095,0.1904548132576987,0.9994652425270526,2.230378857499003e-05,Low,Maintain: Standard loyalty program
13382,Inactive,1,281,1,222.99,1,1,1,111,332.1090813134735,0.0284270546220449,1.0,0.9999776962114252,High,Low Priority: Automated email only
13384,Silver Tier,0,31,7,4151.93,4,5,5,455,4469.948068466897,0.2829734703069554,0.9993199768723215,2.230378857499007e-05,Low,Maintain: Standard loyalty program
13385,Inactive,1,330,1,534.57,1,1,3,113,291.2253748813861,0.0249264555710647,1.0,0.9999776962114252,High,Low Priority: Automated email only
13388,Silver Tier,0,131,2,677.1,2,2,3,223,579.492748197398,0.0496146769856583,1.0,0.9999776962114252,High,Send: Standard win-back offer
13389,Silver Tier,0,11,3,797.96,5,3,3,533,1023.927977972005,0.1126626790977071,0.9995071657606092,2.230378857499003e-05,Low,Maintain: Standard loyalty program
13390,Silver Tier,0,75,1,544.08,2,1,3,213,810.4510859892586,0.0694035271114614,1.0,2.230378857499233e-05,Low,Maintain: Standard loyalty program
13391,Inactive,1,204,1,59.8,1,1,1,111,426.1131061294917,0.0364770637159116,1.0,0.9999776962114252,High,Low Priority: Automated email only
13394,Silver Tier,0,2,8,2520.02,5,5,5,555,2300.601627814754,0.248446971218429,0.9997247228146878,2.2303788574990148e-05,Low,Maintain: Standard loyalty program
13395,Inactive,1,185,1,307.72,1,1,2,112,456.3063996534212,0.0390629622146184,1.0,0.9999776962114252,High,Low Priority: Automated email only
13396,Silver Tier,0,29,2,1360.99,4,2,4,424,1071.2325216009635,0.0564705469870483,0.9994130230156292,2.2303788574989992e-05,Low,Maintain: Standard loyalty program
13397,Silver Tier,0,73,5,1544.13,2,4,4,244,1333.9693991715428,0.1418585097329155,0.9991002288030838,2.230378857499177e-05,Low,Maintain: Standard loyalty program
13398,Inactive,1,192,1,457.34,1,1,2,112,444.0697294609968,0.0380149377449266,1.0,0.9999776962114252,High,Low Priority: Automated email only
13402,Silver Tier,0,127,2,621.23,2,2,3,223,513.8091975231908,0.0496645968447695,0.9990530507513496,0.9999776962114252,High,Send: Standard win-back offer
13403,Silver Tier,0,18,1,75.0,4,1,1,411,1347.594640248632,0.1154514310307538,1.0,2.2303788574990185e-05,Low,Maintain: Standard loyalty program
13404,Silver Tier,0,1,2,252.49,5,2,2,522,523.4292494956887,0.0779860569070559,0.9994873226802372,2.23037885749909e-05,Low,Maintain: Standard loyalty program
13405,Silver Tier,0,74,3,572.451,2,3,3,233,698.3148329889791,0.0878201868454313,0.9991905608973856,2.230378857499177e-05,Low,Maintain: Standard loyalty program
13408,Gold Tier,3,2,62,28117.04,5,5,5,555,20876.55023387551,1.1085135954082437,0.9999175832222212,2.230378857499205e-05,Low,Maintain: VIP loyalty program
13410,Silver Tier,0,24,5,1003.06,4,4,4,444,1081.2615019413176,0.1608430174057809,0.999508090967718,2.230378857499003e-05,Low,Maintain: Standard loyalty program
13411,Silver Tier,0,107,1,213.55,2,1,1,211,658.5049988584291,0.0563837524676322,1.0,0.9999776962114252,High,Send: Standard win-back offer
13414,Silver Tier,0,134,3,1390.5,2,3,4,234,1224.3870508682248,0.092800957821162,0.99840424581404,0.9999776962114252,High,Send: Standard win-back offer
13416,Silver Tier,0,44,2,712.5,3,2,3,323,1747.5172740874586,0.1460705560442869,0.9990559460550869,2.2303788574989992e-05,Low,Maintain: Standard loyalty program
13417,Silver Tier,0,5,2,640.83,5,2,3,523,923.1314017789894,0.0799781942581413,0.9994767847645502,2.2303788574990148e-05,Low,Maintain: Standard loyalty program
13418,Gold Tier,3,12,18,6127.43,5,5,5,555,4463.174541989253,0.3489912176252328,0.9997322239869976,2.2303788574990307e-05,Low,Maintain: VIP loyalty program
13419,Silver Tier,0,64,1,221.06,3,1,1,311,877.9831095133258,0.075191074676543,1.0,2.2303788574990703e-05,Low,Maintain: Standard loyalty program
13420,Inactive,1,150,2,159.85,2,2,1,221,696.6343666835968,0.0914649581994555,0.9969718313183832,0.9999776962114252,High,Low Priority: Automated email only
13421,Silver Tier,0,40,2,1833.71,3,2,4,324,1185.535458436996,0.0610305979557845,0.9993680276622664,2.2303788574989992e-05,Low,Maintain: Standard loyalty program
13422,Silver Tier,0,64,1,2626.3,3,1,5,315,871.382211660038,0.0746253479085986,1.0,2.230378857499157e-05,Low,Maintain: Standard loyalty program
13425,Silver Tier,0,108,3,1624.21,2,3,4,234,1416.4590299992335,0.0933490751033413,0.9987968794741156,0.9999776962114252,High,Send: Standard win-back offer
13426,Silver Tier,0,1,10,3641.32,5,5,5,555,2886.313640339893,0.2754983147051038,0.9997669345755572,2.2303788574990226e-05,Low,Maintain: Standard loyalty program
13427,Silver Tier,0,19,3,582.6,4,3,3,433,902.1380751782576,0.1194030384988849,0.999460494999044,2.2303788574989992e-05,Low,Maintain: Standard loyalty program
13428,Silver Tier,0,10,1,201.78,5,1,1,511,1467.013040655582,0.1256929055747151,1.0,2.2303788574990107e-05,Low,Maintain: Standard loyalty program
13429,Silver Tier,0,11,4,1006.8,5,4,4,544,2492.692514622775,0.3189013045289173,0.9994824795376696,2.230378857499003e-05,Low,Maintain: Standard loyalty program
13430,Silver Tier,0,19,2,679.4499999999999,4,2,3,423,1517.6265765157063,0.1413992175016636,0.9993618137948076,2.230378857499003e-05,Low,Maintain: Standard loyalty program
13431,Silver Tier,0,67,2,1269.1,3,2,4,324,1628.6714881670214,0.1394895172877943,0.9985927206549756,2.230378857499106e-05,Low,Maintain: Standard loyalty program
13434,Silver Tier,0,74,2,534.24,2,2,3,223,1629.1721771833977,0.132709132790765,0.9984898889020816,2.230378857499181e-05,Low,Maintain: Standard loyalty program
13435,Silver Tier,0,5,7,3809.89,5,5,5,555,4796.93501757431,0.3175087350409887,0.999665599971096,2.2303788574990185e-05,Low,Maintain: Standard loyalty program
13436,Silver Tier,0,2,1,196.89,5,1,1,511,1655.6594005589177,0.141874112218269,1.0,2.230378857499086e-05,Low,Maintain: Standard loyalty program
13437,Silver Tier,0,14,7,3408.06,4,5,5,455,3039.8597161276143,0.3162529677930208,0.9995724411533408,2.230378857499007e-05,Low,Maintain: Standard loyalty program
13439,Inactive,1,255,1,283.71,1,1,2,112,357.7318186433175,0.0306211052192682,1.0,0.9999776962114252,High,Low Priority: Automated email only
13441,Silver Tier,0,92,1,296.64,2,1,2,212,724.3482635460014,0.0620252796460065,1.0,0.9999776962114252,High,Send: Standard win-back offer
13447,Silver Tier,0,23,3,1129.14,4,3,4,434,4022.04007979246,0.3261158795423315,0.9991006198974088,2.2303788574989992e-05,Low,Maintain: Standard loyalty program
13448,Silver Tier,0,17,6,3534.69,4,5,5,455,2551.649239554376,0.1310069603867955,0.9995787305242432,2.230378857499003e-05,Low,Maintain: Standard loyalty program
13449,Silver Tier,0,24,1,291.88,4,1,2,412,1259.703587062989,0.107914660124522,1.0,2.2303788574990107e-05,Low,Maintain: Standard loyalty program
13450,Silver Tier,0,27,6,2043.72,4,5,4,454,2539.31939241373,0.2435534334993032,0.9994439003372844,2.2303788574989992e-05,Low,Maintain: Standard loyalty program
13451,Silver Tier,0,26,5,2898.26,4,4,5,445,2365.934726832046,0.1436783181376587,0.9995135284238658,2.230378857499003e-05,Low,Maintain: Standard loyalty program
13452,Inactive,1,259,2,590.0,1,2,3,123,649.2193271144193,0.0642148450736617,0.9929154609908102,0.9999776962114252,High,Low Priority: Automated email only
13453,Inactive,1,166,2,356.97999999999996,2,2,2,222,520.0074283133172,0.0611434626475418,0.9984265898264468,0.9999776962114252,High,Low Priority: Automated email only
13455,Silver Tier,0,25,2,1058.34,4,2,4,424,555.5785265888848,0.0503690144648886,0.9994350342863686,2.230378857499003e-05,Low,Maintain: Standard loyalty program
13456,Silver Tier,0,18,6,1766.72,4,5,4,454,2358.384053148606,0.2532867458971905,0.9995368315903828,2.2303788574989992e-05,Low,Maintain: Standard loyalty program
13458,Gold Tier,3,7,14,9646.57,5,5,5,555,6883.388080194688,0.3876427856477597,0.9997697061029682,2.2303788574990385e-05,Low,Maintain: VIP loyalty program
13460,Silver Tier,0,29,2,183.44,4,2,1,421,1345.7924642229711,0.1857292977833867,0.999147268807988,2.2303788574990148e-05,Low,Maintain: Standard loyalty program
13461,Silver Tier,0,39,3,1445.0,3,3,4,334,1755.8827056330658,0.1461470524008801,0.9992645356079628,2.2303788574989992e-05,Low,Maintain: Standard loyalty program
13462,Inactive,1,253,1,151.5,1,1,1,111,361.07472695079787,0.030907363449904,1.0,0.9999776962114252,High,Low Priority: Automated email only
13464,Silver Tier,0,58,1,674.68,3,1,3,313,912.546967178022,0.0781534389798333,1.0,2.2303788574990426e-05,Low,Maintain: Standard loyalty program
13466,Inactive,1,184,1,307.90000000000003,1,1,2,112,458.10976754228847,0.0392174158283779,1.0,0.9999776962114252,High,Low Priority: Automated email only
13467,Silver Tier,0,11,2,1071.91,5,2,4,524,2126.0818535131702,0.2087939363604392,0.99938843925461,2.230378857499003e-05,Low,Maintain: Standard loyalty program
13468,Gold Tier,3,2,37,5704.97,5,5,5,555,4405.250625035389,0.9727463966482184,0.9999085125739388,2.230378857499157e-05,Low,Maintain: VIP loyalty program
13470,Silver Tier,0,99,2,165.0,2,2,1,221,821.0141024315107,0.1189302535664579,0.9979134554156488,0.9999776962114252,High,Send: Standard win-back offer
13471,Silver Tier,0,1,4,2501.84,5,4,5,545,5460.97970832366,0.3959780458521615,0.999593850925166,2.2303788574990226e-05,Low,Maintain: Standard loyalty program
13473,Silver Tier,0,61,2,422.64,3,2,2,322,471.37384875381895,0.0546340853975364,0.9993152316829922,2.2303788574990585e-05,Low,Maintain: Standard loyalty program
13474,Inactive,1,236,1,226.84,1,1,1,111,380.0141350613526,0.0325292084499461,1.0,0.9999776962114252,High,Low Priority: Automated email only
13475,Inactive,1,191,4,1431.78,1,4,4,144,1341.5555130692553,0.124333158019167,0.9934935063406216,0.9999776962114252,High,Low Priority: Automated email only
13476,Inactive,1,179,2,1238.47,2,2,4,224,808.2870240041974,0.0625232372773951,0.9981370073525928,0.9999776962114252,High,Low Priority: Automated email only
13477,Silver Tier,0,38,6,1454.58,3,5,4,354,1550.9834016055052,0.1941459833805264,0.9993984645087696,2.2303788574989992e-05,Low,Maintain: Standard loyalty program
13479,Inactive,1,201,2,300.95,1,2,2,122,598.6267399829674,0.0720951954608623,0.9963519511181892,0.9999776962114252,High,Low Priority: Automated email only
13481,Silver Tier,0,46,5,1804.56,3,4,4,344,1547.249697597731,0.141226344110209,0.9993051165165492,2.230378857499003e-05,Low,Maintain: Standard loyalty program
13482,Inactive,1,232,1,184.64,1,1,1,111,385.0635714668843,0.0329616186486809,1.0,0.9999776962114252,High,Low Priority: Automated email only
13483,Silver Tier,0,66,1,140.34,3,1,1,311,864.8798402201314,0.074068070465522,1.0,2.2303788574991174e-05,Low,Maintain: Standard loyalty program
13484,Inactive,1,241,1,313.8,1,1,2,112,373.8855720243593,0.0320043925326748,1.0,0.9999776962114252,High,Low Priority: Automated email only
13485,Inactive,1,233,1,454.24,1,1,2,112,383.7886732905511,0.0328524419147044,1.0,0.9999776962114252,High,Low Priority: Automated email only
13486,Silver Tier,0,78,3,1122.41,2,3,4,234,1886.8181660161888,0.1512547728043807,0.9985131350469848,2.2303788574992563e-05,Low,Maintain: Standard loyalty program
13487,Silver Tier,0,58,3,575.4,3,3,3,333,617.255403919611,0.0803382243170533,0.9993315336542368,2.2303788574990344e-05,Low,Maintain: Standard loyalty program
13488,Gold Tier,3,17,13,8968.31,4,5,5,455,6072.108470252852,0.3254540031569475,0.999671515155262,2.2303788574990107e-05,Low,Maintain: VIP loyalty program
13489,Silver Tier,0,105,4,449.52,2,4,2,242,728.4076169881873,0.1263432943118928,0.9985497784350512,0.9999776962114252,High,Send: Standard win-back offer
13491,Silver Tier,0,52,10,1215.82,3,5,4,354,1181.2739842134208,0.2672294096103525,0.9992204532483472,2.2303788574990344e-05,Low,Maintain: Standard loyalty program
13492,Silver Tier,0,136,3,1269.84,2,3,4,234,1528.1191627140895,0.1195515466923834,0.9971789082864864,0.9999776962114252,High,Send: Standard win-back offer
13493,Inactive,1,275,2,618.63,1,2,3,123,733.0159534028948,0.0611177957857111,0.992430646683796,0.9999776962114252,High,Low Priority: Automated email only
13494,Inactive,1,312,1,316.26000000000005,1,1,2,112,305.018777800336,0.0261074600705156,1.0,0.9999776962114252,High,Low Priority: Automated email only
13495,Silver Tier,0,8,5,2044.87,5,4,4,544,1455.548989328996,0.1325114977012169,0.9996188196178608,2.2303788574990107e-05,Low,Maintain: Standard loyalty program
13496,Silver Tier,0,11,2,653.33,5,2,3,523,422.2917958650079,0.0511946728111074,0.9994681795662532,2.230378857499003e-05,Low,Maintain: Standard loyalty program
13497,Inactive,1,283,2,348.05,1,2,2,122,439.9801588546404,0.0499974657724947,0.9966247933316816,0.9999776962114252,High,Low Priority: Automated email only
13499,Silver Tier,0,18,5,1159.11,4,4,4,444,1383.4551545261909,0.1713214727210903,0.9995476799921874,2.2303788574989992e-05,Low,Maintain: Standard loyalty program
13500,Silver Tier,0,23,3,1166.77,4,3,4,434,2088.191167299479,0.1775504651341382,0.999362452772978,2.2303788574989992e-05,Low,Maintain: Standard loyalty program
13501,Inactive,1,288,1,1340.32,1,1,4,114,324.6676665070214,0.0277898743291961,1.0,0.9999776962114252,High,Low Priority: Automated email only
13502,Silver Tier,0,17,3,292.0,4,3,2,432,506.6320434944609,0.08650256773571,0.999500942507754,2.2303788574990148e-05,Low,Maintain: Standard loyalty program
13503,Silver Tier,0,71,1,216.85,3,1,1,311,827.8164177882809,0.0708916959513835,1.0,2.2303788574991415e-05,Low,Maintain: Standard loyalty program
13504,Silver Tier,0,64,1,295.93,3,1,2,312,871.382211660038,0.0746253479085986,1.0,2.2303788574990663e-05,Low,Maintain: Standard loyalty program
13505,Silver Tier,0,73,4,4393.63,2,4,5,245,3985.181811651224,0.1524255130426579,0.9988819279009432,2.2303788574992963e-05,Low,Maintain: Standard loyalty program
13506,Inactive,1,316,2,458.52,1,2,2,122,414.0099686610207,0.0497899506456856,0.9947598839173362,0.9999776962114252,High,Low Priority: Automated email only
13507,Silver Tier,0,3,4,2479.16,5,4,5,545,2491.573044780966,0.2145684516015125,0.9995852811512512,2.2303788574990107e-05,Low,Maintain: Standard loyalty program
13508,Inactive,1,244,1,110.97,1,1,1,111,371.4891427284427,0.0317991774017797,1.0,0.9999776962114252,High,Low Priority: Automated email only
13509,Silver Tier,0,9,7,979.72,5,5,4,554,1139.744949092549,0.2320384540042862,0.9996578612832536,2.230378857499003e-05,Low,Maintain: Standard loyalty program
13510,Silver Tier,0,1,4,1791.56,5,4,4,544,2078.3963547571084,0.1822048704050771,0.9996010682083448,2.2303788574990185e-05,Low,Maintain: Standard loyalty program
13512,Inactive,1,261,1,251.21,1,1,2,112,352.2957723378669,0.0301556124645647,1.0,0.9999776962114252,High,Low Priority: Automated email only
13513,Silver Tier,0,127,1,205.1,2,1,1,211,594.3498010481835,0.0508874315572167,1.0,0.9999776962114252,High,Send: Standard win-back offer
13514,Silver Tier,0,74,1,152.20000000000002,2,1,1,211,816.1579995989189,0.0698925922786818,1.0,2.2303788574992445e-05,Low,Maintain: Standard loyalty program
13515,Silver Tier,0,73,4,891.12,2,4,3,243,1147.0228529984258,0.1451971352607709,0.9989435229262236,2.2303788574991415e-05,Low,Maintain: Standard loyalty program
13516,Silver Tier,0,21,3,1389.41,4,3,4,434,1696.304610574665,0.1104547561860602,0.9994580351918942,2.2303788574989992e-05,Low,Maintain: Standard loyalty program
13517,Silver Tier,0,60,3,2128.42,3,3,5,335,1834.6900383186085,0.1366847738229614,0.999044052629282,2.2303788574990385e-05,Low,Maintain: Standard loyalty program
13518,Silver Tier,0,86,1,627.16,2,1,3,213,752.5668013948482,0.0644432526413674,1.0,2.230378857499728e-05,Low,Maintain: Standard loyalty program
13519,Silver Tier,0,78,1,122.75,2,1,1,211,788.3999061904082,0.0675138464403072,1.0,2.230378857499284e-05,Low,Maintain: Standard loyalty program
13520,Silver Tier,0,59,6,3624.35,3,5,5,355,2757.699525035608,0.1588198603820807,0.9992714323045332,2.230378857499106e-05,Low,Maintain: Standard loyalty program
13521,Silver Tier,0,1,3,1071.73,5,3,4,534,4871.514140213968,0.4296187832371247,0.9995401075258932,2.2303788574990226e-05,Low,Maintain: Standard loyalty program
13522,Silver Tier,0,30,1,125.8,4,1,1,411,1170.6317638661749,0.1002774292261558,1.0,2.2303788574990148e-05,Low,Maintain: Standard loyalty program
13523,Silver Tier,0,33,5,3964.88,4,4,5,445,2769.539241956423,0.1055242404912817,0.9994686627972034,2.230378857499007e-05,Low,Maintain: Standard loyalty program
13524,Silver Tier,0,41,5,680.1800000000001,3,4,3,343,1096.962845690202,0.2010184804541766,0.9992744355734728,2.2303788574989992e-05,Low,Maintain: Standard loyalty program
13525,Silver Tier,0,15,2,628.78,4,2,3,423,744.7516956637169,0.0691243536338329,0.9994468548266654,2.230378857499003e-05,Low,Maintain: Standard loyalty program
13527,Silver Tier,0,34,7,2242.36,3,5,5,355,2111.131571364328,0.1769519356566332,0.9994683819409984,2.2303788574989992e-05,Low,Maintain: Standard loyalty program
13529,Silver Tier,0,79,2,307.76,2,2,2,222,634.8468446958551,0.0802376499082916,0.9990584399101624,2.2303788574992563e-05,Low,Maintain: Standard loyalty program
13531,Inactive,1,205,2,483.8,1,2,2,122,432.1368988913622,0.050315337078871,0.9983699536866212,0.9999776962114252,High,Low Priority: Automated email only
13532,Silver Tier,0,34,1,210.31,3,1,1,311,1136.2013539108086,0.0973255042500641,1.0,2.2303788574990107e-05,Low,Maintain: Standard loyalty program
13533,Inactive,1,183,3,269.09,1,3,2,132,513.0994902157628,0.0651125624808904,0.9978843238800228,0.9999776962114252,High,Low Priority: Automated email only
13534,Gold Tier,3,2,25,5870.08,5,5,5,555,4706.274933274585,0.5009900715653204,0.9998357054346878,2.2303788574990544e-05,Low,Maintain: VIP loyalty program
13536,Silver Tier,0,1,7,3444.39,5,5,5,555,7749.512127470579,0.5690296977573353,0.9996931609904374,2.2303788574990226e-05,Low,Maintain: Standard loyalty program
13538,Silver Tier,0,43,7,1280.85,3,5,4,354,1335.403511146861,0.2132347523361874,0.9993419362502778,2.2303788574989992e-05,Low,Maintain: Standard loyalty program
13539,Silver Tier,0,86,3,631.34,2,3,3,233,756.8514691192875,0.089670111581042,0.999088877527775,2.2303788574997517e-05,Low,Maintain: Standard loyalty program
13544,Silver Tier,0,40,2,276.06,3,2,2,322,594.7399850353675,0.0709074980559375,0.999348348137626,2.230378857499003e-05,Low,Maintain: Standard loyalty program
13546,Silver Tier,0,12,3,621.09,5,3,3,533,1031.927575540467,0.1260677214027407,0.9994953154542318,2.230378857499003e-05,Low,Maintain: Standard loyalty program
13548,Silver Tier,0,96,2,678.16,2,2,3,223,803.3037978297444,0.0702012493690032,0.9990031902997129,0.9999776962114252,High,Send: Standard win-back offer
13549,Silver Tier,0,26,7,918.2,4,5,3,453,1256.4182714740691,0.2633367006073042,0.999481592296943,2.230378857499003e-05,Low,Maintain: Standard loyalty program
13551,Inactive,1,319,1,91.8,1,1,1,111,298.7303885584828,0.0255690379498354,1.0,0.9999776962114252,High,Low Priority: Automated email only
13552,Silver Tier,0,66,12,3740.07,3,5,5,355,3290.463223825963,0.2443430426846136,0.9988208438054932,2.230378857499181e-05,Low,Maintain: Standard loyalty program
13555,Silver Tier,0,74,4,4098.88,2,4,5,245,3164.13866435337,0.0811323781623948,0.9990942741913476,2.2303788574993556e-05,Low,Maintain: Standard loyalty program
13557,Silver Tier,0,28,2,584.0600000000001,4,2,3,423,674.3877330308255,0.0627821876568703,0.9994066108493224,2.2303788574989992e-05,Low,Maintain: Standard loyalty program
13558,Silver Tier,0,6,4,594.52,5,4,3,543,1998.16038406044,0.3352272844665431,0.9995470040464136,2.2303788574990148e-05,Low,Maintain: Standard loyalty program
13560,Silver Tier,0,7,1,171.42000000000002,5,1,1,511,1524.9288592155797,0.1306603172652558,1.0,2.230378857499086e-05,Low,Maintain: Standard loyalty program
13561,Inactive,1,216,1,141.86,1,1,1,111,408.1103954068957,0.0349352942455319,1.0,0.9999776962114252,High,Low Priority: Automated email only
13562,Silver Tier,0,82,3,1799.33,2,3,4,234,1612.1356356658346,0.1079389082646984,0.9989693147676424,2.2303788574994664e-05,Low,Maintain: Standard loyalty program
13563,Silver Tier,0,84,2,777.53,2,2,3,223,1293.7191045630177,0.1047804844403825,0.9986978395302852,2.2303788574994546e-05,Low,Maintain: Standard loyalty program
13564,Silver Tier,0,144,3,1724.67,2,3,4,234,1152.951387689175,0.0775254340990219,0.9986276632755496,0.9999776962114252,High,Send: Standard win-back offer
13565,Silver Tier,0,19,2,240.22,4,2,1,421,432.66052337429056,0.0543698779500044,0.999443692412628,2.230378857499007e-05,Low,Maintain: Standard loyalty program
13566,Silver Tier,0,41,2,856.84,3,2,3,323,1455.9394451884932,0.1451099650329622,0.9991063779001874,2.2303788574989992e-05,Low,Maintain: Standard loyalty program
13568,Inactive,1,173,1,187.05,2,1,1,211,478.9304059352244,0.0410006841373842,1.0,0.9999776962114252,High,Low Priority: Automated email only
13569,Silver Tier,0,17,2,338.62,4,2,2,422,464.70745806881007,0.05025433335992,0.9994522835332098,2.230378857499007e-05,Low,Maintain: Standard loyalty program
13570,Inactive,1,243,1,239.49,1,1,1,111,371.4891427284427,0.0317991774017797,1.0,0.9999776962114252,High,Low Priority: Automated email only
13571,Silver Tier,0,13,12,2088.94,5,5,5,555,2469.712185432637,0.4407085887451175,0.9996783918048052,2.230378857499003e-05,Low,Maintain: Standard loyalty program
13572,Inactive,1,206,1,1384.25,1,1,4,114,423.0031564436664,0.0362107209173878,1.0,0.9999776962114252,High,Low Priority: Automated email only
13573,Silver Tier,0,50,2,290.25,3,2,2,322,655.4554490970639,0.068041168321902,0.9993068273840288,2.2303788574990148e-05,Low,Maintain: Standard loyalty program
13575,Silver Tier,0,23,5,732.0699999999999,4,4,3,443,1447.5282028659674,0.2363487543682192,0.9994325636431386,2.2303788574989992e-05,Low,Maintain: Standard loyalty program
13576,Gold Tier,3,10,18,6717.34,5,5,5,555,5131.891909781247,0.4839546552495543,0.9997727790376122,2.2303788574990307e-05,Low,Maintain: VIP loyalty program
13577,Silver Tier,0,25,4,1687.6,4,4,4,444,1814.311789981155,0.1480843978747577,0.9994579940330912,2.2303788574989992e-05,Low,Maintain: Standard loyalty program
13579,Silver Tier,0,15,2,467.04,4,2,2,422,510.61002246062776,0.0500251780109887,0.9994595219681592,2.230378857499007e-05,Low,Maintain: Standard loyalty program
13581,Inactive,1,309,1,118.0,1,1,1,111,306.63246177490436,0.0262456274355752,1.0,0.9999776962114252,High,Low Priority: Automated email only
13583,Inactive,1,156,1,781.03,2,1,3,213,517.4111282486208,0.0442966969343705,1.0,0.9999776962114252,High,Low Priority: Automated email only
13584,Inactive,1,307,1,142.4,1,1,1,111,309.0852589323376,0.0264556424891204,1.0,0.9999776962114252,High,Low Priority: Automated email only
13587,Silver Tier,0,64,1,712.4,3,1,3,313,877.9831095133258,0.075191074676543,1.0,2.2303788574990703e-05,Low,Maintain: Standard loyalty program
13588,Silver Tier,0,16,9,2478.95,4,5,5,455,2855.724199696705,0.3268667369624039,0.9996200939344032,2.230378857499007e-05,Low,Maintain: Standard loyalty program
13589,Silver Tier,0,15,2,379.65,4,2,2,422,821.3037596403701,0.088362146960689,0.9994336247662188,2.230378857499007e-05,Low,Maintain: Standard loyalty program
13590,Silver Tier,0,11,6,1981.92,5,5,4,554,1847.8548787435852,0.1879232874224661,0.9996190888817668,2.2303788574989992e-05,Low,Maintain: Standard loyalty program
13591,Silver Tier,0,65,3,1117.13,3,3,4,334,1023.3513603800376,0.1011934468045774,0.9991924193382103,2.2303788574990974e-05,Low,Maintain: Standard loyalty program
13592,Silver Tier,0,36,4,247.96,3,4,1,341,607.1717499773217,0.1378456177215472,0.9993990994177068,2.2303788574990107e-05,Low,Maintain: Standard loyalty program
13593,Silver Tier,0,108,5,2011.88,2,4,4,244,1504.8407971589672,0.142813060349249,0.9984257888697488,0.9999776962114252,High,Send: Standard win-back offer
13594,Silver Tier,0,53,1,396.97,3,1,2,312,957.7944940514782,0.0820316823265691,1.0,2.2303788574990344e-05,Low,Maintain: Standard loyalty program
13596,Silver Tier,0,6,2,664.11,5,2,3,523,2700.205412227833,0.2707364541601426,0.9994277398969504,2.2303788574990148e-05,Low,Maintain: Standard loyalty program
13598,Silver Tier,0,47,1,160.04,3,1,1,311,999.0767042537736,0.0855702587773623,1.0,2.2303788574990544e-05,Low,Maintain: Standard loyalty program
13599,Gold Tier,3,1,21,5149.92,5,5,5,555,4003.736158616051,0.4090089132576764,0.9998199006540648,2.2303788574990503e-05,Low,Maintain: VIP loyalty program
13600,Inactive,1,312,1,219.52,1,1,1,111,304.2182884157301,0.0260389204816015,1.0,0.9999776962114252,High,Low Priority: Automated email only
13601,Silver Tier,0,45,2,693.32,3,2,3,323,816.68853490615,0.0782498875659382,0.999298598812182,2.230378857499003e-05,Low,Maintain: Standard loyalty program
13602,Silver Tier,0,65,1,428.89,3,1,2,312,871.382211660038,0.0746253479085986,1.0,2.2303788574990663e-05,Low,Maintain: Standard loyalty program
13603,Silver Tier,0,26,1,164.34,4,1,1,411,1219.9222926807831,0.1045036164576723,1.0,2.2303788574990107e-05,Low,Maintain: Standard loyalty program
13606,Silver Tier,0,29,3,276.75,4,3,2,432,545.9261894852671,0.0892298353087413,0.9994448214090362,2.2303788574990107e-05,Low,Maintain: Standard loyalty program
13607,Silver Tier,0,40,1,675.51,3,1,3,313,1063.2353258039057,0.091070109272735,1.0,2.230378857499007e-05,Low,Maintain: Standard loyalty program
13610,Silver Tier,0,12,7,1082.33,5,5,4,554,1207.2383851740883,0.2313763219728482,0.9996297635162492,2.230378857499003e-05,Low,Maintain: Standard loyalty program
13611,Silver Tier,0,89,3,1154.4,2,3,4,234,939.6092136749236,0.079196803471833,0.9991428260049496,2.230378857500053e-05,Low,Maintain: Standard loyalty program
13614,Silver Tier,0,24,4,1585.46,4,4,4,444,1447.8544380030542,0.1150510675282315,0.999501845724394,2.2303788574989992e-05,Low,Maintain: Standard loyalty program
13615,Inactive,1,319,1,417.69,1,1,2,112,299.5022203602368,0.0256351230710872,1.0,0.9999776962114252,High,Low Priority: Automated email only
13617,Silver Tier,0,40,3,544.18,3,3,3,333,1083.2744291977135,0.1361667545112781,0.9992723208635148,2.230378857499003e-05,Low,Maintain: Standard loyalty program
13618,Inactive,1,174,1,177.34,2,1,1,211,478.9304059352244,0.0410006841373842,1.0,0.9999776962114252,High,Low Priority: Automated email only
13621,Silver Tier,0,117,1,213.85,2,1,1,211,626.4730735073999,0.0536394331425312,1.0,0.9999776962114252,High,Send: Standard win-back offer
13623,Silver Tier,0,31,5,727.74,4,4,3,443,907.2415280075438,0.1581991779525488,0.9994672495206612,2.2303788574989992e-05,Low,Maintain: Standard loyalty program
13626,Inactive,1,253,1,257.23,1,1,2,112,361.07472695079787,0.030907363449904,1.0,0.9999776962114252,High,Low Priority: Automated email only
13627,Silver Tier,0,59,5,1638.47,3,4,4,344,1339.4285034802467,0.1358872223206723,0.9992760839469056,2.2303788574990385e-05,Low,Maintain: Standard loyalty program
13629,Silver Tier,0,23,11,7792.36,4,5,5,455,6122.740176711547,0.3191423544442803,0.999590284839464,2.2303788574990107e-05,Low,Maintain: Standard loyalty program
13630,Silver Tier,0,5,7,2031.78,5,5,4,554,2011.442517319114,0.2313873909475692,0.9996775855080952,2.2303788574990107e-05,Low,Maintain: Standard loyalty program
13631,Silver Tier,0,100,11,3070.42,2,5,5,255,3314.537179954108,0.2430933126299934,0.9968363712668076,0.9999776962114252,High,Send: Standard win-back offer
13632,Silver Tier,0,25,5,2118.93,4,4,5,445,2367.8968103226566,0.1855897451101305,0.9994811417076548,2.2303788574989992e-05,Low,Maintain: Standard loyalty program
13634,Silver Tier,0,33,5,1547.36,4,4,4,444,1350.1121062995226,0.1462112926238577,0.9994634120697434,2.2303788574989992e-05,Low,Maintain: Standard loyalty program
13635,Silver Tier,0,68,1,1071.03,3,1,4,314,852.1619817857782,0.0729781175341892,1.0,2.23037885749911e-05,Low,Maintain: Standard loyalty program
13636,Silver Tier,0,37,5,949.12,3,4,4,344,1136.7608956029094,0.1635534970627589,0.9994083722143444,2.2303788574989992e-05,Low,Maintain: Standard loyalty program
13637,Silver Tier,0,52,3,804.3,3,3,3,333,888.5931447685547,0.1149232197328924,0.9992326565270356,2.2303788574990263e-05,Low,Maintain: Standard loyalty program
13638,Silver Tier,0,16,1,122.64,4,1,1,411,1379.6826382410247,0.1182032059450869,1.0,2.2303788574990148e-05,Low,Maintain: Standard loyalty program
13639,Silver Tier,0,74,1,1033.34,2,1,4,214,810.4510859892586,0.0694035271114614,1.0,2.230378857499197e-05,Low,Maintain: Standard loyalty program
13642,Inactive,1,216,1,312.28,1,1,2,112,408.1103954068957,0.0349352942455319,1.0,0.9999776962114252,High,Low Priority: Automated email only
13643,Silver Tier,0,31,3,519.44,4,3,3,433,1084.0240928918497,0.1334969957430347,0.9993591360059636,2.230378857499003e-05,Low,Maintain: Standard loyalty program
13644,Silver Tier,0,16,4,2624.26,4,4,5,445,4020.9721796757526,0.2638780493525179,0.9994316593404546,2.230378857499003e-05,Low,Maintain: Standard loyalty program
13645,Silver Tier,0,120,1,252.1,2,1,2,212,613.2158625724459,0.0525036699144569,1.0,0.9999776962114252,High,Send: Standard win-back offer
13647,Silver Tier,0,10,4,1648.12,5,4,4,544,1746.303788232647,0.1515217653539767,0.9995590434575938,2.230378857499003e-05,Low,Maintain: Standard loyalty program
13649,Inactive,1,257,2,346.6,1,2,2,122,412.3386589460558,0.0502677229876511,0.99742518255309,0.9999776962114252,High,Low Priority: Automated email only
13650,Silver Tier,0,17,6,1836.34,4,5,4,454,1827.242723413679,0.1723425500540957,0.9995537820167878,2.2303788574989992e-05,Low,Maintain: Standard loyalty program
13651,Silver Tier,0,35,2,94.2,3,2,1,321,1308.7418202548583,0.202901994139167,0.998958124009065,2.2303788574990185e-05,Low,Maintain: Standard loyalty program
13652,Silver Tier,0,46,3,1095.08,3,3,4,334,875.5605922668857,0.0775851537996799,0.9993969301079476,2.230378857499003e-05,Low,Maintain: Standard loyalty program
13654,Silver Tier,0,43,6,2707.33,3,5,5,355,2653.645198920076,0.1692796114157991,0.9993256530373824,2.230378857499003e-05,Low,Maintain: Standard loyalty program
13655,Silver Tier,0,114,2,932.97,2,2,3,223,948.6334428827988,0.0706415893168043,0.9988236333960264,0.9999776962114252,High,Send: Standard win-back offer
13656,Inactive,1,165,2,379.65,2,2,2,222,490.31650015373384,0.0539273510846159,0.998690101303366,0.9999776962114252,High,Low Priority: Automated email only
13657,Silver Tier,0,11,2,382.14,5,2,2,522,751.3961630704757,0.0811616148678223,0.9994543058538036,2.230378857499007e-05,Low,Maintain: Standard loyalty program
13658,Silver Tier,0,10,5,2639.17,5,4,5,545,2419.591343435017,0.1242221041847895,0.999512299874652,2.230378857499007e-05,Low,Maintain: Standard loyalty program
13659,Inactive,1,206,2,1563.0,1,2,4,124,739.5984966368974,0.0562458600106491,0.9980026599648102,0.9999776962114252,High,Low Priority: Automated email only
13662,Silver Tier,0,86,3,881.26,2,3,3,233,1043.6842070218895,0.1033300710472262,0.9989646660227172,2.230378857499755e-05,Low,Maintain: Standard loyalty program
13663,Inactive,1,179,1,189.47,2,1,1,211,467.3447423141662,0.0400083745391801,1.0,0.9999776962114252,High,Low Priority: Automated email only
13666,Silver Tier,0,60,3,84.65,3,3,1,331,401.78684534666,0.0615400073784973,0.9992865176896052,2.2303788574990937e-05,Low,Maintain: Standard loyalty program
13667,Inactive,1,149,1,299.05,2,1,2,212,531.6500917101112,0.0455163720888534,1.0,0.9999776962114252,High,Low Priority: Automated email only
13668,Gold Tier,3,3,21,6309.83,5,5,5,555,5094.958235981127,0.5798772125055681,0.999852922247439,2.2303788574990426e-05,Low,Maintain: VIP loyalty program
13669,Silver Tier,0,51,2,218.55,3,2,1,321,852.4246278250193,0.1005014763180387,0.9991803043371168,2.2303788574990344e-05,Low,Maintain: Standard loyalty program
13670,Silver Tier,0,75,1,349.7,2,1,2,212,804.82343769289,0.0689212587386187,1.0,2.230378857499209e-05,Low,Maintain: Standard loyalty program
13672,Inactive,1,301,2,186.39,1,2,1,121,428.17417163705295,0.0543212219209561,0.9935926276472692,0.9999776962114252,High,Low Priority: Automated email only
13673,Silver Tier,0,19,2,387.44,4,2,2,422,1876.240104657138,0.217044652960827,0.9992709063953612,2.230378857499007e-05,Low,Maintain: Standard loyalty program
13675,Inactive,1,151,2,486.8200000000001,2,2,2,222,532.6377024969637,0.0620198080271195,0.9985888266368756,0.9999776962114252,High,Low Priority: Automated email only
13678,Inactive,1,152,1,232.6,2,1,1,211,526.8174782562388,0.0451024187281597,1.0,0.9999776962114252,High,Low Priority: Automated email only
13680,Silver Tier,0,1,4,3719.12,5,4,5,545,2534.0510935609027,0.1125240790965197,0.9996033855657804,2.2303788574990263e-05,Low,Maintain: Standard loyalty program
13681,Silver Tier,0,18,4,827.83,4,4,3,443,1530.8907856869969,0.2049619364097417,0.99946856075874,2.2303788574989992e-05,Low,Maintain: Standard loyalty program
13682,Inactive,1,187,1,59.5,1,1,1,111,452.74192762029065,0.0387576762581638,1.0,0.9999776962114252,High,Low Priority: Automated email only
13684,Inactive,1,286,1,65.13,1,1,1,111,327.4187857791556,0.028025441191206,1.0,0.9999776962114252,High,Low Priority: Automated email only
13685,Silver Tier,0,3,7,3119.44,5,5,5,555,5603.904307394657,0.5421633638208476,0.9996497064110852,2.2303788574990148e-05,Low,Maintain: Standard loyalty program
13686,Inactive,1,183,1,72.0,1,1,1,111,461.75960895582784,0.0395300164895505,1.0,0.9999776962114252,High,Low Priority: Automated email only
13689,Silver Tier,0,63,1,910.0,3,1,3,313,877.9831095133258,0.075191074676543,1.0,2.2303788574990703e-05,Low,Maintain: Standard loyalty program
13690,Silver Tier,0,59,1,172.25,3,1,1,311,905.4181567991492,0.0775424383903179,1.0,2.230378857499082e-05,Low,Maintain: Standard loyalty program
13692,Silver Tier,0,25,3,1488.32,4,3,4,434,1101.2253381975072,0.1111773325823401,0.99944076338146,2.2303788574989992e-05,Low,Maintain: Standard loyalty program
13694,Gold Tier,3,4,50,65039.62,5,5,5,555,48903.49296370184,0.945577808981924,0.9998903707960376,2.230378857499209e-05,Low,Maintain: VIP loyalty program
13695,Gold Tier,3,31,15,2504.13,4,5,5,455,2912.2365389979313,0.5056057748672823,0.9992766130259536,2.2303788574990307e-05,Low,Maintain: VIP loyalty program
13697,Silver Tier,0,39,1,151.29999999999998,3,1,1,311,1083.108434623702,0.0927737784293248,1.0,2.230378857499007e-05,Low,Maintain: Standard loyalty program
13699,Inactive,1,155,1,308.58000000000004,2,1,2,212,517.4111282486208,0.0442966969343705,1.0,0.9999776962114252,High,Low Priority: Automated email only
13700,Silver Tier,0,26,10,2248.63,4,5,5,455,2116.2557870442593,0.2371080711748541,0.9995412529751224,2.230378857499003e-05,Low,Maintain: Standard loyalty program
13703,Inactive,1,318,1,99.5,1,1,1,111,299.5022203602368,0.0256351230710872,1.0,0.9999776962114252,High,Low Priority: Automated email only
13704,Silver Tier,0,5,9,2308.06,5,5,5,555,5588.2738423318515,0.6747654079496465,0.999667281434423,2.2303788574990148e-05,Low,Maintain: Standard loyalty program
13705,Silver Tier,0,8,3,711.86,5,3,3,533,597.297755507903,0.0767179905286175,0.9995359140324992,2.2303788574990185e-05,Low,Maintain: Standard loyalty program
13706,Inactive,1,303,1,330.79,1,1,2,112,312.4173559698087,0.0267409472309883,1.0,0.9999776962114252,High,Low Priority: Automated email only
13707,Inactive,1,267,2,806.41,1,2,3,123,521.2591419219532,0.0568382793194403,0.9955484740404824,0.9999776962114252,High,Low Priority: Automated email only
13708,Inactive,1,271,1,285.33,1,1,2,112,340.8992199641444,0.0291797332660831,1.0,0.9999776962114252,High,Low Priority: Automated email only
13709,Gold Tier,3,4,13,6307.650000000001,5,5,5,555,5339.754115855536,0.2445613660644538,0.9997133019662764,2.2303788574990185e-05,Low,Maintain: VIP loyalty program
13710,Silver Tier,0,32,1,180.48,4,1,1,411,1158.925382250077,0.0992737570996446,1.0,2.2303788574990107e-05,Low,Maintain: Standard loyalty program
13711,Inactive,1,219,2,252.06,1,2,2,122,403.8449286955369,0.0345700032253114,1.0,0.9999776962114252,High,Low Priority: Automated email only
13712,Inactive,1,247,1,228.84,1,1,1,111,367.9515524467717,0.0314962421666847,1.0,0.9999776962114252,High,Low Priority: Automated email only
13715,Inactive,1,281,5,1077.39,1,4,4,144,888.4292214052654,0.1021963408814156,0.9813022107890615,0.9999776962114252,High,Low Priority: Automated email only
13716,Inactive,1,269,1,138.28,1,1,1,111,342.9161502563091,0.0293524400619082,1.0,0.9999776962114252,High,Low Priority: Automated email only
13717,Silver Tier,0,32,6,1445.01,4,5,4,454,1415.166349222023,0.1904530285630403,0.9994558768394698,2.2303788574989992e-05,Low,Maintain: Standard loyalty program
13718,Inactive,1,246,2,306.55,1,2,2,122,526.2740002409716,0.0599906132598409,0.9960233410618264,0.9999776962114252,High,Low Priority: Automated email only
13719,Silver Tier,0,15,5,1041.68,4,4,4,444,1447.18984065954,0.1911169063578637,0.9995494897405895,2.2303788574989992e-05,Low,Maintain: Standard loyalty program
13720,Silver Tier,0,117,4,799.9,2,4,3,243,973.0432582839828,0.1418935793251831,0.9978461771648526,0.9999776962114252,High,Send: Standard win-back offer
13721,Silver Tier,0,36,1,524.14,3,1,3,313,1103.738729125816,0.0945424046456437,1.0,2.2303788574990107e-05,Low,Maintain: Standard loyalty program
13722,Silver Tier,0,132,3,2375.41,2,3,5,235,1133.1026513912393,0.0623867782975472,0.9988048480148134,0.9999776962114252,High,Send: Standard win-back offer
13723,Inactive,1,217,1,199.85,1,1,1,111,405.25680882157616,0.0346909151383064,1.0,0.9999776962114252,High,Low Priority: Automated email only
13725,Silver Tier,0,50,8,1980.56,3,5,4,354,1298.314532950874,0.248974998323182,0.999198479661517,2.2303788574990148e-05,Low,Maintain: Standard loyalty program
13726,Silver Tier,0,39,2,1079.66,3,2,4,324,2142.455649491357,0.1296571701724026,0.9991889298716258,2.2303788574989992e-05,Low,Maintain: Standard loyalty program
13727,Silver Tier,0,29,2,333.48,4,2,2,422,1653.186897830495,0.2148748336464882,0.9990844504152302,2.230378857499003e-05,Low,Maintain: Standard loyalty program
13728,Silver Tier,0,37,6,1016.14,3,5,4,354,1126.5298563586775,0.1844163903327871,0.99942801298517,2.2303788574989992e-05,Low,Maintain: Standard loyalty program
13730,Silver Tier,0,136,2,752.6,2,2,3,223,1148.3394703097497,0.0950901559865197,0.9974414704819649,0.9999776962114252,High,Send: Standard win-back offer
13731,Inactive,1,219,2,610.59,1,2,3,123,707.2806874026992,0.0692920937517049,0.995549451418972,0.9999776962114252,High,Low Priority: Automated email only
13732,Silver Tier,0,28,1,491.86,4,1,3,413,1194.7687753130083,0.102346913647596,1.0,2.230378857499007e-05,Low,Maintain: Standard loyalty program
13735,Silver Tier,0,25,4,2883.54,4,4,5,445,2489.3598820686334,0.1515069367718678,0.99946122224152,2.230378857499003e-05,Low,Maintain: Standard loyalty program
13736,Silver Tier,0,5,2,729.8,5,2,3,523,740.5379371089286,0.066604386202587,0.9994762042627472,2.2303788574990148e-05,Low,Maintain: Standard loyalty program
13737,Inactive,1,200,1,339.59999999999997,1,1,2,112,430.86473332273926,0.03688400629652,1.0,0.9999776962114252,High,Low Priority: Automated email only
13739,Silver Tier,0,18,1,216.9,4,1,1,411,1332.1040378327834,0.114123036862965,1.0,2.2303788574990107e-05,Low,Maintain: Standard loyalty program
13740,Inactive,1,241,1,350.75,1,1,2,112,375.09541896348713,0.0321079965763002,1.0,0.9999776962114252,High,Low Priority: Automated email only
13741,Silver Tier,0,72,3,668.4300000000001,3,3,3,333,1040.525104786591,0.118513937229204,0.9990064524658744,2.2303788574991337e-05,Low,Maintain: Standard loyalty program
13742,Silver Tier,0,17,12,3107.87,4,5,5,455,2634.6704224683344,0.3339349012145797,0.9996560734679018,2.230378857499007e-05,Low,Maintain: Standard loyalty program
13743,Silver Tier,0,3,7,1341.6,5,5,4,554,1648.0567222521706,0.2497380207003056,0.9996949467327988,2.2303788574990107e-05,Low,Maintain: Standard loyalty program
13744,Silver Tier,0,95,2,1080.52,2,2,4,224,588.2827601069303,0.0606767533001556,0.9991104466888068,0.9999776962114252,High,Send: Standard win-back offer
13745,Inactive,1,162,1,300.04,2,1,2,212,501.73383744486046,0.0429538532745328,1.0,0.9999776962114252,High,Low Priority: Automated email only
13747,Inactive,1,374,1,79.6,1,1,1,111,262.2374002805863,0.0224445873246541,1.0,0.9999776962114252,High,Low Priority: Automated email only
13748,Silver Tier,0,96,5,948.25,2,4,4,244,859.9127670677433,0.1038049122330252,0.9990085505594922,0.9999776962114252,High,Send: Standard win-back offer
13750,Silver Tier,0,54,5,1647.26,3,4,4,344,1404.6389729879982,0.1429389986106596,0.9993062406133794,2.2303788574990307e-05,Low,Maintain: Standard loyalty program
13751,Inactive,1,288,1,296.25,1,1,2,112,324.6676665070214,0.0277898743291961,1.0,0.9999776962114252,High,Low Priority: Automated email only
13752,Silver Tier,0,124,6,1175.38,2,5,4,254,1388.657125349367,0.220717856645539,0.994126090049002,0.9999776962114252,High,Send: Standard win-back offer
13753,Inactive,1,288,1,741.26,1,1,3,113,325.5795547475773,0.0278679553693218,1.0,0.9999776962114252,High,Low Priority: Automated email only
13754,Inactive,1,152,2,282.6,2,2,2,222,448.84629822235775,0.0567249648763308,0.9987397091464454,0.9999776962114252,High,Low Priority: Automated email only
13755,Silver Tier,0,4,9,2108.06,5,5,5,555,5208.383069400872,0.7117157073473185,0.9996771936659616,2.2303788574990107e-05,Low,Maintain: Standard loyalty program
13756,Gold Tier,3,2,14,5189.52,5,5,5,555,3867.0791353785494,0.3254903949627476,0.9997832970085824,2.2303788574990385e-05,Low,Maintain: VIP loyalty program
13758,Silver Tier,0,12,7,3190.55,5,5,5,555,2408.8715472690747,0.185306075618947,0.999652502438287,2.230378857499007e-05,Low,Maintain: Standard loyalty program
13759,Silver Tier,0,33,2,659.4100000000001,4,2,3,423,1181.3864128956775,0.1565282017410322,0.9991676989520178,2.2303788574989992e-05,Low,Maintain: Standard loyalty program
13760,Silver Tier,0,54,2,286.79,3,2,2,322,555.448326587453,0.067411807561297,0.999290233489514,2.2303788574990344e-05,Low,Maintain: Standard loyalty program
13761,Silver Tier,0,50,2,1070.65,3,2,4,324,1220.3573632035143,0.0883442848080566,0.9992315921474392,2.2303788574990107e-05,Low,Maintain: Standard loyalty program
13762,Inactive,1,219,1,306.72,1,1,2,112,403.8449286955369,0.0345700032253114,1.0,0.9999776962114252,High,Low Priority: Automated email only
13763,Silver Tier,0,63,1,1714.96,3,1,4,314,877.9831095133258,0.075191074676543,1.0,2.230378857499106e-05,Low,Maintain: Standard loyalty program
13764,Silver Tier,0,71,3,1519.42,3,3,4,334,1115.864953282052,0.0834975149287543,0.9992427584374152,2.2303788574991693e-05,Low,Maintain: Standard loyalty program
13767,Gold Tier,3,2,37,17220.36,5,5,5,555,12983.670081751436,0.8369732435934959,0.9998894162428564,2.230378857499205e-05,Low,Maintain: VIP loyalty program
13769,Silver Tier,0,2,10,2796.51,5,5,5,555,2203.7093707730746,0.2429143467040455,0.9997396281070252,2.2303788574990148e-05,Low,Maintain: Standard loyalty program
13771,Silver Tier,0,64,4,2634.45,3,4,5,345,2144.189453037642,0.1072759424155865,0.999159111016295,2.2303788574991496e-05,Low,Maintain: Standard loyalty program
13772,Silver Tier,0,34,3,1122.63,3,3,4,334,1348.0376640301918,0.1100884235925507,0.9993889228138174,2.230378857499003e-05,Low,Maintain: Standard loyalty program
13774,Silver Tier,0,82,1,345.0,2,1,2,212,772.6333322467653,0.0661627642284102,1.0,2.230378857499344e-05,Low,Maintain: Standard loyalty program
13777,Gold Tier,3,1,33,25977.16,5,5,5,555,14961.299986136475,0.6469109593886885,0.9998804330141008,2.2303788574992208e-05,Low,Maintain: VIP loyalty program
13778,Silver Tier,0,103,1,178.7,2,1,1,211,673.8173966140971,0.057695684339819,1.0,0.9999776962114252,High,Send: Standard win-back offer
13780,Silver Tier,0,7,2,360.01,5,2,2,522,865.5051286760029,0.0916934345396213,0.9994622328858476,2.2303788574990185e-05,Low,Maintain: Standard loyalty program
13781,Inactive,1,251,1,127.84,1,1,1,111,363.3382609864107,0.0311011943126705,1.0,0.9999776962114252,High,Low Priority: Automated email only
13782,Silver Tier,0,13,6,908.86,5,5,3,553,964.9713933937014,0.1765313116427608,0.9996174091247604,2.2303788574989992e-05,Low,Maintain: Standard loyalty program
13784,Silver Tier,0,10,11,2462.79,5,5,5,555,2309.665986225577,0.3239608457305106,0.9997209274628308,2.230378857499007e-05,Low,Maintain: Standard loyalty program
13786,Inactive,1,367,1,230.4,1,1,1,111,265.8458120425742,0.0227535210913165,1.0,0.9999776962114252,High,Low Priority: Automated email only
13787,Silver Tier,0,76,2,309.04,2,2,2,222,450.5691812011706,0.0505938205235908,0.9992791542333744,2.230378857499189e-05,Low,Maintain: Standard loyalty program
13790,Silver Tier,0,4,1,348.79999999999995,5,1,2,512,1587.6067673138905,0.136036511099782,1.0,2.230378857499082e-05,Low,Maintain: Standard loyalty program
13791,Silver Tier,0,128,2,1516.0,2,2,4,224,1275.3943683794514,0.0923259125136801,0.9979317945924272,0.9999776962114252,High,Send: Standard win-back offer
13792,Silver Tier,0,66,2,195.55,3,2,1,321,482.37703065158087,0.0615383334057204,0.9992593357229752,2.2303788574991174e-05,Low,Maintain: Standard loyalty program
13798,Gold Tier,3,1,57,37153.85,5,5,5,555,28300.82954933313,1.437608659019893,0.9999328916641936,2.230378857499213e-05,Low,Maintain: VIP loyalty program
13799,Silver Tier,0,117,2,688.86,2,2,3,223,651.0781942530039,0.0603339595238403,0.9989712645194034,0.9999776962114252,High,Send: Standard win-back offer
13800,Inactive,1,310,1,558.32,1,1,3,113,306.63246177490436,0.0262456274355752,1.0,0.9999776962114252,High,Low Priority: Automated email only
13801,Silver Tier,0,67,1,324.8,3,1,2,312,858.4738053899073,0.0735190544599296,1.0,2.2303788574990744e-05,Low,Maintain: Standard loyalty program
13802,Silver Tier,0,139,3,4599.42,2,3,5,235,3265.1866453592597,0.0891377084301777,0.9984129274088464,0.9999776962114252,High,Send: Standard win-back offer
13803,Inactive,1,255,1,277.07,1,1,2,112,357.7318186433175,0.0306211052192682,1.0,0.9999776962114252,High,Low Priority: Automated email only
13804,Silver Tier,0,31,7,2588.39,4,5,5,455,2090.949172267815,0.1952443381836391,0.999467513870892,2.230378857499003e-05,Low,Maintain: Standard loyalty program
13805,Silver Tier,0,52,2,924.6,3,2,3,323,1305.0831418203256,0.1106500069302123,0.9991114921178936,2.2303788574990263e-05,Low,Maintain: Standard loyalty program
13806,Silver Tier,0,64,1,256.38,3,1,2,312,877.9831095133258,0.075191074676543,1.0,2.2303788574990663e-05,Low,Maintain: Standard loyalty program
13807,Inactive,1,367,1,112.6,1,1,1,111,265.8458120425742,0.0227535210913165,1.0,0.9999776962114252,High,Low Priority: Automated email only
13808,Silver Tier,0,6,5,1747.66,5,4,4,544,3164.76640479391,0.3510560438383802,0.9995909259102552,2.230378857499007e-05,Low,Maintain: Standard loyalty program
13809,Inactive,1,305,1,155.05,1,1,1,111,309.91160168853673,0.0265263964026727,1.0,0.9999776962114252,High,Low Priority: Automated email only
13810,Silver Tier,0,29,3,1499.01,4,3,4,434,1659.313806326585,0.1753287467551524,0.9991904712698728,2.2303788574989992e-05,Low,Maintain: Standard loyalty program
13811,Inactive,1,184,3,814.5,1,3,3,133,1010.8063004276746,0.1095330253126892,0.9943469858823032,0.9999776962114252,High,Low Priority: Automated email only
13812,Silver Tier,0,42,3,539.0,3,3,3,333,1284.354338594158,0.1948413836170409,0.999031483790582,2.230378857499003e-05,Low,Maintain: Standard loyalty program
13813,Silver Tier,0,40,4,1366.86,3,4,4,344,2235.153935274794,0.2260928979511493,0.9991112127376842,2.2303788574989992e-05,Low,Maintain: Standard loyalty program
13814,Silver Tier,0,92,2,1579.12,2,2,4,224,1998.6668413786165,0.106285950720093,0.9984995094031648,0.9999776962114252,High,Send: Standard win-back offer
13815,Silver Tier,0,22,4,4027.36,4,4,5,445,2805.9005038696455,0.1186201122018297,0.9995084856837272,2.230378857499007e-05,Low,Maintain: Standard loyalty program
13816,Silver Tier,0,24,2,571.67,4,2,3,423,1460.7331547033573,0.164790384792121,0.9992794602237997,2.230378857499003e-05,Low,Maintain: Standard loyalty program
13817,Silver Tier,0,29,2,382.98,4,2,2,422,499.74158872497816,0.0521674748208409,0.9994195640956044,2.230378857499003e-05,Low,Maintain: Standard loyalty program
13819,Inactive,1,302,3,1140.35,1,3,4,134,916.5218403096062,0.0848545953563565,0.9704524309034592,0.9999776962114252,High,Low Priority: Automated email only
13821,Inactive,1,145,2,385.64,2,2,2,222,515.2762450015617,0.0663409164229217,0.9985492428217274,0.9999776962114252,High,Low Priority: Automated email only
13822,Silver Tier,0,6,2,632.0,5,2,3,523,1687.19538510404,0.2011369976829601,0.9994450179494828,2.2303788574990148e-05,Low,Maintain: Standard loyalty program
13823,Silver Tier,0,19,2,957.66,4,2,4,424,1406.0697342827866,0.1369787262672791,0.9993665753069612,2.230378857499003e-05,Low,Maintain: Standard loyalty program
13824,Silver Tier,0,33,5,1698.94,4,4,4,444,1446.3925613189722,0.1527705570517697,0.9994602933732258,2.2303788574989992e-05,Low,Maintain: Standard loyalty program
13826,Inactive,1,176,1,189.5,2,1,1,211,473.0666458355044,0.0404984517558236,1.0,0.9999776962114252,High,Low Priority: Automated email only
13827,Silver Tier,0,58,3,409.8,3,3,2,332,1106.5384091839944,0.1598857820255965,0.9989251301378343,2.2303788574990385e-05,Low,Maintain: Standard loyalty program
13828,Silver Tier,0,22,1,209.49,4,1,1,411,1273.5470319616638,0.1091017025711163,1.0,2.2303788574990107e-05,Low,Maintain: Standard loyalty program
13831,Silver Tier,0,16,6,2198.45,4,5,5,455,1655.2330755660191,0.1595981062163715,0.999602780104218,2.2303788574989992e-05,Low,Maintain: Standard loyalty program
13832,Silver Tier,0,19,1,52.2,4,1,1,411,1316.965589877716,0.1128248642298541,1.0,2.2303788574990185e-05,Low,Maintain: Standard loyalty program
13833,Inactive,1,159,1,383.85,2,1,2,212,508.3348084278073,0.0435192571707367,1.0,0.9999776962114252,High,Low Priority: Automated email only
13835,Silver Tier,0,25,4,834.57,4,4,3,443,1078.21046699723,0.1616427230213692,0.9994410084692004,2.230378857499003e-05,Low,Maintain: Standard loyalty program
13837,Inactive,1,212,2,266.59000000000003,1,2,2,122,471.33035121813447,0.0566739807775239,0.9978420471712538,0.9999776962114252,High,Low Priority: Automated email only
13838,Silver Tier,0,6,4,674.82,5,4,3,543,637.5669007556698,0.0774192014029716,0.9995417556718414,2.2303788574990148e-05,Low,Maintain: Standard loyalty program
13841,Inactive,1,253,1,85.0,1,1,1,111,361.07472695079787,0.030907363449904,1.0,0.9999776962114252,High,Low Priority: Automated email only
13842,Silver Tier,0,59,9,3385.62,3,5,5,355,2656.4030944399537,0.2433210373060152,0.999116158047955,2.2303788574990625e-05,Low,Maintain: Standard loyalty program
13844,Silver Tier,0,11,1,361.62,5,1,2,512,1448.6733665307254,0.1241199846914916,1.0,2.230378857499007e-05,Low,Maintain: Standard loyalty program
13845,Silver Tier,0,65,1,312.98,3,1,2,312,871.382211660038,0.0746253479085986,1.0,2.2303788574990663e-05,Low,Maintain: Standard loyalty program
13846,Silver Tier,0,25,3,865.0600000000001,4,3,3,433,657.5910288969417,0.0790386652168877,0.999478014257641,2.230378857499003e-05,Low,Maintain: Standard loyalty program
13848,Silver Tier,0,92,3,1255.0,2,3,4,234,982.659572473466,0.0779212667132066,0.9991318807795664,0.9999776962114252,High,Send: Standard win-back offer
13849,Silver Tier,0,52,2,1537.95,3,2,4,324,1703.4090836273083,0.0916703353694128,0.9992104509741953,2.2303788574990263e-05,Low,Maintain: Standard loyalty program
13850,Silver Tier,0,129,1,1595.48,2,1,4,214,585.3455299462746,0.0501160616651096,1.0,0.9999776962114252,High,Send: Standard win-back offer
13851,Silver Tier,0,96,3,2651.46,2,3,5,235,2441.0964976386035,0.0949316339745187,0.998936715716244,0.9999776962114252,High,Send: Standard win-back offer
13853,Silver Tier,0,57,1,1090.14,3,1,4,314,919.7889416513344,0.0787741448838927,1.0,2.2303788574990385e-05,Low,Maintain: Standard loyalty program
13854,Gold Tier,3,9,25,8109.52,5,5,5,555,6351.675263264089,0.686445154583635,0.9998166090378776,2.2303788574990463e-05,Low,Maintain: VIP loyalty program
13856,Inactive,1,169,3,388.5,2,3,2,232,854.4139427486348,0.1239057854536368,0.9933141003433942,0.9999776962114252,High,Low Priority: Automated email only
13858,Silver Tier,0,57,1,216.17,3,1,1,311,919.7889416513344,0.0787741448838927,1.0,2.2303788574990385e-05,Low,Maintain: Standard loyalty program
13859,Inactive,1,326,1,201.16,1,1,1,111,293.4369819483421,0.0251158132509321,1.0,0.9999776962114252,High,Low Priority: Automated email only
13860,Silver Tier,0,1,5,1245.9,5,4,4,544,2644.420651181159,0.2962912032218854,0.999597236899972,2.2303788574990226e-05,Low,Maintain: Standard loyalty program
13862,Silver Tier,0,18,8,2209.36,4,5,5,455,1827.7620854438287,0.2341679932367101,0.9996137588193544,2.230378857499003e-05,Low,Maintain: Standard loyalty program
13863,Inactive,1,248,1,305.78,1,1,2,112,366.7872811283449,0.0313965423243457,1.0,0.9999776962114252,High,Low Priority: Automated email only
13865,Silver Tier,0,58,4,501.56,3,4,3,343,744.3014328302146,0.1281952210855572,0.999227420195162,2.2303788574990385e-05,Low,Maintain: Standard loyalty program
13866,Silver Tier,0,74,1,145.67,2,1,1,211,810.4510859892586,0.0694035271114614,1.0,2.2303788574992523e-05,Low,Maintain: Standard loyalty program
13867,Silver Tier,0,31,3,1005.09,4,3,4,434,1417.1858327213538,0.118145887849842,0.999387230279146,2.2303788574989992e-05,Low,Maintain: Standard loyalty program
13868,Silver Tier,0,7,2,3192.54,5,2,5,525,8455.62913886681,0.2048952613697532,0.999423621942442,2.2303788574990107e-05,Low,Maintain: Standard loyalty program
13869,Silver Tier,0,123,4,3083.65,2,4,5,245,2360.6264398155568,0.1076554524168928,0.9985539432665932,0.9999776962114252,High,Send: Standard win-back offer
13870,Silver Tier,0,2,8,2770.94,5,5,5,555,2427.9964780637333,0.1963811576747422,0.9996695296963682,2.2303788574990148e-05,Low,Maintain: Standard loyalty program
13871,Gold Tier,3,23,13,6403.25,4,5,5,455,5594.349562421108,0.3763642950707793,0.9995821078904842,2.2303788574990107e-05,Low,Maintain: VIP loyalty program
13873,Silver Tier,0,120,3,389.6,2,3,2,232,597.4859742959976,0.0896360303523195,0.9987091503706568,0.9999776962114252,High,Send: Standard win-back offer
13874,Inactive,1,358,1,540.45,1,1,3,113,271.448553849472,0.0232332038598186,1.0,0.9999776962114252,High,Low Priority: Automated email only
13875,Silver Tier,0,54,5,1786.79,3,4,4,344,1643.4764572089605,0.1564555336155074,0.9992565135708188,2.2303788574990307e-05,Low,Maintain: Standard loyalty program
13876,Silver Tier,0,64,1,122.7,3,1,1,311,877.9831095133258,0.075191074676543,1.0,2.23037885749911e-05,Low,Maintain: Standard loyalty program
13877,Silver Tier,0,86,1,117.24,2,1,1,211,747.7119978348546,0.0640272497809341,1.0,2.230378857499795e-05,Low,Maintain: Standard loyalty program
13878,Silver Tier,0,55,1,1271.57,3,1,4,314,942.2214556792164,0.0806968633576997,1.0,2.2303788574990385e-05,Low,Maintain: Standard loyalty program
13880,Silver Tier,0,21,13,3219.77,4,5,5,455,2696.4304567164386,0.2704030065861287,0.9996214468070128,2.230378857499007e-05,Low,Maintain: Standard loyalty program
13881,Gold Tier,3,4,20,17159.52,5,5,5,555,14448.764310773193,0.4997956425365235,0.9998121884259904,2.2303788574990937e-05,Low,Maintain: VIP loyalty program
13882,Silver Tier,0,3,5,1191.13,5,4,4,544,3508.4662572193743,0.435587005968656,0.9996206338047828,2.2303788574990148e-05,Low,Maintain: Standard loyalty program
13883,Silver Tier,0,11,5,2674.48,5,4,5,545,2040.434297376292,0.1053139779332968,0.9995150159034932,2.230378857499003e-05,Low,Maintain: Standard loyalty program
13884,Silver Tier,0,7,5,787.6,5,4,3,543,996.6263010400196,0.1304263382289236,0.99957570532721,2.2303788574990148e-05,Low,Maintain: Standard loyalty program
13885,Inactive,1,189,2,506.8,1,2,3,123,621.7637043465213,0.0811285541328417,0.9953458100528324,0.9999776962114252,High,Low Priority: Automated email only
13886,Silver Tier,0,71,1,243.56,3,1,1,311,827.8164177882809,0.0708916959513835,1.0,2.2303788574991378e-05,Low,Maintain: Standard loyalty program
13887,Inactive,1,204,1,349.55,1,1,2,112,424.55243579789015,0.0363434043495584,1.0,0.9999776962114252,High,Low Priority: Automated email only
13888,Silver Tier,0,120,2,595.67,2,2,3,223,842.0433599636032,0.076290912351643,0.9986459370612571,0.9999776962114252,High,Send: Standard win-back offer
13889,Silver Tier,0,93,1,416.9,2,1,2,212,719.8496572064222,0.0616398154300816,1.0,0.9999776962114252,High,Send: Standard win-back offer
13890,Silver Tier,0,1,10,1883.81,5,5,4,554,1655.3928965037248,0.2480365682617962,0.9997447546412364,2.2303788574990185e-05,Low,Maintain: Standard loyalty program
13892,Silver Tier,0,27,4,632.97,4,4,3,443,1043.4864371850863,0.145732592832034,0.999453700592174,2.2303788574989992e-05,Low,Maintain: Standard loyalty program
13893,Inactive,1,298,1,821.1,1,1,3,113,316.68489035990433,0.0271063499129958,1.0,0.9999776962114252,High,Low Priority: Automated email only
13894,Silver Tier,0,24,3,564.62,4,3,3,433,666.6012111416508,0.0578127676425052,0.99942896221834,2.230378857499003e-05,Low,Maintain: Standard loyalty program
13895,Silver Tier,0,28,4,2593.07,4,4,5,445,3586.0864358250324,0.1970204150751713,0.99935873255887,2.230378857499003e-05,Low,Maintain: Standard loyalty program
13897,Silver Tier,0,50,1,311.16,3,1,2,312,973.891045138813,0.0834114029271052,1.0,2.2303788574990148e-05,Low,Maintain: Standard loyalty program
13898,Inactive,1,326,1,155.93,1,1,1,111,294.18166801803847,0.0251795734272517,1.0,0.9999776962114252,High,Low Priority: Automated email only
13899,Silver Tier,0,16,2,388.52,4,2,2,422,474.9589119916776,0.0638831024174357,0.999444222123472,2.230378857499007e-05,Low,Maintain: Standard loyalty program
13900,Inactive,1,183,3,740.95,1,3,3,133,785.054476559733,0.1020583127228173,0.9956964650883604,0.9999776962114252,High,Low Priority: Automated email only
13901,Silver Tier,0,72,5,2867.2,3,4,5,345,2555.3431180754396,0.1495501071804302,0.99904799563733,2.2303788574992208e-05,Low,Maintain: Standard loyalty program
13904,Silver Tier,0,37,2,332.64,3,2,2,322,481.4613784100103,0.0603586559044258,0.9993801714556828,2.230378857499003e-05,Low,Maintain: Standard loyalty program
13908,Silver Tier,0,80,4,2369.55,2,4,5,245,2117.9124245552343,0.1329883669584012,0.9989375812099884,2.2303788574995145e-05,Low,Maintain: Standard loyalty program
13911,Silver Tier,0,57,9,2580.91,3,5,5,355,2349.099055908035,0.2807130287926245,0.9989379061958312,2.2303788574990426e-05,Low,Maintain: Standard loyalty program
13914,Silver Tier,0,12,2,626.45,5,2,3,523,2137.3011197911387,0.2087914417737248,0.9993764989599514,2.230378857499003e-05,Low,Maintain: Standard loyalty program
13917,Silver Tier,0,50,2,272.04,3,2,2,322,754.6857369839237,0.0842673894297798,0.9992541838423252,2.2303788574990148e-05,Low,Maintain: Standard loyalty program
13918,Silver Tier,0,50,2,1212.84,3,2,4,324,1326.9557403392084,0.0680414835136375,0.999311456541067,2.2303788574990107e-05,Low,Maintain: Standard loyalty program
13919,Silver Tier,0,59,2,384.81,3,2,2,322,979.7225824853492,0.1152977180227662,0.9989955366213186,2.2303788574990426e-05,Low,Maintain: Standard loyalty program
13922,Inactive,1,352,1,172.25,1,1,1,111,275.9722362853422,0.0236205063046922,1.0,0.9999776962114252,High,Low Priority: Automated email only
13923,Silver Tier,0,54,1,351.13,3,1,2,312,949.944145249896,0.0813587982568712,1.0,2.2303788574990344e-05,Low,Maintain: Standard loyalty program
13924,Silver Tier,0,2,6,1838.85,5,5,4,554,3711.411248856713,0.4960029300429101,0.9996666550884376,2.2303788574990107e-05,Low,Maintain: Standard loyalty program
13925,Silver Tier,0,93,4,678.25,2,4,3,243,1155.5863651359157,0.1667488777064349,0.997558500142892,0.9999776962114252,High,Send: Standard win-back offer
13926,Silver Tier,0,23,1,223.85,4,1,1,411,1259.703587062989,0.107914660124522,1.0,2.2303788574990107e-05,Low,Maintain: Standard loyalty program
13927,Silver Tier,0,75,1,348.99,2,1,2,212,810.4510859892586,0.0694035271114614,1.0,2.230378857499209e-05,Low,Maintain: Standard loyalty program
13928,Silver Tier,0,11,4,464.57,5,4,2,542,1291.6731307831365,0.2273062486495201,0.9995228324770088,2.230378857499007e-05,Low,Maintain: Standard loyalty program
13929,Inactive,1,169,2,842.65,2,2,3,223,657.8981498127866,0.0554238184567639,0.9985884943274352,0.9999776962114252,High,Low Priority: Automated email only
13930,Silver Tier,0,58,2,337.34,3,2,2,322,846.3295684518505,0.106866361974069,0.9990765371789654,2.2303788574990385e-05,Low,Maintain: Standard loyalty program
13931,Silver Tier,0,96,2,1237.53,2,2,4,224,1096.8155366295448,0.0627623076179571,0.9990901478037472,0.9999776962114252,High,Send: Standard win-back offer
13932,Inactive,1,295,1,307.4,1,1,2,112,319.30183684963674,0.0273304244829762,1.0,0.9999776962114252,High,Low Priority: Automated email only
13933,Silver Tier,0,109,2,608.79,2,2,3,223,1036.3265200460403,0.1008636264177696,0.9981790229262588,0.9999776962114252,High,Send: Standard win-back offer
13934,Inactive,1,264,1,922.1,1,1,3,113,349.1127321634966,0.0298830486396042,1.0,0.9999776962114252,High,Low Priority: Automated email only
13936,Inactive,1,180,1,376.58,1,1,2,112,467.3447423141662,0.0400083745391801,1.0,0.9999776962114252,High,Low Priority: Automated email only
13937,Inactive,1,169,1,158.85,2,1,1,211,486.97869006985377,0.0416900301009724,1.0,0.9999776962114252,High,Low Priority: Automated email only
13938,Silver Tier,0,35,1,71.66,3,1,1,311,1114.3514760006665,0.0954522487616995,1.0,2.2303788574990185e-05,Low,Maintain: Standard loyalty program
13939,Silver Tier,0,23,3,568.55,4,3,3,433,686.9854364508901,0.0892321533430401,0.9994707852289604,2.2303788574989992e-05,Low,Maintain: Standard loyalty program
13940,Silver Tier,0,17,4,839.14,4,4,3,443,1604.2855457356895,0.215549164208995,0.9994598436438928,2.2303788574989992e-05,Low,Maintain: Standard loyalty program
13941,Silver Tier,0,22,5,5112.96,4,4,5,445,3221.4396959721867,0.1313008085246262,0.9995537892571572,2.230378857499007e-05,Low,Maintain: Standard loyalty program
13946,Silver Tier,0,79,3,561.57,2,3,3,233,747.5244687919957,0.1008782153100596,0.999053933340942,2.230378857499229e-05,Low,Maintain: Standard loyalty program
13947,Silver Tier,0,65,1,90.6,3,1,1,311,864.8798402201314,0.074068070465522,1.0,2.2303788574991174e-05,Low,Maintain: Standard loyalty program
13948,Inactive,1,361,1,102.0,1,1,1,111,270.1831860954547,0.0231248679952339,1.0,0.9999776962114252,High,Low Priority: Automated email only
13949,Silver Tier,0,3,6,2427.32,5,5,5,555,4639.613736380368,0.4290191064552794,0.9996563427323778,2.2303788574990107e-05,Low,Maintain: Standard loyalty program
13950,Silver Tier,0,11,4,745.06,5,4,3,543,1031.0606557668634,0.1457466130118687,0.9995498528690696,2.230378857499003e-05,Low,Maintain: Standard loyalty program
13951,Inactive,1,176,3,674.45,2,3,3,233,782.1138728557418,0.0931916805147126,0.9971128218249702,0.9999776962114252,High,Low Priority: Automated email only
13952,Inactive,1,218,2,3251.071,1,2,5,125,1565.7308498976367,0.0710749896489994,0.9952235347287344,0.9999776962114252,High,Low Priority: Automated email only
13953,Silver Tier,0,7,7,3515.68,5,5,5,555,2672.4463232286107,0.1945549640033248,0.9996719440116536,2.2303788574990148e-05,Low,Maintain: Standard loyalty program
13954,Silver Tier,0,2,2,439.92,5,3,2,532,1423.757782501623,0.1577049036528162,0.9994838866647328,2.2303788574990185e-05,Low,Maintain: Standard loyalty program
13955,Inactive,1,154,2,322.96,2,3,2,232,456.5286515197329,0.0585406588899005,0.9986580998454004,0.9999776962114252,High,Low Priority: Automated email only
13956,Silver Tier,0,5,5,1019.27,5,4,4,544,1282.8629995259012,0.1703259884180456,0.9996212619159628,2.2303788574990185e-05,Low,Maintain: Standard loyalty program
13959,Silver Tier,0,79,3,594.04,2,3,3,233,602.2300077749738,0.0786510353254623,0.9992139153237134,2.230378857499229e-05,Low,Maintain: Standard loyalty program
13960,Silver Tier,0,21,2,230.22,4,3,1,431,1187.9312330512423,0.1565512125299427,0.9993145839015096,2.230378857499007e-05,Low,Maintain: Standard loyalty program
13962,Silver Tier,0,22,2,169.54999999999998,4,3,1,431,484.1299359918358,0.0697832272310156,0.999422019087609,2.2303788574990148e-05,Low,Maintain: Standard loyalty program
13963,Inactive,1,308,4,664.54,1,4,3,143,678.8023096407832,0.1010083344824032,0.9588961687792764,0.9999776962114252,High,Low Priority: Automated email only
13967,Inactive,1,146,1,80.7,2,1,1,211,541.5862926153269,0.046367500850168,1.0,0.9999776962114252,High,Low Priority: Automated email only
13969,Gold Tier,3,7,18,9024.17,5,5,5,555,7003.83588070828,0.4652378400968934,0.9997922083548308,2.2303788574990385e-05,Low,Maintain: VIP loyalty program
13971,Silver Tier,0,19,8,2758.26,4,5,5,455,2656.0059845975843,0.2652601350021591,0.9995943637839124,2.230378857499007e-05,Low,Maintain: Standard loyalty program
13972,Silver Tier,0,71,2,190.25,3,3,1,331,554.7866528624043,0.0811343799795014,0.999118925311584,2.230378857499181e-05,Low,Maintain: Standard loyalty program
13973,Inactive,1,287,1,264.7,1,1,2,112,325.5795547475773,0.0278679553693218,1.0,0.9999776962114252,High,Low Priority: Automated email only
13974,Silver Tier,0,49,1,413.59,3,1,2,312,982.1439581906712,0.0841188153604568,1.0,2.2303788574990148e-05,Low,Maintain: Standard loyalty program
13975,Silver Tier,0,31,6,2461.24,4,5,5,455,2077.694890390533,0.1678272295872423,0.9994445940348018,2.230378857499003e-05,Low,Maintain: Standard loyalty program
13976,Inactive,1,207,1,357.98,1,1,2,112,421.4651438050667,0.0360790027693864,1.0,0.9999776962114252,High,Low Priority: Automated email only
13978,Silver Tier,0,15,2,196.79,4,3,1,431,1297.5429873427556,0.1922906870271702,0.9993528747913498,2.2303788574990148e-05,Low,Maintain: Standard loyalty program
13979,Silver Tier,0,73,1,869.87,2,1,3,213,816.1579995989189,0.0698925922786818,1.0,2.2303788574991496e-05,Low,Maintain: Standard loyalty program
13980,Silver Tier,0,60,1,200.14,3,1,1,311,898.3998783426291,0.0769409172535742,1.0,2.230378857499082e-05,Low,Maintain: Standard loyalty program
13982,Silver Tier,0,39,4,1871.81,3,4,4,344,1376.5000183640902,0.1057640502864633,0.9994367123227198,2.2303788574989992e-05,Low,Maintain: Standard loyalty program
13983,Silver Tier,0,30,12,2603.43,4,5,5,455,2066.1970272490244,0.2710029073764052,0.9995409277561836,2.230378857499007e-05,Low,Maintain: Standard loyalty program
13984,Silver Tier,0,27,5,920.51,4,4,3,443,904.2774531710496,0.1331084047308176,0.999525266280584,2.2303788574989992e-05,Low,Maintain: Standard loyalty program
13985,Gold Tier,3,4,15,7060.13,5,5,5,555,7082.33894437461,0.5343057761289167,0.9997917839855396,2.2303788574990385e-05,Low,Maintain: VIP loyalty program
13986,Silver Tier,0,17,1,320.46,4,1,2,412,1347.594640248632,0.1154514310307538,1.0,2.230378857499007e-05,Low,Maintain: Standard loyalty program
13988,Silver Tier,0,20,6,4147.96,4,5,5,455,3950.8550662679704,0.2164230060213003,0.9995447273809251,2.230378857499007e-05,Low,Maintain: Standard loyalty program
13989,Silver Tier,0,66,2,1266.08,3,3,4,334,788.155076724715,0.0711282742508903,0.999214774457528,2.230378857499106e-05,Low,Maintain: Standard loyalty program
13990,Inactive,1,213,1,311.3,1,1,2,112,411.0044555279848,0.0351831408221138,1.0,0.9999776962114252,High,Low Priority: Automated email only
13991,Silver Tier,0,12,6,852.88,5,5,3,553,1796.5379079540232,0.273180876043324,0.9995328746103144,2.2303788574989992e-05,Low,Maintain: Standard loyalty program
13992,Silver Tier,0,30,1,76.8,4,1,1,411,1170.6317638661749,0.1002774292261558,1.0,2.2303788574990148e-05,Low,Maintain: Standard loyalty program
13993,Silver Tier,0,43,9,3466.36,3,5,5,355,2952.12823370719,0.2653368102556348,0.9993327946043838,2.230378857499007e-05,Low,Maintain: Standard loyalty program
13994,Silver Tier,0,4,6,2274.14,5,5,5,555,3627.100314868344,0.3222166213175241,0.9996531768538272,2.230378857499007e-05,Low,Maintain: Standard loyalty program
13995,Silver Tier,0,15,5,1393.69,4,4,4,444,1572.0000720815387,0.1844206676959978,0.999553436825272,2.2303788574989992e-05,Low,Maintain: Standard loyalty program
13999,Silver Tier,0,10,12,3901.81,5,5,5,555,3113.9343223313904,0.3300150165773088,0.9997289148405624,2.2303788574990107e-05,Low,Maintain: Standard loyalty program
14000,Inactive,1,211,1,635.66,1,1,3,113,413.9398564473345,0.0354345291946952,1.0,0.9999776962114252,High,Low Priority: Automated email only
14001,Silver Tier,0,46,3,2043.08,3,3,4,334,1519.1018110061805,0.0767074924657241,0.9993991378888922,2.230378857499003e-05,Low,Maintain: Standard loyalty program
14002,Silver Tier,0,134,2,529.73,2,3,3,233,995.023146680128,0.097194333985268,0.9973413367210008,0.9999776962114252,High,Send: Standard win-back offer
14004,Silver Tier,0,43,7,4582.64,3,5,5,355,3751.200595737437,0.2293552639004122,0.999297454677294,2.230378857499007e-05,Low,Maintain: Standard loyalty program
14005,Silver Tier,0,10,5,2874.72,5,4,5,545,3522.184509943135,0.2039145512019368,0.9995881049512416,2.230378857499007e-05,Low,Maintain: Standard loyalty program
14006,Silver Tier,0,116,3,962.19,2,3,4,234,901.6924347422488,0.0889360078345339,0.99877577123496,0.9999776962114252,High,Send: Standard win-back offer
14009,Inactive,1,198,2,695.61,1,3,3,133,825.1108386273531,0.0795972756158989,0.994716495496497,0.9999776962114252,High,Low Priority: Automated email only
14012,Inactive,1,278,1,328.8,1,1,2,112,334.98832132167604,0.0286735956357553,1.0,0.9999776962114252,High,Low Priority: Automated email only
14013,Silver Tier,0,110,3,473.02,2,3,2,232,732.3322212624136,0.0984949805091037,0.9986823903166802,0.9999776962114252,High,Send: Standard win-back offer
14014,Silver Tier,0,77,1,505.18,2,1,3,213,793.7994213099503,0.0679765533927228,1.0,2.230378857499209e-05,Low,Maintain: Standard loyalty program
14015,Silver Tier,0,53,1,917.34,3,1,3,313,957.7944940514782,0.0820316823265691,1.0,2.2303788574990344e-05,Low,Maintain: Standard loyalty program
14016,Inactive,1,162,4,4341.21,2,4,5,245,2960.6856235505697,0.107551220355543,0.9975871428534322,0.9999776962114252,High,Low Priority: Automated email only
14019,Silver Tier,0,47,3,1421.61,3,3,4,334,2213.754665589144,0.1637776113140785,0.9990974537744514,2.2303788574990107e-05,Low,Maintain: Standard loyalty program
14020,Silver Tier,0,17,2,642.8,4,3,3,433,1440.9984064005505,0.1395995101473653,0.9993801494957038,2.230378857499003e-05,Low,Maintain: Standard loyalty program
14021,Inactive,1,155,3,631.9,2,3,3,233,846.8303068537831,0.104103499645947,0.9972342707553278,0.9999776962114252,High,Low Priority: Automated email only
14022,Inactive,1,225,1,440.0,1,1,2,112,394.2306785524733,0.0337466576787745,1.0,0.9999776962114252,High,Low Priority: Automated email only
14023,Silver Tier,0,7,2,584.07,5,3,3,533,708.7487738474587,0.0686924157009693,0.9994695878744791,2.2303788574990148e-05,Low,Maintain: Standard loyalty program
14024,Silver Tier,0,122,2,327.7,2,3,2,232,805.2348554322401,0.1132687528827722,0.9969187698337784,0.9999776962114252,High,Send: Standard win-back offer
14027,Silver Tier,0,61,1,104.82,3,1,1,311,898.3998783426291,0.0769409172535742,1.0,2.23037885749911e-05,Low,Maintain: Standard loyalty program
14029,Silver Tier,0,63,2,467.66,3,3,2,332,1049.5205799351345,0.1028465392945897,0.9990336654689916,2.2303788574990663e-05,Low,Maintain: Standard loyalty program
14030,Silver Tier,0,18,8,2358.84,4,5,5,455,1599.719881060189,0.188280495083675,0.9996095933563428,2.230378857499007e-05,Low,Maintain: Standard loyalty program
14031,Gold Tier,3,7,19,17286.86,5,5,5,555,12044.557091204284,0.4578522060046617,0.9997931162703152,2.2303788574990974e-05,Low,Maintain: VIP loyalty program
14032,Silver Tier,0,2,11,2975.59,5,5,5,555,2372.154020929222,0.2986499090620363,0.9997705678313844,2.2303788574990148e-05,Low,Maintain: Standard loyalty program
14034,Silver Tier,0,22,3,648.89,4,3,3,433,828.2222779203624,0.0969624704940843,0.999385886825488,2.2303788574989992e-05,Low,Maintain: Standard loyalty program
14035,Silver Tier,0,29,5,1428.02,4,4,4,444,1385.908311917896,0.1582015585580455,0.9994822896571444,2.2303788574989992e-05,Low,Maintain: Standard loyalty program
14036,Inactive,1,285,1,626.65,1,1,3,113,328.3462161271562,0.0281048534748136,1.0,0.9999776962114252,High,Low Priority: Automated email only
14037,Inactive,1,176,2,147.20000000000002,2,3,1,231,339.9186307637723,0.0505634819080996,0.9986799358759753,0.9999776962114252,High,Low Priority: Automated email only
14038,Silver Tier,0,78,3,1560.38,2,3,4,234,1448.6064256244224,0.1227920018079859,0.9988660750313734,2.2303788574993156e-05,Low,Maintain: Standard loyalty program
14039,Silver Tier,0,33,1,152.2,4,1,1,411,1136.2013539108086,0.0973255042500641,1.0,2.2303788574990107e-05,Low,Maintain: Standard loyalty program
14040,Silver Tier,0,41,12,3560.32,3,5,5,355,3068.449817119358,0.3246397499676299,0.9993171833438024,2.2303788574990107e-05,Low,Maintain: Standard loyalty program
14041,Inactive,1,266,1,141.41,1,1,1,111,345.98669741276063,0.0296153678574663,1.0,0.9999776962114252,High,Low Priority: Automated email only
14044,Silver Tier,0,27,4,646.42,4,4,3,443,785.433818896392,0.1214420523110695,0.9994839443896002,2.2303788574989992e-05,Low,Maintain: Standard loyalty program
14045,Silver Tier,0,109,4,1659.75,2,4,4,244,1239.2844165538413,0.0766778302085621,0.9990126771497572,0.9999776962114252,High,Send: Standard win-back offer
14046,Inactive,1,284,1,154.99,1,1,1,111,328.3462161271562,0.0281048534748136,1.0,0.9999776962114252,High,Low Priority: Automated email only
14047,Silver Tier,0,9,5,1308.61,5,4,4,544,1075.4232240011324,0.1313088264307013,0.9996148271783198,2.230378857499003e-05,Low,Maintain: Standard loyalty program
14048,Inactive,1,305,1,409.93,1,1,2,112,309.91160168853673,0.0265263964026727,1.0,0.9999776962114252,High,Low Priority: Automated email only
14049,Silver Tier,0,17,4,5578.72,4,4,5,445,4049.070935296532,0.118930998771836,0.9995380107465136,2.230378857499007e-05,Low,Maintain: Standard loyalty program
14050,Silver Tier,0,32,2,746.36,4,3,3,433,1208.9078687223932,0.1252200623467894,0.9992727596150452,2.2303788574989992e-05,Low,Maintain: Standard loyalty program
14051,Gold Tier,3,1,23,15610.39,5,5,5,555,11817.360795578994,0.6021421526590626,0.999871492942966,2.230378857499102e-05,Low,Maintain: VIP loyalty program
14052,Silver Tier,0,20,1,225.36,4,1,1,411,1316.965589877716,0.1128248642298541,1.0,2.2303788574990107e-05,Low,Maintain: Standard loyalty program
14053,Silver Tier,0,124,2,260.25,2,3,2,232,733.330894521368,0.095965342484211,0.997865115305117,0.9999776962114252,High,Send: Standard win-back offer
14054,Silver Tier,0,65,1,92.46,3,1,1,311,864.8798402201314,0.074068070465522,1.0,2.2303788574991174e-05,Low,Maintain: Standard loyalty program
14055,Silver Tier,0,106,1,725.6400000000001,2,1,3,213,662.2674747601277,0.0567061099956413,1.0,0.9999776962114252,High,Send: Standard win-back offer
14056,Gold Tier,3,1,23,8152.71,5,5,5,555,7583.247297237024,0.7760418967712112,0.9998678357005034,2.2303788574990544e-05,Low,Maintain: VIP loyalty program
14057,Gold Tier,3,24,17,6211.66,4,5,5,455,4427.8362317777155,0.3866761741597541,0.999607237209849,2.2303788574990344e-05,Low,Maintain: VIP loyalty program
14059,Inactive,1,267,1,183.6,1,1,1,111,345.98669741276063,0.0296153678574663,1.0,0.9999776962114252,High,Low Priority: Automated email only
14060,Gold Tier,3,5,19,6140.42,5,5,5,555,4721.93519171194,0.512289992316459,0.9998281719928472,2.2303788574990385e-05,Low,Maintain: VIP loyalty program
14062,Gold Tier,3,10,12,10464.85,5,5,5,555,7545.088003422548,0.3000162373206719,0.9997260038762252,2.2303788574990107e-05,Low,Maintain: VIP loyalty program
14064,Silver Tier,0,29,5,1334.34,4,4,4,444,1499.7341044600278,0.1688086483880519,0.999459958722092,2.2303788574989992e-05,Low,Maintain: Standard loyalty program
14066,Inactive,1,267,1,152.55,1,1,1,111,345.98669741276063,0.0296153678574663,1.0,0.9999776962114252,High,Low Priority: Automated email only
14067,Silver Tier,0,64,2,374.7,3,3,2,332,1090.41204651415,0.1327468821410446,0.9987739111375836,2.2303788574990663e-05,Low,Maintain: Standard loyalty program
14068,Inactive,1,320,1,265.85,1,1,2,112,297.9625247411955,0.0255032926759162,1.0,0.9999776962114252,High,Low Priority: Automated email only
14071,Silver Tier,0,4,8,1437.57,5,5,4,554,1635.1921805472762,0.2459857540029656,0.99968877621916,2.2303788574990107e-05,Low,Maintain: Standard loyalty program
14073,Silver Tier,0,32,1,151.04,4,1,1,411,1147.450852684066,0.0982899773019129,1.0,2.2303788574990107e-05,Low,Maintain: Standard loyalty program
14075,Silver Tier,0,5,3,942.26,5,3,4,534,1020.3541822571942,0.1027629003809891,0.999540828907063,2.2303788574990148e-05,Low,Maintain: Standard loyalty program
14076,Silver Tier,0,129,1,118.67,2,1,1,211,585.3455299462746,0.0501160616651096,1.0,0.9999776962114252,High,Send: Standard win-back offer
14077,Silver Tier,0,41,5,499.42,3,4,3,343,793.5449841336173,0.168791522505862,0.9993585620598348,2.230378857499003e-05,Low,Maintain: Standard loyalty program
14078,Silver Tier,0,102,6,1049.37,2,5,4,254,1005.2850634984256,0.1579871292595487,0.9985511894298208,0.9999776962114252,High,Send: Standard win-back offer
14079,Silver Tier,0,125,1,375.1,2,1,2,212,600.5081570393139,0.0514150067779058,1.0,0.9999776962114252,High,Send: Standard win-back offer
14080,Silver Tier,0,33,1,45.599999999999994,4,1,1,411,1147.450852684066,0.0982899773019129,1.0,2.2303788574990148e-05,Low,Maintain: Standard loyalty program
14081,Inactive,1,302,2,921.62,1,3,3,133,636.0371852536754,0.0498369835531021,0.9956995604768664,0.9999776962114252,High,Low Priority: Automated email only
14082,Inactive,1,365,1,182.25,1,1,1,111,267.6875158822208,0.0229111992653797,1.0,0.9999776962114252,High,Low Priority: Automated email only
14083,Silver Tier,0,4,9,1002.9,5,5,4,554,874.6232156933601,0.2134289651783219,0.9997103950736674,2.2303788574990148e-05,Low,Maintain: Standard loyalty program
14085,Gold Tier,3,2,18,4421.29,5,5,5,555,3473.64794812938,0.4345972972895393,0.9998218564025774,2.2303788574990385e-05,Low,Maintain: VIP loyalty program
14087,Silver Tier,0,3,1,191.47,5,1,1,511,1632.33591665712,0.1398733627495564,1.0,2.230378857499086e-05,Low,Maintain: Standard loyalty program
14088,Gold Tier,3,10,13,50491.81,5,5,5,555,36453.75368413897,0.3629360601676523,0.9997211822633368,2.2303788574990703e-05,Low,Maintain: VIP loyalty program
14089,Silver Tier,0,57,1,158.75,3,1,1,311,927.1467966421674,0.0794047891970098,1.0,2.2303788574990744e-05,Low,Maintain: Standard loyalty program
14090,Inactive,1,325,1,76.32000000000001,1,1,1,111,294.93014354857866,0.025243658156636,1.0,0.9999776962114252,High,Low Priority: Automated email only
14092,Gold Tier,3,8,14,4076.91,5,5,5,555,3310.0222335884446,0.332341219406226,0.999750455741058,2.2303788574990385e-05,Low,Maintain: VIP loyalty program
14093,Silver Tier,0,12,1,433.86,5,1,2,512,1430.786674672573,0.1225859443620275,1.0,2.230378857499007e-05,Low,Maintain: Standard loyalty program
14096,Gold Tier,3,4,17,65164.79,5,5,5,555,127642.33205817208,1.1880277780317483,0.9997640272506764,2.230378857499102e-05,Low,Maintain: VIP loyalty program
14098,Silver Tier,0,37,1,147.35,3,1,1,311,1103.738729125816,0.0945424046456437,1.0,2.230378857499007e-05,Low,Maintain: Standard loyalty program
14099,Silver Tier,0,16,11,3104.17,4,5,5,455,2477.030726624954,0.3070925528538495,0.999668655494918,2.230378857499007e-05,Low,Maintain: Standard loyalty program
14100,Silver Tier,0,138,1,191.95,2,1,1,211,562.6162538325339,0.0481689620622456,1.0,0.9999776962114252,High,Send: Standard win-back offer
14101,Silver Tier,0,74,6,5976.79,2,5,5,255,4609.307174086333,0.1768599173238158,0.9989486395947584,2.2303788574993597e-05,Low,Maintain: Standard loyalty program
14102,Silver Tier,0,5,5,1105.88,5,4,4,544,3831.0470160268433,0.512709027346299,0.9995612719453104,2.2303788574990185e-05,Low,Maintain: Standard loyalty program
14104,Inactive,1,155,2,216.21,2,3,1,231,712.1959267396469,0.0933654103762553,0.9963885246885372,0.9999776962114252,High,Low Priority: Automated email only
14105,Inactive,1,239,1,1266.23,1,1,4,114,376.3131214718976,0.0322122735687292,1.0,0.9999776962114252,High,Low Priority: Automated email only
14107,Silver Tier,0,52,7,2703.23,3,5,5,355,2095.349652127092,0.1890939743657395,0.9993118405058966,2.2303788574990307e-05,Low,Maintain: Standard loyalty program
14108,Silver Tier,0,31,2,597.91,4,3,3,433,1322.1496280399654,0.1289050413083382,0.9992738389961136,2.2303788574989992e-05,Low,Maintain: Standard loyalty program
14109,Silver Tier,0,73,1,144.2,2,1,1,211,821.9458652291272,0.0703885989447985,1.0,2.230378857499217e-05,Low,Maintain: Standard loyalty program
14110,Silver Tier,0,4,12,5683.15,5,5,5,555,5151.878924257225,0.4236419166249986,0.999771726161792,2.2303788574990185e-05,Low,Maintain: Standard loyalty program
14111,Silver Tier,0,14,4,692.85,4,4,3,443,1080.6367265712831,0.148095229523695,0.999531099493722,2.2303788574989992e-05,Low,Maintain: Standard loyalty program
14112,Silver Tier,0,23,7,2915.15,4,5,5,455,2550.261327937898,0.1683270638024618,0.9995149313383942,2.230378857499007e-05,Low,Maintain: Standard loyalty program
14113,Silver Tier,0,4,4,1840.42,5,4,4,544,1385.8506152708885,0.1085322884722289,0.9995962457462992,2.230378857499007e-05,Low,Maintain: Standard loyalty program
14114,Inactive,1,274,2,386.53,1,3,2,132,479.2398743035701,0.0547164670012517,0.9958293586202448,0.9999776962114252,High,Low Priority: Automated email only
14116,Silver Tier,0,20,5,1382.74,4,4,4,444,2562.917003174078,0.3047899705678396,0.9994136561835298,2.2303788574989992e-05,Low,Maintain: Standard loyalty program
14117,Inactive,1,144,1,90.0,2,1,1,211,546.6949928160249,0.0468051145874217,1.0,0.9999776962114252,High,Low Priority: Automated email only
14121,Silver Tier,0,4,4,2780.15,5,4,5,545,7343.596714496154,0.3588217802834293,0.9995697532447244,2.2303788574990107e-05,Low,Maintain: Standard loyalty program
14124,Silver Tier,0,84,1,419.58,2,1,2,212,757.4850672444373,0.0648646966288174,1.0,2.2303788574994583e-05,Low,Maintain: Standard loyalty program
14125,Silver Tier,0,11,3,2720.63,5,3,5,535,3915.30702205493,0.2307481574820096,0.9994586164242536,2.230378857499007e-05,Low,Maintain: Standard loyalty program
14126,Silver Tier,0,8,3,706.1300000000001,5,3,3,533,1961.7310017029963,0.2775894825923122,0.999396512635729,2.2303788574990185e-05,Low,Maintain: Standard loyalty program
14127,Silver Tier,0,123,3,709.71,2,3,3,233,697.0358054558989,0.0893960283068029,0.99867070184337,0.9999776962114252,High,Send: Standard win-back offer
14128,Silver Tier,0,61,2,637.5,3,3,3,333,716.2264469518732,0.0676178568882088,0.9992596729235228,2.2303788574990544e-05,Low,Maintain: Standard loyalty program
14129,Silver Tier,0,2,5,1123.86,5,4,4,544,1175.38954625357,0.1395503787183325,0.9996024887885944,2.2303788574990185e-05,Low,Maintain: Standard loyalty program
14130,Inactive,1,319,1,480.91,1,1,2,112,298.7303885584828,0.0255690379498354,1.0,0.9999776962114252,High,Low Priority: Automated email only
14132,Silver Tier,0,2,11,3586.0299999999997,5,5,5,555,4882.492868542345,0.5155916099141047,0.9997620652756564,2.2303788574990148e-05,Low,Maintain: Standard loyalty program
14133,Silver Tier,0,130,3,605.64,2,3,3,233,571.1445479328024,0.0570310245450653,0.9989244948762134,0.9999776962114252,High,Send: Standard win-back offer
14135,Gold Tier,3,2,15,4690.31,5,5,5,555,3500.729327483079,0.3762290793344173,0.9998108128317668,2.2303788574990385e-05,Low,Maintain: VIP loyalty program
14138,Silver Tier,0,2,2,965.88,5,3,4,534,1784.430506762911,0.166073532435134,0.9994835238853496,2.2303788574990148e-05,Low,Maintain: Standard loyalty program
14139,Silver Tier,0,46,1,415.82,3,1,2,312,1007.7639635956134,0.0863149271016233,1.0,2.230378857499007e-05,Low,Maintain: Standard loyalty program
14140,Silver Tier,0,4,2,935.05,5,3,4,534,2497.8708884499197,0.2192588135147824,0.9994614956775848,2.2303788574990148e-05,Low,Maintain: Standard loyalty program
14141,Silver Tier,0,3,4,915.13,5,4,3,543,1980.8026500388808,0.2639196755493344,0.999589317543016,2.2303788574990148e-05,Low,Maintain: Standard loyalty program
14142,Inactive,1,373,1,311.81,1,1,2,112,262.2374002805863,0.0224445873246541,1.0,0.9999776962114252,High,Low Priority: Automated email only
14143,Silver Tier,0,134,1,115.8,2,1,1,211,573.7558586401718,0.0491232251125102,1.0,0.9999776962114252,High,Send: Standard win-back offer
14145,Silver Tier,0,47,4,3742.2,3,4,5,345,3359.0367790830555,0.1604783717953115,0.9992315015067776,2.2303788574990663e-05,Low,Maintain: Standard loyalty program
14146,Silver Tier,0,9,5,4191.0,5,4,5,545,2501.299438688112,0.1077658072622426,0.999577535323555,2.2303788574990107e-05,Low,Maintain: Standard loyalty program
14147,Silver Tier,0,78,2,483.4,2,3,2,232,630.172701449086,0.0618822704268048,0.9991976056114148,2.230378857499213e-05,Low,Maintain: Standard loyalty program
14148,Inactive,1,234,1,157.2,1,1,1,111,383.7886732905511,0.0328524419147044,1.0,0.9999776962114252,High,Low Priority: Automated email only
14149,Inactive,1,221,1,446.62,1,1,2,112,401.0504787668746,0.034330690457865,1.0,0.9999776962114252,High,Low Priority: Automated email only
14150,Silver Tier,0,36,2,658.64,3,3,3,333,555.9996173832641,0.051191425853753,0.9994047895614362,2.230378857499003e-05,Low,Maintain: Standard loyalty program
14152,Silver Tier,0,75,2,621.29,2,3,3,233,742.0064421126789,0.0722972163755415,0.9991438699308178,2.230378857499229e-05,Low,Maintain: Standard loyalty program
14154,Inactive,1,239,2,1345.62,1,3,4,134,376.3131214718976,0.0322122735687292,1.0,0.9999776962114252,High,Low Priority: Automated email only
14155,Inactive,1,266,1,118.75,1,1,1,111,345.98669741276063,0.0296153678574663,1.0,0.9999776962114252,High,Low Priority: Automated email only
14156,Platinum Tier,4,10,55,117210.08,5,5,5,555,89294.96746639295,1.1679958691698988,0.99982554157966,2.230378857499205e-05,Low,Maintain: Continue white-glove service
14157,Silver Tier,0,20,2,424.89,4,3,2,432,513.2697192432455,0.0618970758787397,0.999436665555745,2.230378857499007e-05,Low,Maintain: Standard loyalty program
14158,Silver Tier,0,40,1,507.66,3,1,3,313,1063.2353258039057,0.091070109272735,1.0,2.230378857499003e-05,Low,Maintain: Standard loyalty program
14159,Silver Tier,0,20,11,4630.35,4,5,5,455,3737.412082825033,0.3013840819651073,0.9996444022783044,2.2303788574990107e-05,Low,Maintain: Standard loyalty program
14161,Inactive,1,216,3,1097.62,1,3,4,134,890.8876931878781,0.0772235621963623,0.997015902233562,0.9999776962114252,High,Low Priority: Automated email only
14162,Inactive,1,174,2,289.36,2,3,2,232,467.91645818371734,0.0606289972250326,0.9983240896253,0.9999776962114252,High,Low Priority: Automated email only
14163,Silver Tier,0,87,4,2445.91,2,4,5,245,2533.172137423737,0.1489185130253427,0.998601431290762,2.230378857499831e-05,Low,Maintain: Standard loyalty program
14164,Silver Tier,0,71,2,1631.77,3,3,4,334,1605.6514483301623,0.1469515469421207,0.9983770661503018,2.2303788574991693e-05,Low,Maintain: Standard loyalty program
14165,Inactive,1,276,1,120.44,1,1,1,111,336.9357121417372,0.0288403458956578,1.0,0.9999776962114252,High,Low Priority: Automated email only
14167,Silver Tier,0,39,4,562.59,3,4,3,343,694.2480003641156,0.1147537806388503,0.9994182522872976,2.2303788574989992e-05,Low,Maintain: Standard loyalty program
14171,Silver Tier,0,98,1,363.79,2,1,2,212,693.9894043708468,0.0594240251799811,1.0,0.9999776962114252,High,Send: Standard win-back offer
14173,Silver Tier,0,11,4,450.84,5,4,2,542,856.8080326654256,0.1177499750899328,0.999509790367306,2.230378857499007e-05,Low,Maintain: Standard loyalty program
14174,Silver Tier,0,33,1,134.46,4,1,1,411,1136.2013539108086,0.0973255042500641,1.0,2.2303788574990148e-05,Low,Maintain: Standard loyalty program
14175,Silver Tier,0,60,3,3222.3,3,3,5,335,2566.048347006592,0.085181261767183,0.9993019123068924,2.230378857499106e-05,Low,Maintain: Standard loyalty program
14176,Inactive,1,297,4,576.9000000000001,1,4,3,143,615.267058301594,0.0769446022390115,0.988877284852876,0.9999776962114252,High,Low Priority: Automated email only
14177,Silver Tier,0,86,4,549.46,2,4,3,243,1121.230509045659,0.1366134124826208,0.998522464740149,2.230378857499755e-05,Low,Maintain: Standard loyalty program
14178,Silver Tier,0,9,7,1600.26,5,5,4,554,2413.467125337409,0.3263564838606652,0.9996350105155596,2.230378857499003e-05,Low,Maintain: Standard loyalty program
14179,Silver Tier,0,41,2,701.57,3,3,3,333,1518.2675107303598,0.1810834669587714,0.998939644583813,2.2303788574989992e-05,Low,Maintain: Standard loyalty program
14180,Gold Tier,3,11,25,4748.52,5,5,5,555,3792.6041118129383,0.6483217496263394,0.9997934767420058,2.2303788574990463e-05,Low,Maintain: VIP loyalty program
14184,Silver Tier,0,67,1,452.89,3,1,2,312,858.4738053899073,0.0735190544599296,1.0,2.2303788574990744e-05,Low,Maintain: Standard loyalty program
14185,Inactive,1,331,1,197.65,1,1,1,111,289.7693988304708,0.0248017954510735,1.0,0.9999776962114252,High,Low Priority: Automated email only
14188,Silver Tier,0,31,6,2054.36,4,5,4,454,1799.5918223486142,0.1844265309330256,0.9994829690545768,2.2303788574989992e-05,Low,Maintain: Standard loyalty program
14189,Gold Tier,3,2,15,4654.08,5,5,5,555,3636.6342739396714,0.3796711123065679,0.999804653671426,2.2303788574990385e-05,Low,Maintain: VIP loyalty program
14191,Silver Tier,0,2,13,4684.76,5,5,5,555,5705.8120105470025,0.5326292565083572,0.9997975231664612,2.2303788574990185e-05,Low,Maintain: Standard loyalty program
14193,Silver Tier,0,68,2,853.39,3,3,3,333,770.2073008679563,0.0648149573184242,0.999237546042912,2.2303788574990703e-05,Low,Maintain: Standard loyalty program
14194,Gold Tier,3,5,21,11349.52,5,5,5,555,9902.670849807064,0.4719353875843943,0.9997961171747298,2.2303788574990426e-05,Low,Maintain: VIP loyalty program
14195,Inactive,1,202,2,1012.0,1,3,4,134,589.390097987215,0.0680910068086982,0.996932241016896,0.9999776962114252,High,Low Priority: Automated email only
14196,Silver Tier,0,107,1,335.52,2,1,2,212,662.2674747601277,0.0567061099956413,1.0,0.9999776962114252,High,Send: Standard win-back offer
14198,Silver Tier,0,18,4,701.4,4,4,3,443,1006.3742350417464,0.149053302431982,0.9995052873101262,2.2303788574989992e-05,Low,Maintain: Standard loyalty program
14199,Inactive,1,218,1,185.4,1,1,1,111,403.8449286955369,0.0345700032253114,1.0,0.9999776962114252,High,Low Priority: Automated email only
14201,Silver Tier,0,60,7,747.44,3,5,3,353,871.8513454199953,0.1912781661025886,0.9991798103237528,2.2303788574990463e-05,Low,Maintain: Standard loyalty program
14204,Silver Tier,0,2,1,150.61,5,1,1,511,1632.33591665712,0.1398733627495564,1.0,2.230378857499086e-05,Low,Maintain: Standard loyalty program
14205,Silver Tier,0,17,2,466.7,4,3,2,432,621.2873941950791,0.0658019193215957,0.9994427273694704,2.230378857499007e-05,Low,Maintain: Standard loyalty program
14206,Inactive,1,239,1,328.15999999999997,1,1,2,112,376.3131214718976,0.0322122735687292,1.0,0.9999776962114252,High,Low Priority: Automated email only
14208,Silver Tier,0,95,1,151.74,2,1,1,211,711.0180375807835,0.0608830836553006,1.0,0.9999776962114252,High,Send: Standard win-back offer
14209,Silver Tier,0,11,6,2073.43,5,5,5,555,1756.2001623825174,0.174331827923691,0.99962951227863,2.2303788574989992e-05,Low,Maintain: Standard loyalty program
14210,Silver Tier,0,106,6,1905.84,2,5,4,254,1508.3579141642022,0.1586869780132343,0.9984353557916472,0.9999776962114252,High,Send: Standard win-back offer
14211,Silver Tier,0,53,9,2241.1,3,5,5,355,2299.629415569719,0.2907581173106866,0.9989976294398832,2.2303788574990385e-05,Low,Maintain: Standard loyalty program
14212,Silver Tier,0,90,1,1070.48,2,1,4,214,733.5163099957323,0.0628108542508325,1.0,2.230378857500025e-05,Low,Maintain: Standard loyalty program
14214,Silver Tier,0,31,5,1004.38,4,4,4,444,771.608628769793,0.1673435997032371,0.9994537766086182,2.2303788574989992e-05,Low,Maintain: Standard loyalty program
14215,Silver Tier,0,12,6,1789.72,5,5,4,554,1537.2094474195155,0.159967583771282,0.9996289950318016,2.2303788574989992e-05,Low,Maintain: Standard loyalty program
14216,Silver Tier,0,3,4,1839.3,5,4,4,544,5446.42737781404,0.4333504122780842,0.999561442713324,2.2303788574990107e-05,Low,Maintain: Standard loyalty program
14217,Gold Tier,3,2,17,2004.98,5,5,4,554,1797.9025678373237,0.436598573249529,0.9998281857019048,2.2303788574990344e-05,Low,Maintain: VIP loyalty program
14218,Silver Tier,0,43,1,169.48000000000002,3,1,1,311,1044.0784632385316,0.0894278831474726,1.0,2.230378857499007e-05,Low,Maintain: Standard loyalty program
14219,Silver Tier,0,4,1,89.94,5,1,1,511,1587.6067673138905,0.136036511099782,1.0,2.23037885749909e-05,Low,Maintain: Standard loyalty program
14220,Inactive,1,247,2,632.4,1,3,3,133,534.1715350389201,0.0512153880846986,0.997535973476888,0.9999776962114252,High,Low Priority: Automated email only
14221,Silver Tier,0,42,9,3432.8,3,5,5,355,2838.930702094721,0.2006978236021055,0.9993858813887982,2.230378857499007e-05,Low,Maintain: Standard loyalty program
14222,Inactive,1,177,1,683.17,2,1,3,213,471.1438391061143,0.0403337640782646,1.0,0.9999776962114252,High,Low Priority: Automated email only
14223,Silver Tier,0,92,3,991.13,2,3,4,234,1057.5814616039695,0.1017709628185287,0.9988939477903174,0.9999776962114252,High,Send: Standard win-back offer
14224,Silver Tier,0,110,4,1009.73,2,4,4,244,993.5329730439912,0.1179027570164131,0.9985992632973444,0.9999776962114252,High,Send: Standard win-back offer
14226,Silver Tier,0,29,5,2214.79,4,4,5,445,1615.0746301500944,0.1713072659844909,0.99946479306399,2.2303788574989992e-05,Low,Maintain: Standard loyalty program
14227,Silver Tier,0,26,10,3350.96,4,5,5,455,2798.58782446807,0.1980170437853463,0.999500596539894,2.230378857499007e-05,Low,Maintain: Standard loyalty program
14229,Silver Tier,0,52,3,1547.2,3,3,4,334,1180.2383544139452,0.0843374904287066,0.999349128086207,2.2303788574990263e-05,Low,Maintain: Standard loyalty program
14231,Inactive,1,184,3,925.71,1,3,3,133,925.6139110430096,0.0947119322245794,0.9966248610126742,0.9999776962114252,High,Low Priority: Automated email only
14232,Silver Tier,0,43,5,2048.07,3,4,4,344,1739.6000756558255,0.1738556315985799,0.999324177083223,2.2303788574989992e-05,Low,Maintain: Standard loyalty program
14233,Silver Tier,0,49,4,1462.72,3,4,4,344,1481.9990950516851,0.1189073852315883,0.9993395542356828,2.2303788574990107e-05,Low,Maintain: Standard loyalty program
14234,Silver Tier,0,22,4,754.12,4,4,3,443,2181.227675269643,0.3643794528887655,0.9991810372900238,2.2303788574989992e-05,Low,Maintain: Standard loyalty program
14235,Silver Tier,0,75,5,3144.86,2,4,5,245,2618.2168240265396,0.1394583008511924,0.998942932963659,2.230378857499387e-05,Low,Maintain: Standard loyalty program
14236,Silver Tier,0,81,2,490.86,2,3,3,233,506.53315889965216,0.0496751791675662,0.9992659247611216,2.2303788574992923e-05,Low,Maintain: Standard loyalty program
14237,Inactive,1,373,1,161.0,1,1,1,111,262.2374002805863,0.0224445873246541,1.0,0.9999776962114252,High,Low Priority: Automated email only
14238,Inactive,1,326,1,146.85,1,1,1,111,293.4369819483421,0.0251158132509321,1.0,0.9999776962114252,High,Low Priority: Automated email only
14239,Silver Tier,0,43,11,2380.85,3,5,5,355,2295.667506696253,0.3372556746924556,0.999213417099147,2.2303788574990107e-05,Low,Maintain: Standard loyalty program
14240,Silver Tier,0,30,2,890.34,4,3,3,433,1111.8523629242925,0.0745286659240394,0.9993800218352368,2.2303788574989992e-05,Low,Maintain: Standard loyalty program
14241,Inactive,1,184,1,213.7,1,1,1,111,459.9274469594371,0.0393730956994616,1.0,0.9999776962114252,High,Low Priority: Automated email only
14242,Inactive,1,235,2,280.55,1,3,2,132,450.4282796079692,0.0554962866952421,0.9973622394998028,0.9999776962114252,High,Low Priority: Automated email only
14243,Silver Tier,0,9,10,2588.77,5,5,5,555,2147.6001032833556,0.2716761673164075,0.999720182543026,2.230378857499007e-05,Low,Maintain: Standard loyalty program
14245,Inactive,1,220,2,1693.45,1,3,4,134,1002.9942363225192,0.0657966386244255,0.9963606438376904,0.9999776962114252,High,Low Priority: Automated email only
14246,Silver Tier,0,111,3,1474.06,2,3,4,234,1446.3242640807705,0.1078881740544127,0.9984997721337652,0.9999776962114252,High,Send: Standard win-back offer
14247,Inactive,1,278,1,136.77,1,1,1,111,334.02304339149873,0.0285909415139436,1.0,0.9999776962114252,High,Low Priority: Automated email only
14248,Inactive,1,318,1,302.58,1,1,2,112,299.5022203602368,0.0256351230710872,1.0,0.9999776962114252,High,Low Priority: Automated email only
14250,Silver Tier,0,7,3,1904.05,5,3,4,534,2089.9098377667,0.1387247156033014,0.9994466929857728,2.2303788574990107e-05,Low,Maintain: Standard loyalty program
14251,Silver Tier,0,2,5,2879.7000000000003,5,4,5,545,5261.500895598246,0.4598083923038827,0.9996335656916026,2.2303788574990148e-05,Low,Maintain: Standard loyalty program
14256,Inactive,1,260,2,969.06,1,3,4,134,609.5376496465603,0.0504927550475289,0.9972830088069924,0.9999776962114252,High,Low Priority: Automated email only
14257,Silver Tier,0,64,5,3099.7200000000003,3,4,5,345,2414.297019692273,0.1495663451735945,0.9991564712167184,2.230378857499161e-05,Low,Maintain: Standard loyalty program
14258,Silver Tier,0,9,9,12669.98,5,5,5,555,7998.149946872118,0.231298587369221,0.999678665448884,2.2303788574990107e-05,Low,Maintain: Standard loyalty program
14259,Silver Tier,0,142,1,120.0,2,1,1,211,551.9009969998928,0.0472510673748758,1.0,0.9999776962114252,High,Send: Standard win-back offer
14261,Silver Tier,0,51,2,1163.45,3,3,4,334,1359.5019345072972,0.1490318228012266,0.9989115634367256,2.2303788574990226e-05,Low,Maintain: Standard loyalty program
14262,Silver Tier,0,8,8,2618.23,5,5,5,555,2994.0447700788222,0.3039231550452948,0.9996689243355013,2.2303788574990148e-05,Low,Maintain: Standard loyalty program
14264,Inactive,1,155,2,333.97,2,3,2,232,634.8654050340828,0.0697018134950307,0.9982560271490286,0.9999776962114252,High,Low Priority: Automated email only
14265,Silver Tier,0,109,2,530.18,2,3,3,233,997.2776708835156,0.1008636264177696,0.9981790229262588,0.9999776962114252,High,Send: Standard win-back offer
14267,Inactive,1,163,3,1516.24,2,3,4,234,1006.6971351659516,0.0665222592468478,0.9982437938665274,0.9999776962114252,High,Low Priority: Automated email only
14270,Inactive,1,332,1,492.65,1,1,3,113,289.7693988304708,0.0248017954510735,1.0,0.9999776962114252,High,Low Priority: Automated email only
14271,Inactive,1,226,1,112.32,1,1,1,111,394.2306785524733,0.0337466576787745,1.0,0.9999776962114252,High,Low Priority: Automated email only
14272,Silver Tier,0,74,2,437.96,2,3,2,232,695.2967177240281,0.067822312779909,0.9991868357900818,2.230378857499181e-05,Low,Maintain: Standard loyalty program
14273,Silver Tier,0,51,4,559.97,3,4,3,343,925.5508947816952,0.1475730209552253,0.9992203892159848,2.2303788574990226e-05,Low,Maintain: Standard loyalty program
14276,Silver Tier,0,99,3,1119.74,2,3,4,234,1061.6531277481224,0.0946633767415177,0.998904833501768,0.9999776962114252,High,Send: Standard win-back offer
14277,Silver Tier,0,15,3,4188.0,4,3,5,435,3268.2316056283585,0.1206807894490258,0.9994819887859226,2.2303788574990107e-05,Low,Maintain: Standard loyalty program
14280,Inactive,1,197,1,134.04,1,1,1,111,437.3675776942195,0.0374409338089959,1.0,0.9999776962114252,High,Low Priority: Automated email only
14282,Gold Tier,3,3,15,3701.44,5,5,5,555,2732.846323345815,0.4080654567197903,0.9998071798964816,2.2303788574990344e-05,Low,Maintain: VIP loyalty program
14284,Silver Tier,0,31,2,595.25,4,3,3,433,1517.4683703856276,0.1413827588352182,0.999245489510684,2.2303788574989992e-05,Low,Maintain: Standard loyalty program
14285,Silver Tier,0,21,4,1910.01,4,4,4,444,3022.219033725958,0.1873835272171178,0.9994463909642054,2.2303788574989992e-05,Low,Maintain: Standard loyalty program
14286,Silver Tier,0,24,3,4628.75,4,3,5,435,2972.114798186986,0.1090327164158332,0.9994488046005074,2.230378857499007e-05,Low,Maintain: Standard loyalty program
14287,Silver Tier,0,8,3,176.63,5,3,1,531,613.6937673805361,0.082074436933236,0.9994615517127644,2.23037885749909e-05,Low,Maintain: Standard loyalty program
14288,Inactive,1,213,1,426.6,1,1,2,112,411.0044555279848,0.0351831408221138,1.0,0.9999776962114252,High,Low Priority: Automated email only
14289,Silver Tier,0,9,6,911.26,5,5,3,553,953.2779350637112,0.1952770944729568,0.9996351952866632,2.2303788574989992e-05,Low,Maintain: Standard loyalty program
14290,Silver Tier,0,11,5,2314.65,5,4,5,545,1481.5368616787127,0.1346666039892071,0.99960042452357,2.230378857499003e-05,Low,Maintain: Standard loyalty program
14291,Silver Tier,0,2,11,3883.25,5,5,5,555,3160.6696199551507,0.2381210880102201,0.9997015485709484,2.2303788574990185e-05,Low,Maintain: Standard loyalty program
14292,Silver Tier,0,8,9,4871.93,5,5,5,555,4447.774866720864,0.1991734635119382,0.9996403762289022,2.2303788574990185e-05,Low,Maintain: Standard loyalty program
14293,Silver Tier,0,3,4,1046.56,5,4,4,544,825.740109865256,0.1050546440501126,0.9995965991079712,2.2303788574990148e-05,Low,Maintain: Standard loyalty program
14295,Silver Tier,0,40,1,166.20000000000002,3,1,1,311,1063.2353258039057,0.091070109272735,1.0,2.230378857499007e-05,Low,Maintain: Standard loyalty program
14297,Silver Tier,0,18,4,1305.33,4,4,4,444,1406.1207604209508,0.1338423575018497,0.9995227399500316,2.2303788574989992e-05,Low,Maintain: Standard loyalty program
14298,Gold Tier,3,8,44,51527.3,5,5,5,555,38053.68380726334,0.6944464381603028,0.9998156094323184,2.230378857499209e-05,Low,Maintain: VIP loyalty program
14299,Silver Tier,0,8,9,3965.62,5,5,5,555,3009.840676837965,0.2440256135623842,0.9997053637097798,2.2303788574990185e-05,Low,Maintain: Standard loyalty program
14300,Silver Tier,0,19,1,43.2,4,1,1,411,1332.1040378327834,0.114123036862965,1.0,2.2303788574990185e-05,Low,Maintain: Standard loyalty program
14301,Silver Tier,0,117,1,640.14,2,1,3,213,623.1053157931507,0.0533509104422049,1.0,0.9999776962114252,High,Send: Standard win-back offer
14304,Inactive,1,223,1,383.45,1,1,2,112,398.2944378064457,0.0340946682236806,1.0,0.9999776962114252,High,Low Priority: Automated email only
14305,Silver Tier,0,71,3,1858.96,3,3,4,334,1915.6093482127744,0.1660900997718281,0.998514169302298,2.2303788574991693e-05,Low,Maintain: Standard loyalty program
14306,Silver Tier,0,51,2,2093.32,3,3,5,335,1614.4962742466323,0.1422575751897307,0.9989380958359474,2.2303788574990226e-05,Low,Maintain: Standard loyalty program
14307,Silver Tier,0,89,6,2995.72,2,5,5,255,1922.9062755300547,0.1309272912819234,0.9989708579159864,2.2303788575000885e-05,Low,Maintain: Standard loyalty program
14309,Silver Tier,0,8,9,2352.53,5,5,5,555,2044.820442785854,0.248026596411023,0.9997045617552666,2.2303788574990148e-05,Low,Maintain: Standard loyalty program
14311,Inactive,1,243,1,310.26,1,1,2,112,372.6835048802685,0.0319014549445206,1.0,0.9999776962114252,High,Low Priority: Automated email only
14312,Silver Tier,0,47,6,1611.59,3,5,4,354,1401.1095748714029,0.1721372797255655,0.999355690646624,2.2303788574990107e-05,Low,Maintain: Standard loyalty program
14314,Silver Tier,0,107,1,120.0,2,1,1,211,662.2674747601277,0.0567061099956413,1.0,0.9999776962114252,High,Send: Standard win-back offer
14315,Silver Tier,0,45,6,2481.13,3,5,5,355,2315.928801482217,0.2086120377638237,0.9992737056748804,2.230378857499007e-05,Low,Maintain: Standard loyalty program
14317,Silver Tier,0,65,1,508.58,3,1,3,313,871.382211660038,0.0746253479085986,1.0,2.2303788574990663e-05,Low,Maintain: Standard loyalty program
14320,Inactive,1,207,2,477.79,1,3,2,132,430.8435022055467,0.0545677029765876,0.998101026962854,0.9999776962114252,High,Low Priority: Automated email only
14321,Silver Tier,0,11,5,1530.75,5,4,4,544,1322.900245215933,0.144048524403573,0.9996018174530084,2.2303788574989992e-05,Low,Maintain: Standard loyalty program
14323,Silver Tier,0,115,2,605.0600000000001,2,3,3,233,730.6635013250091,0.0713312157953445,0.9988113268946528,0.9999776962114252,High,Send: Standard win-back offer
14326,Inactive,1,242,1,183.85,1,1,1,111,372.6835048802685,0.0319014549445206,1.0,0.9999776962114252,High,Low Priority: Automated email only
14327,Inactive,1,163,1,311.65,2,1,2,212,499.571448296114,0.042768636009466,1.0,0.9999776962114252,High,Low Priority: Automated email only
14329,Silver Tier,0,17,7,4975.24,4,5,5,455,3135.177019342659,0.1756387957916111,0.999587594843052,2.2303788574990107e-05,Low,Maintain: Standard loyalty program
14331,Silver Tier,0,124,2,462.66,2,3,2,232,781.2623187365047,0.1071873497135679,0.9971871309304046,0.9999776962114252,High,Send: Standard win-back offer
14332,Silver Tier,0,23,3,840.21,4,3,3,433,1679.8975607612274,0.1569981984623414,0.9993990154203964,2.2303788574989992e-05,Low,Maintain: Standard loyalty program
14333,Silver Tier,0,68,1,415.2,3,1,2,312,852.1619817857782,0.0729781175341892,1.0,2.2303788574990744e-05,Low,Maintain: Standard loyalty program
14334,Silver Tier,0,17,8,2552.21,4,5,5,455,2056.097211375755,0.2199117798104383,0.9996364481052488,2.230378857499007e-05,Low,Maintain: Standard loyalty program
14335,Silver Tier,0,16,2,454.86,4,3,2,432,1017.1404046425668,0.1328282792112612,0.9993863343362616,2.230378857499007e-05,Low,Maintain: Standard loyalty program
14336,Silver Tier,0,17,4,1614.91,4,4,4,444,1404.969162113357,0.1330670773193608,0.9995288114009552,2.2303788574989992e-05,Low,Maintain: Standard loyalty program
14338,Inactive,1,161,2,588.22,2,3,3,233,525.2922602004734,0.0825062789084592,0.9971918471794132,0.9999776962114252,High,Low Priority: Automated email only
14339,Inactive,1,243,1,309.52,1,1,2,112,372.6835048802685,0.0319014549445206,1.0,0.9999776962114252,High,Low Priority: Automated email only
14340,Inactive,1,219,1,134.7,1,1,1,111,403.8449286955369,0.0345700032253114,1.0,0.9999776962114252,High,Low Priority: Automated email only
14341,Silver Tier,0,45,8,2166.98,3,5,5,355,1885.814635799289,0.1495967761860259,0.9993597612213057,2.230378857499003e-05,Low,Maintain: Standard loyalty program
14342,Silver Tier,0,21,4,668.5600000000001,4,4,3,443,933.703820919514,0.1645451909535976,0.9994699454649768,2.2303788574989992e-05,Low,Maintain: Standard loyalty program
14344,Silver Tier,0,127,8,889.9300000000001,2,5,3,253,772.7483498139944,0.2141076747888188,0.9960503455269386,0.9999776962114252,High,Send: Standard win-back offer
14345,Silver Tier,0,39,1,108.98,3,1,1,311,1083.108434623702,0.0927737784293248,1.0,2.2303788574990185e-05,Low,Maintain: Standard loyalty program
14346,Silver Tier,0,121,2,1021.58,2,3,4,234,967.490486728158,0.0598379031170496,0.998947932749282,0.9999776962114252,High,Send: Standard win-back offer
14348,Inactive,1,260,1,409.57,1,1,2,112,352.2957723378669,0.0301556124645647,1.0,0.9999776962114252,High,Low Priority: Automated email only
14349,Silver Tier,0,10,1,133.5,5,1,1,511,1467.013040655582,0.1256929055747151,1.0,2.2303788574990148e-05,Low,Maintain: Standard loyalty program
14350,Inactive,1,274,1,282.93,1,1,2,112,337.9179231900678,0.0289244504441973,1.0,0.9999776962114252,High,Low Priority: Automated email only
14351,Inactive,1,165,1,51.0,2,1,1,211,497.4276193830024,0.0425850092024158,1.0,0.9999776962114252,High,Low Priority: Automated email only
14352,Inactive,1,157,4,1078.96,2,4,4,244,1170.690608173123,0.0989522604357242,0.9974842377759604,0.9999776962114252,High,Low Priority: Automated email only
14353,Inactive,1,215,1,90.6,1,1,1,111,408.1103954068957,0.0349352942455319,1.0,0.9999776962114252,High,Low Priority: Automated email only
14354,Silver Tier,0,6,2,163.62,5,3,1,531,1604.0749557034164,0.2214707594251685,0.999440054608231,2.230378857499086e-05,Low,Maintain: Standard loyalty program
14355,Inactive,1,366,1,174.4,1,1,1,111,267.07078577809557,0.0228583976149709,1.0,0.9999776962114252,High,Low Priority: Automated email only
14356,Silver Tier,0,80,2,701.23,2,3,3,233,1590.9272587798478,0.1459166925673155,0.9980035900860826,2.230378857499312e-05,Low,Maintain: Standard loyalty program
14357,Silver Tier,0,43,1,225.12,3,1,1,311,1034.75663059681,0.0886287817760632,1.0,2.230378857499007e-05,Low,Maintain: Standard loyalty program
14359,Silver Tier,0,19,3,912.18,4,3,3,433,1759.3559932155415,0.2174068721904505,0.999359597382461,2.2303788574989992e-05,Low,Maintain: Standard loyalty program
14360,Silver Tier,0,32,4,2118.03,4,4,5,445,2730.2030118839193,0.2080311126669244,0.9991946822706906,2.2303788574989992e-05,Low,Maintain: Standard loyalty program
14362,Silver Tier,0,22,1,151.5,4,1,1,411,1273.5470319616638,0.1091017025711163,1.0,2.2303788574990107e-05,Low,Maintain: Standard loyalty program
14364,Silver Tier,0,109,8,3717.35,2,5,5,255,3966.270836034369,0.2902833723899553,0.991905878126888,0.9999776962114252,High,Send: Standard win-back offer
14367,Gold Tier,3,8,16,9227.82,5,5,5,555,8316.844189780855,0.4461270353454039,0.9997383243707268,2.2303788574990426e-05,Low,Maintain: VIP loyalty program
14368,Inactive,1,320,1,155.0,1,1,1,111,298.7303885584828,0.0255690379498354,1.0,0.9999776962114252,High,Low Priority: Automated email only
14371,Inactive,1,295,1,100.5,1,1,1,111,318.42472877685196,0.0272553224658869,1.0,0.9999776962114252,High,Low Priority: Automated email only
14373,Inactive,1,358,1,76.55,1,1,1,111,271.448553849472,0.0232332038598186,1.0,0.9999776962114252,High,Low Priority: Automated email only
14375,Inactive,1,185,1,235.56,1,1,1,111,456.3063996534212,0.0390629622146184,1.0,0.9999776962114252,High,Low Priority: Automated email only
14377,Inactive,1,191,2,617.05,1,3,3,133,674.4353976451245,0.0660742903305326,0.9975505883761124,0.9999776962114252,High,Low Priority: Automated email only
14379,Silver Tier,0,44,2,348.1,3,3,2,332,563.089323354139,0.0601913131065142,0.9993555579032904,2.230378857499003e-05,Low,Maintain: Standard loyalty program
14381,Silver Tier,0,52,1,202.68,3,1,1,311,957.7944940514782,0.0820316823265691,1.0,2.2303788574990703e-05,Low,Maintain: Standard loyalty program
14382,Silver Tier,0,26,1,615.49,4,1,3,413,1219.9222926807831,0.1045036164576723,1.0,2.2303788574990107e-05,Low,Maintain: Standard loyalty program
14383,Silver Tier,0,38,3,1247.69,3,3,4,334,1934.307665611452,0.1461470524008801,0.9992645356079628,2.2303788574989992e-05,Low,Maintain: Standard loyalty program
14385,Silver Tier,0,9,3,202.11,5,3,1,531,2057.357266207193,0.368805490306246,0.9994064560861218,2.2303788574990148e-05,Low,Maintain: Standard loyalty program
14386,Inactive,1,297,1,142.4,1,1,1,111,317.55242640997517,0.0271806320674758,1.0,0.9999776962114252,High,Low Priority: Automated email only
14387,Silver Tier,0,33,3,1727.6,4,3,4,434,2998.0871147708153,0.1904973682678976,0.999223256244305,2.2303788574989992e-05,Low,Maintain: Standard loyalty program
14388,Silver Tier,0,10,8,3212.84,5,5,5,555,2481.3702282175964,0.2129378720432672,0.999677356448153,2.230378857499007e-05,Low,Maintain: Standard loyalty program
14389,Silver Tier,0,65,2,1043.46,3,3,4,334,1337.729323922849,0.0845829059888466,0.9991366486777437,2.2303788574990974e-05,Low,Maintain: Standard loyalty program
14390,Silver Tier,0,10,9,4642.57,5,5,5,555,3596.506247564034,0.2129378720432672,0.999677356448153,2.2303788574990107e-05,Low,Maintain: Standard loyalty program
14393,Inactive,1,218,1,67.95,1,1,1,111,403.8449286955369,0.0345700032253114,1.0,0.9999776962114252,High,Low Priority: Automated email only
14395,Silver Tier,0,2,9,3479.91,5,5,5,555,2692.855715655145,0.2401597367554009,0.9997397481730688,2.2303788574990148e-05,Low,Maintain: Standard loyalty program
14396,Silver Tier,0,65,2,487.99,3,3,3,333,557.1571809441298,0.0497906953101603,0.9993180189115494,2.2303788574990663e-05,Low,Maintain: Standard loyalty program
14397,Gold Tier,3,3,19,2612.96,5,5,5,555,3440.7888173748893,0.8012200138834016,0.999834501124844,2.2303788574990344e-05,Low,Maintain: VIP loyalty program
14400,Inactive,1,149,1,574.7,2,1,3,213,531.6500917101112,0.0455163720888534,1.0,0.9999776962114252,High,Low Priority: Automated email only
14401,Silver Tier,0,4,13,4051.48,5,5,5,555,3292.2787231832735,0.3596111354951463,0.9997815406115012,2.2303788574990185e-05,Low,Maintain: Standard loyalty program
14403,Silver Tier,0,130,4,1475.81,2,4,4,244,1142.254014929379,0.1449174810755181,0.997019526722609,0.9999776962114252,High,Send: Standard win-back offer
14404,Silver Tier,0,34,6,1449.32,3,5,4,354,1312.126416365836,0.1595809417123583,0.9994952745307656,2.2303788574989992e-05,Low,Maintain: Standard loyalty program
14406,Silver Tier,0,119,1,156.75,2,1,1,211,616.4772790167465,0.0527830775949187,1.0,0.9999776962114252,High,Send: Standard win-back offer
14407,Silver Tier,0,107,6,2157.73,2,5,5,255,2105.537172152048,0.2021481167597114,0.9972228111544996,0.9999776962114252,High,Send: Standard win-back offer
14408,Silver Tier,0,11,7,2599.03,5,5,5,555,2636.4626054348087,0.2459736842234005,0.9996397245039028,2.230378857499007e-05,Low,Maintain: Standard loyalty program
14409,Silver Tier,0,71,6,2059.4500000000003,3,5,5,355,1597.044782874846,0.1324520682515429,0.999170505340502,2.230378857499173e-05,Low,Maintain: Standard loyalty program
14410,Silver Tier,0,92,9,1100.27,2,5,4,254,1239.1354578247517,0.2186416591945657,0.9979916938091962,0.9999776962114252,High,Send: Standard win-back offer
14411,Inactive,1,311,1,1063.0,1,1,4,114,305.82349107964,0.0261763614312115,1.0,0.9999776962114252,High,Low Priority: Automated email only
14412,Silver Tier,0,43,2,770.03,3,3,3,333,1595.6327755538773,0.155395686898172,0.9990282160958636,2.2303788574989992e-05,Low,Maintain: Standard loyalty program
14413,Inactive,1,362,1,121.05,1,1,1,111,268.92956100875483,0.0230175377763945,1.0,0.9999776962114252,High,Low Priority: Automated email only
14414,Silver Tier,0,92,7,1496.98,2,5,4,254,1324.755952667882,0.191595521097127,0.998498722035349,0.9999776962114252,High,Send: Standard win-back offer
14415,Gold Tier,3,1,13,5855.57,5,5,5,555,4203.878869393227,0.3587795085170891,0.9998004440714218,2.2303788574990263e-05,Low,Maintain: VIP loyalty program
14416,Silver Tier,0,22,2,490.22,4,3,3,433,1567.8722503731956,0.1974690152655058,0.9992373945818313,2.230378857499007e-05,Low,Maintain: Standard loyalty program
14418,Silver Tier,0,4,3,1937.25,5,3,4,534,3869.579583624098,0.1916338056899872,0.999534421682319,2.230378857499007e-05,Low,Maintain: Standard loyalty program
14419,Silver Tier,0,11,6,1051.79,5,5,4,554,1038.0235038217404,0.1614463661054622,0.9996335665524824,2.2303788574989992e-05,Low,Maintain: Standard loyalty program
14420,Silver Tier,0,99,1,387.52,2,1,2,212,689.8589465351988,0.0590701224336564,1.0,0.9999776962114252,High,Send: Standard win-back offer
14421,Silver Tier,0,57,2,813.11,3,3,3,333,855.2395773667658,0.0782443713931884,0.9992281539352482,2.2303788574990307e-05,Low,Maintain: Standard loyalty program
14422,Silver Tier,0,1,6,4263.64,5,5,5,555,4126.900832425203,0.2080756238736865,0.999680200887116,2.2303788574990263e-05,Low,Maintain: Standard loyalty program
14423,Inactive,1,218,1,265.2,1,1,2,112,403.8449286955369,0.0345700032253114,1.0,0.9999776962114252,High,Low Priority: Automated email only
14424,Silver Tier,0,18,1,322.08,4,1,2,412,1347.594640248632,0.1154514310307538,1.0,2.230378857499007e-05,Low,Maintain: Standard loyalty program
14426,Silver Tier,0,24,10,4481.67,4,5,5,455,3598.5892766897496,0.214959404891666,0.9995524660354134,2.2303788574990107e-05,Low,Maintain: Standard loyalty program
14427,Silver Tier,0,50,2,363.34,3,3,2,332,1128.2364095087885,0.1659574022992044,0.9987846156620688,2.2303788574990148e-05,Low,Maintain: Standard loyalty program
14428,Silver Tier,0,7,5,1224.06,5,4,4,544,1202.7140697026273,0.1469760067034281,0.9996155337201916,2.2303788574990107e-05,Low,Maintain: Standard loyalty program
14431,Inactive,1,303,1,470.36,1,1,2,112,312.4173559698087,0.0267409472309883,1.0,0.9999776962114252,High,Low Priority: Automated email only
14432,Silver Tier,0,10,6,2248.5,5,5,5,555,5007.871802540809,0.4425556848886826,0.9995498893676872,2.2303788574989992e-05,Low,Maintain: Standard loyalty program
14434,Silver Tier,0,22,6,1372.8,4,5,4,454,3488.269541495291,0.4957621940504779,0.9991814649217317,2.2303788574989992e-05,Low,Maintain: Standard loyalty program
14436,Silver Tier,0,99,1,89.06,2,1,1,211,693.9894043708468,0.0594240251799811,1.0,0.9999776962114252,High,Send: Standard win-back offer
14437,Inactive,1,366,1,63.0,1,1,1,111,267.07078577809557,0.0228583976149709,1.0,0.9999776962114252,High,Low Priority: Automated email only
14438,Inactive,1,306,1,131.9,1,1,1,111,309.0852589323376,0.0264556424891204,1.0,0.9999776962114252,High,Low Priority: Automated email only
14439,Inactive,1,320,1,2661.24,1,1,5,115,298.7303885584828,0.0255690379498354,1.0,0.9999776962114252,High,Low Priority: Automated email only
14440,Silver Tier,0,8,5,2357.68,5,4,5,545,1587.198477537838,0.1334270458114446,0.99961427267777,2.2303788574990148e-05,Low,Maintain: Standard loyalty program
14441,Silver Tier,0,1,4,1712.89,5,4,4,544,1760.370497798846,0.1417051502860404,0.999607091861766,2.2303788574990185e-05,Low,Maintain: Standard loyalty program
14442,Inactive,1,205,2,1589.82,1,3,4,134,1033.9104178885177,0.0568290917205557,0.9979802943964404,0.9999776962114252,High,Low Priority: Automated email only
14443,Silver Tier,0,54,4,1420.2,3,4,4,344,1134.8260231783247,0.1050293255483272,0.999355693163184,2.2303788574990307e-05,Low,Maintain: Standard loyalty program
14446,Silver Tier,0,1,4,1010.35,5,4,4,544,1170.7501045051715,0.1457549591581802,0.999607091861766,2.2303788574990226e-05,Low,Maintain: Standard loyalty program
14447,Silver Tier,0,19,5,1163.23,4,4,4,444,1226.604795679677,0.1315402720071727,0.9995188528658068,2.2303788574989992e-05,Low,Maintain: Standard loyalty program
14448,Silver Tier,0,9,2,375.35,5,3,2,532,497.1307629979855,0.0506035203044052,0.9994707347202434,2.230378857499007e-05,Low,Maintain: Standard loyalty program
14449,Silver Tier,0,19,4,885.8,4,4,3,443,813.9218997219804,0.1040956045411532,0.9995391810376784,2.2303788574989992e-05,Low,Maintain: Standard loyalty program
14450,Inactive,1,181,3,483.25,1,3,2,132,621.7834375950797,0.086989721703964,0.997435795704226,0.9999776962114252,High,Low Priority: Automated email only
14451,Silver Tier,0,60,2,643.9,3,3,3,333,829.9904300293958,0.0832998855229938,0.9991827033005728,2.2303788574990385e-05,Low,Maintain: Standard loyalty program
14452,Silver Tier,0,11,2,259.05,5,3,2,532,1078.9385768852026,0.1352950022894598,0.9994277802207244,2.230378857499007e-05,Low,Maintain: Standard loyalty program
14453,Inactive,1,190,1,119.93,1,1,1,111,447.49843127294145,0.0383085907025911,1.0,0.9999776962114252,High,Low Priority: Automated email only
14456,Silver Tier,0,5,9,3017.28,5,5,5,555,5145.522469655495,0.4451391660409303,0.999674692133188,2.2303788574990148e-05,Low,Maintain: Standard loyalty program
14457,Inactive,1,311,1,113.64,1,1,1,111,305.82349107964,0.0261763614312115,1.0,0.9999776962114252,High,Low Priority: Automated email only
14459,Inactive,1,155,1,1837.92,2,1,4,214,517.4111282486208,0.0442966969343705,1.0,0.9999776962114252,High,Low Priority: Automated email only
14460,Silver Tier,0,110,3,434.34,2,3,2,232,704.5283482503851,0.0894104164540961,0.9988314362901652,0.9999776962114252,High,Send: Standard win-back offer
14461,Inactive,1,148,3,2103.06,2,3,5,235,1651.4717867811846,0.1025652098095885,0.9976179579402816,0.9999776962114252,High,Low Priority: Automated email only
14462,Silver Tier,0,66,11,1980.57,3,5,4,354,1872.4549281735228,0.2593478717202419,0.99881382381759,2.230378857499122e-05,Low,Maintain: Standard loyalty program
14463,Silver Tier,0,98,3,529.62,2,3,3,233,984.353538161887,0.1236371415767078,0.9984507152928176,0.9999776962114252,High,Send: Standard win-back offer
14465,Inactive,1,247,3,1038.44,1,3,4,134,707.5524291290234,0.0588743947870883,0.9962931965070037,0.9999776962114252,High,Low Priority: Automated email only
14466,Silver Tier,0,29,7,2272.4,4,5,5,455,1731.3345215610304,0.1857044337938392,0.9995345445692846,2.2303788574989992e-05,Low,Maintain: Standard loyalty program
14467,Silver Tier,0,18,4,596.26,4,4,3,443,769.9760246248989,0.1204914104219399,0.9995321209607032,2.2303788574989992e-05,Low,Maintain: Standard loyalty program
14470,Silver Tier,0,12,2,461.19,5,3,2,532,516.6973992444605,0.0615507283034958,0.9994606040484564,2.230378857499007e-05,Low,Maintain: Standard loyalty program
14472,Silver Tier,0,104,8,1852.67,2,5,4,254,1589.5923377575298,0.2210219985280458,0.9976230700016984,0.9999776962114252,High,Send: Standard win-back offer
14473,Silver Tier,0,74,2,234.34,2,3,1,231,512.3519188111909,0.0624124079303066,0.99921517536544,2.230378857499205e-05,Low,Maintain: Standard loyalty program
14474,Silver Tier,0,46,1,547.66,3,1,3,313,1007.7639635956134,0.0863149271016233,1.0,2.230378857499003e-05,Low,Maintain: Standard loyalty program
14475,Silver Tier,0,72,3,925.85,3,3,3,333,890.2626785593869,0.0908819982477442,0.9991943952937976,2.2303788574991337e-05,Low,Maintain: Standard loyalty program
14476,Inactive,1,257,1,193.0,1,1,1,111,355.5373916352416,0.0304331941772572,1.0,0.9999776962114252,High,Low Priority: Automated email only
14477,Silver Tier,0,20,4,1309.6,4,4,4,444,1378.7932214961509,0.1254289802823006,0.9995182002107296,2.2303788574989992e-05,Low,Maintain: Standard loyalty program
14479,Inactive,1,254,2,316.25,1,3,2,132,408.7432786875896,0.0503867118252466,0.997487368875876,0.9999776962114252,High,Low Priority: Automated email only
14480,Silver Tier,0,11,1,279.05,5,1,2,512,1448.6733665307254,0.1241199846914916,1.0,2.230378857499007e-05,Low,Maintain: Standard loyalty program
14481,Inactive,1,165,2,636.51,2,3,3,233,652.6740533354894,0.0614871214084898,0.9984277554135724,0.9999776962114252,High,Low Priority: Automated email only
14482,Silver Tier,0,18,6,2022.81,4,5,4,454,2347.421930579685,0.2269661748391806,0.9995457999562432,2.2303788574989992e-05,Low,Maintain: Standard loyalty program
14483,Inactive,1,282,1,137.1,1,1,1,111,331.16030234843294,0.0283458137278725,1.0,0.9999776962114252,High,Low Priority: Automated email only
14484,Silver Tier,0,50,1,321.92,3,1,2,312,973.891045138813,0.0834114029271052,1.0,2.2303788574990148e-05,Low,Maintain: Standard loyalty program
14485,Silver Tier,0,39,1,162.8,3,1,1,311,1083.108434623702,0.0927737784293248,1.0,2.230378857499007e-05,Low,Maintain: Standard loyalty program
14487,Silver Tier,0,27,6,1165.48,4,5,4,454,1098.6762322781108,0.1324991843738358,0.9995259323288652,2.2303788574989992e-05,Low,Maintain: Standard loyalty program
14488,Silver Tier,0,68,1,1064.28,3,1,4,314,852.1619817857782,0.0729781175341892,1.0,2.23037885749911e-05,Low,Maintain: Standard loyalty program
14489,Inactive,1,207,1,463.38,1,1,2,112,419.93827542124114,0.0359482394099307,1.0,0.9999776962114252,High,Low Priority: Automated email only
14491,Inactive,1,175,2,340.93,2,3,2,232,449.3358816916155,0.0496479504395604,0.9987181916572506,0.9999776962114252,High,Low Priority: Automated email only
14493,Silver Tier,0,7,5,2383.24,5,4,5,545,3174.3788533338047,0.2585552185348078,0.9995890016170158,2.2303788574990107e-05,Low,Maintain: Standard loyalty program
14494,Silver Tier,0,26,1,139.56,4,1,1,411,1232.9005241921468,0.1056164161470964,1.0,2.2303788574990185e-05,Low,Maintain: Standard loyalty program
14495,Silver Tier,0,51,2,123.8,3,3,1,331,846.748999083317,0.1153109643694237,0.9991103094148684,2.2303788574990703e-05,Low,Maintain: Standard loyalty program
14496,Inactive,1,312,2,538.8100000000001,1,3,3,133,460.1586619812946,0.0493670289263119,0.9953194738340924,0.9999776962114252,High,Low Priority: Automated email only
14497,Inactive,1,309,1,475.37,1,1,2,112,306.63246177490436,0.0262456274355752,1.0,0.9999776962114252,High,Low Priority: Automated email only
14498,Silver Tier,0,43,5,1957.32,3,4,4,344,1667.8410381662843,0.1346424316076392,0.9994209982800828,2.2303788574989992e-05,Low,Maintain: Standard loyalty program
14499,Silver Tier,0,26,3,808.44,4,3,3,433,1014.9126341588805,0.097718001848794,0.9994471687525496,2.230378857499003e-05,Low,Maintain: Standard loyalty program
14500,Silver Tier,0,88,3,356.85,2,3,2,232,645.5832266539354,0.1313212580878542,0.998558238753078,2.2303788575000133e-05,Low,Maintain: Standard loyalty program
14501,Inactive,1,184,2,251.21,1,3,2,132,488.8373474535931,0.0564114832156053,0.9983677152309864,0.9999776962114252,High,Low Priority: Automated email only
14502,Silver Tier,0,20,11,2429.83,4,5,5,455,2347.488449734886,0.2772237708308824,0.9996077836293984,2.230378857499007e-05,Low,Maintain: Standard loyalty program
14503,Silver Tier,0,3,6,3543.26,5,5,5,555,4428.613025348827,0.2830687903482232,0.9996565993172878,2.2303788574990107e-05,Low,Maintain: Standard loyalty program
14504,Silver Tier,0,47,4,673.26,3,4,3,343,900.234462055685,0.1322715457314511,0.999314347709128,2.2303788574990107e-05,Low,Maintain: Standard loyalty program
14505,Silver Tier,0,17,8,5859.43,4,5,5,455,3981.6941226200183,0.217869165637873,0.999630565323243,2.2303788574990107e-05,Low,Maintain: Standard loyalty program
14506,Silver Tier,0,17,5,1960.65,4,4,4,444,1574.5696695618533,0.1322028650323228,0.9995731737027044,2.2303788574989992e-05,Low,Maintain: Standard loyalty program
14507,Silver Tier,0,24,6,1367.88,4,5,4,454,1344.4947629241876,0.1678378916972236,0.99950808902431,2.2303788574989992e-05,Low,Maintain: Standard loyalty program
14508,Silver Tier,0,22,2,268.05,4,3,2,432,1103.984361099647,0.1387085419425042,0.999330169324312,2.230378857499007e-05,Low,Maintain: Standard loyalty program
14511,Silver Tier,0,11,5,1314.81,5,4,4,544,2589.059117413359,0.2867117663362076,0.999537972163144,2.2303788574989992e-05,Low,Maintain: Standard loyalty program
14512,Inactive,1,188,2,275.28,1,3,2,132,595.7567255045976,0.0726218748247994,0.9970040962872504,0.9999776962114252,High,Low Priority: Automated email only
14513,Silver Tier,0,101,3,455.59,2,3,2,232,775.4657341980416,0.0949259822711701,0.9988772445605826,0.9999776962114252,High,Send: Standard win-back offer
14514,Silver Tier,0,61,3,990.2,3,3,4,334,917.6448809517224,0.08475441948299,0.99929195595954,2.2303788574990544e-05,Low,Maintain: Standard loyalty program
14515,Silver Tier,0,18,6,2076.89,4,5,5,455,2345.0762178732098,0.2017699923574173,0.9995265554522929,2.2303788574989992e-05,Low,Maintain: Standard loyalty program
14517,Silver Tier,0,33,2,330.45,4,3,2,432,759.1962076965385,0.1043446143534314,0.9993039894840464,2.230378857499003e-05,Low,Maintain: Standard loyalty program
14518,Silver Tier,0,64,1,174.37,3,1,1,311,871.382211660038,0.0746253479085986,1.0,2.230378857499106e-05,Low,Maintain: Standard loyalty program
14520,Silver Tier,0,2,2,270.6,5,3,2,532,466.22748464569935,0.0610379275365039,0.9994880485841072,2.230378857499082e-05,Low,Maintain: Standard loyalty program
14522,Silver Tier,0,24,4,974.54,4,4,4,444,1367.6312152704206,0.171937097920484,0.9994366219115662,2.230378857499003e-05,Low,Maintain: Standard loyalty program
14523,Silver Tier,0,108,1,241.09,2,1,1,211,654.7850360665369,0.0560650392389079,1.0,0.9999776962114252,High,Send: Standard win-back offer
14524,Silver Tier,0,32,9,1843.83,4,5,4,454,1524.4759598083635,0.1629310206519282,0.9995049605874128,2.230378857499003e-05,Low,Maintain: Standard loyalty program
14525,Silver Tier,0,20,9,4215.9,4,5,5,455,3201.8883895882877,0.2462768516454015,0.9996274440956636,2.2303788574990107e-05,Low,Maintain: Standard loyalty program
14527,Gold Tier,3,3,55,8507.13,5,5,5,555,6655.443923403305,1.4748456689462042,0.9999251428974,2.230378857499157e-05,Low,Maintain: VIP loyalty program
14528,Silver Tier,0,37,1,364.22,3,1,2,312,1093.3262542128698,0.0936497419097193,1.0,2.230378857499003e-05,Low,Maintain: Standard loyalty program
14529,Silver Tier,0,60,3,578.61,3,3,3,333,1556.7950809086626,0.189313273167985,0.9985936951187196,2.2303788574990385e-05,Low,Maintain: Standard loyalty program
14530,Silver Tier,0,26,6,2862.11,4,5,5,455,2343.5935960873976,0.1915084604652645,0.9995165035742845,2.230378857499003e-05,Low,Maintain: Standard loyalty program
14532,Inactive,1,236,4,932.85,1,4,3,143,870.6165096029158,0.1081028531832778,0.9909326253604884,0.9999776962114252,High,Low Priority: Automated email only
14533,Silver Tier,0,25,7,1949.72,4,5,4,454,1525.8187299706594,0.1945338087088808,0.9995632428308268,2.230378857499003e-05,Low,Maintain: Standard loyalty program
14534,Gold Tier,3,3,18,4397.3,5,5,5,555,3870.274176732978,0.5527817432025461,0.9998342738959906,2.2303788574990385e-05,Low,Maintain: VIP loyalty program
14535,Silver Tier,0,60,3,2854.84,3,3,5,335,2365.4373986292817,0.106941536867489,0.9991973831245432,2.2303788574990463e-05,Low,Maintain: Standard loyalty program
14536,Inactive,1,260,1,170.95,1,1,1,111,353.36972394017306,0.0302475753578867,1.0,0.9999776962114252,High,Low Priority: Automated email only
14537,Silver Tier,0,58,1,355.56,3,1,2,312,919.7889416513344,0.0787741448838927,1.0,2.2303788574990385e-05,Low,Maintain: Standard loyalty program
14538,Silver Tier,0,65,2,388.25,3,3,2,332,669.83535446636,0.0674084051483821,0.9992397972511294,2.2303788574990663e-05,Low,Maintain: Standard loyalty program
14539,Silver Tier,0,16,2,537.48,4,3,3,433,2390.6525817528423,0.1939910520622488,0.9993392627736252,2.230378857499007e-05,Low,Maintain: Standard loyalty program
14540,Silver Tier,0,10,3,952.66,5,3,4,534,988.7045916847928,0.0897092653934615,0.9995251225352972,2.230378857499003e-05,Low,Maintain: Standard loyalty program
14541,Silver Tier,0,59,8,1453.35,3,5,4,354,1467.4856340815193,0.2109884107648513,0.9991166335160352,2.2303788574990463e-05,Low,Maintain: Standard loyalty program
14542,Inactive,1,186,1,103.25,1,1,1,111,456.3063996534212,0.0390629622146184,1.0,0.9999776962114252,High,Low Priority: Automated email only
14543,Gold Tier,3,29,16,3599.73,4,5,5,455,2914.7651967206143,0.4107797401493188,0.999531058617954,2.2303788574990307e-05,Low,Maintain: VIP loyalty program
14544,Silver Tier,0,24,2,2004.3,4,3,4,434,919.291695580177,0.0509547840163623,0.999434333008428,2.230378857499003e-05,Low,Maintain: Standard loyalty program
14546,Silver Tier,0,5,5,2573.93,5,4,5,545,2483.2859365405197,0.1826869323373485,0.9996192756901818,2.2303788574990107e-05,Low,Maintain: Standard loyalty program
14547,Silver Tier,0,4,8,3974.75,5,5,5,555,10477.588456048788,0.7638239645739651,0.9996728569015232,2.2303788574990185e-05,Low,Maintain: Standard loyalty program
14548,Inactive,1,151,2,652.8,2,3,3,233,596.7845953815914,0.0567255174368495,0.9987494379163602,0.9999776962114252,High,Low Priority: Automated email only
14549,Inactive,1,311,1,289.24,1,1,2,112,305.018777800336,0.0261074600705156,1.0,0.9999776962114252,High,Low Priority: Automated email only
14550,Silver Tier,0,11,2,757.37,5,3,3,533,2267.400911898699,0.1940021991971958,0.9993966869151082,2.230378857499003e-05,Low,Maintain: Standard loyalty program
14551,Silver Tier,0,18,2,186.23,4,3,1,431,566.0900699210291,0.0802669355841086,0.9994230829627312,2.2303788574990148e-05,Low,Maintain: Standard loyalty program
14552,Inactive,1,152,1,164.22,2,1,1,211,526.8174782562388,0.0451024187281597,1.0,0.9999776962114252,High,Low Priority: Automated email only
14553,Silver Tier,0,19,5,859.27,4,4,3,443,865.8391100243088,0.1125156439617548,0.9995284523662696,2.2303788574989992e-05,Low,Maintain: Standard loyalty program
14554,Silver Tier,0,10,4,2279.49,5,4,5,545,6221.148257394065,0.3795504619685775,0.9994533704107396,2.230378857499003e-05,Low,Maintain: Standard loyalty program
14555,Silver Tier,0,57,2,312.54,3,3,2,332,466.94778097754374,0.0590526260086557,0.9993092878671764,2.2303788574990344e-05,Low,Maintain: Standard loyalty program
14557,Silver Tier,0,85,1,788.38,2,1,3,213,752.5668013948482,0.0644432526413674,1.0,2.2303788574994705e-05,Low,Maintain: Standard loyalty program
14560,Gold Tier,3,7,22,2237.77,5,5,5,555,1798.850451274226,0.5584890836311333,0.999807092357304,2.2303788574990344e-05,Low,Maintain: VIP loyalty program
14561,Silver Tier,0,76,3,1080.76,2,3,4,234,1597.612752192046,0.1339501020912689,0.9988019162355436,2.2303788574992404e-05,Low,Maintain: Standard loyalty program
14562,Gold Tier,3,4,18,5006.77,5,5,5,555,4633.607302461903,0.5413528996145147,0.999818943350412,2.2303788574990385e-05,Low,Maintain: VIP loyalty program
14565,Silver Tier,0,96,4,3099.12,2,4,5,245,1741.4583075963094,0.1066992124769737,0.9989790376706726,0.9999776962114252,High,Send: Standard win-back offer
14566,Silver Tier,0,111,1,1432.0,2,1,4,214,647.4697996251092,0.0554383012465695,1.0,0.9999776962114252,High,Send: Standard win-back offer
14567,Silver Tier,0,57,2,1530.36,3,3,4,334,1736.9162727178466,0.1100890093797264,0.9990686321350954,2.2303788574990307e-05,Low,Maintain: Standard loyalty program
14569,Silver Tier,0,1,1,227.39,5,1,1,511,1655.6594005589177,0.141874112218269,1.0,2.23037885749909e-05,Low,Maintain: Standard loyalty program
14570,Inactive,1,281,2,218.06,1,3,1,131,332.1090813134735,0.0284270546220449,1.0,0.9999776962114252,High,Low Priority: Automated email only
14572,Silver Tier,0,3,7,2804.54,5,5,5,555,2418.755771805335,0.2084234133222777,0.999691709668338,2.2303788574990148e-05,Low,Maintain: Standard loyalty program
14573,Inactive,1,180,9,1639.82,1,5,4,154,1241.6277202593958,0.2096738637651401,0.9843538485367,0.9999776962114252,High,Low Priority: Automated email only
14576,Inactive,1,372,1,35.400000000000006,1,1,1,111,262.83198413710926,0.0224954923923936,1.0,0.9999776962114252,High,Low Priority: Automated email only
14577,Silver Tier,0,13,4,859.71,5,4,3,543,715.4858709874784,0.1065137511004205,0.9995622684411384,2.230378857499003e-05,Low,Maintain: Standard loyalty program
14578,Silver Tier,0,3,1,168.63,5,1,1,511,1609.660589705031,0.1379282589170133,1.0,2.230378857499086e-05,Low,Maintain: Standard loyalty program
14581,Silver Tier,0,17,1,138.6,4,1,1,411,1363.4498314612754,0.1168111145017802,1.0,2.2303788574990185e-05,Low,Maintain: Standard loyalty program
14582,Silver Tier,0,41,1,114.11,3,1,1,311,1063.2353258039057,0.091070109272735,1.0,2.2303788574990185e-05,Low,Maintain: Standard loyalty program
14583,Silver Tier,0,6,5,986.96,5,4,4,544,1533.7647229302522,0.2113645734031531,0.9996146189101328,2.2303788574990185e-05,Low,Maintain: Standard loyalty program
14584,Inactive,1,169,4,1033.06,2,4,4,244,1477.3778591993937,0.1689516800006208,0.9820829731824116,0.9999776962114252,High,Low Priority: Automated email only
14585,Silver Tier,0,50,1,157.05,3,1,1,311,973.891045138813,0.0834114029271052,1.0,2.2303788574990544e-05,Low,Maintain: Standard loyalty program
14586,Inactive,1,277,1,237.36,1,1,1,111,335.95919464018573,0.0287567290360468,1.0,0.9999776962114252,High,Low Priority: Automated email only
14587,Silver Tier,0,19,9,1580.29,4,5,4,454,1505.689950550909,0.2647506259128125,0.9996246298389478,2.230378857499003e-05,Low,Maintain: Standard loyalty program
14589,Inactive,1,372,1,39.75,1,1,1,111,263.4292704434109,0.0225466288937982,1.0,0.9999776962114252,High,Low Priority: Automated email only
14591,Silver Tier,0,15,4,1320.21,4,4,4,444,1618.299854766777,0.0777055265675125,0.9994371838912928,2.2303788574989992e-05,Low,Maintain: Standard loyalty program
14592,Silver Tier,0,35,3,557.94,3,3,3,333,1759.3630343476732,0.2549229224865116,0.998948214806132,2.230378857499003e-05,Low,Maintain: Standard loyalty program
14593,Silver Tier,0,22,3,617.15,4,3,3,433,810.953712021493,0.0820700768720293,0.9994084570623224,2.2303788574989992e-05,Low,Maintain: Standard loyalty program
14594,Silver Tier,0,7,2,363.33,5,3,2,532,380.4561504344783,0.0495731685624614,0.9994755836638932,2.2303788574990185e-05,Low,Maintain: Standard loyalty program
14595,Silver Tier,0,20,6,1740.6,4,5,4,454,1719.1095903058665,0.1829936840491034,0.9995695138012264,2.2303788574989992e-05,Low,Maintain: Standard loyalty program
14597,Silver Tier,0,11,2,866.24,5,3,3,533,1298.707241003462,0.0842838021632822,0.9994488082721504,2.230378857499003e-05,Low,Maintain: Standard loyalty program
14598,Silver Tier,0,44,1,221.97,3,1,1,311,1025.5998068295544,0.087843835003437,1.0,2.230378857499007e-05,Low,Maintain: Standard loyalty program
14600,Inactive,1,306,1,393.33,1,1,2,112,309.91160168853673,0.0265263964026727,1.0,0.9999776962114252,High,Low Priority: Automated email only
14601,Silver Tier,0,11,1,213.96,5,1,1,511,1467.013040655582,0.1256929055747151,1.0,2.2303788574990107e-05,Low,Maintain: Standard loyalty program
14603,Inactive,1,275,1,660.0,1,1,3,113,337.9179231900678,0.0289244504441973,1.0,0.9999776962114252,High,Low Priority: Automated email only
14606,Platinum Tier,2,1,93,12076.15,5,5,5,555,9397.005132238017,2.4118841319798903,0.9999551611135244,2.2303788574991652e-05,Low,Maintain: Continue white-glove service
14607,Gold Tier,3,16,14,16209.5,4,5,5,455,15793.153280628172,0.2482000232767853,0.9995980655477664,2.23037885749909e-05,Low,Maintain: VIP loyalty program
14608,Silver Tier,0,4,4,1785.15,5,4,4,544,1485.744705450653,0.1065170069868629,0.999592822817494,2.230378857499007e-05,Low,Maintain: Standard loyalty program
14609,Silver Tier,0,72,4,601.56,3,4,3,343,797.404275680488,0.125718745582261,0.9990894140735972,2.2303788574991337e-05,Low,Maintain: Standard loyalty program
14616,Inactive,1,243,3,406.08,1,3,2,132,504.13690481543176,0.0872619293709979,0.9928388823250544,0.9999776962114252,High,Low Priority: Automated email only
14618,Silver Tier,0,9,3,553.44,5,3,3,533,611.4636939186361,0.0835212975570074,0.999527373124197,2.230378857499003e-05,Low,Maintain: Standard loyalty program
14619,Inactive,1,246,1,394.44,1,1,2,112,369.1232389549317,0.0315965772206681,1.0,0.9999776962114252,High,Low Priority: Automated email only
14620,Inactive,1,206,2,412.78,1,3,2,132,532.7941472774758,0.0621278054365731,0.9974932151051497,0.9999776962114252,High,Low Priority: Automated email only
14621,Silver Tier,0,1,5,1788.36,5,4,4,544,1451.7375632873195,0.1356187532881295,0.999643383692268,2.2303788574990185e-05,Low,Maintain: Standard loyalty program
14622,Inactive,1,185,1,320.58000000000004,1,1,2,112,458.10976754228847,0.0392174158283779,1.0,0.9999776962114252,High,Low Priority: Automated email only
14623,Silver Tier,0,32,5,886.7,4,4,3,443,1219.1274845758703,0.1904589764414233,0.99939688545523,2.2303788574989992e-05,Low,Maintain: Standard loyalty program
14624,Silver Tier,0,57,2,225.85,3,3,1,331,1105.1368399107869,0.1710992509306336,0.9985052550044518,2.2303788574990385e-05,Low,Maintain: Standard loyalty program
14625,Inactive,1,196,2,899.63,1,3,3,133,527.3983826426771,0.0509047720004628,0.9984533902624658,0.9999776962114252,High,Low Priority: Automated email only
14626,Silver Tier,0,24,4,2791.27,4,4,5,445,2760.935011423623,0.1520097861016295,0.999467993220408,2.230378857499003e-05,Low,Maintain: Standard loyalty program
14628,Silver Tier,0,91,2,671.96,2,3,3,233,753.7347818616424,0.0704297523374963,0.99904165979768,0.9999776962114252,High,Send: Standard win-back offer
14629,Silver Tier,0,4,2,955.26,5,3,4,534,2049.9322735211936,0.1889925004522946,0.9994569228200364,2.2303788574990148e-05,Low,Maintain: Standard loyalty program
14631,Silver Tier,0,51,3,1006.98,3,3,4,334,969.3143675273222,0.0923805955273566,0.999328964989562,2.2303788574990226e-05,Low,Maintain: Standard loyalty program
14632,Inactive,1,263,1,114.56,1,1,1,111,350.16733507934754,0.0299733541292174,1.0,0.9999776962114252,High,Low Priority: Automated email only
14633,Inactive,1,266,1,344.90000000000003,1,1,2,112,345.98669741276063,0.0296153678574663,1.0,0.9999776962114252,High,Low Priority: Automated email only
14636,Silver Tier,0,36,2,609.85,3,3,3,333,669.7593830792122,0.0650162105105583,0.9993739500944308,2.230378857499003e-05,Low,Maintain: Standard loyalty program
14638,Silver Tier,0,51,1,443.6,3,1,2,312,973.891045138813,0.0834114029271052,1.0,2.2303788574990263e-05,Low,Maintain: Standard loyalty program
14639,Silver Tier,0,52,6,2984.49,3,5,5,355,2013.9393145100696,0.1067395473800074,0.9993566760963164,2.2303788574990307e-05,Low,Maintain: Standard loyalty program
14640,Silver Tier,0,24,6,2107.38,4,5,5,455,2363.544965100144,0.2361537411981727,0.999476607657954,2.2303788574989992e-05,Low,Maintain: Standard loyalty program
14641,Silver Tier,0,22,1,110.46,4,1,1,411,1287.698184584735,0.1103151500121465,1.0,2.2303788574990226e-05,Low,Maintain: Standard loyalty program
14642,Silver Tier,0,59,1,96.12,3,1,1,311,912.546967178022,0.0781534389798333,1.0,2.2303788574990937e-05,Low,Maintain: Standard loyalty program
14643,Inactive,1,170,2,693.8100000000001,2,3,3,233,545.8119751965027,0.0512758250065497,0.9987131197590364,0.9999776962114252,High,Low Priority: Automated email only
14644,Silver Tier,0,68,2,830.76,3,3,3,333,874.8740148858715,0.0596937003055367,0.9992640163426773,2.2303788574990703e-05,Low,Maintain: Standard loyalty program
14645,Inactive,1,157,2,597.09,2,3,3,233,694.8470207660689,0.0636349558047963,0.9984652483828272,0.9999776962114252,High,Low Priority: Automated email only
14646,Platinum Tier,4,2,73,280206.02,5,5,5,555,222166.7110121718,1.271806989637777,0.9999231698376824,2.230378857499209e-05,Low,Maintain: Continue white-glove service
14647,Inactive,1,201,1,236.04,1,1,1,111,429.2691259765146,0.0367473536403994,1.0,0.9999776962114252,High,Low Priority: Automated email only
14649,Silver Tier,0,5,4,1402.59,5,4,4,544,1398.4222101616515,0.1206875572736009,0.9995380401160224,2.2303788574990148e-05,Low,Maintain: Standard loyalty program
14651,Silver Tier,0,67,2,653.75,3,3,3,333,733.0128787231171,0.0782390902833716,0.999160710954762,2.2303788574990703e-05,Low,Maintain: Standard loyalty program
14652,Silver Tier,0,77,1,114.18,2,1,1,211,793.7994213099503,0.0679765533927228,1.0,2.2303788574992645e-05,Low,Maintain: Standard loyalty program
14653,Silver Tier,0,1,7,1926.65,5,5,4,554,1617.6824567088488,0.1717692174412261,0.9996755844685776,2.2303788574990185e-05,Low,Maintain: Standard loyalty program
14655,Silver Tier,0,8,4,1932.23,5,4,4,544,1709.5976428963988,0.1577725107877322,0.9995628672287644,2.2303788574990107e-05,Low,Maintain: Standard loyalty program
14656,Inactive,1,169,2,291.05,2,3,2,232,517.4178227381694,0.0621792284215573,0.9983188370350043,0.9999776962114252,High,Low Priority: Automated email only
14657,Silver Tier,0,18,4,848.22,4,4,3,443,717.195379189682,0.1162202552031373,0.9995350728528914,2.2303788574989992e-05,Low,Maintain: Standard loyalty program
14658,Silver Tier,0,5,2,247.15,5,3,1,531,928.000282011516,0.1178337134940507,0.9994646566147816,2.230378857499082e-05,Low,Maintain: Standard loyalty program
14659,Silver Tier,0,9,9,2529.93,5,5,5,555,2046.656364742737,0.2758047363241341,0.9996989264043707,2.230378857499007e-05,Low,Maintain: Standard loyalty program
14660,Silver Tier,0,87,2,285.74,2,3,2,232,1075.3509238605325,0.1295202639142688,0.9981338766310252,2.2303788574997476e-05,Low,Maintain: Standard loyalty program
14661,Silver Tier,0,27,1,107.95,4,1,1,411,1219.9222926807831,0.1045036164576723,1.0,2.2303788574990185e-05,Low,Maintain: Standard loyalty program
14662,Silver Tier,0,29,4,741.37,4,4,3,443,907.0797204820518,0.1192325209252947,0.9994754970881222,2.2303788574989992e-05,Low,Maintain: Standard loyalty program
14664,Silver Tier,0,20,2,636.24,4,3,3,433,2041.4667621606457,0.2149120870941124,0.9992576644655402,2.230378857499003e-05,Low,Maintain: Standard loyalty program
14665,Silver Tier,0,61,5,1835.7,3,4,4,344,1574.3093554834225,0.1210920317008757,0.9992403370431112,2.23037885749909e-05,Low,Maintain: Standard loyalty program
14666,Silver Tier,0,24,1,195.25,4,1,1,411,1246.1579201425084,0.1067531700766435,1.0,2.2303788574990107e-05,Low,Maintain: Standard loyalty program
14667,Gold Tier,3,11,25,9175.04,5,5,5,555,6957.803441214003,0.626795838284598,0.9997898700605796,2.2303788574990463e-05,Low,Maintain: VIP loyalty program
14669,Inactive,1,242,3,1259.24,1,3,4,134,641.4686434130091,0.0545226099072911,0.9972762270112588,0.9999776962114252,High,Low Priority: Automated email only
14670,Inactive,1,280,2,392.86,1,3,2,132,332.1090813134735,0.0284270546220449,1.0,0.9999776962114252,High,Low Priority: Automated email only
14672,Inactive,1,235,2,765.5500000000001,1,3,3,133,676.5580754945664,0.0539984445452445,0.9975430924688105,0.9999776962114252,High,Low Priority: Automated email only
14673,Silver Tier,0,3,5,1736.4,5,4,4,544,1335.0051079758398,0.132817691117973,0.9996354493285036,2.2303788574990107e-05,Low,Maintain: Standard loyalty program
14675,Silver Tier,0,16,1,596.36,4,1,3,413,1363.4498314612754,0.1168111145017802,1.0,2.2303788574990107e-05,Low,Maintain: Standard loyalty program
14676,Silver Tier,0,31,6,2548.24,4,5,5,455,2241.8875050254333,0.1985702340191768,0.9994528262084492,2.230378857499003e-05,Low,Maintain: Standard loyalty program
14680,Gold Tier,3,25,16,28754.11,4,5,5,455,20691.659860564527,0.4315300067743441,0.9995818946335496,2.2303788574990937e-05,Low,Maintain: VIP loyalty program
14681,Silver Tier,0,71,3,498.95,3,3,3,333,596.9092945612434,0.0782367756491194,0.9991311516692868,2.2303788574991378e-05,Low,Maintain: Standard loyalty program
14682,Inactive,1,188,2,52.0,1,3,1,131,538.9680460730002,0.080850085746157,0.9956180204058824,0.9999776962114252,High,Low Priority: Automated email only
14684,Silver Tier,0,26,5,1201.51,4,4,4,444,1108.6707812692412,0.1343445647962151,0.9995295439639088,2.230378857499003e-05,Low,Maintain: Standard loyalty program
14687,Silver Tier,0,107,1,628.38,2,1,3,213,662.2674747601277,0.0567061099956413,1.0,0.9999776962114252,High,Send: Standard win-back offer
14688,Gold Tier,3,8,21,5579.1,5,5,5,555,4214.826164244736,0.5382699333673484,0.9998093914378154,2.2303788574990426e-05,Low,Maintain: VIP loyalty program
14689,Inactive,1,209,1,112.8,1,1,1,111,418.4224305997317,0.0358184204950175,1.0,0.9999776962114252,High,Low Priority: Automated email only
14690,Silver Tier,0,44,2,355.05,3,3,2,332,808.4530896713297,0.0995928549476676,0.9992344016463484,2.230378857499003e-05,Low,Maintain: Standard loyalty program
14691,Silver Tier,0,31,5,2114.33,4,4,5,445,2381.4842112252913,0.1633614156364774,0.999394810800178,2.2303788574989992e-05,Low,Maintain: Standard loyalty program
14692,Silver Tier,0,137,4,591.55,2,4,3,243,643.894449406677,0.1172238802218916,0.9979551272814622,0.9999776962114252,High,Send: Standard win-back offer
14693,Inactive,1,265,1,172.9,1,1,1,111,348.06446272391844,0.0297932856709015,1.0,0.9999776962114252,High,Low Priority: Automated email only
14696,Silver Tier,0,4,7,2078.95,5,5,5,555,1648.7977944800043,0.1853127837576155,0.999688690175706,2.2303788574990107e-05,Low,Maintain: Standard loyalty program
14697,Inactive,1,218,2,188.61,1,3,1,131,403.8449286955369,0.0345700032253114,1.0,0.9999776962114252,High,Low Priority: Automated email only
14698,Silver Tier,0,2,5,1217.27,5,4,4,544,3153.9953445830706,0.4828145939245803,0.9996328565825188,2.2303788574990148e-05,Low,Maintain: Standard loyalty program
14699,Inactive,1,214,1,109.13,1,1,1,111,409.5523126461623,0.035058779504,1.0,0.9999776962114252,High,Low Priority: Automated email only
14700,Silver Tier,0,32,3,2195.1,4,3,5,435,1922.7528915765429,0.1104477359911104,0.9993945124383844,2.2303788574989992e-05,Low,Maintain: Standard loyalty program
14701,Silver Tier,0,11,9,2526.09,5,5,5,555,2191.2704446213856,0.2127463065653315,0.9996498444185172,2.230378857499007e-05,Low,Maintain: Standard loyalty program
14702,Gold Tier,3,1,17,3251.79,5,5,5,555,2608.3560496342275,0.4652580751454501,0.9998356933041168,2.2303788574990463e-05,Low,Maintain: VIP loyalty program
14703,Silver Tier,0,15,1,318.17,4,1,2,412,1396.3067155040203,0.1196288779998455,1.0,2.230378857499007e-05,Low,Maintain: Standard loyalty program
14704,Silver Tier,0,11,9,1493.96,5,5,4,554,2445.5271360677907,0.425355900194767,0.9996274518401604,2.230378857499003e-05,Low,Maintain: Standard loyalty program
14705,Inactive,1,199,1,179.0,1,1,1,111,434.09180192261977,0.037160383483378,1.0,0.9999776962114252,High,Low Priority: Automated email only
14708,Silver Tier,0,3,3,1126.37,5,3,4,534,821.0671247031164,0.0775970832342107,0.9995505966235644,2.2303788574990148e-05,Low,Maintain: Standard loyalty program
14709,Silver Tier,0,15,13,4921.04,4,5,5,455,3909.898573282622,0.3323200354809971,0.9996867301552284,2.2303788574990107e-05,Low,Maintain: Standard loyalty program
14710,Silver Tier,0,14,4,599.48,4,4,3,443,2198.283313764782,0.3587564894596725,0.9993878726115584,2.2303788574989992e-05,Low,Maintain: Standard loyalty program
14711,Silver Tier,0,10,11,2839.62,5,5,5,555,3084.518620488901,0.3924789928345953,0.9996957484116784,2.230378857499007e-05,Low,Maintain: Standard loyalty program
14712,Silver Tier,0,29,3,917.07,4,3,3,433,2138.1854836233833,0.187347833248034,0.9992732965325074,2.2303788574989992e-05,Low,Maintain: Standard loyalty program
14713,Silver Tier,0,9,11,2662.2,5,5,5,555,2144.781054469964,0.2993248708450922,0.9997261489432332,2.230378857499007e-05,Low,Maintain: Standard loyalty program
14714,Silver Tier,0,24,1,160.19,4,1,1,411,1246.1579201425084,0.1067531700766435,1.0,2.2303788574990107e-05,Low,Maintain: Standard loyalty program
14715,Silver Tier,0,25,4,867.38,4,4,3,443,939.130557532093,0.1147634138912662,0.9995021505975736,2.230378857499003e-05,Low,Maintain: Standard loyalty program
14716,Silver Tier,0,43,2,307.51,3,3,2,332,797.6271667100725,0.1009705941875396,0.9992376105232526,2.230378857499003e-05,Low,Maintain: Standard loyalty program
14719,Silver Tier,0,2,5,1581.84,5,4,4,544,1825.6664702168764,0.1821164326832509,0.9996419952842718,2.2303788574990107e-05,Low,Maintain: Standard loyalty program
14720,Silver Tier,0,6,3,663.81,5,3,3,533,1530.6138902987382,0.1739346628864654,0.9995225873421186,2.2303788574990148e-05,Low,Maintain: Standard loyalty program
14722,Inactive,1,147,1,180.42,2,1,1,211,536.5721934858108,0.0459379944268682,1.0,0.9999776962114252,High,Low Priority: Automated email only
14723,Silver Tier,0,10,6,1122.36,5,5,4,554,972.6637281261936,0.1316061535351386,0.9996060247879583,2.2303788574989992e-05,Low,Maintain: Standard loyalty program
14725,Silver Tier,0,25,1,655.58,4,1,3,413,1246.1579201425084,0.1067531700766435,1.0,2.2303788574990107e-05,Low,Maintain: Standard loyalty program
14727,Inactive,1,274,1,268.58,1,1,2,112,337.9179231900678,0.0289244504441973,1.0,0.9999776962114252,High,Low Priority: Automated email only
14729,Inactive,1,374,1,313.49,1,1,2,112,262.2374002805863,0.0224445873246541,1.0,0.9999776962114252,High,Low Priority: Automated email only
14730,Silver Tier,0,1,8,1897.57,5,5,4,554,1983.7606130410777,0.237430721153094,0.9997015657918868,2.2303788574990185e-05,Low,Maintain: Standard loyalty program
14731,Silver Tier,0,47,3,380.02,3,3,2,332,787.1205491193251,0.1206534884268602,0.999255880885448,2.2303788574990148e-05,Low,Maintain: Standard loyalty program
14732,Silver Tier,0,8,8,2702.49,5,5,5,555,2364.051914650123,0.2301660416332884,0.999685172871023,2.2303788574990148e-05,Low,Maintain: Standard loyalty program
14733,Gold Tier,3,16,12,9585.91,4,5,5,455,6199.76504915248,0.3254569756740437,0.9996806456027,2.2303788574990107e-05,Low,Maintain: VIP loyalty program
14735,Gold Tier,3,4,32,6065.6900000000005,5,5,5,555,4890.935214683864,0.557199394883484,0.9998402682742544,2.230378857499157e-05,Low,Maintain: VIP loyalty program
14737,Silver Tier,0,4,3,1164.55,5,3,4,534,866.8888898399123,0.080355574216636,0.9995473499970317,2.2303788574990148e-05,Low,Maintain: Standard loyalty program
14738,Silver Tier,0,43,7,1314.45,3,5,4,354,1328.3033780898097,0.2126838465692501,0.9993563581231588,2.2303788574989992e-05,Low,Maintain: Standard loyalty program
14739,Silver Tier,0,4,7,3902.28,5,5,5,555,2708.1049903822027,0.1878633912986618,0.9996884229297122,2.2303788574990185e-05,Low,Maintain: Standard loyalty program
14740,Inactive,1,197,3,1448.21,1,3,4,134,1203.1396030073297,0.0959498847031474,0.9955072761419544,0.9999776962114252,High,Low Priority: Automated email only
14741,Silver Tier,0,12,6,1400.34,5,5,4,554,1227.8793314853976,0.1585164376312629,0.9996295009462406,2.2303788574989992e-05,Low,Maintain: Standard loyalty program
14744,Silver Tier,0,16,7,1099.98,4,5,4,454,994.5217085267832,0.1606988955563262,0.999602174360592,2.230378857499003e-05,Low,Maintain: Standard loyalty program
14745,Silver Tier,0,113,5,1220.26,2,4,4,244,1279.2144109802564,0.1295260045923956,0.9983171908645851,0.9999776962114252,High,Send: Standard win-back offer
14747,Inactive,1,249,1,328.2,1,1,2,112,364.48070425354217,0.0311990242976074,1.0,0.9999776962114252,High,Low Priority: Automated email only
14748,Silver Tier,0,29,5,1415.75,4,4,4,444,1013.1339669273328,0.105043341038882,0.9994890507774056,2.2303788574989992e-05,Low,Maintain: Standard loyalty program
14752,Silver Tier,0,44,1,389.64,3,1,2,312,1034.75663059681,0.0886287817760632,1.0,2.230378857499003e-05,Low,Maintain: Standard loyalty program
14753,Silver Tier,0,87,1,563.15,2,1,3,213,742.9194360225239,0.0636165833504001,1.0,2.230378857499728e-05,Low,Maintain: Standard loyalty program
14754,Silver Tier,0,45,2,638.05,3,3,3,333,698.7356259921787,0.0601913131065142,0.9993555579032904,2.230378857499003e-05,Low,Maintain: Standard loyalty program
14755,Silver Tier,0,10,11,5010.28,5,5,5,555,4063.3784200240902,0.3223528892478015,0.9997212715606074,2.2303788574990107e-05,Low,Maintain: Standard loyalty program
14756,Silver Tier,0,15,1,738.96,4,1,3,413,1379.6826382410247,0.1182032059450869,1.0,2.2303788574990107e-05,Low,Maintain: Standard loyalty program
14757,Silver Tier,0,75,1,420.5,2,1,2,212,804.82343769289,0.0689212587386187,1.0,2.230378857499233e-05,Low,Maintain: Standard loyalty program
14758,Silver Tier,0,145,4,1484.06,2,4,4,244,1235.9811292669797,0.1395302132290378,0.9964193933232108,0.9999776962114252,High,Send: Standard win-back offer
14759,Silver Tier,0,5,3,1625.97,5,3,4,534,1539.7627477567887,0.1126663001896197,0.999539290927022,2.2303788574990107e-05,Low,Maintain: Standard loyalty program
14760,Inactive,1,297,1,89.2,1,1,1,111,316.68489035990433,0.0271063499129958,1.0,0.9999776962114252,High,Low Priority: Automated email only
14761,Silver Tier,0,59,2,255.9,3,3,2,332,452.73250740804264,0.0543633417125802,0.9993235413011656,2.2303788574990426e-05,Low,Maintain: Standard loyalty program
14762,Inactive,1,264,1,300.52,1,1,2,112,349.1127321634966,0.0298830486396042,1.0,0.9999776962114252,High,Low Priority: Automated email only
14764,Silver Tier,0,47,1,278.3,3,1,2,312,1007.7639635956134,0.0863149271016233,1.0,2.2303788574990148e-05,Low,Maintain: Standard loyalty program
14765,Silver Tier,0,29,3,254.11,4,3,2,432,805.7039554344583,0.1384037314382159,0.9993666631544024,2.230378857499007e-05,Low,Maintain: Standard loyalty program
14766,Silver Tier,0,8,6,2473.37,5,5,5,555,2035.668403231354,0.1607055679219957,0.9996436787605336,2.2303788574990148e-05,Low,Maintain: Standard loyalty program
14768,Silver Tier,0,17,2,192.6,4,3,1,431,786.3514897021187,0.1118117418957597,0.9993988477441972,2.2303788574990148e-05,Low,Maintain: Standard loyalty program
14769,Silver Tier,0,3,8,10416.98,5,5,5,555,8018.5367698223745,0.2204465840969259,0.999720255870986,2.2303788574990226e-05,Low,Maintain: Standard loyalty program
14770,Inactive,1,232,2,876.42,1,3,3,133,784.4669145969618,0.0557808558579164,0.9973865869999584,0.9999776962114252,High,Low Priority: Automated email only
14772,Silver Tier,0,112,1,139.26,2,1,1,211,640.3162225470167,0.0548254206643806,1.0,0.9999776962114252,High,Send: Standard win-back offer
14775,Silver Tier,0,58,3,1011.9,3,3,4,334,743.5656237190018,0.07687685781717,0.99933923171698,2.2303788574990344e-05,Low,Maintain: Standard loyalty program
14776,Silver Tier,0,51,11,2538.2999999999997,3,5,5,355,2098.3906277835554,0.2778135185472284,0.999111384336306,2.2303788574990426e-05,Low,Maintain: Standard loyalty program
14778,Silver Tier,0,127,2,730.86,2,3,3,233,664.5195287336512,0.0580900407585109,0.9989217281184726,0.9999776962114252,High,Send: Standard win-back offer
14779,Inactive,1,281,3,386.15,1,3,2,132,458.3485041495789,0.0852383582548287,0.9848935314129906,0.9999776962114252,High,Low Priority: Automated email only
14780,Silver Tier,0,55,2,447.68,3,3,2,332,1147.8308378521192,0.1480126030230723,0.9988329315236308,2.2303788574990344e-05,Low,Maintain: Standard loyalty program
14782,Inactive,1,320,1,200.1,1,1,1,111,298.7303885584828,0.0255690379498354,1.0,0.9999776962114252,High,Low Priority: Automated email only
14784,Silver Tier,0,26,2,289.99,4,3,2,432,477.8172654621041,0.0558947266710263,0.9994226479369912,2.230378857499007e-05,Low,Maintain: Standard loyalty program
14785,Silver Tier,0,10,2,77.4,5,3,1,531,1761.2566128857502,0.2610389422280186,0.9993578643336372,2.2303788574990185e-05,Low,Maintain: Standard loyalty program
14788,Silver Tier,0,7,2,679.44,5,3,3,533,2379.2003170896396,0.2307984774630705,0.9994141824267117,2.2303788574990148e-05,Low,Maintain: Standard loyalty program
14789,Silver Tier,0,29,1,197.64,4,1,1,411,1194.7687753130083,0.102346913647596,1.0,2.2303788574990107e-05,Low,Maintain: Standard loyalty program
14790,Silver Tier,0,17,4,745.06,4,4,3,443,1034.8229821373882,0.1425734712776721,0.9995224946276068,2.2303788574989992e-05,Low,Maintain: Standard loyalty program
14792,Silver Tier,0,64,1,6.2,3,1,1,311,877.9831095133258,0.075191074676543,1.0,2.2303788574991174e-05,Low,Maintain: Standard loyalty program
14793,Silver Tier,0,21,1,228.99,4,1,1,411,1287.698184584735,0.1103151500121465,1.0,2.230378857499007e-05,Low,Maintain: Standard loyalty program
14794,Silver Tier,0,3,7,1319.91,5,5,4,554,1294.2984570049102,0.2032516985610129,0.9996973143037876,2.2303788574990107e-05,Low,Maintain: Standard loyalty program
14795,Inactive,1,166,1,131.45000000000002,2,1,1,211,493.1946945131873,0.0422224457165635,1.0,0.9999776962114252,High,Low Priority: Automated email only
14796,Gold Tier,3,1,17,7975.49,5,5,5,555,5921.302207641968,0.4641883290159382,0.9998357079856354,2.2303788574990503e-05,Low,Maintain: VIP loyalty program
14798,Silver Tier,0,53,3,173.74,3,3,1,331,460.6470537528943,0.0894547632671294,0.9993268482646712,2.2303788574990744e-05,Low,Maintain: Standard loyalty program
14799,Silver Tier,0,51,1,157.7,3,1,1,311,965.7756941997336,0.0827157895004857,1.0,2.2303788574990663e-05,Low,Maintain: Standard loyalty program
14800,Silver Tier,0,48,12,4331.79,3,5,5,355,3187.522469670719,0.3238195314348115,0.999214495235369,2.2303788574990344e-05,Low,Maintain: Standard loyalty program
14801,Silver Tier,0,61,1,189.34,3,1,1,311,891.4895806459505,0.0763486566622308,1.0,2.2303788574990974e-05,Low,Maintain: Standard loyalty program
14803,Inactive,1,162,3,845.5500000000001,2,3,3,233,654.3876808271186,0.0937552781020722,0.9976148170281935,0.9999776962114252,High,Low Priority: Automated email only
14804,Silver Tier,0,9,1,353.27,5,1,2,512,1505.1219667863047,0.1289614553746847,1.0,2.230378857499007e-05,Low,Maintain: Standard loyalty program
14805,Silver Tier,0,15,4,546.4,4,4,3,443,745.6741595048013,0.1201771074590702,0.9995420151446306,2.2303788574989992e-05,Low,Maintain: Standard loyalty program
14806,Silver Tier,0,75,1,193.39,2,1,1,211,804.82343769289,0.0689212587386187,1.0,2.2303788574992723e-05,Low,Maintain: Standard loyalty program
14808,Silver Tier,0,40,8,2718.6,3,5,5,355,3350.7766421388783,0.2899586774286642,0.9991056330349096,2.230378857499003e-05,Low,Maintain: Standard loyalty program
14810,Silver Tier,0,41,11,2085.33,3,5,5,355,1783.8504442560927,0.2964894604631354,0.9993845347413214,2.230378857499007e-05,Low,Maintain: Standard loyalty program
14813,Inactive,1,370,2,152.88,1,3,1,131,264.6320244409797,0.0226496025395617,1.0,0.9999776962114252,High,Low Priority: Automated email only
14815,Silver Tier,0,37,2,778.5,3,3,3,333,1484.8910951250998,0.1611251116130492,0.99910676948609,2.2303788574989992e-05,Low,Maintain: Standard loyalty program
14816,Inactive,1,197,1,271.85,1,1,2,112,435.72353274756034,0.0373001311186775,1.0,0.9999776962114252,High,Low Priority: Automated email only
14817,Inactive,1,200,2,1110.34,1,3,4,134,832.5510860528103,0.0632084105823326,0.9975401193169714,0.9999776962114252,High,Low Priority: Automated email only
14818,Silver Tier,0,74,3,657.8,2,3,3,233,956.2766313872286,0.1052684275318344,0.9990827056714088,2.230378857499177e-05,Low,Maintain: Standard loyalty program
14819,Silver Tier,0,64,2,272.07,3,3,2,332,730.5643444200094,0.0839355504173114,0.999148630457833,2.2303788574990663e-05,Low,Maintain: Standard loyalty program
14820,Silver Tier,0,21,4,507.29,4,4,3,443,1087.354240440528,0.189706809468197,0.99944392140392,2.230378857499003e-05,Low,Maintain: Standard loyalty program
14821,Inactive,1,367,1,48.8,1,1,1,111,266.45689100090283,0.0228058387806504,1.0,0.9999776962114252,High,Low Priority: Automated email only
14823,Inactive,1,180,3,321.43,1,3,2,132,639.6404085079414,0.0830197532682337,0.995822514966152,0.9999776962114252,High,Low Priority: Automated email only
14824,Silver Tier,0,10,4,1127.71,5,4,4,544,2262.2076760680684,0.2869984047447704,0.999497006911644,2.230378857499003e-05,Low,Maintain: Standard loyalty program
14825,Silver Tier,0,4,12,2221.01,5,5,5,555,1890.3155070850269,0.3247434958346554,0.9997773454009856,2.2303788574990107e-05,Low,Maintain: Standard loyalty program
14828,Inactive,1,197,3,2139.76,1,3,5,135,1517.011635041702,0.0835265085981453,0.9971271704208764,0.9999776962114252,High,Low Priority: Automated email only
14829,Silver Tier,0,29,4,697.55,4,4,3,443,662.4178140305208,0.1040905148565587,0.9994903092414704,2.2303788574989992e-05,Low,Maintain: Standard loyalty program
14830,Silver Tier,0,53,1,188.88,3,1,1,311,949.944145249896,0.0813587982568712,1.0,2.2303788574990744e-05,Low,Maintain: Standard loyalty program
14834,Silver Tier,0,18,6,1720.3,4,5,4,454,2021.4749865144493,0.2262336109566896,0.9995553081506344,2.2303788574989992e-05,Low,Maintain: Standard loyalty program
14836,Silver Tier,0,10,3,102.45,5,3,1,531,1544.0763980121606,0.3427035646121909,0.999400505518917,2.2303788574990226e-05,Low,Maintain: Standard loyalty program
14837,Silver Tier,0,90,4,1649.5,2,4,4,244,1880.844040758168,0.1698133719084137,0.9981862633956404,2.230378857500057e-05,Low,Maintain: Standard loyalty program
14840,Inactive,1,268,1,62.85,1,1,1,111,344.95708979870165,0.0295272034380185,1.0,0.9999776962114252,High,Low Priority: Automated email only
14841,Silver Tier,0,53,6,3295.76,3,5,5,355,2527.427230102504,0.1636620434754195,0.99930793126166,2.2303788574990344e-05,Low,Maintain: Standard loyalty program
14842,Silver Tier,0,44,4,2824.69,3,4,5,345,2467.3652997514946,0.1217510463060238,0.9993755455012532,2.230378857499003e-05,Low,Maintain: Standard loyalty program
14844,Silver Tier,0,64,4,3189.81,3,4,5,345,2799.70436846411,0.1480258770472968,0.9990630225866546,2.230378857499161e-05,Low,Maintain: Standard loyalty program
14847,Inactive,1,149,1,309.4,2,1,2,212,534.0998019112836,0.045726211377391,1.0,0.9999776962114252,High,Low Priority: Automated email only
14849,Gold Tier,3,22,25,7930.54,4,5,5,455,5993.369446562403,0.348168830022787,0.9996384183750292,2.2303788574990585e-05,Low,Maintain: VIP loyalty program
14850,Inactive,1,312,1,325.75,1,1,2,112,305.018777800336,0.0261074600705156,1.0,0.9999776962114252,High,Low Priority: Automated email only
14851,Silver Tier,0,23,2,511.35,4,3,3,433,690.6065910721935,0.0674203992389901,0.9994175936645132,2.230378857499007e-05,Low,Maintain: Standard loyalty program
14852,Silver Tier,0,58,6,2836.69,3,5,5,355,2779.156059442924,0.1803121075266313,0.9990776199220992,2.2303788574990426e-05,Low,Maintain: Standard loyalty program
14853,Silver Tier,0,24,2,475.8,4,3,2,432,756.6987601228686,0.0782578346179949,0.9994000874945556,2.230378857499007e-05,Low,Maintain: Standard loyalty program
14854,Silver Tier,0,78,7,2740.03,2,5,5,255,2583.8638165659786,0.2384803699001044,0.9982987270749624,2.230378857499435e-05,Low,Maintain: Standard loyalty program
14855,Silver Tier,0,119,2,645.65,2,3,3,233,1151.2507489422649,0.1077439407987064,0.9974495553458554,0.9999776962114252,High,Send: Standard win-back offer
14856,Silver Tier,0,36,3,1290.53,3,3,4,334,1801.070899396262,0.1753045589377244,0.9990526260097992,2.230378857499003e-05,Low,Maintain: Standard loyalty program
14857,Silver Tier,0,60,2,1173.12,3,3,4,334,1488.8461572312185,0.1009557561044659,0.9990907680609032,2.2303788574990385e-05,Low,Maintain: Standard loyalty program
14859,Silver Tier,0,13,4,1353.74,5,4,4,544,1701.0564547861084,0.1242201144738334,0.9994962903199366,2.230378857499003e-05,Low,Maintain: Standard loyalty program
14860,Silver Tier,0,19,1,170.32,4,1,1,411,1316.965589877716,0.1128248642298541,1.0,2.2303788574990107e-05,Low,Maintain: Standard loyalty program
14861,Silver Tier,0,52,1,125.79,3,1,1,311,957.7944940514782,0.0820316823265691,1.0,2.2303788574990785e-05,Low,Maintain: Standard loyalty program
14862,Silver Tier,0,26,2,841.2,4,3,3,433,1339.6967569975902,0.1009832699627825,0.9993630540889468,2.230378857499003e-05,Low,Maintain: Standard loyalty program
14863,Silver Tier,0,29,1,266.76,4,1,2,412,1182.577097323801,0.1013016031875834,1.0,2.230378857499007e-05,Low,Maintain: Standard loyalty program
14865,Silver Tier,0,7,2,52.2,5,3,1,531,320.7888236041305,0.0496855999245511,0.9994755487129574,2.23037885749909e-05,Low,Maintain: Standard loyalty program
14866,Gold Tier,3,11,12,14389.9,5,5,5,555,11114.30235880359,0.2986345764968328,0.9997192400159232,2.2303788574990703e-05,Low,Maintain: VIP loyalty program
14867,Inactive,1,186,3,710.28,1,3,3,133,662.3156519446791,0.0835589197936543,0.9975140905042164,0.9999776962114252,High,Low Priority: Automated email only
14868,Silver Tier,0,3,8,2953.59,5,5,5,555,3190.5949862194725,0.2712423001688288,0.9996867857784104,2.2303788574990148e-05,Low,Maintain: Standard loyalty program
14869,Silver Tier,0,9,2,721.45,5,3,3,533,1353.2353435023936,0.1274271226857447,0.9994443528297142,2.230378857499003e-05,Low,Maintain: Standard loyalty program
14870,Inactive,1,262,1,327.25,1,1,2,112,351.2283290459734,0.0300642070730911,1.0,0.9999776962114252,High,Low Priority: Automated email only
14871,Silver Tier,0,3,4,501.28,5,4,3,543,622.8858574153362,0.1070140708834188,0.9995964000596956,2.2303788574990185e-05,Low,Maintain: Standard loyalty program
14873,Inactive,1,210,1,519.68,1,1,3,113,415.4233375256688,0.0355615753645113,1.0,0.9999776962114252,High,Low Priority: Automated email only
14875,Silver Tier,0,108,2,1465.32,2,3,4,234,1367.0142060830165,0.0661677072382289,0.9989609416431782,0.9999776962114252,High,Send: Standard win-back offer
14878,Silver Tier,0,13,9,1476.09,5,5,4,554,1244.4252642443494,0.2480201206676822,0.9996784604006044,2.230378857499003e-05,Low,Maintain: Standard loyalty program
14880,Silver Tier,0,77,3,690.59,2,3,3,233,881.0671533380703,0.09494892623933,0.9991186769602958,2.230378857499181e-05,Low,Maintain: Standard loyalty program
14881,Silver Tier,0,20,1,255.4,4,1,2,412,1316.965589877716,0.1128248642298541,1.0,2.230378857499007e-05,Low,Maintain: Standard loyalty program
14882,Silver Tier,0,27,2,589.7,4,3,3,433,2301.6517755953323,0.2148841987491242,0.9991279945020892,2.2303788574989992e-05,Low,Maintain: Standard loyalty program
14883,Silver Tier,0,19,6,761.59,4,5,3,453,1049.6650152582542,0.2068131743458032,0.9995140895272506,2.2303788574989992e-05,Low,Maintain: Standard loyalty program
14885,Silver Tier,0,132,1,765.3199999999999,2,1,3,213,579.492748197398,0.0496146769856583,1.0,0.9999776962114252,High,Send: Standard win-back offer
14886,Inactive,1,253,1,364.8,1,1,2,112,361.07472695079787,0.030907363449904,1.0,0.9999776962114252,High,Low Priority: Automated email only
14887,Silver Tier,0,79,1,1862.0,2,1,4,214,783.0733593220475,0.0670573960663036,1.0,2.230378857499344e-05,Low,Maintain: Standard loyalty program
14888,Inactive,1,207,1,369.2,1,1,2,112,419.93827542124114,0.0359482394099307,1.0,0.9999776962114252,High,Low Priority: Automated email only
14889,Inactive,1,336,1,135.9,1,1,1,111,286.1923664968277,0.0244955328882243,1.0,0.9999776962114252,High,Low Priority: Automated email only
14890,Inactive,1,254,1,125.65,1,1,1,111,359.95350356360143,0.0308113512080067,1.0,0.9999776962114252,High,Low Priority: Automated email only
14891,Inactive,1,148,2,554.38,2,3,3,233,651.8140744269231,0.0854375774397253,0.997538565999252,0.9999776962114252,High,Low Priority: Automated email only
14893,Silver Tier,0,10,2,1237.85,5,3,4,534,3245.804106770255,0.2741075722174599,0.9993664882231426,2.230378857499003e-05,Low,Maintain: Standard loyalty program
14894,Silver Tier,0,85,1,655.75,2,1,3,213,752.5668013948482,0.0644432526413674,1.0,2.2303788574994623e-05,Low,Maintain: Standard loyalty program
14895,Gold Tier,3,8,20,11138.71,5,5,5,555,8455.756944523986,0.3618732980769248,0.999729868608201,2.2303788574990463e-05,Low,Maintain: VIP loyalty program
14896,Inactive,1,205,2,468.77,1,3,2,132,454.99064698235634,0.0504316393167353,0.9983767820495456,0.9999776962114252,High,Low Priority: Automated email only
14897,Silver Tier,0,8,4,1366.38,5,4,4,544,1422.047372434272,0.1257800846264791,0.9995768766987124,2.2303788574990148e-05,Low,Maintain: Standard loyalty program
14898,Silver Tier,0,23,6,1269.31,4,5,4,454,1197.9033410082884,0.1588661640645951,0.9995627683316252,2.2303788574989992e-05,Low,Maintain: Standard loyalty program
14901,Silver Tier,0,11,9,1421.29,5,5,4,554,1251.4592212860498,0.2401471955075363,0.9996875413204496,2.230378857499003e-05,Low,Maintain: Standard loyalty program
14902,Silver Tier,0,26,1,332.66,4,1,2,412,1232.9005241921468,0.1056164161470964,1.0,2.230378857499007e-05,Low,Maintain: Standard loyalty program
14903,Silver Tier,0,21,5,2795.33,4,4,5,445,2498.5709664877018,0.1668728537225381,0.9995234299260009,2.230378857499003e-05,Low,Maintain: Standard loyalty program
14904,Silver Tier,0,2,2,1025.44,5,3,4,534,3370.287882312126,0.2332691530118904,0.9994702327807652,2.2303788574990148e-05,Low,Maintain: Standard loyalty program
14905,Inactive,1,158,2,616.15,2,3,3,233,744.4277666194696,0.0724577108597409,0.9980561168352756,0.9999776962114252,High,Low Priority: Automated email only
14907,Silver Tier,0,3,7,3501.1,5,5,5,555,2463.2948666599304,0.1603406595348527,0.9996670747032664,2.2303788574990148e-05,Low,Maintain: Standard loyalty program
14908,Silver Tier,0,74,1,277.8,2,1,2,212,810.4510859892586,0.0694035271114614,1.0,2.230378857499205e-05,Low,Maintain: Standard loyalty program
14910,Silver Tier,0,3,4,434.35,5,4,2,542,1766.3214268812887,0.3734225616850769,0.9995816448098284,2.2303788574990185e-05,Low,Maintain: Standard loyalty program
14911,Platinum Tier,2,1,201,143711.17,5,5,5,555,109355.86923759169,3.5794885652997386,0.9999661152933382,2.230378857499217e-05,Low,Maintain: Continue white-glove service
14912,Silver Tier,0,17,2,867.85,4,3,3,433,785.0265129603885,0.0695628678213422,0.9994397794764814,2.230378857499003e-05,Low,Maintain: Standard loyalty program
14913,Silver Tier,0,36,4,1227.43,3,4,4,344,1020.7710046878868,0.1072490285355259,0.9994554522161307,2.230378857499003e-05,Low,Maintain: Standard loyalty program
14915,Silver Tier,0,91,2,307.48,2,3,2,232,532.8047656630727,0.0633079340624562,0.9991107752363764,0.9999776962114252,High,Send: Standard win-back offer
14916,Silver Tier,0,71,4,1268.98,3,4,4,344,1148.7653412174045,0.1167689255723171,0.9991679098931878,2.2303788574991693e-05,Low,Maintain: Standard loyalty program
14918,Silver Tier,0,116,2,1610.15,2,3,4,234,1695.9413432459123,0.0981396094607718,0.9980861450175548,0.9999776962114252,High,Send: Standard win-back offer
14920,Inactive,1,213,2,977.77,1,3,4,134,412.4669332194865,0.0353083875558034,1.0,0.9999776962114252,High,Low Priority: Automated email only
14921,Silver Tier,0,30,2,1316.07,4,3,4,434,945.4186074299306,0.0811546401699672,0.999368416830838,2.2303788574989992e-05,Low,Maintain: Standard loyalty program
14923,Silver Tier,0,51,1,749.1,3,1,3,313,973.891045138813,0.0834114029271052,1.0,2.2303788574990307e-05,Low,Maintain: Standard loyalty program
14924,Inactive,1,246,1,310.05,1,1,2,112,369.1232389549317,0.0315965772206681,1.0,0.9999776962114252,High,Low Priority: Automated email only
14929,Silver Tier,0,32,1,223.88,4,1,1,411,1147.450852684066,0.0982899773019129,1.0,2.230378857499007e-05,Low,Maintain: Standard loyalty program
14930,Silver Tier,0,109,3,2362.96,2,3,5,235,1448.8327501839588,0.0638536901788437,0.9989840708345072,0.9999776962114252,High,Send: Standard win-back offer
14931,Silver Tier,0,5,5,1257.68,5,4,4,544,1476.348383825222,0.1874189566645648,0.999624510962688,2.2303788574990107e-05,Low,Maintain: Standard loyalty program
14932,Inactive,1,366,1,363.53,1,1,2,112,267.07078577809557,0.0228583976149709,1.0,0.9999776962114252,High,Low Priority: Automated email only
14934,Silver Tier,0,82,2,1890.94,2,3,4,234,1255.8417443856135,0.0624100627996964,0.9991776301052636,2.2303788574994623e-05,Low,Maintain: Standard loyalty program
14935,Inactive,1,297,1,1784.71,1,1,4,114,316.68489035990433,0.0271063499129958,1.0,0.9999776962114252,High,Low Priority: Automated email only
14936,Silver Tier,0,34,8,8137.02,3,5,5,355,6463.3186625672215,0.1683121462495965,0.9994263518997047,2.230378857499007e-05,Low,Maintain: Standard loyalty program
14937,Silver Tier,0,57,3,1621.88,3,3,4,334,1927.554624833102,0.1100890093797264,0.9990686321350954,2.2303788574990307e-05,Low,Maintain: Standard loyalty program
14944,Silver Tier,0,30,12,5900.25,4,5,5,455,4959.889397588697,0.2243693067016445,0.9994851846044518,2.2303788574990107e-05,Low,Maintain: Standard loyalty program
14946,Silver Tier,0,14,1,100.9,4,1,1,411,1396.3067155040203,0.1196288779998455,1.0,2.2303788574990185e-05,Low,Maintain: Standard loyalty program
14947,Silver Tier,0,72,2,290.82,3,3,2,332,850.0665737800325,0.1100641811746987,0.99884331372252,2.2303788574991378e-05,Low,Maintain: Standard loyalty program
14948,Silver Tier,0,23,6,1101.97,4,5,4,454,1444.68981607531,0.2427164385223711,0.9994806349915408,2.2303788574989992e-05,Low,Maintain: Standard loyalty program
14950,Silver Tier,0,19,1,371.2,4,1,2,412,1316.965589877716,0.1128248642298541,1.0,2.230378857499007e-05,Low,Maintain: Standard loyalty program
14951,Silver Tier,0,79,1,311.69,2,1,2,212,783.0733593220475,0.0670573960663036,1.0,2.230378857499233e-05,Low,Maintain: Standard loyalty program
14952,Silver Tier,0,60,11,8099.49,3,5,5,355,5898.977327061738,0.216758774097158,0.9991517418404986,2.2303788574990744e-05,Low,Maintain: Standard loyalty program
14953,Silver Tier,0,25,1,285.67,4,1,2,412,1232.9005241921468,0.1056164161470964,1.0,2.230378857499007e-05,Low,Maintain: Standard loyalty program
14954,Silver Tier,0,12,1,294.85,5,1,2,512,1430.786674672573,0.1225859443620275,1.0,2.230378857499007e-05,Low,Maintain: Standard loyalty program
14957,Inactive,1,253,1,58.49,1,1,1,111,359.95350356360143,0.0308113512080067,1.0,0.9999776962114252,High,Low Priority: Automated email only
14958,Inactive,1,147,3,483.73,2,3,2,232,738.3104756860968,0.1077651202365837,0.9973609150705208,0.9999776962114252,High,Low Priority: Automated email only
14959,Silver Tier,0,64,4,695.42,3,4,3,343,847.8505809982116,0.125729962327905,0.9991785537781128,2.2303788574990625e-05,Low,Maintain: Standard loyalty program
14960,Silver Tier,0,8,2,221.27,5,3,1,531,729.921758471883,0.0913108632055812,0.9994581165248076,2.23037885749909e-05,Low,Maintain: Standard loyalty program
14961,Silver Tier,0,11,9,7044.68,5,5,5,555,4786.220405291923,0.2188949521506262,0.9996757126982626,2.2303788574990107e-05,Low,Maintain: Standard loyalty program
14962,Inactive,1,271,1,126.7,1,1,1,111,341.9047105116526,0.0292658318670361,1.0,0.9999776962114252,High,Low Priority: Automated email only
14963,Silver Tier,0,10,5,1472.34,5,4,4,544,2077.544855918271,0.2298151620020515,0.999579739438162,2.230378857499003e-05,Low,Maintain: Standard loyalty program
14964,Inactive,1,247,1,206.21,1,1,1,111,366.7872811283449,0.0313965423243457,1.0,0.9999776962114252,High,Low Priority: Automated email only
14965,Silver Tier,0,96,2,596.09,2,3,3,233,702.4005175556322,0.0601447068430333,1.0,0.9999776962114252,High,Send: Standard win-back offer
14966,Silver Tier,0,15,1,183.02,4,1,1,411,1396.3067155040203,0.1196288779998455,1.0,2.2303788574990107e-05,Low,Maintain: Standard loyalty program
14967,Silver Tier,0,50,1,463.8,3,1,2,312,982.1439581906712,0.0841188153604568,1.0,2.2303788574990148e-05,Low,Maintain: Standard loyalty program
14968,Silver Tier,0,30,1,147.59,4,1,1,411,1170.6317638661749,0.1002774292261558,1.0,2.2303788574990107e-05,Low,Maintain: Standard loyalty program
14970,Silver Tier,0,68,4,1592.06,3,4,4,344,1399.0293335704205,0.1191965138036311,0.9991736647059491,2.230378857499106e-05,Low,Maintain: Standard loyalty program
14971,Silver Tier,0,35,3,1097.98,3,3,4,334,2477.5410796710876,0.1956560607637772,0.9989899730216596,2.230378857499003e-05,Low,Maintain: Standard loyalty program
14972,Silver Tier,0,128,1,114.77,2,1,1,211,588.3164834524878,0.0503705733882789,1.0,0.9999776962114252,High,Send: Standard win-back offer
14973,Silver Tier,0,107,3,1314.45,2,3,4,234,1170.150554624277,0.1152189676156269,0.9984071844935366,0.9999776962114252,High,Send: Standard win-back offer
14974,Silver Tier,0,37,1,89.94,3,1,1,311,1093.3262542128698,0.0936497419097193,1.0,2.2303788574990148e-05,Low,Maintain: Standard loyalty program
14975,Silver Tier,0,57,1,279.94,3,1,2,312,919.7889416513344,0.0787741448838927,1.0,2.2303788574990344e-05,Low,Maintain: Standard loyalty program
14976,Silver Tier,0,57,7,790.86,3,5,3,353,890.9775732653914,0.1465505304999513,0.9992520673200588,2.2303788574990385e-05,Low,Maintain: Standard loyalty program
14978,Silver Tier,0,72,5,1921.37,3,4,4,344,1660.6267784241234,0.1450559083013491,0.9990789474274592,2.2303788574991693e-05,Low,Maintain: Standard loyalty program
14981,Inactive,1,246,1,102.12,1,1,1,111,367.9515524467717,0.0314962421666847,1.0,0.9999776962114252,High,Low Priority: Automated email only
14984,Silver Tier,0,19,2,202.37,4,3,1,431,665.8100065554571,0.0880051792074997,0.9994111960781225,2.2303788574990185e-05,Low,Maintain: Standard loyalty program
14985,Inactive,1,198,2,292.01,1,3,2,132,436.16168045553695,0.0512603465889746,0.9984116424312052,0.9999776962114252,High,Low Priority: Automated email only
14987,Silver Tier,0,16,2,326.4,4,3,2,432,423.62004993523334,0.0504861981028735,0.9994568624529416,2.230378857499007e-05,Low,Maintain: Standard loyalty program
14988,Inactive,1,212,1,334.54,1,1,2,112,413.9398564473345,0.0354345291946952,1.0,0.9999776962114252,High,Low Priority: Automated email only
14995,Silver Tier,0,39,2,231.98,3,3,1,331,485.3205620114546,0.0627799700385084,0.999371309396252,2.230378857499003e-05,Low,Maintain: Standard loyalty program
14997,Silver Tier,0,46,3,546.1999999999999,3,3,3,333,1064.8752945387337,0.1372605627876333,0.9992057809979864,2.230378857499003e-05,Low,Maintain: Standard loyalty program
14998,Inactive,1,170,2,414.87,2,3,2,232,654.715114966594,0.0705710630532746,0.9978264403901788,0.9999776962114252,High,Low Priority: Automated email only
15000,Silver Tier,0,48,1,490.52,3,1,3,313,999.0767042537736,0.0855702587773623,1.0,2.2303788574990148e-05,Low,Maintain: Standard loyalty program
15002,Silver Tier,0,116,4,1641.76,2,4,4,244,1060.8174600195916,0.1052046341887518,0.9987326410078952,0.9999776962114252,High,Send: Standard win-back offer
15004,Inactive,1,147,1,1220.77,2,1,4,214,536.5721934858108,0.0459379944268682,1.0,0.9999776962114252,High,Low Priority: Automated email only
15005,Gold Tier,3,16,28,6295.37,4,5,5,455,5021.607706776824,0.7675513796876495,0.9997213048444116,2.2303788574990503e-05,Low,Maintain: VIP loyalty program
15006,Silver Tier,0,51,1,480.38,3,1,2,312,965.7756941997336,0.0827157895004857,1.0,2.2303788574990263e-05,Low,Maintain: Standard loyalty program
15007,Inactive,1,159,1,156.91,2,1,1,211,508.3348084278073,0.0435192571707367,1.0,0.9999776962114252,High,Low Priority: Automated email only
15009,Silver Tier,0,12,3,1259.43,5,3,4,534,3686.3304421607327,0.3609299752642108,0.9993472441226612,2.230378857499003e-05,Low,Maintain: Standard loyalty program
15010,Silver Tier,0,36,1,308.94,3,1,2,312,1114.3514760006665,0.0954522487616995,1.0,2.2303788574990107e-05,Low,Maintain: Standard loyalty program
15012,Silver Tier,0,54,2,405.04,3,3,2,332,450.3854648963953,0.0495672800190633,0.9993568610661572,2.2303788574990344e-05,Low,Maintain: Standard loyalty program
15014,Silver Tier,0,43,2,257.67,3,3,2,332,723.0326505609212,0.0894303612658644,0.9992754313062542,2.230378857499003e-05,Low,Maintain: Standard loyalty program
15016,Inactive,1,173,1,170.04,2,1,1,211,480.91743193220873,0.041170874564698,1.0,0.9999776962114252,High,Low Priority: Automated email only
15017,Silver Tier,0,34,1,125.58,3,1,1,311,1136.2013539108086,0.0973255042500641,1.0,2.2303788574990185e-05,Low,Maintain: Standard loyalty program
15018,Silver Tier,0,39,3,496.21,3,3,3,333,599.3757296158227,0.077765397967869,0.9994259942899614,2.230378857499003e-05,Low,Maintain: Standard loyalty program
15019,Inactive,1,267,1,252.81,1,1,2,112,345.98669741276063,0.0296153678574663,1.0,0.9999776962114252,High,Low Priority: Automated email only
15021,Silver Tier,0,9,9,1871.77,5,5,4,554,1602.781914739515,0.2158778434650969,0.9996882153786356,2.230378857499003e-05,Low,Maintain: Standard loyalty program
15022,Silver Tier,0,12,4,852.39,5,4,3,543,2641.2118041229805,0.2924458008271664,0.999412037049224,2.230378857499003e-05,Low,Maintain: Standard loyalty program
15023,Silver Tier,0,3,11,6720.41,5,5,5,555,5061.620115830975,0.2966022962831805,0.9997648732981854,2.2303788574990226e-05,Low,Maintain: Standard loyalty program
15024,Silver Tier,0,10,10,1636.43,5,5,4,554,1199.583256953713,0.1878585486817902,0.9996626536300643,2.230378857499003e-05,Low,Maintain: Standard loyalty program
15025,Silver Tier,0,33,1,361.96,4,1,2,412,1136.2013539108086,0.0973255042500641,1.0,2.230378857499007e-05,Low,Maintain: Standard loyalty program
15026,Silver Tier,0,80,3,469.0,2,3,2,232,733.1837892965885,0.0979632610600478,0.999067452726414,2.2303788574992923e-05,Low,Maintain: Standard loyalty program
15027,Silver Tier,0,31,4,1066.15,4,4,4,444,1218.6656087435576,0.1495258469144708,0.999417692477024,2.2303788574989992e-05,Low,Maintain: Standard loyalty program
15028,Silver Tier,0,8,4,627.13,5,4,3,543,636.944391366214,0.0775956866928657,0.999532607368345,2.2303788574990185e-05,Low,Maintain: Standard loyalty program
15030,Silver Tier,0,72,2,518.28,3,3,3,333,717.0468097258969,0.0650058978051691,0.9992154319488782,2.2303788574991378e-05,Low,Maintain: Standard loyalty program
15031,Silver Tier,0,4,4,653.19,5,4,3,543,869.2709062141756,0.1307998153180648,0.9995894786899232,2.2303788574990148e-05,Low,Maintain: Standard loyalty program
15032,Inactive,1,256,3,4959.1,1,3,5,135,1750.6926727228663,0.0502677229876511,0.99742518255309,0.9999776962114252,High,Low Priority: Automated email only
15033,Silver Tier,0,5,10,2557.18,5,5,5,555,2034.3552410666837,0.2962615336855104,0.9997426138439032,2.2303788574990148e-05,Low,Maintain: Standard loyalty program
15034,Silver Tier,0,16,8,4274.16,4,5,5,455,3000.131802595666,0.1940848124471797,0.9996254311121194,2.2303788574990107e-05,Low,Maintain: Standard loyalty program
15035,Silver Tier,0,90,1,252.73,2,1,2,212,733.5163099957323,0.0628108542508325,1.0,2.2303788575000092e-05,Low,Maintain: Standard loyalty program
15036,Silver Tier,0,72,3,429.56,3,3,2,332,1042.5140533397632,0.1366556059928876,0.998830861749652,2.2303788574991378e-05,Low,Maintain: Standard loyalty program
15038,Silver Tier,0,59,6,685.74,3,5,3,353,762.7906522255865,0.1595447318360192,0.9992684830360928,2.2303788574990385e-05,Low,Maintain: Standard loyalty program
15039,Gold Tier,3,10,47,19766.59,5,5,5,555,15058.131876988386,1.148554391095779,0.9998244050108176,2.230378857499209e-05,Low,Maintain: VIP loyalty program
15041,Inactive,1,170,1,179.93,2,1,1,211,484.94136442000433,0.041515529581078,1.0,0.9999776962114252,High,Low Priority: Automated email only
15042,Inactive,1,199,1,135.93,1,1,1,111,432.472247378184,0.0370216790888319,1.0,0.9999776962114252,High,Low Priority: Automated email only
15043,Silver Tier,0,31,1,537.0,4,1,3,413,1158.925382250077,0.0992737570996446,1.0,2.230378857499007e-05,Low,Maintain: Standard loyalty program
15044,Gold Tier,3,19,17,7634.73,4,5,5,455,5610.8550432103875,0.4127396569914446,0.999660382590567,2.2303788574990307e-05,Low,Maintain: VIP loyalty program
15045,Inactive,1,152,2,735.66,2,3,3,233,724.201221456995,0.0671460533143625,0.9984142228010604,0.9999776962114252,High,Low Priority: Automated email only
15046,Gold Tier,3,9,15,5090.42,5,5,5,555,4101.487890647202,0.4371253311062793,0.9997575167391014,2.2303788574990307e-05,Low,Maintain: VIP loyalty program
15047,Inactive,1,270,1,343.62,1,1,2,112,342.9161502563091,0.0293524400619082,1.0,0.9999776962114252,High,Low Priority: Automated email only
15048,Silver Tier,0,65,4,381.0,3,4,2,342,541.6045063857808,0.1050205824949377,0.999272502871951,2.2303788574990663e-05,Low,Maintain: Standard loyalty program
15049,Inactive,1,274,1,121.17000000000002,1,1,1,111,338.9058777262529,0.0290090469607568,1.0,0.9999776962114252,High,Low Priority: Automated email only
15050,Silver Tier,0,25,3,1737.69,4,3,4,434,1916.424011665239,0.1565442921015234,0.9992704086764538,2.2303788574989992e-05,Low,Maintain: Standard loyalty program
15051,Silver Tier,0,23,3,1383.36,4,3,4,434,2049.376356014828,0.1548457578820281,0.9993929791652992,2.2303788574989992e-05,Low,Maintain: Standard loyalty program
15052,Inactive,1,319,1,207.73,1,1,1,111,298.7303885584828,0.0255690379498354,1.0,0.9999776962114252,High,Low Priority: Automated email only
15053,Silver Tier,0,5,3,693.95,5,3,3,533,821.2577409697317,0.0968893801499641,0.9995417377665676,2.2303788574990148e-05,Low,Maintain: Standard loyalty program
15054,Silver Tier,0,12,2,302.1,5,3,2,532,1608.5424388663089,0.2011218326696773,0.999369663354618,2.230378857499007e-05,Low,Maintain: Standard loyalty program
15057,Inactive,1,275,2,1489.5,1,3,4,134,621.4015314426706,0.0568033259509136,0.9949362497944986,0.9999776962114252,High,Low Priority: Automated email only
15058,Silver Tier,0,25,11,2102.54,4,5,5,455,1946.0033968359603,0.2464450767386971,0.999541403353452,2.230378857499003e-05,Low,Maintain: Standard loyalty program
15059,Silver Tier,0,41,9,1337.72,3,5,4,354,1305.2000293972578,0.2031918249661136,0.9994028248975868,2.230378857499003e-05,Low,Maintain: Standard loyalty program
15060,Silver Tier,0,8,4,294.25,5,4,2,542,1818.659047573746,0.281147469235495,0.9993792456373104,2.23037885749909e-05,Low,Maintain: Standard loyalty program
15061,Gold Tier,3,4,48,54534.14,5,5,5,555,34495.12839595749,0.7844359519099156,0.9998759957345148,2.230378857499209e-05,Low,Maintain: VIP loyalty program
15062,Silver Tier,0,71,4,987.86,3,4,4,344,913.2737782887708,0.1072230783629183,0.9992136221328868,2.2303788574991337e-05,Low,Maintain: Standard loyalty program
15063,Inactive,1,213,1,370.7999999999999,1,1,2,112,411.0044555279848,0.0351831408221138,1.0,0.9999776962114252,High,Low Priority: Automated email only
15065,Silver Tier,0,38,4,3158.13,3,4,5,345,2471.5414656595863,0.1275055193726111,0.9994050459011724,2.230378857499003e-05,Low,Maintain: Standard loyalty program
15066,Silver Tier,0,53,1,893.59,3,1,3,313,949.944145249896,0.0813587982568712,1.0,2.2303788574990344e-05,Low,Maintain: Standard loyalty program
15067,Silver Tier,0,78,3,1744.76,2,3,4,234,1121.1380483596909,0.0624110886627924,0.999194054050556,2.2303788574993197e-05,Low,Maintain: Standard loyalty program
15068,Silver Tier,0,46,2,553.36,3,3,3,333,697.7411652195755,0.0674142846578604,0.999326953145799,2.230378857499003e-05,Low,Maintain: Standard loyalty program
15069,Inactive,1,179,1,1109.53,2,1,4,214,467.3447423141662,0.0400083745391801,1.0,0.9999776962114252,High,Low Priority: Automated email only
15070,Inactive,1,373,1,106.2,1,1,1,111,262.83198413710926,0.0224954923923936,1.0,0.9999776962114252,High,Low Priority: Automated email only
15071,Silver Tier,0,94,2,982.07,2,3,4,234,725.5442747944895,0.0636750514244586,0.9990943693170504,0.9999776962114252,High,Send: Standard win-back offer
15073,Silver Tier,0,10,3,1043.41,5,3,4,534,1294.3333442207522,0.1329932377301687,0.9995089664719096,2.230378857499003e-05,Low,Maintain: Standard loyalty program
15074,Silver Tier,0,105,1,735.67,2,1,3,213,666.0731967961318,0.0570321746880106,1.0,0.9999776962114252,High,Send: Standard win-back offer
15075,Silver Tier,0,78,1,773.03,2,1,3,213,793.7994213099503,0.0679765533927228,1.0,2.230378857499229e-05,Low,Maintain: Standard loyalty program
15076,Inactive,1,173,1,880.85,2,1,3,213,480.91743193220873,0.041170874564698,1.0,0.9999776962114252,High,Low Priority: Automated email only
15078,Gold Tier,3,7,32,9743.11,5,5,5,555,7402.218961431936,0.544429354224776,0.999808694127616,2.230378857499157e-05,Low,Maintain: VIP loyalty program
15079,Inactive,1,213,4,895.61,1,4,3,143,856.8809762386857,0.0779384974116739,0.9970550016478956,0.9999776962114252,High,Low Priority: Automated email only
15081,Silver Tier,0,22,5,504.8,4,4,3,443,632.6716293689909,0.1328059807613452,0.9995473128196476,2.230378857499003e-05,Low,Maintain: Standard loyalty program
15083,Inactive,1,257,1,88.2,1,1,1,111,356.63122935035165,0.0305268605248329,1.0,0.9999776962114252,High,Low Priority: Automated email only
15087,Inactive,1,282,1,306.94,1,1,2,112,331.16030234843294,0.0283458137278725,1.0,0.9999776962114252,High,Low Priority: Automated email only
15088,Silver Tier,0,21,2,1160.07,4,3,4,434,1630.1485405181857,0.1611575691502891,0.9993080326216286,2.230378857499003e-05,Low,Maintain: Standard loyalty program
15089,Silver Tier,0,10,6,2420.84,5,5,5,555,2720.6068999274,0.354912106107272,0.999566772044587,2.230378857499003e-05,Low,Maintain: Standard loyalty program
15090,Inactive,1,308,1,381.32,1,1,2,112,307.4457237630449,0.0263152609859678,1.0,0.9999776962114252,High,Low Priority: Automated email only
15091,Silver Tier,0,68,1,480.71,3,1,2,312,852.1619817857782,0.0729781175341892,1.0,2.2303788574990744e-05,Low,Maintain: Standard loyalty program
15092,Inactive,1,215,2,457.81,1,3,2,132,497.9327582364234,0.0621064097248806,0.9971496961751688,0.9999776962114252,High,Low Priority: Automated email only
15093,Silver Tier,0,18,6,4597.02,4,5,5,455,3224.750046127207,0.1585105427136795,0.9995923266720134,2.230378857499007e-05,Low,Maintain: Standard loyalty program
15095,Silver Tier,0,104,4,1370.6,2,4,4,244,1198.310801514814,0.1245274970109833,0.9982981683108249,0.9999776962114252,High,Send: Standard win-back offer
15096,Silver Tier,0,43,1,219.39,3,1,1,311,1044.0784632385316,0.0894278831474726,1.0,2.230378857499007e-05,Low,Maintain: Standard loyalty program
15097,Silver Tier,0,4,1,248.08,5,1,1,511,1587.6067673138905,0.136036511099782,1.0,2.230378857499082e-05,Low,Maintain: Standard loyalty program
15098,Gold Tier,3,182,3,39916.5,1,3,5,135,461.75960895582784,0.0395300164895505,1.0,0.9999776962114252,High,High Priority: Send retention offer
15099,Silver Tier,0,84,1,410.48,2,1,2,212,757.4850672444373,0.0648646966288174,1.0,2.2303788574994583e-05,Low,Maintain: Standard loyalty program
15100,Inactive,1,334,3,876.0,1,3,3,133,672.1808212222555,0.0750092153214561,0.9772727893495208,0.9999776962114252,High,Low Priority: Automated email only
15101,Silver Tier,0,9,2,317.53000000000003,5,3,2,532,464.3467654884257,0.0511949092093912,0.9994727947449312,2.230378857499007e-05,Low,Maintain: Standard loyalty program
15103,Silver Tier,0,31,2,703.36,4,3,3,433,1643.8428535949183,0.14138118106872,0.9992343383910576,2.2303788574989992e-05,Low,Maintain: Standard loyalty program
15104,Inactive,1,197,2,993.54,1,3,4,134,893.5320835738048,0.0623200081378064,0.997735865754922,0.9999776962114252,High,Low Priority: Automated email only
15105,Silver Tier,0,18,7,2298.93,4,5,5,455,3492.6484635712604,0.2852731338706674,0.9994480206762368,2.230378857499007e-05,Low,Maintain: Standard loyalty program
15106,Silver Tier,0,18,5,1422.52,4,4,4,444,1393.678058319494,0.1713214727210903,0.9995476799921874,2.2303788574989992e-05,Low,Maintain: Standard loyalty program
15107,Inactive,1,311,6,319.5,1,5,2,152,354.6176318505077,0.113623940562839,0.7165303781591873,0.9999776962114252,High,Low Priority: Automated email only
15108,Silver Tier,0,142,4,1300.25,2,4,4,244,1660.2375000651368,0.1544519902394613,0.9953438720524564,0.9999776962114252,High,Send: Standard win-back offer
15109,Inactive,1,246,1,484.95,1,1,2,112,369.1232389549317,0.0315965772206681,1.0,0.9999776962114252,High,Low Priority: Automated email only
15110,Silver Tier,0,24,4,996.1,4,4,4,444,1048.5588699494317,0.1186194967462127,0.99950329977469,2.230378857499003e-05,Low,Maintain: Standard loyalty program
15111,Silver Tier,0,29,3,1567.48,4,3,4,434,1205.386436259861,0.0768863304827516,0.9994623689862878,2.2303788574989992e-05,Low,Maintain: Standard loyalty program
15113,Silver Tier,0,10,3,3509.43,5,3,5,535,4535.049815209454,0.2758013729468656,0.9994500643468028,2.230378857499007e-05,Low,Maintain: Standard loyalty program
15114,Silver Tier,0,30,10,2760.56,4,5,5,455,2629.399361882113,0.3185977549709345,0.9994650644167996,2.230378857499007e-05,Low,Maintain: Standard loyalty program
15115,Silver Tier,0,18,1,340.11,4,1,2,412,1332.1040378327834,0.114123036862965,1.0,2.230378857499007e-05,Low,Maintain: Standard loyalty program
15116,Silver Tier,0,18,4,1352.75,4,4,4,444,1539.2967585640204,0.1681673302543601,0.9994975080704752,2.2303788574989992e-05,Low,Maintain: Standard loyalty program
15117,Silver Tier,0,15,5,1551.78,4,4,4,444,1911.6067394356407,0.203906770816064,0.9995499655388038,2.2303788574989992e-05,Low,Maintain: Standard loyalty program
15118,Silver Tier,0,134,1,244.8,2,1,1,211,570.9298029785416,0.048881132193955,1.0,0.9999776962114252,High,Send: Standard win-back offer
15119,Inactive,1,246,1,266.4,1,1,2,112,369.1232389549317,0.0315965772206681,1.0,0.9999776962114252,High,Low Priority: Automated email only
15120,Silver Tier,0,134,1,358.82,2,1,2,212,573.7558586401718,0.0491232251125102,1.0,0.9999776962114252,High,Send: Standard win-back offer
15121,Silver Tier,0,50,2,457.72,3,3,2,332,514.397593954671,0.0613701977079559,0.9993290754030189,2.2303788574990148e-05,Low,Maintain: Standard loyalty program
15122,Silver Tier,0,114,3,1633.78,2,3,4,234,1416.3892243132668,0.0925772373104409,0.9987267388860696,0.9999776962114252,High,Send: Standard win-back offer
15123,Silver Tier,0,7,2,2199.31,5,3,5,535,1673.7255852263131,0.0796864194174953,0.9994660919199264,2.2303788574990107e-05,Low,Maintain: Standard loyalty program
15124,Silver Tier,0,23,2,184.19,4,3,1,431,630.2730749755083,0.0842798041554843,0.9994013993510232,2.2303788574990148e-05,Low,Maintain: Standard loyalty program
15125,Gold Tier,3,25,15,11528.48,4,5,5,455,7862.284699097545,0.3477529996614737,0.9995052465560308,2.2303788574990307e-05,Low,Maintain: VIP loyalty program
15127,Silver Tier,0,66,1,406.53,3,1,2,312,864.8798402201314,0.074068070465522,1.0,2.2303788574990744e-05,Low,Maintain: Standard loyalty program
15128,Silver Tier,0,60,4,1471.0,3,4,4,344,1581.6180920035924,0.1593330158815653,0.9990396700530976,2.2303788574990385e-05,Low,Maintain: Standard loyalty program
15129,Silver Tier,0,50,11,3447.4,3,5,5,355,3236.1312194975476,0.3272931674717083,0.9989873389907692,2.2303788574990307e-05,Low,Maintain: Standard loyalty program
15130,Inactive,1,170,1,330.11,2,1,2,212,486.97869006985377,0.0416900301009724,1.0,0.9999776962114252,High,Low Priority: Automated email only
15132,Silver Tier,0,18,5,977.93,4,4,4,444,1091.389605454335,0.1749438393733736,0.9995381719672032,2.2303788574989992e-05,Low,Maintain: Standard loyalty program
15133,Silver Tier,0,128,3,982.42,2,3,4,234,921.315214625474,0.0915595110304273,0.9985450593691588,0.9999776962114252,High,Send: Standard win-back offer
15134,Silver Tier,0,15,8,1387.99,4,5,4,454,1841.1620955348328,0.3039059757886747,0.9996124180486284,2.230378857499003e-05,Low,Maintain: Standard loyalty program
15135,Inactive,1,239,1,139.05,1,1,1,111,376.3131214718976,0.0322122735687292,1.0,0.9999776962114252,High,Low Priority: Automated email only
15136,Silver Tier,0,3,4,1286.7,5,4,4,544,2167.405042641933,0.2055793997488094,0.9995408243265924,2.2303788574990148e-05,Low,Maintain: Standard loyalty program
15139,Inactive,1,240,2,178.96,1,3,1,131,378.0744679384003,0.0539910516088176,0.997406518670662,0.9999776962114252,High,Low Priority: Automated email only
15140,Silver Tier,0,52,7,2354.25,3,5,5,355,2288.6590814994515,0.2098372304666077,0.999140169020147,2.2303788574990307e-05,Low,Maintain: Standard loyalty program
15142,Silver Tier,0,46,1,498.74,3,1,3,313,1007.7639635956134,0.0863149271016233,1.0,2.230378857499007e-05,Low,Maintain: Standard loyalty program
15143,Inactive,1,226,1,259.45,1,1,2,112,394.2306785524733,0.0337466576787745,1.0,0.9999776962114252,High,Low Priority: Automated email only
15144,Gold Tier,3,8,17,6580.44,5,5,5,555,5778.59493736965,0.4354654516679479,0.9997541377604648,2.2303788574990426e-05,Low,Maintain: VIP loyalty program
15145,Silver Tier,0,4,4,1194.73,5,4,4,544,1227.2383703152718,0.1448322891254815,0.999587530372641,2.2303788574990148e-05,Low,Maintain: Standard loyalty program
15146,Inactive,1,165,2,1327.16,2,3,4,234,771.8596501332102,0.0608054017383606,0.998454627972268,0.9999776962114252,High,Low Priority: Automated email only
15147,Inactive,1,240,1,623.5,1,1,3,113,375.09541896348713,0.0321079965763002,1.0,0.9999776962114252,High,Low Priority: Automated email only
15148,Silver Tier,0,11,1,301.29,5,1,2,512,1467.013040655582,0.1256929055747151,1.0,2.230378857499007e-05,Low,Maintain: Standard loyalty program
15149,Silver Tier,0,134,1,520.8000000000001,2,1,3,213,573.7558586401718,0.0491232251125102,1.0,0.9999776962114252,High,Send: Standard win-back offer
15150,Silver Tier,0,17,10,5291.33,4,5,5,455,5088.496468835864,0.3488197044599566,0.9996130065323082,2.2303788574990107e-05,Low,Maintain: Standard loyalty program
15152,Silver Tier,0,10,13,4745.69,5,5,5,555,5740.319958729018,0.6012473859472769,0.9996934836505208,2.2303788574990107e-05,Low,Maintain: Standard loyalty program
15153,Silver Tier,0,31,1,329.25,4,1,2,412,1158.925382250077,0.0992737570996446,1.0,2.230378857499007e-05,Low,Maintain: Standard loyalty program
15154,Silver Tier,0,75,1,254.28,2,1,2,212,804.82343769289,0.0689212587386187,1.0,2.230378857499233e-05,Low,Maintain: Standard loyalty program
15156,Silver Tier,0,1,3,961.49,5,3,4,534,3327.385985048831,0.3326632303862567,0.9995438510158084,2.2303788574990226e-05,Low,Maintain: Standard loyalty program
15157,Silver Tier,0,4,3,1936.07,5,3,4,534,941.7374322337135,0.0794144615371471,0.999547457246688,2.230378857499007e-05,Low,Maintain: Standard loyalty program
15158,Silver Tier,0,45,1,401.4,3,1,2,312,1016.603648575807,0.087072670047252,1.0,2.230378857499007e-05,Low,Maintain: Standard loyalty program
15159,Gold Tier,3,2,30,18641.01,5,5,5,555,13309.184142866656,0.5254083067928501,0.9998487733903948,2.230378857499205e-05,Low,Maintain: VIP loyalty program
15160,Inactive,1,357,1,158.16,1,1,1,111,272.08569290817746,0.023287753336452,1.0,0.9999776962114252,High,Low Priority: Automated email only
15163,Silver Tier,0,18,2,304.47,4,3,2,432,689.2594072541941,0.0839583177019653,0.9994196467455452,2.230378857499007e-05,Low,Maintain: Standard loyalty program
15164,Silver Tier,0,69,3,824.58,3,3,3,333,841.2515306601463,0.0830893463158532,0.9992574205227598,2.2303788574990703e-05,Low,Maintain: Standard loyalty program
15165,Inactive,1,373,1,487.75,1,1,3,113,262.2374002805863,0.0224445873246541,1.0,0.9999776962114252,High,Low Priority: Automated email only
15167,Inactive,1,321,1,158.8,1,1,1,111,297.9625247411955,0.0255032926759162,1.0,0.9999776962114252,High,Low Priority: Automated email only
15168,Silver Tier,0,26,1,106.56,4,1,1,411,1232.9005241921468,0.1056164161470964,1.0,2.2303788574990226e-05,Low,Maintain: Standard loyalty program
15171,Inactive,1,331,1,1289.5,1,1,4,114,289.7693988304708,0.0248017954510735,1.0,0.9999776962114252,High,Low Priority: Automated email only
15172,Silver Tier,0,9,5,1624.05,5,4,4,544,1819.7640898236425,0.1898727660676111,0.9995991348004972,2.230378857499003e-05,Low,Maintain: Standard loyalty program
15174,Inactive,1,323,1,135.75,1,1,1,111,296.4385792867013,0.0253728112375817,1.0,0.9999776962114252,High,Low Priority: Automated email only
15175,Silver Tier,0,72,1,224.14,3,1,1,311,827.8164177882809,0.0708916959513835,1.0,2.2303788574991415e-05,Low,Maintain: Standard loyalty program
15178,Inactive,1,260,1,40.5,1,1,1,111,352.2957723378669,0.0301556124645647,1.0,0.9999776962114252,High,Low Priority: Automated email only
15179,Silver Tier,0,18,5,2206.95,4,4,5,445,1140.4924138080771,0.1492405161302502,0.999556550532778,2.2303788574989992e-05,Low,Maintain: Standard loyalty program
15180,Inactive,1,367,1,87.5,1,1,1,111,265.8458120425742,0.0227535210913165,1.0,0.9999776962114252,High,Low Priority: Automated email only
15181,Silver Tier,0,66,3,689.48,3,3,3,333,776.9531939858969,0.1002938446187115,0.9991803944601232,2.2303788574990703e-05,Low,Maintain: Standard loyalty program
15182,Inactive,1,154,2,622.85,2,3,3,233,620.5687486797935,0.0649559199946698,0.9984472155071086,0.9999776962114252,High,Low Priority: Automated email only
15184,Silver Tier,0,29,2,402.2,4,3,2,432,713.8649519036123,0.0846024319950102,0.9993672998729508,2.230378857499003e-05,Low,Maintain: Standard loyalty program
15185,Silver Tier,0,70,1,310.62,3,1,2,312,833.7714421202147,0.0714020364259883,1.0,2.2303788574991378e-05,Low,Maintain: Standard loyalty program
15186,Silver Tier,0,14,2,411.41,4,3,2,432,798.4782419656758,0.0924645908370354,0.9994307400599464,2.230378857499007e-05,Low,Maintain: Standard loyalty program
15187,Gold Tier,3,2,16,4777.18,5,5,5,555,5657.27547134036,0.5905107737010222,0.9998073938244264,2.2303788574990385e-05,Low,Maintain: VIP loyalty program
15189,Gold Tier,3,1,41,16225.39,5,5,5,555,13583.01042502539,1.1320829399336636,0.9999116247795856,2.230378857499217e-05,Low,Maintain: VIP loyalty program
15192,Silver Tier,0,120,3,1044.32,2,3,4,234,841.5263893027229,0.0780829504419035,0.9989029666597544,0.9999776962114252,High,Send: Standard win-back offer
15193,Silver Tier,0,61,1,499.32,3,1,3,313,898.3998783426291,0.0769409172535742,1.0,2.2303788574990585e-05,Low,Maintain: Standard loyalty program
15194,Gold Tier,3,3,15,7616.53,5,5,5,555,5808.075241304756,0.407131517325354,0.999807225227486,2.2303788574990426e-05,Low,Maintain: VIP loyalty program
15195,Silver Tier,0,3,1,3861.0,5,1,5,515,1632.33591665712,0.1398733627495564,1.0,2.2303788574990263e-05,Low,Maintain: Standard loyalty program
15197,Silver Tier,0,11,3,1079.61,5,3,4,534,709.8678897585486,0.0794127297069688,0.9995256596242204,2.230378857499003e-05,Low,Maintain: Standard loyalty program
15198,Silver Tier,0,92,2,193.64,2,3,1,231,837.0904762301661,0.1134300349304951,0.9983382707686798,0.9999776962114252,High,Send: Standard win-back offer
15199,Silver Tier,0,59,4,1268.7,3,4,4,344,1149.5375759474869,0.121735332541993,0.9992465613818012,2.2303788574990385e-05,Low,Maintain: Standard loyalty program
15201,Silver Tier,0,87,5,1236.54,2,4,4,244,1389.654574547876,0.1451549767121751,0.998653475819026,2.230378857499795e-05,Low,Maintain: Standard loyalty program
15203,Silver Tier,0,26,6,1827.8,4,5,4,454,1760.899380234056,0.1839487534994658,0.999524600170672,2.2303788574989992e-05,Low,Maintain: Standard loyalty program
15204,Inactive,1,357,1,316.58,1,1,2,112,272.08569290817746,0.023287753336452,1.0,0.9999776962114252,High,Low Priority: Automated email only
15205,Silver Tier,0,85,2,653.24,2,3,3,233,957.022878659227,0.1117180489124469,0.9985613984926528,2.2303788574994546e-05,Low,Maintain: Standard loyalty program
15206,Silver Tier,0,10,4,420.3,5,4,2,542,796.8233813958216,0.1334581791059328,0.9995601446119352,2.230378857499007e-05,Low,Maintain: Standard loyalty program
15208,Silver Tier,0,1,5,870.12,5,4,3,543,961.4363907502842,0.1372259232088936,0.9996433358116322,2.2303788574990226e-05,Low,Maintain: Standard loyalty program
15210,Inactive,1,225,1,331.18,1,1,2,112,394.2306785524733,0.0337466576787745,1.0,0.9999776962114252,High,Low Priority: Automated email only
15211,Silver Tier,0,60,2,894.4100000000001,3,3,3,333,652.963739188333,0.0504798732383447,0.999331651415174,2.2303788574990385e-05,Low,Maintain: Standard loyalty program
15212,Inactive,1,241,1,101.8,1,1,1,111,373.8855720243593,0.0320043925326748,1.0,0.9999776962114252,High,Low Priority: Automated email only
15213,Inactive,1,319,2,328.35,1,3,2,132,352.36336816684025,0.0545617943115235,0.9905250417329932,0.9999776962114252,High,Low Priority: Automated email only
15214,Silver Tier,0,2,8,1661.44,5,5,4,554,1692.7675547984218,0.3019846327107323,0.9997234881999352,2.2303788574990107e-05,Low,Maintain: Standard loyalty program
15215,Silver Tier,0,47,3,734.94,3,3,3,333,1584.2205078656305,0.1327868645985241,0.9990747350423684,2.2303788574990107e-05,Low,Maintain: Standard loyalty program
15216,Silver Tier,0,88,1,96.6,2,1,1,211,742.9194360225239,0.0636165833504001,1.0,2.230378857500053e-05,Low,Maintain: Standard loyalty program
15218,Silver Tier,0,11,11,5756.89,5,5,5,555,4752.441553168179,0.273662451219082,0.9996849921669124,2.2303788574990107e-05,Low,Maintain: Standard loyalty program
15219,Inactive,1,176,1,305.75,2,1,2,212,473.0666458355044,0.0404984517558236,1.0,0.9999776962114252,High,Low Priority: Automated email only
15220,Silver Tier,0,52,6,1778.96,3,5,4,354,1776.6626444419592,0.2002263487791332,0.9991973257017072,2.2303788574990263e-05,Low,Maintain: Standard loyalty program
15221,Inactive,1,366,1,403.25,1,1,2,112,266.45689100090283,0.0228058387806504,1.0,0.9999776962114252,High,Low Priority: Automated email only
15222,Inactive,1,319,1,585.0,1,1,3,113,299.5022203602368,0.0256351230710872,1.0,0.9999776962114252,High,Low Priority: Automated email only
15223,Inactive,1,226,2,755.75,1,3,3,133,836.8678385241496,0.068614310509597,0.9952027340031891,0.9999776962114252,High,Low Priority: Automated email only
15224,Inactive,1,358,2,322.08,1,3,2,132,517.8130015652766,0.0502085308347926,0.987087909440302,0.9999776962114252,High,Low Priority: Automated email only
15225,Inactive,1,234,1,409.4,1,1,2,112,382.5221896728982,0.0327439860318688,1.0,0.9999776962114252,High,Low Priority: Automated email only
15226,Inactive,1,311,1,154.41,1,1,1,111,305.82349107964,0.0261763614312115,1.0,0.9999776962114252,High,Low Priority: Automated email only
15227,Silver Tier,0,37,5,1219.4,3,4,4,344,1111.3345558033752,0.1189179777696795,0.9994285776573456,2.2303788574989992e-05,Low,Maintain: Standard loyalty program
15228,Silver Tier,0,66,4,3386.71,3,4,5,345,2533.8322224996414,0.1264196696051487,0.9991534078763602,2.230378857499217e-05,Low,Maintain: Standard loyalty program
15230,Inactive,1,239,2,429.6,1,3,2,132,495.336070722632,0.0704122544287267,0.9923685376190216,0.9999776962114252,High,Low Priority: Automated email only
15232,Silver Tier,0,113,2,612.06,2,3,3,233,1067.3409260503702,0.1046959289874041,0.9978919132295913,0.9999776962114252,High,Send: Standard win-back offer
15234,Inactive,1,277,1,197.0,1,1,1,111,335.95919464018573,0.0287567290360468,1.0,0.9999776962114252,High,Low Priority: Automated email only
15235,Inactive,1,218,12,2247.51,1,5,5,155,1660.7433460312377,0.2265467789676077,0.8490217476671378,0.9999776962114252,High,Low Priority: Automated email only
15236,Inactive,1,299,1,321.05,1,1,2,112,315.82208166682904,0.0270324726644908,1.0,0.9999776962114252,High,Low Priority: Automated email only
15237,Silver Tier,0,2,4,1412.32,5,4,4,544,1000.33853995635,0.1551127386625132,0.9996019712380566,2.2303788574990148e-05,Low,Maintain: Standard loyalty program
15238,Silver Tier,0,29,3,1071.99,4,3,4,434,1494.8030838971642,0.1340268519205731,0.9993742030452064,2.2303788574989992e-05,Low,Maintain: Standard loyalty program
15239,Silver Tier,0,10,2,780.59,5,3,3,533,1552.947082970696,0.1491077817698528,0.9994206915590368,2.230378857499003e-05,Low,Maintain: Standard loyalty program
15240,Silver Tier,0,45,5,1706.57,3,4,4,344,1556.8066298067924,0.1523533745587158,0.9993614680095568,2.230378857499003e-05,Low,Maintain: Standard loyalty program
15241,Silver Tier,0,67,8,1756.44,3,5,4,354,1691.2328686247165,0.2665106578495879,0.9986314162675248,2.2303788574991174e-05,Low,Maintain: Standard loyalty program
15243,Silver Tier,0,74,1,316.68,2,1,2,212,810.4510859892586,0.0694035271114614,1.0,2.230378857499181e-05,Low,Maintain: Standard loyalty program
15244,Silver Tier,0,65,2,631.57,3,3,3,333,733.5197138864639,0.0691090476039915,0.9992255498512016,2.2303788574990625e-05,Low,Maintain: Standard loyalty program
15245,Silver Tier,0,134,3,2515.84,2,3,5,235,1595.0795408379097,0.1026114234010961,0.998067462298284,0.9999776962114252,High,Send: Standard win-back offer
15246,Inactive,1,238,2,514.15,1,3,3,133,540.1212205625335,0.0512261553363711,0.9977456901515136,0.9999776962114252,High,Low Priority: Automated email only
15247,Silver Tier,0,122,1,356.0,2,1,2,212,606.7954794472454,0.051953635869414,1.0,0.9999776962114252,High,Send: Standard win-back offer
15249,Gold Tier,3,32,13,6688.46,4,5,5,455,6224.231997316496,0.4364866519555195,0.9993284378595116,2.2303788574990148e-05,Low,Maintain: VIP loyalty program
15251,Gold Tier,3,9,11,10484.99,5,5,5,555,8547.72668771687,0.3803630190889378,0.999688673943066,2.2303788574990107e-05,Low,Maintain: VIP loyalty program
15252,Silver Tier,0,36,2,740.78,3,3,3,333,1043.7153356460965,0.0869496388070766,0.9993250438936788,2.230378857499003e-05,Low,Maintain: Standard loyalty program
15253,Silver Tier,0,16,5,918.2,4,4,3,443,1554.195033482813,0.1424892013021419,0.9994599557099598,2.2303788574989992e-05,Low,Maintain: Standard loyalty program
15254,Silver Tier,0,127,1,300.36,2,1,2,212,591.3177516889655,0.0506276833552048,1.0,0.9999776962114252,High,Send: Standard win-back offer
15255,Silver Tier,0,67,1,890.85,3,1,3,313,858.4738053899073,0.0735190544599296,1.0,2.2303788574990744e-05,Low,Maintain: Standard loyalty program
15256,Inactive,1,149,1,98.45,2,1,1,211,534.0998019112836,0.045726211377391,1.0,0.9999776962114252,High,Low Priority: Automated email only
15257,Inactive,1,283,1,317.15,1,1,2,112,329.2789155637291,0.0281847170791603,1.0,0.9999776962114252,High,Low Priority: Automated email only
15258,Inactive,1,169,2,623.16,2,3,3,233,785.4761259330946,0.0764650547559832,0.9974368482344343,0.9999776962114252,High,Low Priority: Automated email only
15260,Silver Tier,0,100,7,1810.77,2,5,4,254,1352.7693116267392,0.1583484525805635,0.9985701608872134,0.9999776962114252,High,Send: Standard win-back offer
15261,Silver Tier,0,135,1,254.82,2,1,2,212,568.1314526115447,0.048641413776145,1.0,0.9999776962114252,High,Send: Standard win-back offer
15262,Inactive,1,324,1,178.95000000000002,1,1,1,111,295.68243753942744,0.0253080699234739,1.0,0.9999776962114252,High,Low Priority: Automated email only
15263,Silver Tier,0,107,1,156.51,2,1,1,211,662.2674747601277,0.0567061099956413,1.0,0.9999776962114252,High,Send: Standard win-back offer
15264,Silver Tier,0,64,1,393.74,3,1,2,312,871.382211660038,0.0746253479085986,1.0,2.2303788574990663e-05,Low,Maintain: Standard loyalty program
15265,Inactive,1,151,2,1506.12,2,3,4,234,1196.5456958774566,0.0719924227351113,0.9982161878892228,0.9999776962114252,High,Low Priority: Automated email only
15266,Inactive,1,338,1,119.3,1,1,1,111,284.78616027728833,0.0243751352918071,1.0,0.9999776962114252,High,Low Priority: Automated email only
15267,Silver Tier,0,22,5,1717.36,4,4,4,444,1460.8754809706345,0.2307013536748697,0.9994510170521488,2.2303788574989992e-05,Low,Maintain: Standard loyalty program
15269,Silver Tier,0,24,1,408.8,4,1,2,412,1259.703587062989,0.107914660124522,1.0,2.230378857499007e-05,Low,Maintain: Standard loyalty program
15270,Silver Tier,0,16,7,2379.49,4,5,5,455,1813.8677234541572,0.1527875595479283,0.9995715276328024,2.230378857499007e-05,Low,Maintain: Standard loyalty program
15271,Gold Tier,3,7,15,2493.34,5,5,5,555,2175.8738553400353,0.409934522230279,0.9997784879594076,2.2303788574990307e-05,Low,Maintain: VIP loyalty program
15272,Silver Tier,0,57,2,721.94,3,3,3,333,1663.998842145959,0.1413230164895226,0.9988232508306571,2.2303788574990307e-05,Low,Maintain: Standard loyalty program
15274,Silver Tier,0,4,2,716.57,5,3,3,533,2668.961459483353,0.2520504700885914,0.9994448950851482,2.2303788574990148e-05,Low,Maintain: Standard loyalty program
15275,Silver Tier,0,38,1,615.14,3,1,3,313,1093.3262542128698,0.0936497419097193,1.0,2.230378857499007e-05,Low,Maintain: Standard loyalty program
15276,Silver Tier,0,66,1,128.63,3,1,1,311,858.4738053899073,0.0735190544599296,1.0,2.2303788574991174e-05,Low,Maintain: Standard loyalty program
15277,Silver Tier,0,47,1,255.9,3,1,2,312,1007.7639635956134,0.0863149271016233,1.0,2.2303788574990148e-05,Low,Maintain: Standard loyalty program
15279,Inactive,1,355,1,290.51,1,1,2,112,274.01518357354655,0.0234529495961987,1.0,0.9999776962114252,High,Low Priority: Automated email only
15280,Inactive,1,172,1,113.12,2,1,1,211,480.91743193220873,0.041170874564698,1.0,0.9999776962114252,High,Low Priority: Automated email only
15281,Silver Tier,0,59,9,2332.15,3,5,5,355,1642.4063735033535,0.2632715550154619,0.9990112810938472,2.2303788574990503e-05,Low,Maintain: Standard loyalty program
15286,Silver Tier,0,50,1,240.55,3,1,1,311,982.1439581906712,0.0841188153604568,1.0,2.2303788574990148e-05,Low,Maintain: Standard loyalty program
15287,Silver Tier,0,22,2,486.69,4,3,2,432,1286.111719971567,0.1576762400818422,0.9993022260019426,2.230378857499007e-05,Low,Maintain: Standard loyalty program
15288,Silver Tier,0,43,5,2306.52,3,4,5,345,1907.005270052391,0.1334006650965183,0.9994166325441416,2.230378857499003e-05,Low,Maintain: Standard loyalty program
15289,Silver Tier,0,29,3,939.78,4,3,4,434,992.1782055560998,0.1066287688963931,0.99941874347799,2.2303788574989992e-05,Low,Maintain: Standard loyalty program
15290,Gold Tier,3,5,18,7943.22,5,5,5,555,6342.170567015906,0.4717717742124504,0.9998148952341144,2.2303788574990426e-05,Low,Maintain: VIP loyalty program
15291,Gold Tier,3,26,15,4668.3,4,5,5,455,3597.8285762986457,0.4024366090252889,0.9995873533333884,2.2303788574990307e-05,Low,Maintain: VIP loyalty program
15292,Inactive,1,201,1,178.39,1,1,1,111,429.2691259765146,0.0367473536403994,1.0,0.9999776962114252,High,Low Priority: Automated email only
15296,Silver Tier,0,51,6,3672.86,3,5,5,355,2386.882871139154,0.1769215026238471,0.999296488630403,2.2303788574990263e-05,Low,Maintain: Standard loyalty program
15297,Silver Tier,0,10,3,641.94,5,3,3,533,2039.6561552560495,0.2569833359289885,0.9994457081203632,2.230378857499003e-05,Low,Maintain: Standard loyalty program
15298,Silver Tier,0,2,12,4799.9,5,5,5,555,3674.8274202390144,0.2986499090620363,0.9997705678313844,2.2303788574990185e-05,Low,Maintain: Standard loyalty program
15299,Silver Tier,0,67,7,4507.01,3,5,5,355,2219.9678934592507,0.1040667374073919,0.9992619951625796,2.230378857499177e-05,Low,Maintain: Standard loyalty program
15300,Silver Tier,0,64,1,496.44,3,1,3,313,871.382211660038,0.0746253479085986,1.0,2.2303788574990663e-05,Low,Maintain: Standard loyalty program
15301,Silver Tier,0,51,12,5049.95,3,5,5,355,3625.996822649518,0.2696787495694532,0.9992310183416396,2.2303788574990463e-05,Low,Maintain: Standard loyalty program
15303,Inactive,1,290,1,574.02,1,1,3,113,322.85912934222307,0.0276350175494685,1.0,0.9999776962114252,High,Low Priority: Automated email only
15304,Silver Tier,0,61,8,694.4,3,5,3,353,778.1991962069775,0.2147726128217739,0.9991437038483169,2.2303788574990625e-05,Low,Maintain: Standard loyalty program
15306,Silver Tier,0,64,3,1174.35,3,3,4,334,1822.2579626108093,0.1561821688678158,0.998809070862658,2.2303788574990974e-05,Low,Maintain: Standard loyalty program
15307,Silver Tier,0,96,1,205.3,2,1,1,211,706.6830047119079,0.0605116428719573,1.0,0.9999776962114252,High,Send: Standard win-back offer
15308,Inactive,1,274,1,310.47,1,1,2,112,337.9179231900678,0.0289244504441973,1.0,0.9999776962114252,High,Low Priority: Automated email only
15311,Platinum Tier,2,1,91,60632.75,5,5,5,555,46131.910375251835,2.4390576917032143,0.999963721051446,2.230378857499217e-05,Low,Maintain: Continue white-glove service
15312,Silver Tier,0,75,4,924.85,2,4,3,243,818.5310698151638,0.1084861232868716,0.9991710584898904,2.230378857499229e-05,Low,Maintain: Standard loyalty program
15313,Silver Tier,0,110,1,52.0,2,1,1,211,647.4697996251092,0.0554383012465695,1.0,0.9999776962114252,High,Send: Standard win-back offer
15314,Inactive,1,199,1,327.96999999999997,1,1,2,112,432.472247378184,0.0370216790888319,1.0,0.9999776962114252,High,Low Priority: Automated email only
15315,Silver Tier,0,64,2,570.5,3,3,3,333,1261.446175986234,0.1184033093519614,0.998893982559268,2.2303788574990625e-05,Low,Maintain: Standard loyalty program
15316,Inactive,1,327,1,165.0,1,1,1,111,293.4369819483421,0.0251158132509321,1.0,0.9999776962114252,High,Low Priority: Automated email only
15318,Silver Tier,0,4,1,312.62,5,1,2,512,1609.660589705031,0.1379282589170133,1.0,2.230378857499082e-05,Low,Maintain: Standard loyalty program
15319,Inactive,1,284,1,204.5,1,1,1,111,329.2789155637291,0.0281847170791603,1.0,0.9999776962114252,High,Low Priority: Automated email only
15320,Silver Tier,0,44,1,267.13,3,1,2,312,1025.5998068295544,0.087843835003437,1.0,2.230378857499003e-05,Low,Maintain: Standard loyalty program
15321,Silver Tier,0,71,3,2748.31,3,3,5,335,1642.90530350881,0.0608534784979951,0.9992440720312268,2.2303788574992208e-05,Low,Maintain: Standard loyalty program
15322,Silver Tier,0,86,1,679.68,2,1,3,213,752.5668013948482,0.0644432526413674,1.0,2.230378857499724e-05,Low,Maintain: Standard loyalty program
15325,Silver Tier,0,104,1,161.74,2,1,1,211,673.8173966140971,0.057695684339819,1.0,0.9999776962114252,High,Send: Standard win-back offer
15326,Inactive,1,334,1,311.71,1,1,2,112,288.3279090035837,0.0246783760060713,1.0,0.9999776962114252,High,Low Priority: Automated email only
15327,Silver Tier,0,53,1,208.75,3,1,1,311,957.7944940514782,0.0820316823265691,1.0,2.2303788574990385e-05,Low,Maintain: Standard loyalty program
15329,Silver Tier,0,39,3,1049.7,3,3,4,334,1536.2305547426458,0.1412741913828072,0.999267745482885,2.2303788574989992e-05,Low,Maintain: Standard loyalty program
15330,Silver Tier,0,32,2,714.9599999999999,4,3,3,433,1936.9453260296673,0.1698803535007493,0.9991425345007756,2.2303788574989992e-05,Low,Maintain: Standard loyalty program
15332,Inactive,1,366,4,1661.06,1,4,4,144,349.68423197413955,0.049370136716968,0.9863723669669806,0.9999776962114252,High,Low Priority: Automated email only
15333,Inactive,1,208,1,1028.56,1,1,4,114,418.4224305997317,0.0358184204950175,1.0,0.9999776962114252,High,Low Priority: Automated email only
15334,Inactive,1,157,3,350.82,2,3,2,232,887.2139482754648,0.1390573469031222,0.9917869495073076,0.9999776962114252,High,Low Priority: Automated email only
15335,Silver Tier,0,54,1,170.22,3,1,1,311,949.944145249896,0.0813587982568712,1.0,2.2303788574990744e-05,Low,Maintain: Standard loyalty program
15339,Silver Tier,0,66,2,574.07,3,3,3,333,588.0021955747773,0.0566091541007997,0.999283374029594,2.2303788574990703e-05,Low,Maintain: Standard loyalty program
15341,Silver Tier,0,81,1,2020.52,2,1,4,214,777.8183113846773,0.0666070762236167,1.0,2.230378857499431e-05,Low,Maintain: Standard loyalty program
15342,Silver Tier,0,130,1,406.09,2,1,2,212,585.3455299462746,0.0501160616651096,1.0,0.9999776962114252,High,Send: Standard win-back offer
15343,Silver Tier,0,87,1,364.5,2,1,2,212,742.9194360225239,0.0636165833504001,1.0,2.230378857499724e-05,Low,Maintain: Standard loyalty program
15344,Silver Tier,0,1,3,563.94,5,3,3,533,1552.8910039149166,0.2372297436425201,0.9995563845737592,2.2303788574990226e-05,Low,Maintain: Standard loyalty program
15345,Silver Tier,0,46,1,393.54,3,1,2,312,1016.603648575807,0.087072670047252,1.0,2.230378857499007e-05,Low,Maintain: Standard loyalty program
15346,Inactive,1,333,1,252.42,1,1,2,112,289.04685668528043,0.024739931804691,1.0,0.9999776962114252,High,Low Priority: Automated email only
15347,Inactive,1,366,1,201.6,1,1,1,111,266.45689100090283,0.0228058387806504,1.0,0.9999776962114252,High,Low Priority: Automated email only
15348,Silver Tier,0,72,1,158.04,3,1,1,311,821.9458652291272,0.0703885989447985,1.0,2.230378857499177e-05,Low,Maintain: Standard loyalty program
15349,Inactive,1,158,2,463.91,2,3,2,232,654.5112342898593,0.0853967164857026,0.9970614881290386,0.9999776962114252,High,Low Priority: Automated email only
15350,Inactive,1,373,1,115.65,1,1,1,111,262.2374002805863,0.0224445873246541,1.0,0.9999776962114252,High,Low Priority: Automated email only
15351,Silver Tier,0,12,7,1934.66,5,5,4,554,1572.4008644952307,0.1869975329397083,0.999646333986171,2.230378857499003e-05,Low,Maintain: Standard loyalty program
15353,Inactive,1,255,2,770.12,1,3,3,133,614.1587414098576,0.0501557439439334,0.997491548799464,0.9999776962114252,High,Low Priority: Automated email only
15355,Silver Tier,0,29,2,277.05,4,3,2,432,1476.9947970397468,0.1796383886267255,0.999163676900436,2.230378857499003e-05,Low,Maintain: Standard loyalty program
15356,Silver Tier,0,31,10,2718.03,4,5,5,455,2281.396020804322,0.2697566787705998,0.9995197666213784,2.230378857499007e-05,Low,Maintain: Standard loyalty program
15358,Gold Tier,3,5,22,8347.2,5,5,5,555,6237.745070414829,0.4099434775063156,0.9998003287458008,2.2303788574990426e-05,Low,Maintain: VIP loyalty program
15360,Silver Tier,0,40,1,427.93,3,1,2,312,1073.0798618180827,0.0919140499511519,1.0,2.230378857499003e-05,Low,Maintain: Standard loyalty program
15361,Inactive,1,362,1,418.92,1,1,2,112,269.55491595883393,0.0230710780572953,1.0,0.9999776962114252,High,Low Priority: Automated email only
15363,Inactive,1,373,1,326.0,1,1,2,112,262.83198413710926,0.0224954923923936,1.0,0.9999776962114252,High,Low Priority: Automated email only
15364,Silver Tier,0,96,2,913.19,2,3,3,233,939.0406626313486,0.0678122043710287,0.99903791445918,0.9999776962114252,High,Send: Standard win-back offer
15365,Silver Tier,0,26,7,2314.32,4,5,5,455,2091.7800932242835,0.1195450252981318,0.9994916706048744,2.230378857499007e-05,Low,Maintain: Standard loyalty program
15366,Silver Tier,0,75,2,602.51,2,3,3,233,654.0051341477799,0.0513046865091424,0.9992752630554472,2.230378857499229e-05,Low,Maintain: Standard loyalty program
15367,Silver Tier,0,57,4,1877.59,3,4,4,344,1399.0568491614845,0.0985519311105461,0.9992598366239388,2.2303788574990307e-05,Low,Maintain: Standard loyalty program
15368,Silver Tier,0,21,1,446.94000000000005,4,1,2,412,1287.698184584735,0.1103151500121465,1.0,2.230378857499007e-05,Low,Maintain: Standard loyalty program
15370,Silver Tier,0,41,7,2386.05,3,5,5,355,2151.8301391940395,0.2042050000247499,0.9994005798148764,2.230378857499003e-05,Low,Maintain: Standard loyalty program
15372,Silver Tier,0,137,1,2007.4,2,1,4,214,562.6162538325339,0.0481689620622456,1.0,0.9999776962114252,High,Send: Standard win-back offer
15373,Silver Tier,0,8,12,2415.91,5,5,5,555,1905.9778351306784,0.2952446711454518,0.9997337678479444,2.2303788574990148e-05,Low,Maintain: Standard loyalty program
15374,Silver Tier,0,129,1,168.0,2,1,1,211,588.3164834524878,0.0503705733882789,1.0,0.9999776962114252,High,Send: Standard win-back offer
15376,Silver Tier,0,40,3,1221.56,3,3,4,334,1099.5356318318975,0.1165143013382273,0.9993262653228114,2.2303788574989992e-05,Low,Maintain: Standard loyalty program
15379,Inactive,1,169,7,3703.29,2,5,5,255,2011.234689812389,0.1901474100767873,0.9909519015517873,0.9999776962114252,High,Low Priority: Automated email only
15380,Silver Tier,0,9,5,1690.26,5,4,4,544,1411.9121786932972,0.1334270458114446,0.99961427267777,2.230378857499003e-05,Low,Maintain: Standard loyalty program
15381,Inactive,1,214,2,596.85,1,3,3,133,672.2018389144168,0.064851520055887,0.9968424683464896,0.9999776962114252,High,Low Priority: Automated email only
15382,Silver Tier,0,15,6,5955.71,4,5,5,455,4699.680311032377,0.1590855817377504,0.999573921949148,2.230378857499007e-05,Low,Maintain: Standard loyalty program
15384,Inactive,1,170,2,642.41,2,3,3,233,546.5270850546052,0.0511566451393617,0.9987257693550768,0.9999776962114252,High,Low Priority: Automated email only
15385,Silver Tier,0,40,1,316.88,3,1,2,312,1063.2353258039057,0.091070109272735,1.0,2.230378857499003e-05,Low,Maintain: Standard loyalty program
15386,Inactive,1,186,1,394.14,1,1,2,112,454.51717492507487,0.0389097204265607,1.0,0.9999776962114252,High,Low Priority: Automated email only
15388,Inactive,1,270,1,140.54,1,1,1,111,341.9047105116526,0.0292658318670361,1.0,0.9999776962114252,High,Low Priority: Automated email only
15389,Inactive,1,172,1,500.0,2,1,3,213,480.91743193220873,0.041170874564698,1.0,0.9999776962114252,High,Low Priority: Automated email only
15392,Silver Tier,0,5,4,1535.53,5,4,4,544,1214.093074852821,0.1070136806278831,0.9995927547630968,2.230378857499007e-05,Low,Maintain: Standard loyalty program
15393,Silver Tier,0,16,2,231.86,4,3,1,431,479.95797954823144,0.062605183267884,0.9994452141773328,2.230378857499007e-05,Low,Maintain: Standard loyalty program
15394,Silver Tier,0,10,4,2183.54,5,4,5,545,1510.348599412624,0.1075129687730662,0.9995737287026696,2.230378857499003e-05,Low,Maintain: Standard loyalty program
15395,Inactive,1,326,1,107.45,1,1,1,111,294.18166801803847,0.0251795734272517,1.0,0.9999776962114252,High,Low Priority: Automated email only
15396,Silver Tier,0,113,1,288.18,2,1,2,212,640.3162225470167,0.0548254206643806,1.0,0.9999776962114252,High,Send: Standard win-back offer
15397,Inactive,1,290,1,94.0,1,1,1,111,323.76087222719343,0.0277122296049123,1.0,0.9999776962114252,High,Low Priority: Automated email only
15398,Silver Tier,0,16,2,1345.53,4,3,4,434,2315.050093515686,0.1491004139095881,0.9993713072015356,2.230378857499003e-05,Low,Maintain: Standard loyalty program
15399,Silver Tier,0,1,3,815.77,5,3,3,533,2021.803483671225,0.2292085916940686,0.9995477998708128,2.2303788574990226e-05,Low,Maintain: Standard loyalty program
15400,Silver Tier,0,92,5,716.2,2,4,3,243,772.5799145231218,0.1666922213736043,0.998441490827254,0.9999776962114252,High,Send: Standard win-back offer
15402,Inactive,1,149,2,626.77,2,3,3,233,716.8300864671382,0.0825511857651524,0.9977346028577612,0.9999776962114252,High,Low Priority: Automated email only
15405,Inactive,1,189,1,349.1,1,1,2,112,449.23271518157816,0.0384571250577934,1.0,0.9999776962114252,High,Low Priority: Automated email only
15406,Silver Tier,0,31,2,510.71,4,3,3,433,570.4494003688734,0.0592177827311315,0.99940240200368,2.230378857499003e-05,Low,Maintain: Standard loyalty program
15407,Silver Tier,0,34,4,1046.74,3,4,4,344,1130.853342943271,0.122735861938244,0.9994405391472676,2.230378857499003e-05,Low,Maintain: Standard loyalty program
15408,Inactive,1,264,1,267.18,1,1,2,112,348.06446272391844,0.0297932856709015,1.0,0.9999776962114252,High,Low Priority: Automated email only
15410,Silver Tier,0,84,8,3450.84,2,5,5,255,3472.3409365056928,0.2839083861294054,0.9973174255577708,2.2303788574996683e-05,Low,Maintain: Standard loyalty program
15411,Silver Tier,0,26,4,1348.93,4,4,4,444,2069.2934873696495,0.1828947774238877,0.9994029619259328,2.2303788574989992e-05,Low,Maintain: Standard loyalty program
15412,Inactive,1,171,1,190.53,2,1,1,211,482.9210154828088,0.0413424837740463,1.0,0.9999776962114252,High,Low Priority: Automated email only
15414,Silver Tier,0,10,3,774.9,5,3,3,533,1184.0721099904704,0.1090402648682382,0.999517997517834,2.230378857499003e-05,Low,Maintain: Standard loyalty program
15415,Inactive,1,313,1,559.61,1,1,3,113,303.42198975554805,0.0259707398226686,1.0,0.9999776962114252,High,Low Priority: Automated email only
15416,Silver Tier,0,65,4,3984.32,3,4,5,345,2732.990473985925,0.1307424844185688,0.999151348377578,2.230378857499217e-05,Low,Maintain: Standard loyalty program
15417,Silver Tier,0,85,1,508.8,2,1,3,213,752.5668013948482,0.0644432526413674,1.0,2.2303788574994583e-05,Low,Maintain: Standard loyalty program
15419,Silver Tier,0,25,1,135.86,4,1,1,411,1246.1579201425084,0.1067531700766435,1.0,2.2303788574990185e-05,Low,Maintain: Standard loyalty program
15421,Silver Tier,0,59,4,950.36,3,4,4,344,904.9630553493296,0.0894515264251867,0.9992906885014702,2.2303788574990385e-05,Low,Maintain: Standard loyalty program
15422,Inactive,1,323,2,97.7,1,3,1,131,295.68243753942744,0.0253080699234739,1.0,0.9999776962114252,High,Low Priority: Automated email only
15423,Silver Tier,0,38,1,43.5,3,1,1,311,1083.108434623702,0.0927737784293248,1.0,2.2303788574990148e-05,Low,Maintain: Standard loyalty program
15424,Inactive,1,254,2,383.34,1,3,2,132,358.8392222195989,0.0307159336336942,1.0,0.9999776962114252,High,Low Priority: Automated email only
15426,Silver Tier,0,19,5,1404.07,4,4,4,444,1064.9029782849611,0.1048082290540474,0.9995344403655164,2.2303788574989992e-05,Low,Maintain: Standard loyalty program
15427,Silver Tier,0,33,3,1430.54,4,3,4,434,3820.5015811428298,0.1889176476648969,0.99906107570241,2.2303788574989992e-05,Low,Maintain: Standard loyalty program
15428,Silver Tier,0,15,1,93.78,4,1,1,411,1379.6826382410247,0.1182032059450869,1.0,2.2303788574990185e-05,Low,Maintain: Standard loyalty program
15429,Silver Tier,0,27,2,397.35,4,3,2,432,1258.4569435310068,0.1521927034319997,0.9992671839922308,2.230378857499003e-05,Low,Maintain: Standard loyalty program
15432,Silver Tier,0,23,1,171.19000000000003,4,1,1,411,1259.703587062989,0.107914660124522,1.0,2.2303788574990107e-05,Low,Maintain: Standard loyalty program
15433,Inactive,1,214,2,533.3,1,3,3,133,543.5424258253169,0.0650426470234226,0.996812832660114,0.9999776962114252,High,Low Priority: Automated email only
15434,Silver Tier,0,8,5,1041.48,5,4,4,544,1402.224572879032,0.1706792446848746,0.9995589774050968,2.2303788574990185e-05,Low,Maintain: Standard loyalty program
15435,Silver Tier,0,22,1,149.29,4,1,1,411,1273.5470319616638,0.1091017025711163,1.0,2.2303788574990107e-05,Low,Maintain: Standard loyalty program
15436,Silver Tier,0,12,3,1067.75,5,3,4,534,1060.6392851959731,0.1119183217929988,0.9995027165922435,2.230378857499003e-05,Low,Maintain: Standard loyalty program
15437,Inactive,1,262,1,200.16,1,1,1,111,350.16733507934754,0.0299733541292174,1.0,0.9999776962114252,High,Low Priority: Automated email only
15438,Silver Tier,0,131,1,156.57999999999998,2,1,1,211,579.492748197398,0.0496146769856583,1.0,0.9999776962114252,High,Send: Standard win-back offer
15440,Silver Tier,0,55,3,383.68,3,3,2,332,804.4444462687397,0.1223871805285147,0.9991812811176324,2.2303788574990344e-05,Low,Maintain: Standard loyalty program
15442,Inactive,1,249,1,594.0,1,1,3,113,365.6303548271988,0.0312974716804905,1.0,0.9999776962114252,High,Low Priority: Automated email only
15443,Silver Tier,0,2,7,3213.59,5,5,5,555,2693.845467968323,0.2105692556008797,0.9997022349542006,2.2303788574990148e-05,Low,Maintain: Standard loyalty program
15444,Silver Tier,0,9,2,1411.21,5,3,4,534,4078.491867919072,0.2011286998257404,0.999403786091826,2.230378857499003e-05,Low,Maintain: Standard loyalty program
15445,Inactive,1,264,1,113.5,1,1,1,111,348.06446272391844,0.0297932856709015,1.0,0.9999776962114252,High,Low Priority: Automated email only
15447,Inactive,1,331,1,155.17,1,1,1,111,290.4955624637694,0.0248639692603859,1.0,0.9999776962114252,High,Low Priority: Automated email only
15448,Inactive,1,313,1,494.64,1,1,3,113,304.2182884157301,0.0260389204816015,1.0,0.9999776962114252,High,Low Priority: Automated email only
15449,Silver Tier,0,26,3,974.52,4,3,4,434,1014.9947160433924,0.1027525954361146,0.9994405961080326,2.230378857499003e-05,Low,Maintain: Standard loyalty program
15450,Silver Tier,0,30,1,429.84,4,1,2,412,1170.6317638661749,0.1002774292261558,1.0,2.230378857499007e-05,Low,Maintain: Standard loyalty program
15452,Silver Tier,0,30,3,528.48,4,3,3,433,699.86291740412,0.1018251810639043,0.9994261062338026,2.230378857499003e-05,Low,Maintain: Standard loyalty program
15453,Silver Tier,0,2,7,1371.77,5,5,4,554,2083.0817055585662,0.3200009219960251,0.999699497977147,2.2303788574990107e-05,Low,Maintain: Standard loyalty program
15454,Inactive,1,362,1,179.1,1,1,1,111,268.92956100875483,0.0230175377763945,1.0,0.9999776962114252,High,Low Priority: Automated email only
15456,Inactive,1,283,3,434.59,1,3,2,132,454.9730570555296,0.051033958814005,0.996330577208534,0.9999776962114252,High,Low Priority: Automated email only
15457,Inactive,1,262,1,237.07,1,1,1,111,350.16733507934754,0.0299733541292174,1.0,0.9999776962114252,High,Low Priority: Automated email only
15458,Silver Tier,0,25,1,161.64,4,1,1,411,1232.9005241921468,0.1056164161470964,1.0,2.2303788574990107e-05,Low,Maintain: Standard loyalty program
15460,Inactive,1,354,1,214.26,1,1,1,111,274.01518357354655,0.0234529495961987,1.0,0.9999776962114252,High,Low Priority: Automated email only
15462,Silver Tier,0,94,3,234.6,2,3,1,231,718.4377932583418,0.1323244449248235,0.9983839104104112,0.9999776962114252,High,Send: Standard win-back offer
15463,Silver Tier,0,29,1,126.14,4,1,1,411,1182.577097323801,0.1013016031875834,1.0,2.2303788574990148e-05,Low,Maintain: Standard loyalty program
15464,Inactive,1,338,1,1044.65,1,1,4,114,284.78616027728833,0.0243751352918071,1.0,0.9999776962114252,High,Low Priority: Automated email only
15465,Gold Tier,3,20,18,7354.62,4,5,5,455,5518.979348442572,0.4883233932223521,0.9996668719186405,2.2303788574990307e-05,Low,Maintain: VIP loyalty program
15466,Silver Tier,0,85,1,334.53,2,1,2,212,752.5668013948482,0.0644432526413674,1.0,2.2303788574994623e-05,Low,Maintain: Standard loyalty program
15467,Silver Tier,0,9,3,524.88,5,3,3,533,979.2343284981588,0.1534604886723629,0.9995010670400336,2.230378857499007e-05,Low,Maintain: Standard loyalty program
15468,Silver Tier,0,51,2,467.51,3,3,2,332,965.7756941997336,0.0827157895004857,1.0,2.2303788574990263e-05,Low,Maintain: Standard loyalty program
15469,Silver Tier,0,50,2,538.55,3,3,3,333,1079.6780536332355,0.1159210005113657,0.9991072295203612,2.2303788574990148e-05,Low,Maintain: Standard loyalty program
15471,Silver Tier,0,2,1,454.48,5,1,2,512,1632.33591665712,0.1398733627495564,1.0,2.2303788574990185e-05,Low,Maintain: Standard loyalty program
15472,Silver Tier,0,113,1,371.56,2,1,2,212,636.7983907445174,0.0545240340700973,1.0,0.9999776962114252,High,Send: Standard win-back offer
15473,Silver Tier,0,14,7,1771.2,4,5,4,454,3855.200593767939,0.3559743909294748,0.999390099504436,2.230378857499003e-05,Low,Maintain: Standard loyalty program
15475,Silver Tier,0,77,1,454.11,2,1,2,212,793.7994213099503,0.0679765533927228,1.0,2.230378857499209e-05,Low,Maintain: Standard loyalty program
15478,Silver Tier,0,40,2,1399.92,3,3,4,334,2406.723578719494,0.1752899913918182,0.9989696062350696,2.2303788574989992e-05,Low,Maintain: Standard loyalty program
15480,Silver Tier,0,116,1,905.5,2,1,3,213,626.4730735073999,0.0536394331425312,1.0,0.9999776962114252,High,Send: Standard win-back offer
15482,Gold Tier,3,16,12,10879.76,4,5,5,455,8234.759957330363,0.248014845537748,0.9996571982797856,2.2303788574990107e-05,Low,Maintain: VIP loyalty program
15483,Inactive,1,161,4,225.26,2,4,1,241,506.4624895869488,0.0653352265602743,0.9983159426333968,0.9999776962114252,High,Low Priority: Automated email only
15484,Silver Tier,0,1,4,3590.41,5,4,5,545,5149.991508782238,0.3124250479321501,0.9995966913282114,2.2303788574990263e-05,Low,Maintain: Standard loyalty program
15485,Silver Tier,0,30,3,2564.5,4,3,5,435,1439.2275743597104,0.0767120807346395,0.999458917081916,2.230378857499003e-05,Low,Maintain: Standard loyalty program
15488,Silver Tier,0,93,1,91.32,2,1,1,211,719.8496572064222,0.0616398154300816,1.0,0.9999776962114252,High,Send: Standard win-back offer
15489,Silver Tier,0,23,3,1134.28,4,3,4,434,1366.0942242068954,0.1211069530671385,0.9994409604483642,2.2303788574989992e-05,Low,Maintain: Standard loyalty program
15491,Silver Tier,0,95,6,3100.09,2,5,5,255,2652.265822862374,0.1901643925051006,0.9978511128486208,0.9999776962114252,High,Send: Standard win-back offer
15492,Silver Tier,0,28,2,659.4599999999999,4,3,3,433,1302.0660729779354,0.1532537164221563,0.9992416019149472,2.2303788574989992e-05,Low,Maintain: Standard loyalty program
15493,Silver Tier,0,33,5,1953.41,4,4,4,444,1757.758561337342,0.1354088841556163,0.9994258349946464,2.2303788574989992e-05,Low,Maintain: Standard loyalty program
15494,Silver Tier,0,21,2,1280.58,4,3,4,434,963.5956386057452,0.1153408385337494,0.9993691537123398,2.230378857499003e-05,Low,Maintain: Standard loyalty program
15497,Silver Tier,0,18,2,1262.2,4,3,4,434,568.4724452270432,0.0564724796178336,0.9994472266222624,2.230378857499003e-05,Low,Maintain: Standard loyalty program
15498,Gold Tier,3,3,27,13316.4,5,5,5,555,9751.725911963456,0.464185309991092,0.99982920517491,2.230378857499106e-05,Low,Maintain: VIP loyalty program
15500,Silver Tier,0,8,4,1131.56,5,4,4,544,2495.270132516043,0.3061481033456221,0.9995153889745118,2.2303788574990185e-05,Low,Maintain: Standard loyalty program
15502,Gold Tier,3,16,12,10384.93,4,5,5,455,7486.61274708114,0.2143898636441251,0.9996458390825618,2.2303788574990107e-05,Low,Maintain: VIP loyalty program
15503,Inactive,1,363,1,141.04,1,1,1,111,268.92956100875483,0.0230175377763945,1.0,0.9999776962114252,High,Low Priority: Automated email only
15504,Silver Tier,0,81,1,52.83,2,1,1,211,772.6333322467653,0.0661627642284102,1.0,2.2303788574993715e-05,Low,Maintain: Standard loyalty program
15505,Silver Tier,0,53,5,3610.96,3,4,5,345,4432.073008439473,0.258335247370856,0.9987385807382374,2.230378857499086e-05,Low,Maintain: Standard loyalty program
15506,Silver Tier,0,23,3,972.08,4,3,4,434,1814.408561461209,0.1638256584778807,0.9993905573227978,2.2303788574989992e-05,Low,Maintain: Standard loyalty program
15507,Inactive,1,172,1,475.86,2,1,2,212,482.9210154828088,0.0413424837740463,1.0,0.9999776962114252,High,Low Priority: Automated email only
15508,Inactive,1,189,6,1000.27,1,5,4,154,1175.5977631839614,0.1486742320218414,0.984012216237976,0.9999776962114252,High,Low Priority: Automated email only
15510,Inactive,1,331,1,250.0,1,1,2,112,290.4955624637694,0.0248639692603859,1.0,0.9999776962114252,High,Low Priority: Automated email only
15511,Silver Tier,0,12,5,900.53,5,4,3,543,2413.387753454367,0.3761093415373084,0.999495732092168,2.2303788574989992e-05,Low,Maintain: Standard loyalty program
15512,Inactive,1,156,2,121.0,2,3,1,231,333.5266903022135,0.0511626239134506,0.9988424923289044,0.9999776962114252,High,Low Priority: Automated email only
15513,Gold Tier,3,33,19,14758.22,4,5,5,455,11108.12085992237,0.4023813527021406,0.9994501055766684,2.230378857499102e-05,Low,Maintain: VIP loyalty program
15514,Silver Tier,0,12,11,4023.72,5,5,5,555,2232.163839388184,0.2168699134223348,0.9996640396738848,2.2303788574990107e-05,Low,Maintain: Standard loyalty program
15516,Silver Tier,0,45,3,62.43,3,3,1,331,1213.1407995038928,0.1905062743331853,0.998770694939676,2.2303788574990185e-05,Low,Maintain: Standard loyalty program
15517,Inactive,1,233,1,267.03,1,1,2,112,383.7886732905511,0.0328524419147044,1.0,0.9999776962114252,High,Low Priority: Automated email only
15518,Silver Tier,0,64,8,1921.55,3,5,4,354,1623.7270992066187,0.2041316313531957,0.999041505879945,2.230378857499106e-05,Low,Maintain: Standard loyalty program
15520,Silver Tier,0,2,1,343.5,5,1,2,512,1655.6594005589177,0.141874112218269,1.0,2.230378857499082e-05,Low,Maintain: Standard loyalty program
15521,Silver Tier,0,40,8,3000.2,3,5,5,355,2969.104237616689,0.216372007177814,0.9993091903830508,2.230378857499003e-05,Low,Maintain: Standard loyalty program
15522,Silver Tier,0,33,2,397.99,4,3,2,432,1133.5011710510316,0.1404731111056524,0.999225293135575,2.230378857499003e-05,Low,Maintain: Standard loyalty program
15523,Silver Tier,0,84,1,412.0100000000001,2,1,2,212,757.4850672444373,0.0648646966288174,1.0,2.2303788574994583e-05,Low,Maintain: Standard loyalty program
15524,Silver Tier,0,25,1,440.0,4,1,2,412,1246.1579201425084,0.1067531700766435,1.0,2.230378857499007e-05,Low,Maintain: Standard loyalty program
15525,Silver Tier,0,2,3,734.37,5,3,3,533,642.2547337392785,0.0767191225407387,0.9995506626822276,2.2303788574990148e-05,Low,Maintain: Standard loyalty program
15526,Silver Tier,0,33,2,148.44,4,3,1,431,1136.2013539108086,0.0973255042500641,1.0,2.2303788574990107e-05,Low,Maintain: Standard loyalty program
15527,Silver Tier,0,19,8,2428.53,4,5,5,455,2056.418194648108,0.2219883108657527,0.9996210693696296,2.230378857499007e-05,Low,Maintain: Standard loyalty program
15528,Inactive,1,254,1,229.33,1,1,1,111,358.8392222195989,0.0307159336336942,1.0,0.9999776962114252,High,Low Priority: Automated email only
15529,Silver Tier,0,23,11,3962.6,4,5,5,455,3120.811906634957,0.2986040901310081,0.9996171828233814,2.2303788574990107e-05,Low,Maintain: Standard loyalty program
15530,Silver Tier,0,22,4,1497.31,4,4,4,444,1409.1952997985973,0.1457376523941579,0.9994883997489642,2.2303788574989992e-05,Low,Maintain: Standard loyalty program
15531,Silver Tier,0,8,2,1972.39,5,3,4,534,2763.417908867895,0.2214631826948224,0.9994058627907172,2.2303788574990148e-05,Low,Maintain: Standard loyalty program
15532,Silver Tier,0,25,4,1564.73,4,4,4,444,1230.1345272975973,0.1075055853628259,0.9995050833756112,2.2303788574989992e-05,Low,Maintain: Standard loyalty program
15533,Silver Tier,0,19,3,807.57,4,3,3,433,1601.560250770338,0.214654067054887,0.9993627665154584,2.2303788574989992e-05,Low,Maintain: Standard loyalty program
15535,Inactive,1,173,4,502.9,2,4,3,243,551.2811717042597,0.0854789723335285,0.9977542398569202,0.9999776962114252,High,Low Priority: Automated email only
15537,Inactive,1,163,1,110.92,2,1,1,211,499.571448296114,0.042768636009466,1.0,0.9999776962114252,High,Low Priority: Automated email only
15539,Silver Tier,0,7,1,538.46,5,1,3,513,1524.9288592155797,0.1306603172652558,1.0,2.2303788574990185e-05,Low,Maintain: Standard loyalty program
15540,Silver Tier,0,11,1,213.3,5,1,1,511,1448.6733665307254,0.1241199846914916,1.0,2.2303788574990107e-05,Low,Maintain: Standard loyalty program
15541,Silver Tier,0,114,1,85.13000000000001,2,1,1,211,633.3190042800318,0.054225942928784,1.0,0.9999776962114252,High,Send: Standard win-back offer
15543,Inactive,1,288,1,127.86,1,1,1,111,324.6676665070214,0.0277898743291961,1.0,0.9999776962114252,High,Low Priority: Automated email only
15544,Silver Tier,0,9,9,3546.71,5,5,5,555,2708.1935366421317,0.2401502074706772,0.9997000795556784,2.230378857499007e-05,Low,Maintain: Standard loyalty program
15545,Silver Tier,0,54,2,288.96999999999997,3,3,2,332,411.58761518919346,0.0497924424294604,0.9993530842543186,2.2303788574990344e-05,Low,Maintain: Standard loyalty program
15547,Gold Tier,3,7,14,4910.6,5,5,5,555,3520.7215726486647,0.329256422489397,0.999750911874017,2.2303788574990344e-05,Low,Maintain: VIP loyalty program
15549,Silver Tier,0,77,3,1681.46,2,3,4,234,965.9899291643025,0.088046234179006,0.9991666390786608,2.2303788574992923e-05,Low,Maintain: Standard loyalty program
15550,Silver Tier,0,4,4,575.63,5,4,3,543,770.3739123972784,0.1240816437571114,0.9995904073490666,2.2303788574990148e-05,Low,Maintain: Standard loyalty program
15551,Silver Tier,0,37,1,436.06,3,1,2,312,1103.738729125816,0.0945424046456437,1.0,2.230378857499003e-05,Low,Maintain: Standard loyalty program
15552,Inactive,1,217,1,90.12,1,1,1,111,405.25680882157616,0.0346909151383064,1.0,0.9999776962114252,High,Low Priority: Automated email only
15553,Silver Tier,0,60,1,428.93,3,1,2,312,898.3998783426291,0.0769409172535742,1.0,2.2303788574990426e-05,Low,Maintain: Standard loyalty program
15554,Inactive,1,278,1,217.2,1,1,1,111,334.98832132167604,0.0286735956357553,1.0,0.9999776962114252,High,Low Priority: Automated email only
15555,Gold Tier,3,12,16,4794.86,5,5,5,555,3830.028833172616,0.4335706243986915,0.9997428531773436,2.2303788574990307e-05,Low,Maintain: VIP loyalty program
15556,Silver Tier,0,24,1,279.77,4,1,2,412,1246.1579201425084,0.1067531700766435,1.0,2.2303788574990107e-05,Low,Maintain: Standard loyalty program
15557,Silver Tier,0,29,1,468.91,4,1,2,412,1194.7687753130083,0.102346913647596,1.0,2.230378857499007e-05,Low,Maintain: Standard loyalty program
15561,Silver Tier,0,12,4,800.5899999999999,5,4,3,543,1079.6288700894047,0.1194082345660739,0.9995039885646194,2.230378857499003e-05,Low,Maintain: Standard loyalty program
15562,Inactive,1,352,1,134.55,1,1,1,111,275.9722362853422,0.0236205063046922,1.0,0.9999776962114252,High,Low Priority: Automated email only
15563,Silver Tier,0,22,4,1400.44,4,4,4,444,1139.637569745119,0.0794094882693715,0.9994848613785922,2.2303788574989992e-05,Low,Maintain: Standard loyalty program
15565,Silver Tier,0,50,2,173.16000000000005,3,3,1,331,1159.4084800588084,0.1576048814327144,0.9988499774140712,2.2303788574990585e-05,Low,Maintain: Standard loyalty program
15567,Silver Tier,0,19,1,186.01,4,1,1,411,1332.1040378327834,0.114123036862965,1.0,2.2303788574990107e-05,Low,Maintain: Standard loyalty program
15568,Silver Tier,0,3,3,758.29,5,3,3,533,2148.41670563845,0.2388970508833406,0.99953823304673,2.2303788574990148e-05,Low,Maintain: Standard loyalty program
15569,Silver Tier,0,104,5,1375.71,2,4,4,244,1213.1219621016523,0.1143941094871429,0.9987770322703324,0.9999776962114252,High,Send: Standard win-back offer
15570,Silver Tier,0,7,12,4148.82,5,5,5,555,3080.734164118497,0.3239936216831304,0.999751687969941,2.2303788574990148e-05,Low,Maintain: Standard loyalty program
15571,Silver Tier,0,12,4,650.4300000000001,5,4,3,543,1959.884741818564,0.3123857182154139,0.999470856812123,2.230378857499003e-05,Low,Maintain: Standard loyalty program
15572,Silver Tier,0,5,7,2533.42,5,5,5,555,2336.8517478330104,0.1668901622749134,0.9996271034909416,2.2303788574990148e-05,Low,Maintain: Standard loyalty program
15573,Silver Tier,0,32,2,591.1899999999999,4,3,3,433,1237.6245572150488,0.1422994384806147,0.9992320614544764,2.2303788574989992e-05,Low,Maintain: Standard loyalty program
15574,Inactive,1,178,4,675.64,2,4,3,243,551.8544987903042,0.0767823143796271,0.9981102407186396,0.9999776962114252,High,Low Priority: Automated email only
15576,Silver Tier,0,38,1,921.37,3,1,3,313,1093.3262542128698,0.0936497419097193,1.0,2.230378857499007e-05,Low,Maintain: Standard loyalty program
15577,Inactive,1,151,3,258.88,2,3,2,232,541.6432871977352,0.0585425793208333,0.998690860903144,0.9999776962114252,High,Low Priority: Automated email only
15578,Inactive,1,162,1,127.1,2,1,1,211,501.73383744486046,0.0429538532745328,1.0,0.9999776962114252,High,Low Priority: Automated email only
15579,Silver Tier,0,69,2,327.6,3,3,2,332,458.0160482495521,0.0573495964158629,0.9992714417201388,2.2303788574990744e-05,Low,Maintain: Standard loyalty program
15581,Silver Tier,0,121,13,3675.77,2,5,5,255,2903.710505065408,0.3232882588408443,0.9907411825545764,0.9999776962114252,High,Send: Standard win-back offer
15582,Silver Tier,0,25,3,682.9100000000001,4,3,3,433,898.2237118901608,0.1173334251203817,0.9994332200188067,2.230378857499003e-05,Low,Maintain: Standard loyalty program
15584,Silver Tier,0,24,4,720.86,4,4,3,443,1411.9501991398538,0.1987376543677695,0.9994130838835854,2.230378857499003e-05,Low,Maintain: Standard loyalty program
15585,Inactive,1,177,1,455.3,2,1,2,212,473.0666458355044,0.0404984517558236,1.0,0.9999776962114252,High,Low Priority: Automated email only
15587,Silver Tier,0,50,4,913.68,3,4,3,343,775.4856570737538,0.1092820513493037,0.999361917174546,2.2303788574990107e-05,Low,Maintain: Standard loyalty program
15589,Inactive,1,256,3,478.53,1,3,2,132,581.5029176071104,0.0576196027810341,0.9960896556099644,0.9999776962114252,High,Low Priority: Automated email only
15592,Silver Tier,0,47,1,388.58,3,1,2,312,1007.7639635956134,0.0863149271016233,1.0,2.2303788574990148e-05,Low,Maintain: Standard loyalty program
15593,Silver Tier,0,71,1,199.8,3,1,1,311,833.7714421202147,0.0714020364259883,1.0,2.230378857499177e-05,Low,Maintain: Standard loyalty program
15594,Silver Tier,0,16,5,1771.78,4,4,4,444,2067.4785106036397,0.1911169063578637,0.9995494897405895,2.2303788574989992e-05,Low,Maintain: Standard loyalty program
15596,Silver Tier,0,101,5,1406.59,2,4,4,244,1079.1512154550355,0.1333120247652895,0.99875255323629,0.9999776962114252,High,Send: Standard win-back offer
15597,Silver Tier,0,35,1,324.57,3,1,2,312,1114.3514760006665,0.0954522487616995,1.0,2.2303788574990107e-05,Low,Maintain: Standard loyalty program
15598,Silver Tier,0,53,1,240.68,3,1,1,311,949.944145249896,0.0813587982568712,1.0,2.2303788574990344e-05,Low,Maintain: Standard loyalty program
15599,Silver Tier,0,27,2,761.74,4,3,3,433,830.1470907415451,0.0802641584893072,0.9993885046818,2.2303788574989992e-05,Low,Maintain: Standard loyalty program
15601,Gold Tier,3,11,14,6776.56,5,5,5,555,4847.807080765916,0.3762024403434776,0.9997400209853964,2.2303788574990307e-05,Low,Maintain: VIP loyalty program
15602,Silver Tier,0,8,9,1297.87,5,5,4,554,1254.133972357893,0.2423501500004283,0.99970569881799,2.2303788574990148e-05,Low,Maintain: Standard loyalty program
15603,Silver Tier,0,79,1,48.48,2,1,1,211,788.3999061904082,0.0675138464403072,1.0,2.230378857499308e-05,Low,Maintain: Standard loyalty program
15604,Silver Tier,0,52,1,216.39,3,1,1,311,957.7944940514782,0.0820316823265691,1.0,2.2303788574990344e-05,Low,Maintain: Standard loyalty program
15605,Silver Tier,0,36,5,1198.23,3,4,4,344,1059.7498597314705,0.1309925410254633,0.9994687112790605,2.230378857499003e-05,Low,Maintain: Standard loyalty program
15606,Silver Tier,0,61,9,2920.16,3,5,5,355,2558.695007930927,0.269269897638542,0.9988924806778926,2.2303788574991693e-05,Low,Maintain: Standard loyalty program
15607,Inactive,1,337,1,104.76,1,1,1,111,286.1923664968277,0.0244955328882243,1.0,0.9999776962114252,High,Low Priority: Automated email only
15608,Silver Tier,0,28,4,1093.68,4,4,4,444,2058.405000467777,0.179419314488218,0.9993020372978748,2.2303788574989992e-05,Low,Maintain: Standard loyalty program
15609,Inactive,1,184,1,298.48,1,1,2,112,458.10976754228847,0.0392174158283779,1.0,0.9999776962114252,High,Low Priority: Automated email only
15610,Silver Tier,0,52,1,112.46,3,1,1,311,965.7756941997336,0.0827157895004857,1.0,2.230378857499086e-05,Low,Maintain: Standard loyalty program
15611,Silver Tier,0,10,13,1591.45,5,5,4,554,1601.898855865147,0.352130664378541,0.9997319259494104,2.230378857499003e-05,Low,Maintain: Standard loyalty program
15612,Silver Tier,0,36,2,195.15,3,3,1,331,1330.3852741029411,0.1685619795762553,0.9990789886134668,2.2303788574990185e-05,Low,Maintain: Standard loyalty program
15615,Gold Tier,3,10,23,10399.74,5,5,5,555,7574.878774747815,0.4717481028101613,0.9997647289844712,2.2303788574990344e-05,Low,Maintain: VIP loyalty program
15618,Silver Tier,0,33,4,776.851,4,4,3,443,1523.4419459610938,0.1654068764656102,0.9992833102610108,2.2303788574989992e-05,Low,Maintain: Standard loyalty program
15619,Silver Tier,0,11,1,336.4,5,1,2,512,1467.013040655582,0.1256929055747151,1.0,2.230378857499007e-05,Low,Maintain: Standard loyalty program
15620,Silver Tier,0,57,3,1553.18,3,3,4,334,1138.3682524162082,0.0793979812106008,0.9993400281692238,2.2303788574990307e-05,Low,Maintain: Standard loyalty program
15621,Silver Tier,0,4,4,1293.03,5,4,4,544,4059.573964334927,0.37704262402196,0.9994955154665816,2.2303788574990148e-05,Low,Maintain: Standard loyalty program
15622,Silver Tier,0,43,9,3709.56,3,5,5,355,3250.659907922102,0.164940031104271,0.9993375261725456,2.230378857499007e-05,Low,Maintain: Standard loyalty program
15623,Silver Tier,0,141,1,301.03,2,1,2,212,551.9009969998928,0.0472510673748758,1.0,0.9999776962114252,High,Send: Standard win-back offer
15624,Silver Tier,0,117,4,588.13,2,4,3,243,843.5221204620798,0.1410241381421791,0.9978743249760929,0.9999776962114252,High,Send: Standard win-back offer
15625,Silver Tier,0,104,4,1534.26,2,4,4,244,1345.5698989836226,0.150800971494338,0.9980882103980444,0.9999776962114252,High,Send: Standard win-back offer
15626,Silver Tier,0,75,2,675.8,2,3,3,233,627.5999812835944,0.0550428630150433,0.9992584531547236,2.230378857499229e-05,Low,Maintain: Standard loyalty program
15628,Silver Tier,0,5,9,2870.24,5,5,5,555,2266.214153627036,0.2434702239968093,0.9997287431124792,2.2303788574990148e-05,Low,Maintain: Standard loyalty program
15630,Silver Tier,0,45,2,1186.35,3,3,4,334,1329.2203333119733,0.0802564291022737,0.9992922642091548,2.230378857499003e-05,Low,Maintain: Standard loyalty program
15632,Silver Tier,0,16,8,3285.31,4,5,5,455,3180.924548808702,0.2737753569734358,0.9996173921276448,2.230378857499007e-05,Low,Maintain: Standard loyalty program
15634,Silver Tier,0,17,1,243.55,4,1,1,411,1347.594640248632,0.1154514310307538,1.0,2.230378857499007e-05,Low,Maintain: Standard loyalty program
15636,Silver Tier,0,90,2,724.76,2,3,3,233,731.1905834827521,0.0624071633483622,0.9991312102366922,2.2303788574999773e-05,Low,Maintain: Standard loyalty program
15637,Silver Tier,0,53,1,223.36,3,1,1,311,957.7944940514782,0.0820316823265691,1.0,2.2303788574990385e-05,Low,Maintain: Standard loyalty program
15639,Silver Tier,0,134,1,425.32,2,1,2,212,570.9298029785416,0.048881132193955,1.0,0.9999776962114252,High,Send: Standard win-back offer
15640,Gold Tier,3,4,15,12416.11,5,5,5,555,9401.73009846348,0.4034354431262239,0.9998007654643172,2.2303788574990426e-05,Low,Maintain: VIP loyalty program
15641,Silver Tier,0,105,4,1887.2,2,4,4,244,1493.3559524821264,0.1071837335432251,0.9988469671142284,0.9999776962114252,High,Send: Standard win-back offer
15643,Inactive,1,192,3,664.0,1,3,3,133,656.1039084968528,0.0623279635615347,0.997863231135932,0.9999776962114252,High,Low Priority: Automated email only
15644,Inactive,1,166,4,803.54,2,4,3,243,954.1484943172566,0.102481605143598,0.9968047629366872,0.9999776962114252,High,Low Priority: Automated email only
15645,Silver Tier,0,19,1,612.01,4,1,3,413,1332.1040378327834,0.114123036862965,1.0,2.2303788574990107e-05,Low,Maintain: Standard loyalty program
15646,Inactive,1,158,3,447.64,2,3,2,232,504.96651260008264,0.0768093934519705,0.9984622475529408,0.9999776962114252,High,Low Priority: Automated email only
15648,Inactive,1,204,2,639.5,1,3,3,133,696.4800942012328,0.0650677605870228,0.9971977112531006,0.9999776962114252,High,Low Priority: Automated email only
15649,Inactive,1,336,2,816.0,1,3,3,133,511.7858726072616,0.0499068768537075,0.9925421093184718,0.9999776962114252,High,Low Priority: Automated email only
15651,Silver Tier,0,37,3,646.3,3,3,3,333,781.0599080107023,0.0665973495332465,0.999370610863211,2.2303788574989992e-05,Low,Maintain: Standard loyalty program
15652,Silver Tier,0,91,1,337.74,2,1,2,212,724.3482635460014,0.0620252796460065,1.0,0.9999776962114252,High,Send: Standard win-back offer
15653,Silver Tier,0,93,2,877.44,2,3,3,233,2031.788755865293,0.1189636943486311,0.9981940484984816,0.9999776962114252,High,Send: Standard win-back offer
15654,Silver Tier,0,9,2,922.53,5,3,3,533,2428.85329307775,0.2307926727857329,0.9993890467459248,2.230378857499003e-05,Low,Maintain: Standard loyalty program
15655,Inactive,1,243,1,560.6700000000001,1,1,3,113,371.4891427284427,0.0317991774017797,1.0,0.9999776962114252,High,Low Priority: Automated email only
15656,Silver Tier,0,45,4,748.5,3,4,3,343,866.9373519095781,0.130025840551171,0.999337993201362,2.230378857499003e-05,Low,Maintain: Standard loyalty program
15657,Silver Tier,0,23,1,30.0,4,1,1,411,1273.5470319616638,0.1091017025711163,1.0,2.2303788574990185e-05,Low,Maintain: Standard loyalty program
15658,Inactive,1,190,5,1024.1,1,4,4,144,853.5668280625807,0.1306591141041639,0.9946687615355042,0.9999776962114252,High,Low Priority: Automated email only
15659,Silver Tier,0,44,1,306.45,3,1,2,312,1034.75663059681,0.0886287817760632,1.0,2.230378857499003e-05,Low,Maintain: Standard loyalty program
15660,Silver Tier,0,25,9,1600.86,4,5,4,454,1376.8749893313131,0.1610605371526636,0.999548161903954,2.230378857499003e-05,Low,Maintain: Standard loyalty program
15661,Inactive,1,317,2,309.8,1,3,2,132,469.7034663396263,0.0534360899739848,0.9920302948971772,0.9999776962114252,High,Low Priority: Automated email only
15663,Silver Tier,0,106,1,138.14,2,1,1,211,662.2674747601277,0.0567061099956413,1.0,0.9999776962114252,High,Send: Standard win-back offer
15664,Silver Tier,0,51,1,386.43,3,1,2,312,973.891045138813,0.0834114029271052,1.0,2.2303788574990263e-05,Low,Maintain: Standard loyalty program
15665,Inactive,1,168,2,2222.21,2,3,5,235,1139.8075717644106,0.0701244959854396,0.9979109465613804,0.9999776962114252,High,Low Priority: Automated email only
15667,Silver Tier,0,40,1,301.32,3,1,2,312,1073.0798618180827,0.0919140499511519,1.0,2.230378857499003e-05,Low,Maintain: Standard loyalty program
15668,Inactive,1,218,1,76.32000000000001,1,1,1,111,405.25680882157616,0.0346909151383064,1.0,0.9999776962114252,High,Low Priority: Automated email only
15669,Silver Tier,0,40,4,684.34,3,4,3,343,903.048868825034,0.1382552227927037,0.9993579075548428,2.2303788574989992e-05,Low,Maintain: Standard loyalty program
15670,Inactive,1,297,1,173.05,1,1,1,111,317.55242640997517,0.0271806320674758,1.0,0.9999776962114252,High,Low Priority: Automated email only
15671,Silver Tier,0,19,7,2657.13,4,5,5,455,2639.6954013626964,0.24160356038945,0.9995753954031734,2.230378857499007e-05,Low,Maintain: Standard loyalty program
15673,Silver Tier,0,88,4,2726.23,2,4,5,245,1823.677997972973,0.1158614612088296,0.998972516358211,2.2303788575000844e-05,Low,Maintain: Standard loyalty program
15674,Silver Tier,0,73,5,2446.6,2,4,5,245,2512.179067673451,0.1791430853256079,0.9987863152905516,2.230378857499229e-05,Low,Maintain: Standard loyalty program
15675,Silver Tier,0,81,3,323.69,2,3,2,232,656.4731590855478,0.0971206696630865,0.9990644400539128,2.2303788574992963e-05,Low,Maintain: Standard loyalty program
15676,Silver Tier,0,19,3,3435.76,4,3,5,435,2591.172101564976,0.0963333126075261,0.9994854494338328,2.230378857499003e-05,Low,Maintain: Standard loyalty program
15677,Silver Tier,0,49,1,657.23,3,1,3,313,982.1439581906712,0.0841188153604568,1.0,2.2303788574990185e-05,Low,Maintain: Standard loyalty program
15678,Silver Tier,0,53,1,352.7,3,1,2,312,957.7944940514782,0.0820316823265691,1.0,2.2303788574990344e-05,Low,Maintain: Standard loyalty program
15679,Silver Tier,0,24,4,781.28,4,4,3,443,1339.8478240093025,0.1828984148110643,0.999422837920038,2.230378857499003e-05,Low,Maintain: Standard loyalty program
15680,Silver Tier,0,9,3,1333.68,5,3,4,534,927.3107955176264,0.0779522677565433,0.9995293862622368,2.230378857499003e-05,Low,Maintain: Standard loyalty program
15681,Silver Tier,0,25,5,1426.16,4,4,4,444,1388.7925395850857,0.1315348763847952,0.9994778538150452,2.2303788574989992e-05,Low,Maintain: Standard loyalty program
15683,Silver Tier,0,117,1,193.75,2,1,1,211,623.1053157931507,0.0533509104422049,1.0,0.9999776962114252,High,Send: Standard win-back offer
15687,Silver Tier,0,9,9,2993.1,5,5,5,555,2531.123384380289,0.2353585593160503,0.999684058893988,2.230378857499007e-05,Low,Maintain: Standard loyalty program
15689,Silver Tier,0,120,2,254.1,2,3,2,232,419.0210779612803,0.0509367051887505,0.9990797323293252,0.9999776962114252,High,Send: Standard win-back offer
15690,Silver Tier,0,4,2,239.76,5,3,1,531,1029.3620605915437,0.1296933659875368,0.9994678689981056,2.230378857499082e-05,Low,Maintain: Standard loyalty program
15691,Inactive,1,252,1,136.8,1,1,1,111,361.07472695079787,0.030907363449904,1.0,0.9999776962114252,High,Low Priority: Automated email only
15692,Silver Tier,0,28,1,191.04,4,1,1,411,1194.7687753130083,0.102346913647596,1.0,2.2303788574990107e-05,Low,Maintain: Standard loyalty program
15694,Gold Tier,3,1,14,6479.4,5,5,5,555,4971.344789520442,0.3762312792623851,0.9998166590352914,2.2303788574990503e-05,Low,Maintain: VIP loyalty program
15695,Inactive,1,267,2,409.98,1,3,2,132,345.98669741276063,0.0296153678574663,1.0,0.9999776962114252,High,Low Priority: Automated email only
15696,Silver Tier,0,33,8,2711.11,4,5,5,455,2210.408094071404,0.2376906542158694,0.9994663429750013,2.230378857499003e-05,Low,Maintain: Standard loyalty program
15699,Silver Tier,0,18,1,309.65,4,1,2,412,1347.594640248632,0.1154514310307538,1.0,2.230378857499007e-05,Low,Maintain: Standard loyalty program
15700,Inactive,1,172,2,696.68,2,3,3,233,568.8807962005011,0.0901614303174268,0.9951037807953796,0.9999776962114252,High,Low Priority: Automated email only
15701,Silver Tier,0,2,4,1529.0,5,4,4,544,2003.8157266290632,0.2565442498320148,0.9995898279095248,2.2303788574990107e-05,Low,Maintain: Standard loyalty program
15703,Inactive,1,265,1,211.5,1,1,1,111,348.06446272391844,0.0297932856709015,1.0,0.9999776962114252,High,Low Priority: Automated email only
15704,Silver Tier,0,140,4,2293.62,2,4,5,245,1947.302331026476,0.1191067142104327,0.9969801190911952,0.9999776962114252,High,Send: Standard win-back offer
15705,Inactive,1,201,1,143.1,1,1,1,111,429.2691259765146,0.0367473536403994,1.0,0.9999776962114252,High,Low Priority: Automated email only
15706,Silver Tier,0,64,4,1060.56,3,4,4,344,1827.6203337330792,0.2478422390009531,0.9980682689792922,2.2303788574990974e-05,Low,Maintain: Standard loyalty program
15707,Silver Tier,0,35,4,916.98,3,4,3,343,2478.6648131345314,0.2961004737558184,0.9989537731548358,2.230378857499003e-05,Low,Maintain: Standard loyalty program
15708,Silver Tier,0,41,7,3235.25,3,5,5,355,2496.3627055509273,0.1869584699589882,0.9994375121645268,2.230378857499003e-05,Low,Maintain: Standard loyalty program
15709,Inactive,1,284,1,133.25,1,1,1,111,329.2789155637291,0.0281847170791603,1.0,0.9999776962114252,High,Low Priority: Automated email only
15712,Silver Tier,0,9,5,1072.36,5,4,4,544,1111.021904560264,0.1626657898560636,0.9996010163380824,2.230378857499003e-05,Low,Maintain: Standard loyalty program
15713,Silver Tier,0,143,2,356.7,2,3,2,232,437.1175137369132,0.0503443426882657,0.9989454905028144,0.9999776962114252,High,Send: Standard win-back offer
15714,Silver Tier,0,12,2,330.03000000000003,5,3,2,532,1326.120141051057,0.1501284187937264,0.999412291662113,2.230378857499007e-05,Low,Maintain: Standard loyalty program
15716,Silver Tier,0,146,4,1101.11,2,4,4,244,744.8025860732939,0.1046653639956444,0.9981719658013772,0.9999776962114252,High,Send: Standard win-back offer
15717,Inactive,1,234,1,150.3,1,1,1,111,382.5221896728982,0.0327439860318688,1.0,0.9999776962114252,High,Low Priority: Automated email only
15719,Silver Tier,0,33,13,5030.07,4,5,5,455,4111.610836911764,0.3789736535826249,0.9994449376452472,2.2303788574990148e-05,Low,Maintain: Standard loyalty program
15720,Silver Tier,0,24,1,598.73,4,1,3,413,1246.1579201425084,0.1067531700766435,1.0,2.2303788574990107e-05,Low,Maintain: Standard loyalty program
15721,Silver Tier,0,12,1,471.4,5,1,2,512,1448.6733665307254,0.1241199846914916,1.0,2.230378857499007e-05,Low,Maintain: Standard loyalty program
15722,Silver Tier,0,36,5,2211.21,3,4,5,345,2048.1061482340456,0.1278624628021024,0.9994182629444248,2.2303788574989992e-05,Low,Maintain: Standard loyalty program
15723,Inactive,1,365,1,190.7,1,1,1,111,267.6875158822208,0.0229111992653797,1.0,0.9999776962114252,High,Low Priority: Automated email only
15724,Inactive,1,201,2,218.25,1,3,1,131,480.5468112621774,0.0619602139225172,0.99762929436997,0.9999776962114252,High,Low Priority: Automated email only
15725,Silver Tier,0,15,1,415.25,4,1,2,412,1379.6826382410247,0.1182032059450869,1.0,2.230378857499007e-05,Low,Maintain: Standard loyalty program
15727,Silver Tier,0,17,7,5159.06,4,5,5,455,3099.7249297688195,0.1913625338565377,0.9996205221838982,2.2303788574990107e-05,Low,Maintain: Standard loyalty program
15729,Inactive,1,213,1,85.0,1,1,1,111,412.4669332194865,0.0353083875558034,1.0,0.9999776962114252,High,Low Priority: Automated email only
15730,Silver Tier,0,66,3,1120.88,3,3,4,334,1244.7429800937311,0.1232612908916266,0.9990495190176736,2.230378857499106e-05,Low,Maintain: Standard loyalty program
15732,Inactive,1,212,2,294.12,1,3,2,132,411.76985081732926,0.0496279257671527,0.9983153753387838,0.9999776962114252,High,Low Priority: Automated email only
15733,Inactive,1,283,1,162.3,1,1,1,111,330.216929121674,0.0282650358626706,1.0,0.9999776962114252,High,Low Priority: Automated email only
15734,Silver Tier,0,115,2,1339.45,2,3,4,234,1317.5800644751937,0.0813943149508759,0.9986063626355076,0.9999776962114252,High,Send: Standard win-back offer
15737,Silver Tier,0,15,8,1188.12,4,5,4,454,1233.3248621685018,0.263367719044922,0.999599321262747,2.230378857499003e-05,Low,Maintain: Standard loyalty program
15738,Gold Tier,3,19,16,4812.42,4,5,5,455,3713.52012352333,0.4033855564589903,0.9996771354537752,2.2303788574990307e-05,Low,Maintain: VIP loyalty program
15739,Silver Tier,0,66,1,449.12,3,1,2,312,858.4738053899073,0.0735190544599296,1.0,2.2303788574990744e-05,Low,Maintain: Standard loyalty program
15740,Silver Tier,0,49,1,154.88,3,1,1,311,982.1439581906712,0.0841188153604568,1.0,2.2303788574990544e-05,Low,Maintain: Standard loyalty program
15743,Silver Tier,0,16,4,775.96,4,4,3,443,1145.610998437161,0.1814652867793122,0.9994955107095284,2.2303788574989992e-05,Low,Maintain: Standard loyalty program
15744,Silver Tier,0,78,1,34.8,2,1,1,211,793.7994213099503,0.0679765533927228,1.0,2.2303788574992923e-05,Low,Maintain: Standard loyalty program
15745,Silver Tier,0,19,4,1094.59,4,4,4,444,1294.9865852249338,0.1505186300502367,0.9994974634807988,2.2303788574989992e-05,Low,Maintain: Standard loyalty program
15746,Silver Tier,0,134,1,196.88,2,1,1,211,570.9298029785416,0.048881132193955,1.0,0.9999776962114252,High,Send: Standard win-back offer
15747,Silver Tier,0,13,3,946.64,5,3,4,534,1484.2847613133497,0.140718720704343,0.99948749376762,2.230378857499003e-05,Low,Maintain: Standard loyalty program
15748,Silver Tier,0,40,1,144.36,3,1,1,311,1063.2353258039057,0.091070109272735,1.0,2.2303788574990148e-05,Low,Maintain: Standard loyalty program
15749,Gold Tier,3,235,3,44534.3,1,3,5,135,15670.523775604528,0.0545322746815516,0.997453005959034,0.9999776962114252,High,High Priority: Send retention offer
15750,Silver Tier,0,3,8,2463.05,5,5,5,555,1925.6044743671057,0.1882971602898172,0.9996980714534904,2.2303788574990148e-05,Low,Maintain: Standard loyalty program
15752,Silver Tier,0,40,7,2626.6,3,5,5,355,2077.3125469985,0.1856886455353146,0.9994495659316096,2.230378857499003e-05,Low,Maintain: Standard loyalty program
15753,Inactive,1,305,1,79.2,1,1,1,111,310.7423748975451,0.02659752978469,1.0,0.9999776962114252,High,Low Priority: Automated email only
15754,Silver Tier,0,51,3,458.57,3,3,2,332,811.9526266665259,0.1076284568743855,0.9992692516999656,2.2303788574990263e-05,Low,Maintain: Standard loyalty program
15755,Silver Tier,0,10,6,2364.25,5,5,5,555,2225.0709476205584,0.1925844930452191,0.9996236788921232,2.230378857499003e-05,Low,Maintain: Standard loyalty program
15756,Silver Tier,0,61,4,528.01,3,4,3,343,863.3383293104462,0.1443081210558778,0.9991125865474588,2.2303788574990585e-05,Low,Maintain: Standard loyalty program
15757,Silver Tier,0,66,2,714.42,3,3,3,333,932.3629710927364,0.0765990235650307,0.9991843841132028,2.2303788574990703e-05,Low,Maintain: Standard loyalty program
15758,Silver Tier,0,25,1,205.25,4,2,1,421,1246.1579201425084,0.1067531700766435,1.0,2.2303788574990107e-05,Low,Maintain: Standard loyalty program
15759,Inactive,1,218,3,253.04,1,3,2,132,448.5486515333697,0.0791854726824829,0.9966652967058104,0.9999776962114252,High,Low Priority: Automated email only
15762,Silver Tier,0,65,2,583.75,3,3,3,333,1463.617644118644,0.1499922759100143,0.9985059817675748,2.2303788574990625e-05,Low,Maintain: Standard loyalty program
15763,Silver Tier,0,32,2,1086.92,4,3,4,434,2044.1829149067592,0.1500983755990071,0.9992122926324528,2.2303788574989992e-05,Low,Maintain: Standard loyalty program
15764,Silver Tier,0,88,6,3279.97,2,5,5,255,2374.505456562472,0.1329684718065912,0.9987881394559356,2.2303788575000844e-05,Low,Maintain: Standard loyalty program
15766,Silver Tier,0,64,1,315.06,3,2,2,322,871.382211660038,0.0746253479085986,1.0,2.2303788574990663e-05,Low,Maintain: Standard loyalty program
15768,Silver Tier,0,116,3,621.8299999999999,2,4,3,243,767.0547379962646,0.1151948178024726,0.9981979190621898,0.9999776962114252,High,Send: Standard win-back offer
15769,Gold Tier,3,7,26,56252.72,5,5,5,555,42782.81868662549,0.5952663436876495,0.9998176298736924,2.2303788574991174e-05,Low,Maintain: VIP loyalty program
15773,Silver Tier,0,6,1,635.6800000000001,5,2,3,523,1566.149238768915,0.1341959535906739,1.0,2.2303788574990148e-05,Low,Maintain: Standard loyalty program
15774,Silver Tier,0,69,1,270.8,3,2,2,322,845.942306092539,0.0724450826584567,1.0,2.2303788574990744e-05,Low,Maintain: Standard loyalty program
15775,Inactive,1,245,1,104.9,1,2,1,121,369.1232389549317,0.0315965772206681,1.0,0.9999776962114252,High,Low Priority: Automated email only
15776,Silver Tier,0,133,1,241.62,2,2,1,221,573.7558586401718,0.0491232251125102,1.0,0.9999776962114252,High,Send: Standard win-back offer
15777,Inactive,1,241,4,1047.11,1,4,4,144,813.006589331198,0.078539771642235,0.9954848336109924,0.9999776962114252,High,Low Priority: Automated email only
15780,Inactive,1,184,3,475.28,1,4,2,142,550.9547562706778,0.0794644930927436,0.9978343709014345,0.9999776962114252,High,Low Priority: Automated email only
15781,Silver Tier,0,25,3,345.46,4,4,2,442,599.4473058886672,0.0906630900034643,0.9994605960702037,2.230378857499007e-05,Low,Maintain: Standard loyalty program
15782,Silver Tier,0,10,3,2614.74,5,4,5,545,2784.580845844608,0.2146784716149931,0.9994763865788372,2.230378857499007e-05,Low,Maintain: Standard loyalty program
15783,Silver Tier,0,11,1,246.3,5,2,1,521,1467.013040655582,0.1256929055747151,1.0,2.230378857499007e-05,Low,Maintain: Standard loyalty program
15785,Silver Tier,0,33,5,2328.9700000000003,4,4,5,445,1604.5746073264745,0.1261086073332512,0.9994412957294752,2.230378857499003e-05,Low,Maintain: Standard loyalty program
15786,Silver Tier,0,46,3,4919.0,3,4,5,345,3516.141533642472,0.1197269215493548,0.9991357237526396,2.2303788574990625e-05,Low,Maintain: Standard loyalty program
15787,Silver Tier,0,26,3,933.26,4,4,3,443,2053.280276586374,0.1685881828329364,0.9992342972023268,2.230378857499003e-05,Low,Maintain: Standard loyalty program
15789,Inactive,1,358,1,351.3,1,2,2,122,271.448553849472,0.0232332038598186,1.0,0.9999776962114252,High,Low Priority: Automated email only
15790,Silver Tier,0,10,1,218.75,5,2,1,521,1467.013040655582,0.1256929055747151,1.0,2.2303788574990107e-05,Low,Maintain: Standard loyalty program
15791,Silver Tier,0,44,2,1612.69,3,3,4,334,910.2426603475344,0.0802573283966893,0.9993034615420392,2.2303788574989992e-05,Low,Maintain: Standard loyalty program
15793,Silver Tier,0,15,3,965.61,4,4,4,444,1021.2164948667258,0.1006236913031751,0.999499870092075,2.230378857499003e-05,Low,Maintain: Standard loyalty program
15795,Inactive,1,150,1,610.01,2,2,3,223,531.6500917101112,0.0455163720888534,1.0,0.9999776962114252,High,Low Priority: Automated email only
15796,Silver Tier,0,1,8,2708.61,5,5,5,555,2482.2506346181813,0.2531356566993326,0.9997246149399706,2.2303788574990226e-05,Low,Maintain: Standard loyalty program
15797,Silver Tier,0,113,4,2207.4,2,4,5,245,2137.590913151862,0.1181990022818128,0.9985342631310506,0.9999776962114252,High,Send: Standard win-back offer
15799,Silver Tier,0,76,3,884.14,2,4,3,243,782.4916907827578,0.0841161409673237,0.99920621733029,2.230378857499205e-05,Low,Maintain: Standard loyalty program
15800,Silver Tier,0,107,2,696.89,2,3,3,233,845.7084557257051,0.0695262224731478,0.9989132799248484,0.9999776962114252,High,Send: Standard win-back offer
15801,Silver Tier,0,46,3,1063.95,3,4,4,344,2386.28612756294,0.1904485623331143,0.9989672525760046,2.230378857499003e-05,Low,Maintain: Standard loyalty program
15802,Silver Tier,0,143,1,451.42,2,2,2,222,549.2856589747144,0.047027033773002,1.0,0.9999776962114252,High,Send: Standard win-back offer
15803,Silver Tier,0,51,1,415.8200000000001,3,2,2,322,965.7756941997336,0.0827157895004857,1.0,2.2303788574990263e-05,Low,Maintain: Standard loyalty program
15804,Silver Tier,0,1,13,4206.39,5,5,5,555,5124.561299154105,0.5765345413103898,0.9998063291250912,2.2303788574990263e-05,Low,Maintain: Standard loyalty program
15805,Gold Tier,3,23,17,5488.18,4,5,5,455,4251.232274627147,0.3553968194197316,0.999609978666934,2.2303788574990307e-05,Low,Maintain: VIP loyalty program
15806,Silver Tier,0,46,3,784.58,3,4,3,343,844.301922720497,0.0982736230622724,0.999335299223187,2.230378857499003e-05,Low,Maintain: Standard loyalty program
15807,Silver Tier,0,50,3,903.9,3,4,3,343,1463.9277762401184,0.1500521408147893,0.998904505392562,2.2303788574990107e-05,Low,Maintain: Standard loyalty program
15808,Inactive,1,306,4,3651.27,1,4,5,145,2171.240243359763,0.1009430587672775,0.962673109395868,0.9999776962114252,High,Low Priority: Automated email only
15809,Silver Tier,0,36,5,515.77,3,4,3,343,678.1042903667616,0.1560597163547219,0.9994229632458728,2.230378857499007e-05,Low,Maintain: Standard loyalty program
15810,Silver Tier,0,79,4,1391.98,2,4,4,244,1271.3206546653375,0.1257093111239459,0.9990144382425354,2.2303788574993715e-05,Low,Maintain: Standard loyalty program
15811,Silver Tier,0,22,6,2218.62,4,5,5,455,1772.20513599027,0.1610635716425662,0.9995669940701576,2.2303788574989992e-05,Low,Maintain: Standard loyalty program
15812,Silver Tier,0,107,5,1801.14,2,4,4,244,1663.9550073711912,0.1498271725591274,0.9983120286661123,0.9999776962114252,High,Send: Standard win-back offer
15813,Inactive,1,208,2,1303.91,1,3,4,134,937.3310018205976,0.0709069063754674,0.996104983674012,0.9999776962114252,High,Low Priority: Automated email only
15814,Silver Tier,0,17,4,1945.33,4,4,4,444,3310.306293691634,0.2850452500101363,0.9993327120040258,2.2303788574989992e-05,Low,Maintain: Standard loyalty program
15815,Silver Tier,0,64,5,2100.6,3,4,5,345,2072.2883783566917,0.1764516212593095,0.999013201546663,2.2303788574990974e-05,Low,Maintain: Standard loyalty program
15819,Silver Tier,0,49,4,1905.45,3,4,4,344,1571.4913728661209,0.133035817836244,0.9992940068600114,2.2303788574990107e-05,Low,Maintain: Standard loyalty program
15820,Inactive,1,320,1,206.98,1,2,1,121,298.7303885584828,0.0255690379498354,1.0,0.9999776962114252,High,Low Priority: Automated email only
15821,Silver Tier,0,44,2,570.96,3,3,3,333,1750.6394045477527,0.1685345656697765,0.9989165044160956,2.2303788574989992e-05,Low,Maintain: Standard loyalty program
15822,Silver Tier,0,3,2,885.47,5,3,3,533,618.0647722910187,0.0511954865079445,0.9994840652834942,2.2303788574990148e-05,Low,Maintain: Standard loyalty program
15823,Inactive,1,372,1,15.0,1,2,1,121,262.83198413710926,0.0224954923923936,1.0,0.9999776962114252,High,Low Priority: Automated email only
15825,Inactive,1,172,1,532.94,2,2,3,223,480.91743193220873,0.041170874564698,1.0,0.9999776962114252,High,Low Priority: Automated email only
15826,Silver Tier,0,56,3,1654.31,3,4,4,344,1448.9746306693285,0.0785253000256073,0.9992331793800888,2.2303788574990307e-05,Low,Maintain: Standard loyalty program
15827,Silver Tier,0,73,14,1836.09,2,5,4,254,1575.5821883975989,0.2941976920920753,0.9984530508078764,2.230378857499213e-05,Low,Maintain: Standard loyalty program
15829,Silver Tier,0,99,2,636.14,2,3,3,233,1080.1372972202248,0.1047445796092244,0.9983556185766618,0.9999776962114252,High,Send: Standard win-back offer
15830,Silver Tier,0,38,1,576.0,3,2,3,323,1093.3262542128698,0.0936497419097193,1.0,2.2303788574989992e-05,Low,Maintain: Standard loyalty program
15831,Silver Tier,0,58,3,794.64,3,4,3,343,741.5551267649843,0.0862653612432457,0.9993034338775952,2.2303788574990344e-05,Low,Maintain: Standard loyalty program
15832,Inactive,1,254,1,836.79,1,2,3,123,358.8392222195989,0.0307159336336942,1.0,0.9999776962114252,High,Low Priority: Automated email only
15834,Silver Tier,0,70,4,2225.15,3,4,5,345,1250.5558368121326,0.0979723142101533,0.9991597802736724,2.230378857499217e-05,Low,Maintain: Standard loyalty program
15835,Silver Tier,0,44,4,954.09,3,4,4,344,881.8492436459275,0.1150376917636187,0.999385644269634,2.2303788574989992e-05,Low,Maintain: Standard loyalty program
15836,Silver Tier,0,50,1,137.37,3,2,1,321,973.891045138813,0.0834114029271052,1.0,2.2303788574990625e-05,Low,Maintain: Standard loyalty program
15837,Silver Tier,0,65,1,391.98,3,2,2,322,871.382211660038,0.0746253479085986,1.0,2.2303788574990663e-05,Low,Maintain: Standard loyalty program
15838,Gold Tier,3,11,19,33643.08,5,5,5,555,25104.80402117906,0.408040391419314,0.999745767034967,2.23037885749909e-05,Low,Maintain: VIP loyalty program
15839,Silver Tier,0,33,3,1048.49,4,4,4,444,1711.1636617855256,0.1562578228044784,0.9992928894620084,2.2303788574989992e-05,Low,Maintain: Standard loyalty program
15840,Silver Tier,0,59,2,355.56,3,3,2,332,703.9590628382288,0.0909045284380895,0.9991579008670352,2.2303788574990426e-05,Low,Maintain: Standard loyalty program
15841,Silver Tier,0,73,4,1224.06,2,4,4,244,1047.0949850212253,0.1127519959267981,0.9991725950946908,2.230378857499177e-05,Low,Maintain: Standard loyalty program
15843,Inactive,1,304,1,118.95,1,2,1,121,311.5776142870179,0.0266690456961384,1.0,0.9999776962114252,High,Low Priority: Automated email only
15844,Silver Tier,0,46,1,130.73999999999998,3,2,1,321,1007.7639635956134,0.0863149271016233,1.0,2.2303788574990148e-05,Low,Maintain: Standard loyalty program
15845,Silver Tier,0,18,8,3711.77,4,5,5,455,3100.4225635308744,0.2312857475710721,0.99962317149873,2.230378857499007e-05,Low,Maintain: Standard loyalty program
15847,Silver Tier,0,38,2,389.27,3,3,2,332,551.2849374049844,0.0613729836914141,0.9993744413033628,2.230378857499003e-05,Low,Maintain: Standard loyalty program
15850,Silver Tier,0,19,2,234.88,4,3,1,431,721.9273955125948,0.0924623639336214,0.9994066699190748,2.230378857499007e-05,Low,Maintain: Standard loyalty program
15852,Inactive,1,187,2,160.71,1,3,1,131,575.1342317931629,0.0820515846927104,0.995439782953646,0.9999776962114252,High,Low Priority: Automated email only
15853,Silver Tier,0,52,1,110.8,3,2,1,321,965.7756941997336,0.0827157895004857,1.0,2.230378857499082e-05,Low,Maintain: Standard loyalty program
15854,Silver Tier,0,4,12,2969.12,5,5,5,555,2443.632714326419,0.2742105374944156,0.9997445173106748,2.2303788574990148e-05,Low,Maintain: Standard loyalty program
15855,Silver Tier,0,137,5,712.24,2,4,3,243,1038.5219275599843,0.1737167943542908,0.9955268067417689,0.9999776962114252,High,Send: Standard win-back offer
15856,Gold Tier,3,4,27,16143.64,5,5,5,555,11518.526966721758,0.5758595881217977,0.999838106378936,2.230378857499106e-05,Low,Maintain: VIP loyalty program
15857,Silver Tier,0,19,1,297.0,4,2,2,422,1332.1040378327834,0.114123036862965,1.0,2.230378857499007e-05,Low,Maintain: Standard loyalty program
15858,Silver Tier,0,16,5,1427.57,4,4,4,444,1103.6194474217943,0.1328106555217634,0.9995824968090076,2.2303788574989992e-05,Low,Maintain: Standard loyalty program
15860,Silver Tier,0,41,8,965.16,3,5,4,354,994.1616287277408,0.2148338347209804,0.999428514254663,2.2303788574989992e-05,Low,Maintain: Standard loyalty program
15861,Silver Tier,0,12,8,3146.92,5,5,5,555,2765.9488103310982,0.2080599146216243,0.9996047272301594,2.230378857499007e-05,Low,Maintain: Standard loyalty program
15862,Silver Tier,0,8,4,832.88,5,4,3,543,673.6815821064246,0.103864150445261,0.9995786534502932,2.2303788574990185e-05,Low,Maintain: Standard loyalty program
15863,Silver Tier,0,26,2,68.84,4,3,1,431,590.8186439699251,0.0839556445906858,0.9993878266709678,2.2303788574990185e-05,Low,Maintain: Standard loyalty program
15864,Silver Tier,0,22,6,1936.32,4,5,4,454,1802.813334428149,0.1815638057113931,0.9995494424107252,2.2303788574989992e-05,Low,Maintain: Standard loyalty program
15865,Silver Tier,0,41,3,895.13,3,4,3,343,1136.7579113735394,0.1202328001959545,0.9993164843823886,2.2303788574989992e-05,Low,Maintain: Standard loyalty program
15866,Silver Tier,0,101,1,211.89,2,2,1,221,681.7438105098372,0.058374814201062,1.0,0.9999776962114252,High,Send: Standard win-back offer
15867,Gold Tier,3,5,15,3810.14,5,5,5,555,3148.387963711351,0.4061963060490192,0.999793641491569,2.2303788574990344e-05,Low,Maintain: VIP loyalty program
15869,Inactive,1,277,2,149.64,1,3,1,131,334.98832132167604,0.0286735956357553,1.0,0.9999776962114252,High,Low Priority: Automated email only
15870,Silver Tier,0,33,1,351.44,4,2,2,422,1147.450852684066,0.0982899773019129,1.0,2.230378857499007e-05,Low,Maintain: Standard loyalty program
15872,Silver Tier,0,15,2,316.25,4,3,2,432,1396.3067155040203,0.1196288779998455,1.0,2.230378857499007e-05,Low,Maintain: Standard loyalty program
15874,Silver Tier,0,64,7,4405.88,3,5,5,355,3888.6633401970366,0.1979168714520393,0.998994971847276,2.2303788574991693e-05,Low,Maintain: Standard loyalty program
15877,Silver Tier,0,2,2,490.33,5,3,3,533,2428.9455006678986,0.2549931449563443,0.9994796445928692,2.2303788574990185e-05,Low,Maintain: Standard loyalty program
15880,Inactive,1,369,1,329.03000000000003,1,2,2,122,264.6320244409797,0.0226496025395617,1.0,0.9999776962114252,High,Low Priority: Automated email only
15881,Inactive,1,312,5,501.39,1,4,3,143,595.5325277224617,0.0770904663986759,0.9839334588529044,0.9999776962114252,High,Low Priority: Automated email only
15882,Inactive,1,199,4,516.36,1,4,3,143,408.4223806559052,0.0500899048108332,0.9984674274743623,0.9999776962114252,High,Low Priority: Automated email only
15883,Silver Tier,0,2,2,396.48,5,3,2,532,2052.7520430206714,0.214958159023202,0.9994718810267492,2.2303788574990185e-05,Low,Maintain: Standard loyalty program
15885,Silver Tier,0,93,3,379.35,2,4,2,242,674.565064107495,0.0896643306745881,0.999024467667697,0.9999776962114252,High,Send: Standard win-back offer
15886,Silver Tier,0,60,1,181.09,3,2,1,321,898.3998783426291,0.0769409172535742,1.0,2.230378857499082e-05,Low,Maintain: Standard loyalty program
15888,Silver Tier,0,81,1,168.31,2,2,1,221,777.8183113846773,0.0666070762236167,1.0,2.2303788574993597e-05,Low,Maintain: Standard loyalty program
15889,Inactive,1,157,2,420.07,2,3,2,232,409.5828376361003,0.0499952737642578,0.9988620611428152,0.9999776962114252,High,Low Priority: Automated email only
15891,Inactive,1,227,1,511.68,1,2,3,123,392.89445809729585,0.0336322275695334,1.0,0.9999776962114252,High,Low Priority: Automated email only
15894,Inactive,1,253,2,258.25,1,3,2,132,382.19764496636634,0.0499293426265671,0.9975448143886956,0.9999776962114252,High,Low Priority: Automated email only
15895,Inactive,1,150,1,179.17,2,2,1,221,531.6500917101112,0.0455163720888534,1.0,0.9999776962114252,High,Low Priority: Automated email only
15897,Inactive,1,194,2,208.59,1,3,1,131,440.69317179989525,0.0377257525104405,1.0,0.9999776962114252,High,Low Priority: Automated email only
15898,Silver Tier,0,1,5,1383.83,5,4,4,544,1074.0895274058653,0.1325147662203016,0.9996434761438678,2.2303788574990185e-05,Low,Maintain: Standard loyalty program
15899,Inactive,1,369,1,56.25,1,2,1,121,265.2375295735978,0.0227014428911775,1.0,0.9999776962114252,High,Low Priority: Automated email only
15900,Silver Tier,0,24,1,337.28000000000003,4,2,2,422,1259.703587062989,0.107914660124522,1.0,2.230378857499007e-05,Low,Maintain: Standard loyalty program
15901,Silver Tier,0,17,3,351.73,4,4,2,442,976.885782578378,0.1520762379745368,0.9994524840808714,2.230378857499007e-05,Low,Maintain: Standard loyalty program
15903,Silver Tier,0,10,7,5126.76,5,5,5,555,4814.756522290453,0.2250235967922541,0.9996528925098592,2.2303788574990107e-05,Low,Maintain: Standard loyalty program
15904,Silver Tier,0,8,1,164.68,5,2,1,521,1505.1219667863047,0.1289614553746847,1.0,2.23037885749909e-05,Low,Maintain: Standard loyalty program
15906,Silver Tier,0,20,7,1567.69,4,5,4,454,1594.7403895872628,0.1787226489301698,0.999527994686307,2.230378857499003e-05,Low,Maintain: Standard loyalty program
15907,Silver Tier,0,4,3,882.72,5,4,3,543,1234.2256209472328,0.1215535248463596,0.9995426210683684,2.2303788574990148e-05,Low,Maintain: Standard loyalty program
15909,Inactive,1,174,1,191.94,2,2,1,221,478.9304059352244,0.0410006841373842,1.0,0.9999776962114252,High,Low Priority: Automated email only
15910,Silver Tier,0,1,8,1228.88,5,5,4,554,1311.1155978331603,0.2439301715230021,0.9997303711453764,2.2303788574990226e-05,Low,Maintain: Standard loyalty program
15912,Inactive,1,178,2,264.62,2,3,2,232,569.6185373300596,0.0724111125080574,0.9974142559569742,0.9999776962114252,High,Low Priority: Automated email only
15916,Silver Tier,0,16,8,1502.86,4,5,4,454,1294.932665732707,0.1882828577745831,0.9996221372393234,2.230378857499003e-05,Low,Maintain: Standard loyalty program
15917,Inactive,1,248,1,123.1,1,2,1,121,366.7872811283449,0.0313965423243457,1.0,0.9999776962114252,High,Low Priority: Automated email only
15918,Inactive,1,191,2,334.23,1,3,2,132,564.1539453213641,0.0643365064213575,0.997731897507537,0.9999776962114252,High,Low Priority: Automated email only
15919,Silver Tier,0,20,2,525.69,4,3,3,433,517.8391006968601,0.0501390760448495,0.9994475825718694,2.230378857499007e-05,Low,Maintain: Standard loyalty program
15920,Inactive,1,154,4,167.5,2,4,1,241,519.7310816912019,0.0444954164693017,1.0,0.9999776962114252,High,Low Priority: Automated email only
15921,Inactive,1,173,1,323.03000000000003,2,2,2,222,480.91743193220873,0.041170874564698,1.0,0.9999776962114252,High,Low Priority: Automated email only
15922,Inactive,1,373,1,369.5,1,2,2,122,262.2374002805863,0.0224445873246541,1.0,0.9999776962114252,High,Low Priority: Automated email only
15923,Inactive,1,373,1,127.08,1,2,1,121,262.83198413710926,0.0224954923923936,1.0,0.9999776962114252,High,Low Priority: Automated email only
15925,Inactive,1,194,1,207.15,1,2,1,121,440.69317179989525,0.0377257525104405,1.0,0.9999776962114252,High,Low Priority: Automated email only
15930,Silver Tier,0,67,1,426.63,3,2,2,322,852.1619817857782,0.0729781175341892,1.0,2.2303788574990744e-05,Low,Maintain: Standard loyalty program
15932,Silver Tier,0,4,8,2495.87,5,5,5,555,2403.584416851694,0.2623248420964008,0.9997055866737232,2.2303788574990148e-05,Low,Maintain: Standard loyalty program
15933,Silver Tier,0,21,3,1107.46,4,4,4,444,2290.808058340308,0.2188039093199271,0.9993305166028672,2.2303788574989992e-05,Low,Maintain: Standard loyalty program
15935,Inactive,1,239,2,416.86,1,3,2,132,538.3740914300174,0.0701956827078306,0.9925188197071232,0.9999776962114252,High,Low Priority: Automated email only
15937,Silver Tier,0,64,1,145.35,3,2,1,321,871.382211660038,0.0746253479085986,1.0,2.2303788574991137e-05,Low,Maintain: Standard loyalty program
15938,Silver Tier,0,112,5,404.58,2,4,2,242,651.2417972658195,0.1475187529832693,0.9982128561774356,0.9999776962114252,High,Send: Standard win-back offer
15939,Gold Tier,3,90,15,6115.01,2,5,5,255,4789.748286786878,0.4124221837495534,0.994078888465236,2.230378857500116e-05,Low,Maintain: VIP loyalty program
15940,Inactive,1,311,1,35.8,1,2,1,121,305.018777800336,0.0261074600705156,1.0,0.9999776962114252,High,Low Priority: Automated email only
15942,Silver Tier,0,134,1,337.44,2,2,2,222,573.7558586401718,0.0491232251125102,1.0,0.9999776962114252,High,Send: Standard win-back offer
15944,Inactive,1,277,1,325.1,1,2,2,122,335.95919464018573,0.0287567290360468,1.0,0.9999776962114252,High,Low Priority: Automated email only
15945,Inactive,1,365,1,181.0,1,2,1,121,267.07078577809557,0.0228583976149709,1.0,0.9999776962114252,High,Low Priority: Automated email only
15947,Silver Tier,0,83,1,1708.24,2,2,4,224,767.5170296675334,0.0657243406486802,1.0,2.2303788574995376e-05,Low,Maintain: Standard loyalty program
15948,Silver Tier,0,8,2,955.24,5,3,4,534,2018.1773135632393,0.1957396550673468,0.9994167927723064,2.2303788574990185e-05,Low,Maintain: Standard loyalty program
15949,Silver Tier,0,17,2,364.72,4,3,2,432,1240.1872426654693,0.1565589896991137,0.9993642279665312,2.230378857499007e-05,Low,Maintain: Standard loyalty program
15950,Silver Tier,0,32,4,1744.71,4,4,4,444,1303.4197319368764,0.1072512489111333,0.999476143932756,2.2303788574989992e-05,Low,Maintain: Standard loyalty program
15951,Silver Tier,0,9,2,708.22,5,3,3,533,656.5603824362341,0.0618990746339488,0.9994689389582144,2.230378857499003e-05,Low,Maintain: Standard loyalty program
15952,Silver Tier,0,34,4,781.91,3,4,3,343,1087.0678775874926,0.1561336140718873,0.999380389630747,2.230378857499003e-05,Low,Maintain: Standard loyalty program
15953,Silver Tier,0,15,8,1657.28,4,5,4,454,1426.0547017523952,0.2143898636441251,0.9996458390825618,2.230378857499003e-05,Low,Maintain: Standard loyalty program
15955,Gold Tier,3,24,14,4416.26,4,5,5,455,3200.1453335389724,0.2673298736471193,0.9995961069628826,2.2303788574990307e-05,Low,Maintain: VIP loyalty program
15957,Silver Tier,0,32,1,428.89,4,2,2,422,1158.925382250077,0.0992737570996446,1.0,2.230378857499007e-05,Low,Maintain: Standard loyalty program
15958,Silver Tier,0,74,1,104.35,2,2,1,221,810.4510859892586,0.0694035271114614,1.0,2.2303788574992563e-05,Low,Maintain: Standard loyalty program
15963,Silver Tier,0,20,2,470.76,4,3,2,432,1680.9168417170058,0.1922784533917998,0.9992892954320703,2.230378857499007e-05,Low,Maintain: Standard loyalty program
15965,Silver Tier,0,17,4,808.87,4,4,3,443,785.035538406153,0.0777714378842765,0.9995036181383404,2.2303788574989992e-05,Low,Maintain: Standard loyalty program
15967,Silver Tier,0,23,2,397.68,4,3,2,432,528.6804135765208,0.0566174803952109,0.9994303525122183,2.230378857499007e-05,Low,Maintain: Standard loyalty program
15969,Silver Tier,0,3,3,666.1,5,4,3,543,996.0048187621408,0.1335220058071616,0.999546361463272,2.2303788574990148e-05,Low,Maintain: Standard loyalty program
15970,Inactive,1,304,1,314.09999999999997,1,2,2,122,311.5776142870179,0.0266690456961384,1.0,0.9999776962114252,High,Low Priority: Automated email only
15971,Silver Tier,0,18,12,4199.85,4,5,5,455,3374.9803586781723,0.3418406659229259,0.9996417553951148,2.2303788574990107e-05,Low,Maintain: Standard loyalty program
15973,Inactive,1,367,1,307.82000000000005,1,2,2,122,266.45689100090283,0.0228058387806504,1.0,0.9999776962114252,High,Low Priority: Automated email only
15974,Silver Tier,0,39,7,3442.15,3,5,5,355,2841.368969055885,0.2293686078199371,0.999355593935098,2.230378857499003e-05,Low,Maintain: Standard loyalty program
15975,Silver Tier,0,84,1,371.01,2,2,2,222,757.4850672444373,0.0648646966288174,1.0,2.2303788574994583e-05,Low,Maintain: Standard loyalty program
15976,Inactive,1,165,2,427.64,2,3,2,232,688.7144243666413,0.0756844630320369,0.9976135216325556,0.9999776962114252,High,Low Priority: Automated email only
15977,Silver Tier,0,17,2,1054.73,4,3,4,434,3119.920750252915,0.2029721424426927,0.9993034888636084,2.230378857499003e-05,Low,Maintain: Standard loyalty program
15978,Silver Tier,0,77,1,1098.78,2,2,4,224,793.7994213099503,0.0679765533927228,1.0,2.230378857499229e-05,Low,Maintain: Standard loyalty program
15980,Silver Tier,0,89,3,2398.86,2,4,5,245,1874.8867648433445,0.0678157117943117,0.9990895872940968,2.2303788575000807e-05,Low,Maintain: Standard loyalty program
15981,Silver Tier,0,25,8,3408.48,4,5,5,455,3082.2591485133794,0.2470960636868912,0.9995507380359372,2.230378857499007e-05,Low,Maintain: Standard loyalty program
15983,Silver Tier,0,22,4,1465.12,4,4,4,444,1064.134756191097,0.1038582990482427,0.99952234016484,2.2303788574989992e-05,Low,Maintain: Standard loyalty program
15984,Silver Tier,0,3,10,2780.63,5,5,5,555,2343.9570949695735,0.2698204858698047,0.9997561887822558,2.2303788574990148e-05,Low,Maintain: Standard loyalty program
15985,Silver Tier,0,123,2,1142.42,2,3,4,234,676.9011031670595,0.0717905629909774,0.9986926279595262,0.9999776962114252,High,Send: Standard win-back offer
15986,Silver Tier,0,30,1,168.11999999999998,4,2,1,421,1170.6317638661749,0.1002774292261558,1.0,2.2303788574990107e-05,Low,Maintain: Standard loyalty program
15987,Silver Tier,0,12,7,1432.77,5,5,4,554,1314.7123565992213,0.1599667653151755,0.999623880542754,2.230378857499003e-05,Low,Maintain: Standard loyalty program
15988,Silver Tier,0,19,1,156.78,4,2,1,421,1316.965589877716,0.1128248642298541,1.0,2.2303788574990107e-05,Low,Maintain: Standard loyalty program
15990,Silver Tier,0,44,2,792.11,3,3,3,333,699.1371044489179,0.0615440341964622,0.9993519051517286,2.2303788574989992e-05,Low,Maintain: Standard loyalty program
15992,Silver Tier,0,4,1,41.989999999999995,5,2,1,521,1609.660589705031,0.1379282589170133,1.0,2.23037885749909e-05,Low,Maintain: Standard loyalty program
15993,Silver Tier,0,9,7,2777.67,5,5,5,555,5529.328375194355,0.512676236800455,0.9994973445362668,2.230378857499007e-05,Low,Maintain: Standard loyalty program
15994,Silver Tier,0,55,1,414.27,3,2,2,322,942.2214556792164,0.0806968633576997,1.0,2.2303788574990344e-05,Low,Maintain: Standard loyalty program
15996,Silver Tier,0,88,6,1032.58,2,5,4,254,916.2261699451136,0.1605710922034567,0.9988071937294142,2.230378857500057e-05,Low,Maintain: Standard loyalty program
15998,Silver Tier,0,37,5,3080.22,3,4,5,345,1976.0285673185467,0.1343356033240402,0.9994628702119048,2.230378857499003e-05,Low,Maintain: Standard loyalty program
16000,Silver Tier,0,3,3,12393.7,5,4,5,545,1632.33591665712,0.1398733627495564,1.0,2.2303788574990226e-05,Low,Maintain: Standard loyalty program
16003,Silver Tier,0,30,5,2735.37,4,4,5,445,1476.555029614659,0.1072523192140867,0.9994861181034962,2.230378857499003e-05,Low,Maintain: Standard loyalty program
16005,Silver Tier,0,12,4,578.71,5,4,3,543,805.508533796468,0.1000307864758636,0.9995088213677622,2.230378857499003e-05,Low,Maintain: Standard loyalty program
16006,Inactive,1,211,1,101.4,1,2,1,121,413.9398564473345,0.0354345291946952,1.0,0.9999776962114252,High,Low Priority: Automated email only
16007,Silver Tier,0,48,4,1693.81,3,4,4,344,1978.7553875852564,0.1616061663123572,0.9992149774209832,2.2303788574990107e-05,Low,Maintain: Standard loyalty program
16008,Silver Tier,0,24,3,478.78,4,4,2,442,906.9305998706972,0.1242120135141404,0.9994311086124854,2.230378857499007e-05,Low,Maintain: Standard loyalty program
16009,Silver Tier,0,22,4,972.11,4,4,4,444,1376.1204196589922,0.2013551296514129,0.9994206906470636,2.2303788574989992e-05,Low,Maintain: Standard loyalty program
16010,Inactive,1,246,3,392.4,1,4,2,142,532.0970992998914,0.078338697458304,0.9952458513070644,0.9999776962114252,High,Low Priority: Automated email only
16011,Gold Tier,3,8,16,3352.96,5,5,5,555,2731.0440048605938,0.4365765526614177,0.9997777576748604,2.2303788574990344e-05,Low,Maintain: VIP loyalty program
16012,Silver Tier,0,35,3,1415.29,3,4,4,344,2063.615380936405,0.1513713857407926,0.9992829590106512,2.2303788574989992e-05,Low,Maintain: Standard loyalty program
16013,Gold Tier,3,4,47,37130.6,5,5,5,555,27695.433905990205,0.7589428282026643,0.9998730236583322,2.230378857499209e-05,Low,Maintain: VIP loyalty program
16014,Silver Tier,0,38,3,646.83,3,4,3,343,732.7682140516393,0.0941837533559582,0.9993972952062372,2.2303788574989992e-05,Low,Maintain: Standard loyalty program
16015,Silver Tier,0,4,3,704.55,5,4,3,543,2262.0071986191815,0.2875173544234365,0.9995228769838423,2.2303788574990148e-05,Low,Maintain: Standard loyalty program
16016,Silver Tier,0,3,8,1465.51,5,5,4,554,1170.7636929635337,0.1882962556229536,0.9996932684404368,2.2303788574990107e-05,Low,Maintain: Standard loyalty program
16017,Silver Tier,0,47,1,211.88,3,2,1,321,999.0767042537736,0.0855702587773623,1.0,2.2303788574990185e-05,Low,Maintain: Standard loyalty program
16018,Silver Tier,0,39,2,408.9,3,3,2,332,834.378907041216,0.0879958088935697,0.9993047841971778,2.230378857499003e-05,Low,Maintain: Standard loyalty program
16019,Silver Tier,0,47,9,3786.24,3,5,5,355,3038.742821668636,0.2444965652437608,0.9993263757593398,2.2303788574990263e-05,Low,Maintain: Standard loyalty program
16020,Silver Tier,0,17,3,851.01,4,4,3,443,1732.0655884447017,0.1635725682842167,0.999357457792858,2.230378857499003e-05,Low,Maintain: Standard loyalty program
16022,Inactive,1,260,1,602.63,1,2,3,123,352.2957723378669,0.0301556124645647,1.0,0.9999776962114252,High,Low Priority: Automated email only
16023,Silver Tier,0,46,3,719.8100000000001,3,4,3,343,921.5863617309412,0.1012070354935603,0.9993265951712232,2.230378857499003e-05,Low,Maintain: Standard loyalty program
16024,Silver Tier,0,12,1,251.03,5,2,2,522,1430.786674672573,0.1225859443620275,1.0,2.230378857499007e-05,Low,Maintain: Standard loyalty program
16025,Silver Tier,0,30,1,439.66,4,2,2,422,1182.577097323801,0.1013016031875834,1.0,2.230378857499007e-05,Low,Maintain: Standard loyalty program
16026,Silver Tier,0,43,1,236.09,3,2,1,321,1034.75663059681,0.0886287817760632,1.0,2.230378857499003e-05,Low,Maintain: Standard loyalty program
16027,Silver Tier,0,92,6,934.62,2,5,4,254,940.2708129446048,0.1881913347380823,0.9983533293219524,0.9999776962114252,High,Send: Standard win-back offer
16029,Platinum Tier,2,39,63,80850.84,3,5,5,355,58607.319456747624,1.0515850383197032,0.9974275738457314,2.230378857499217e-05,Low,Maintain: Continue white-glove service
16030,Inactive,1,310,1,331.24,1,2,2,122,306.63246177490436,0.0262456274355752,1.0,0.9999776962114252,High,Low Priority: Automated email only
16031,Silver Tier,0,92,2,547.9,2,3,3,233,653.05863700189,0.0693153000142877,0.9990452765556668,0.9999776962114252,High,Send: Standard win-back offer
16033,Gold Tier,3,6,20,8778.82,5,5,5,555,6884.381479119342,0.4883955448321731,0.9998145764421074,2.2303788574990426e-05,Low,Maintain: VIP loyalty program
16034,Inactive,1,196,3,437.7,1,4,2,142,574.2837557899874,0.0843533407568386,0.9970500030407388,0.9999776962114252,High,Low Priority: Automated email only
16036,Silver Tier,0,87,2,758.9200000000001,2,3,3,233,904.0145194089656,0.0659783875659198,0.9991128739842446,2.230378857499716e-05,Low,Maintain: Standard loyalty program
16037,Inactive,1,270,3,855.02,1,4,3,143,727.1135021793278,0.0788683333864494,0.9926736335904598,0.9999776962114252,High,Low Priority: Automated email only
16038,Silver Tier,0,8,3,471.78,5,4,2,542,710.2179726435339,0.1256040332617361,0.999522197403481,2.2303788574990226e-05,Low,Maintain: Standard loyalty program
16040,Silver Tier,0,65,3,1313.55,3,4,4,344,1229.0505190162903,0.1005922161896146,0.9991872263050364,2.2303788574990974e-05,Low,Maintain: Standard loyalty program
16041,Silver Tier,0,31,3,3166.4,4,4,5,445,1233.8397499956109,0.1043468111818701,0.9993250284177432,2.230378857499003e-05,Low,Maintain: Standard loyalty program
16042,Silver Tier,0,22,5,1177.47,4,4,4,444,1264.618863282849,0.1144783369208515,0.9995124235125252,2.2303788574989992e-05,Low,Maintain: Standard loyalty program
16043,Silver Tier,0,38,4,773.99,3,4,3,343,761.1938270923629,0.1189172294971785,0.9994222889116454,2.2303788574989992e-05,Low,Maintain: Standard loyalty program
16045,Silver Tier,0,120,4,1340.7,2,4,4,244,998.9861265631469,0.1277024241970286,0.9981673445655528,0.9999776962114252,High,Send: Standard win-back offer
16048,Inactive,1,373,2,256.44,1,3,2,132,262.2374002805863,0.0224445873246541,1.0,0.9999776962114252,High,Low Priority: Automated email only
16049,Silver Tier,0,40,3,1074.81,3,4,4,344,2244.543893821529,0.2354235619671577,0.9988869881215596,2.2303788574989992e-05,Low,Maintain: Standard loyalty program
16050,Inactive,1,174,1,137.9,2,2,1,221,478.9304059352244,0.0410006841373842,1.0,0.9999776962114252,High,Low Priority: Automated email only
16052,Silver Tier,0,54,1,362.06,3,2,2,322,942.2214556792164,0.0806968633576997,1.0,2.2303788574990344e-05,Low,Maintain: Standard loyalty program
16053,Silver Tier,0,33,2,1511.95,4,3,4,434,1298.353467186832,0.114727368349386,0.999288021612399,2.2303788574989992e-05,Low,Maintain: Standard loyalty program
16054,Inactive,1,145,1,783.9,2,2,3,223,541.5862926153269,0.046367500850168,1.0,0.9999776962114252,High,Low Priority: Automated email only
16055,Inactive,1,221,1,134.8,1,2,1,121,401.0504787668746,0.034330690457865,1.0,0.9999776962114252,High,Low Priority: Automated email only
16056,Silver Tier,0,45,1,650.75,3,2,3,323,1016.603648575807,0.087072670047252,1.0,2.230378857499003e-05,Low,Maintain: Standard loyalty program
16057,Silver Tier,0,16,7,2263.12,4,5,5,455,1812.0336367704313,0.1300509261780935,0.9995307934936783,2.230378857499003e-05,Low,Maintain: Standard loyalty program
16059,Silver Tier,0,66,6,1453.16,3,5,4,354,1328.5795816161228,0.160262700025978,0.9991810248491108,2.23037885749911e-05,Low,Maintain: Standard loyalty program
16062,Silver Tier,0,10,4,1153.62,5,4,4,544,994.3961991449085,0.106022941541572,0.999574215018256,2.230378857499003e-05,Low,Maintain: Standard loyalty program
16063,Inactive,1,260,1,335.32,1,2,2,122,352.2957723378669,0.0301556124645647,1.0,0.9999776962114252,High,Low Priority: Automated email only
16065,Inactive,1,365,1,367.14,1,2,2,122,267.07078577809557,0.0228583976149709,1.0,0.9999776962114252,High,Low Priority: Automated email only
16066,Silver Tier,0,17,5,1521.04,4,4,4,444,2755.3497520442356,0.3000655266439934,0.9994645710898882,2.2303788574989992e-05,Low,Maintain: Standard loyalty program
16070,Silver Tier,0,22,2,852.15,4,3,3,433,1825.114385341003,0.217029695229009,0.9992020411824774,2.230378857499003e-05,Low,Maintain: Standard loyalty program
16071,Silver Tier,0,45,1,326.24,3,2,2,322,1025.5998068295544,0.087843835003437,1.0,2.230378857499007e-05,Low,Maintain: Standard loyalty program
16072,Inactive,1,288,1,584.3199999999999,1,2,3,123,324.6676665070214,0.0277898743291961,1.0,0.9999776962114252,High,Low Priority: Automated email only
16073,Inactive,1,297,1,122.4,1,2,1,121,316.68489035990433,0.0271063499129958,1.0,0.9999776962114252,High,Low Priority: Automated email only
16076,Silver Tier,0,3,10,2234.73,5,5,5,555,2828.0240966013016,0.3823842124488638,0.9997247570335838,2.2303788574990107e-05,Low,Maintain: Standard loyalty program
16078,Inactive,1,284,1,79.2,1,2,1,121,329.2789155637291,0.0281847170791603,1.0,0.9999776962114252,High,Low Priority: Automated email only
16079,Silver Tier,0,17,3,1352.0,4,4,4,444,3667.5446481871286,0.3112082633960826,0.9993050504740436,2.230378857499003e-05,Low,Maintain: Standard loyalty program
16080,Silver Tier,0,82,2,217.16,2,3,1,231,472.2264768767537,0.0638653838513709,0.9991670170753816,2.230378857499379e-05,Low,Maintain: Standard loyalty program
16081,Silver Tier,0,56,5,2799.42,3,4,5,345,2266.1090500214605,0.1330803216604169,0.9993143874974078,2.2303788574990344e-05,Low,Maintain: Standard loyalty program
16083,Silver Tier,0,101,2,1317.62,2,3,4,234,972.5865904598284,0.0510602334418741,0.9991730834638828,0.9999776962114252,High,Send: Standard win-back offer
16084,Inactive,1,299,1,436.18,1,2,2,122,314.9639617944119,0.0269589970202947,1.0,0.9999776962114252,High,Low Priority: Automated email only
16085,Silver Tier,0,23,5,981.51,4,4,4,444,1039.1415279966025,0.1488523554853396,0.9995268288555366,2.2303788574989992e-05,Low,Maintain: Standard loyalty program
16086,Silver Tier,0,59,5,1121.39,3,4,4,344,1031.2202054238082,0.1327716367311592,0.9992888268472008,2.2303788574990385e-05,Low,Maintain: Standard loyalty program
16091,Inactive,1,155,2,315.06,2,3,2,232,681.4315723288362,0.0819177023399237,0.997552916019456,0.9999776962114252,High,Low Priority: Automated email only
16092,Silver Tier,0,115,3,817.86,2,4,3,243,922.3064197571562,0.1048793935935199,0.99848255849829,0.9999776962114252,High,Send: Standard win-back offer
16093,Silver Tier,0,107,1,17.0,2,2,1,221,662.2674747601277,0.0567061099956413,1.0,0.9999776962114252,High,Send: Standard win-back offer
16094,Silver Tier,0,12,4,1078.23,5,4,4,544,1370.338744783049,0.1177493839417577,0.9995047724606094,2.230378857499003e-05,Low,Maintain: Standard loyalty program
16096,Inactive,1,264,1,320.62,1,2,2,122,348.06446272391844,0.0297932856709015,1.0,0.9999776962114252,High,Low Priority: Automated email only
16097,Inactive,1,240,1,185.05,1,2,1,121,375.09541896348713,0.0321079965763002,1.0,0.9999776962114252,High,Low Priority: Automated email only
16098,Silver Tier,0,88,7,2005.63,2,5,4,254,1494.8797015381317,0.185128475206909,0.9986944189230278,2.2303788575000885e-05,Low,Maintain: Standard loyalty program
16099,Silver Tier,0,50,3,731.9,3,4,3,343,918.0431682939692,0.11531608672535,0.9992487509378972,2.2303788574990107e-05,Low,Maintain: Standard loyalty program
16101,Silver Tier,0,71,1,1290.7,3,2,4,324,833.7714421202147,0.0714020364259883,1.0,2.2303788574991693e-05,Low,Maintain: Standard loyalty program
16102,Silver Tier,0,42,3,1842.14,3,4,4,344,2272.5719887031396,0.1720998110401864,0.9991263838266764,2.2303788574989992e-05,Low,Maintain: Standard loyalty program
16103,Silver Tier,0,7,6,1429.64,5,5,4,554,1802.6129435595883,0.2314969589532342,0.999633377861138,2.230378857499007e-05,Low,Maintain: Standard loyalty program
16104,Silver Tier,0,62,1,298.21,3,2,2,322,891.4895806459505,0.0763486566622308,1.0,2.2303788574990663e-05,Low,Maintain: Standard loyalty program
16105,Inactive,1,249,1,336.96,1,2,2,122,365.6303548271988,0.0312974716804905,1.0,0.9999776962114252,High,Low Priority: Automated email only
16106,Silver Tier,0,66,1,108.38,3,2,1,321,864.8798402201314,0.074068070465522,1.0,2.230378857499122e-05,Low,Maintain: Standard loyalty program
16107,Silver Tier,0,18,7,3204.1600000000003,4,5,5,455,4023.129504167779,0.3250264188650052,0.9995286827820166,2.230378857499007e-05,Low,Maintain: Standard loyalty program
16108,Silver Tier,0,85,1,842.5,2,2,3,223,757.4850672444373,0.0648646966288174,1.0,2.2303788574994623e-05,Low,Maintain: Standard loyalty program
16109,Inactive,1,219,2,611.88,1,3,3,133,587.9357802833441,0.0580095717155117,0.9975379749924086,0.9999776962114252,High,Low Priority: Automated email only
16110,Silver Tier,0,45,3,1320.95,3,4,4,344,1110.752520273489,0.0892228506057205,0.9993665872036376,2.230378857499003e-05,Low,Maintain: Standard loyalty program
16112,Silver Tier,0,143,4,195.74,2,4,1,241,459.88390901002623,0.1126132970141589,0.9979434891144432,0.9999776962114252,High,Send: Standard win-back offer
16113,Inactive,1,183,1,161.38,1,2,1,121,459.9274469594371,0.0393730956994616,1.0,0.9999776962114252,High,Low Priority: Automated email only
16114,Inactive,1,171,1,135.75000000000003,2,2,1,221,484.94136442000433,0.041515529581078,1.0,0.9999776962114252,High,Low Priority: Automated email only
16115,Silver Tier,0,10,8,1660.88,5,5,4,554,1795.142231512057,0.2601354845214699,0.999671467722337,2.230378857499003e-05,Low,Maintain: Standard loyalty program
16116,Inactive,1,212,1,612.78,1,2,3,123,413.9398564473345,0.0354345291946952,1.0,0.9999776962114252,High,Low Priority: Automated email only
16117,Inactive,1,190,1,232.21,1,2,1,121,449.23271518157816,0.0384571250577934,1.0,0.9999776962114252,High,Low Priority: Automated email only
16119,Silver Tier,0,8,2,423.36,5,3,2,532,1203.4955091845486,0.155458695340698,0.999433293052581,2.2303788574990226e-05,Low,Maintain: Standard loyalty program
16120,Silver Tier,0,59,4,1309.14,3,4,4,344,905.4181567991492,0.0775424383903179,1.0,2.2303788574990385e-05,Low,Maintain: Standard loyalty program
16121,Silver Tier,0,57,2,854.66,3,3,3,333,1055.4136764445473,0.0771423883976554,0.9992332035933162,2.2303788574990307e-05,Low,Maintain: Standard loyalty program
16122,Silver Tier,0,73,4,684.42,2,4,3,243,755.7061627937418,0.1054965752723223,0.9992066327719632,2.2303788574991415e-05,Low,Maintain: Standard loyalty program
16123,Silver Tier,0,52,1,307.78,3,2,2,322,965.7756941997336,0.0827157895004857,1.0,2.2303788574990307e-05,Low,Maintain: Standard loyalty program
16124,Inactive,1,317,1,249.0,1,2,1,121,300.2780509841134,0.0257015506815781,1.0,0.9999776962114252,High,Low Priority: Automated email only
16125,Inactive,1,367,1,289.35,1,2,2,122,265.8458120425742,0.0227535210913165,1.0,0.9999776962114252,High,Low Priority: Automated email only
16126,Silver Tier,0,29,4,6287.77,4,4,5,445,5001.52009543589,0.1257654638205897,0.999460684858572,2.230378857499007e-05,Low,Maintain: Standard loyalty program
16127,Silver Tier,0,39,1,656.25,3,2,3,323,1073.0798618180827,0.0919140499511519,1.0,2.2303788574989992e-05,Low,Maintain: Standard loyalty program
16128,Silver Tier,0,18,5,1880.22,4,4,4,444,1774.11025002869,0.164975419686429,0.9995519382707594,2.2303788574989992e-05,Low,Maintain: Standard loyalty program
16131,Silver Tier,0,52,6,3506.54,3,5,5,355,2954.3556882982643,0.1490099625926456,0.99921466376901,2.2303788574990307e-05,Low,Maintain: Standard loyalty program
16133,Gold Tier,3,4,33,14589.04,5,5,5,555,12707.661943542942,0.8939109464713797,0.9998725290538598,2.230378857499205e-05,Low,Maintain: VIP loyalty program
16134,Silver Tier,0,22,2,618.09,4,3,3,433,544.0588036851976,0.0511933134805982,0.9994416415005736,2.230378857499003e-05,Low,Maintain: Standard loyalty program
16135,Inactive,1,263,1,517.55,1,2,3,123,350.16733507934754,0.0299733541292174,1.0,0.9999776962114252,High,Low Priority: Automated email only
16136,Silver Tier,0,60,3,709.38,3,4,3,343,899.3088068815517,0.0979809267552199,0.9992476143593084,2.2303788574990385e-05,Low,Maintain: Standard loyalty program
16139,Silver Tier,0,19,3,635.41,4,4,3,443,1071.7897020828937,0.1233122871934095,0.9994628509761448,2.2303788574989992e-05,Low,Maintain: Standard loyalty program
16140,Silver Tier,0,66,2,725.1800000000001,3,3,3,333,702.3512313393995,0.0497906953101603,0.9993180189115494,2.2303788574990703e-05,Low,Maintain: Standard loyalty program
16141,Silver Tier,0,88,1,620.4,2,2,3,223,738.1879265173318,0.0632111513215991,1.0,2.2303788574999773e-05,Low,Maintain: Standard loyalty program
16142,Inactive,1,250,1,535.34,1,2,3,123,364.48070425354217,0.0311990242976074,1.0,0.9999776962114252,High,Low Priority: Automated email only
16143,Silver Tier,0,3,6,2424.94,5,5,5,555,1858.5974993529392,0.1596083813883999,0.9996671360716484,2.2303788574990107e-05,Low,Maintain: Standard loyalty program
16144,Inactive,1,247,1,175.2,1,2,1,121,367.9515524467717,0.0314962421666847,1.0,0.9999776962114252,High,Low Priority: Automated email only
16145,Silver Tier,0,9,11,3799.49,5,5,5,555,3041.9636604707935,0.3035236606482919,0.999732266420816,2.2303788574990107e-05,Low,Maintain: Standard loyalty program
16146,Inactive,1,157,3,734.13,2,4,3,243,828.9518355542989,0.1123172365077022,0.996442509861832,0.9999776962114252,High,Low Priority: Automated email only
16147,Silver Tier,0,134,1,375.0,2,2,2,222,573.7558586401718,0.0491232251125102,1.0,0.9999776962114252,High,Send: Standard win-back offer
16148,Inactive,1,296,1,76.32000000000001,1,2,1,121,317.55242640997517,0.0271806320674758,1.0,0.9999776962114252,High,Low Priority: Automated email only
16149,Silver Tier,0,5,2,280.52,5,3,2,532,808.3653803561092,0.1038674000767056,0.9994725296899072,2.230378857499082e-05,Low,Maintain: Standard loyalty program
16150,Silver Tier,0,43,5,2053.02,3,4,4,344,1532.087604379254,0.1312843484876053,0.9994284839177582,2.2303788574989992e-05,Low,Maintain: Standard loyalty program
16152,Inactive,1,269,1,1829.04,1,2,4,124,343.9335921559132,0.029439562388341,1.0,0.9999776962114252,High,Low Priority: Automated email only
16153,Silver Tier,0,50,5,1824.23,3,4,4,344,1559.5372903154632,0.1368628235187483,0.9993613048208754,2.2303788574990107e-05,Low,Maintain: Standard loyalty program
16156,Silver Tier,0,9,9,3092.04,5,5,5,555,2804.314310434703,0.2794438933993282,0.9996981792972516,2.230378857499007e-05,Low,Maintain: Standard loyalty program
16157,Silver Tier,0,16,3,656.69,4,4,3,443,2074.1671204861013,0.240556787116236,0.9993903151426572,2.230378857499003e-05,Low,Maintain: Standard loyalty program
16159,Inactive,1,282,1,348.2,1,2,2,122,331.16030234843294,0.0283458137278725,1.0,0.9999776962114252,High,Low Priority: Automated email only
16160,Silver Tier,0,65,2,1025.44,3,3,4,334,1304.385467422098,0.1422113370062821,0.998613409555674,2.2303788574990625e-05,Low,Maintain: Standard loyalty program
16161,Gold Tier,3,2,19,5533.67,5,5,5,555,4438.117134077661,0.5169906963816107,0.9998488796876368,2.2303788574990385e-05,Low,Maintain: VIP loyalty program
16162,Inactive,1,252,1,37.4,1,2,1,121,361.07472695079787,0.030907363449904,1.0,0.9999776962114252,High,Low Priority: Automated email only
16163,Inactive,1,232,2,856.6,1,3,3,133,588.6642297479871,0.0504097338156119,0.9979431268279996,0.9999776962114252,High,Low Priority: Automated email only
16164,Silver Tier,0,17,3,822.48,4,4,3,443,2875.7585574113914,0.3055920057756397,0.9992901878126502,2.230378857499003e-05,Low,Maintain: Standard loyalty program
16168,Gold Tier,3,11,27,3787.6,5,5,5,555,3033.943955349541,0.6801604209521238,0.9997949801846772,2.2303788574990463e-05,Low,Maintain: VIP loyalty program
16169,Silver Tier,0,8,4,1822.97,5,4,4,544,3699.031754697293,0.3189104068382459,0.999511007482109,2.2303788574990107e-05,Low,Maintain: Standard loyalty program
16170,Silver Tier,0,51,6,1885.05,3,5,4,354,2062.7009909574613,0.2204290854950802,0.9991307645637144,2.2303788574990226e-05,Low,Maintain: Standard loyalty program
16171,Silver Tier,0,59,1,73.19999999999999,3,2,1,321,905.4181567991492,0.0775424383903179,1.0,2.2303788574990937e-05,Low,Maintain: Standard loyalty program
16172,Silver Tier,0,95,5,1140.21,2,4,4,244,1421.967602262855,0.1479287293163171,0.9984073486755384,0.9999776962114252,High,Send: Standard win-back offer
16173,Silver Tier,0,16,6,1418.32,4,5,4,454,2806.644545692531,0.4186502038026524,0.9994465667235184,2.2303788574989992e-05,Low,Maintain: Standard loyalty program
16174,Silver Tier,0,126,3,1009.55,2,4,4,244,1596.0953140414722,0.1534805348813813,0.9951066484412532,0.9999776962114252,High,Send: Standard win-back offer
16175,Silver Tier,0,94,4,1037.59,2,4,4,244,1249.733549748253,0.1484104997378355,0.998426893579849,0.9999776962114252,High,Send: Standard win-back offer
16177,Silver Tier,0,50,1,331.95,3,2,2,322,973.891045138813,0.0834114029271052,1.0,2.2303788574990148e-05,Low,Maintain: Standard loyalty program
16178,Silver Tier,0,138,1,197.9,2,2,1,221,559.8986179491969,0.0479361612478806,1.0,0.9999776962114252,High,Send: Standard win-back offer
16179,Silver Tier,0,61,1,215.83,3,2,1,321,898.3998783426291,0.0769409172535742,1.0,2.2303788574990625e-05,Low,Maintain: Standard loyalty program
16180,Silver Tier,0,100,8,10254.18,2,5,5,255,10311.977373491123,0.2543109285429222,0.9962691067173972,0.9999776962114252,High,Send: Standard win-back offer
16181,Silver Tier,0,73,1,305.54,2,2,2,222,816.1579995989189,0.0698925922786818,1.0,2.2303788574991693e-05,Low,Maintain: Standard loyalty program
16182,Silver Tier,0,72,4,6617.65,3,4,5,345,5366.1646702141425,0.1264109740209991,0.9990846826331782,2.230378857499284e-05,Low,Maintain: Standard loyalty program
16183,Silver Tier,0,67,1,338.71000000000004,3,2,2,322,852.1619817857782,0.0729781175341892,1.0,2.2303788574990744e-05,Low,Maintain: Standard loyalty program
16184,Silver Tier,0,64,6,1158.79,3,5,4,354,1697.5882378855465,0.2494208388479094,0.998550172192058,2.230378857499102e-05,Low,Maintain: Standard loyalty program
16185,Silver Tier,0,17,2,529.41,4,3,3,433,640.3925100059446,0.0727991040449953,0.9994372234812722,2.230378857499007e-05,Low,Maintain: Standard loyalty program
16186,Silver Tier,0,23,12,4006.94,4,5,5,455,3093.158636271493,0.2673348339002768,0.9996146542717864,2.2303788574990107e-05,Low,Maintain: Standard loyalty program
16187,Gold Tier,3,32,15,6911.4400000000005,4,5,5,455,6226.046989020599,0.3679076323594782,0.9994096228154838,2.2303788574990344e-05,Low,Maintain: VIP loyalty program
16188,Silver Tier,0,45,4,981.86,3,4,4,344,1308.1777839371448,0.1475841466574889,0.9992957216071914,2.230378857499003e-05,Low,Maintain: Standard loyalty program
16189,Silver Tier,0,16,2,215.48,4,3,1,431,1022.2664256426102,0.142321331012715,0.9993857916463496,2.2303788574990185e-05,Low,Maintain: Standard loyalty program
16190,Silver Tier,0,40,1,215.08,3,2,1,321,1063.2353258039057,0.091070109272735,1.0,2.230378857499007e-05,Low,Maintain: Standard loyalty program
16191,Silver Tier,0,3,13,5180.52,5,5,5,555,3829.715041085854,0.2748529956449322,0.9997559832337553,2.2303788574990185e-05,Low,Maintain: Standard loyalty program
16193,Inactive,1,237,1,314.45,1,2,2,122,380.0141350613526,0.0325292084499461,1.0,0.9999776962114252,High,Low Priority: Automated email only
16198,Silver Tier,0,75,1,400.681,2,2,2,222,804.82343769289,0.0689212587386187,1.0,2.230378857499233e-05,Low,Maintain: Standard loyalty program
16200,Silver Tier,0,4,2,1068.87,5,3,4,534,1224.7891424584714,0.0940566596118274,0.9994742836189064,2.2303788574990148e-05,Low,Maintain: Standard loyalty program
16201,Silver Tier,0,3,4,1863.47,5,4,4,544,3558.6732654420266,0.2579838373608272,0.9995806833580608,2.2303788574990107e-05,Low,Maintain: Standard loyalty program
16202,Inactive,1,361,1,365.27,1,2,2,122,270.1831860954547,0.0231248679952339,1.0,0.9999776962114252,High,Low Priority: Automated email only
16203,Silver Tier,0,59,4,592.9,3,4,3,343,635.2728088639291,0.1040734192730691,0.9993261552832328,2.2303788574990385e-05,Low,Maintain: Standard loyalty program
16204,Silver Tier,0,23,1,384.18,4,2,2,422,1259.703587062989,0.107914660124522,1.0,2.230378857499007e-05,Low,Maintain: Standard loyalty program
16205,Silver Tier,0,31,4,757.63,4,4,3,443,1408.8353770706508,0.1850993687851375,0.999356516219862,2.2303788574989992e-05,Low,Maintain: Standard loyalty program
16206,Silver Tier,0,55,4,537.0600000000001,3,4,3,343,670.997916910639,0.115900785210545,0.9993115729913404,2.2303788574990344e-05,Low,Maintain: Standard loyalty program
16207,Silver Tier,0,25,1,394.38,4,2,2,422,1232.9005241921468,0.1056164161470964,1.0,2.230378857499007e-05,Low,Maintain: Standard loyalty program
16208,Silver Tier,0,45,2,664.26,3,3,3,333,516.2482755599233,0.0612001858362311,0.9993528366792556,2.230378857499003e-05,Low,Maintain: Standard loyalty program
16209,Silver Tier,0,89,5,2262.62,2,4,5,245,2439.668323291421,0.1836021832951029,0.9982872905305246,2.2303788575000844e-05,Low,Maintain: Standard loyalty program
16210,Gold Tier,3,2,18,21086.3,5,5,5,555,14293.008200841616,0.4568356629357976,0.9998358088581702,2.2303788574990937e-05,Low,Maintain: VIP loyalty program
16211,Silver Tier,0,89,1,547.02,2,2,3,223,738.1879265173318,0.0632111513215991,1.0,2.2303788574999773e-05,Low,Maintain: Standard loyalty program
16212,Silver Tier,0,19,2,690.34,4,3,3,433,545.8240747355237,0.0622488305222196,0.9994363338253688,2.230378857499003e-05,Low,Maintain: Standard loyalty program
16213,Silver Tier,0,79,1,159.0,2,2,1,221,788.3999061904082,0.0675138464403072,1.0,2.2303788574992963e-05,Low,Maintain: Standard loyalty program
16214,Inactive,1,171,3,1062.75,2,4,4,244,891.3151882166419,0.100055524639631,0.9968061246172368,0.9999776962114252,High,Low Priority: Automated email only
16215,Silver Tier,0,81,1,242.35,2,2,1,221,777.8183113846773,0.0666070762236167,1.0,2.2303788574993197e-05,Low,Maintain: Standard loyalty program
16216,Inactive,1,267,1,914.93,1,2,3,123,344.95708979870165,0.0295272034380185,1.0,0.9999776962114252,High,Low Priority: Automated email only
16217,Inactive,1,235,2,304.25,1,3,2,132,487.9732971008028,0.062221598524438,0.996160339632147,0.9999776962114252,High,Low Priority: Automated email only
16218,Silver Tier,0,30,7,3084.68,4,5,5,455,2234.701558648025,0.1581412235531356,0.999525136110584,2.230378857499003e-05,Low,Maintain: Standard loyalty program
16221,Silver Tier,0,37,3,860.86,3,4,3,343,813.7097251355029,0.0777660260973377,0.9994340668895396,2.2303788574989992e-05,Low,Maintain: Standard loyalty program
16222,Inactive,1,318,1,773.55,1,2,3,123,299.5022203602368,0.0256351230710872,1.0,0.9999776962114252,High,Low Priority: Automated email only
16224,Silver Tier,0,57,4,1295.3,3,4,4,344,1569.8888820550978,0.144315472943654,0.9991634871035632,2.2303788574990307e-05,Low,Maintain: Standard loyalty program
16225,Silver Tier,0,45,5,1096.32,3,4,4,344,1040.8292460913854,0.1326571854607274,0.999338893388466,2.230378857499003e-05,Low,Maintain: Standard loyalty program
16226,Inactive,1,203,3,255.12,1,4,2,142,594.806480404254,0.1104990019879769,0.990085056413408,0.9999776962114252,High,Low Priority: Automated email only
16227,Inactive,1,225,1,314.22,1,2,2,122,394.2306785524733,0.0337466576787745,1.0,0.9999776962114252,High,Low Priority: Automated email only
16229,Silver Tier,0,87,2,1010.6,2,3,4,234,1151.5515234303753,0.0779478852798367,0.9989981062868876,2.2303788574997595e-05,Low,Maintain: Standard loyalty program
16230,Inactive,1,190,2,542.03,1,3,3,133,735.7240942971313,0.075597543759841,0.9964678196250464,0.9999776962114252,High,Low Priority: Automated email only
16232,Silver Tier,0,44,4,990.88,3,4,4,344,1174.7066611307675,0.119383206498646,0.9992944916793234,2.2303788574989992e-05,Low,Maintain: Standard loyalty program
16233,Silver Tier,0,71,3,536.6800000000001,3,4,3,343,603.6583621210734,0.0779317296021696,0.9992660393523012,2.2303788574991378e-05,Low,Maintain: Standard loyalty program
16235,Silver Tier,0,41,5,867.31,3,4,3,343,975.2427289664856,0.1443807650598673,0.9994145219751068,2.2303788574989992e-05,Low,Maintain: Standard loyalty program
16236,Silver Tier,0,78,1,432.2,2,2,2,222,788.3999061904082,0.0675138464403072,1.0,2.2303788574992364e-05,Low,Maintain: Standard loyalty program
16239,Silver Tier,0,57,2,414.2,3,3,2,332,604.9569767202354,0.0849165562389802,0.9992037006604592,2.2303788574990344e-05,Low,Maintain: Standard loyalty program
16240,Silver Tier,0,24,2,3718.8,4,3,5,435,4647.79245506857,0.1501104820159497,0.9992928856474034,2.230378857499007e-05,Low,Maintain: Standard loyalty program
16241,Silver Tier,0,10,13,2590.31,5,5,5,555,2092.57846813483,0.3239890713190408,0.9997376468472924,2.230378857499007e-05,Low,Maintain: Standard loyalty program
16242,Silver Tier,0,8,7,3579.86,5,5,5,555,3579.591558745477,0.2367337318338918,0.9996567633311778,2.2303788574990148e-05,Low,Maintain: Standard loyalty program
16243,Silver Tier,0,34,2,409.1,3,3,2,332,1565.6262701048795,0.1781652883007387,0.9990987106488676,2.230378857499007e-05,Low,Maintain: Standard loyalty program
16244,Inactive,1,212,2,1522.75,1,3,4,134,612.662216997102,0.0496285887991736,0.9983287128911912,0.9999776962114252,High,Low Priority: Automated email only
16245,Silver Tier,0,24,3,1413.66,4,4,4,444,1338.5160167544425,0.1043352356398561,0.9994541296042582,2.2303788574989992e-05,Low,Maintain: Standard loyalty program
16247,Inactive,1,170,1,114.56,2,2,1,221,484.94136442000433,0.041515529581078,1.0,0.9999776962114252,High,Low Priority: Automated email only
16248,Silver Tier,0,62,1,152.94,3,2,1,321,891.4895806459505,0.0763486566622308,1.0,2.230378857499106e-05,Low,Maintain: Standard loyalty program
16249,Silver Tier,0,53,5,1800.07,3,4,4,344,1501.4949556881957,0.1879363697485424,0.9991393615613312,2.2303788574990307e-05,Low,Maintain: Standard loyalty program
16250,Inactive,1,261,2,389.44,1,3,2,132,415.1637247687224,0.049470336886716,0.9974023300850888,0.9999776962114252,High,Low Priority: Automated email only
16253,Silver Tier,0,67,2,3683.86,3,3,5,335,2173.6223018593787,0.0676157093434802,0.9992279364127572,2.230378857499217e-05,Low,Maintain: Standard loyalty program
16255,Silver Tier,0,17,8,2619.91,4,5,5,455,2033.0985352052764,0.2163645326206461,0.9996382299000448,2.230378857499007e-05,Low,Maintain: Standard loyalty program
16256,Inactive,1,267,1,752.4300000000001,1,2,3,123,345.98669741276063,0.0296153678574663,1.0,0.9999776962114252,High,Low Priority: Automated email only
16257,Inactive,1,177,1,46.95,2,2,1,221,473.0666458355044,0.0404984517558236,1.0,0.9999776962114252,High,Low Priority: Automated email only
16258,Silver Tier,0,45,5,5203.51,3,4,5,345,5098.174591708065,0.2010034093003228,0.9991995160002736,2.2303788574990107e-05,Low,Maintain: Standard loyalty program
16260,Silver Tier,0,51,1,1035.45,3,2,4,324,973.891045138813,0.0834114029271052,1.0,2.2303788574990226e-05,Low,Maintain: Standard loyalty program
16261,Silver Tier,0,17,4,728.54,4,4,3,443,942.525186670496,0.1457414112033037,0.9995141781670764,2.2303788574989992e-05,Low,Maintain: Standard loyalty program
16265,Silver Tier,0,9,9,5447.0,5,5,5,555,3803.014549700629,0.2168738529542083,0.9996821989855428,2.2303788574990107e-05,Low,Maintain: Standard loyalty program
16266,Silver Tier,0,74,7,861.89,2,5,3,253,1255.8001934956294,0.2538354836606222,0.9980718473888882,2.230378857499181e-05,Low,Maintain: Standard loyalty program
16268,Silver Tier,0,71,2,667.65,3,3,3,333,827.8164177882809,0.0708916959513835,1.0,2.2303788574991337e-05,Low,Maintain: Standard loyalty program
16270,Inactive,1,353,1,1141.24,1,2,4,124,274.66444300148896,0.0235085370737603,1.0,0.9999776962114252,High,Low Priority: Automated email only
16271,Silver Tier,0,3,5,1404.64,5,4,4,544,1295.452255047296,0.1356182014410125,0.9996393160371252,2.2303788574990107e-05,Low,Maintain: Standard loyalty program
16272,Silver Tier,0,117,1,411.7,2,2,2,222,626.4730735073999,0.0536394331425312,1.0,0.9999776962114252,High,Send: Standard win-back offer
16274,Inactive,1,373,1,351.75,1,2,2,122,262.2374002805863,0.0224445873246541,1.0,0.9999776962114252,High,Low Priority: Automated email only
16275,Inactive,1,197,1,559.87,1,2,3,123,437.3675776942195,0.0374409338089959,1.0,0.9999776962114252,High,Low Priority: Automated email only
16276,Inactive,1,177,1,810.6,2,2,3,223,473.0666458355044,0.0404984517558236,1.0,0.9999776962114252,High,Low Priority: Automated email only
16278,Silver Tier,0,100,1,566.38,2,2,3,223,685.7773694675018,0.0587204101031697,1.0,0.9999776962114252,High,Send: Standard win-back offer
16279,Silver Tier,0,21,3,1502.78,4,4,4,444,2002.3535896825497,0.13841229841444,0.9994285224002,2.2303788574989992e-05,Low,Maintain: Standard loyalty program
16281,Silver Tier,0,72,1,2062.06,3,2,5,325,821.9458652291272,0.0703885989447985,1.0,2.2303788574991693e-05,Low,Maintain: Standard loyalty program
16282,Inactive,1,340,1,168.3,1,2,1,121,284.08822665066236,0.0243153792287828,1.0,0.9999776962114252,High,Low Priority: Automated email only
16283,Silver Tier,0,6,5,1570.81,5,4,4,544,2021.157321206117,0.2090748112588766,0.9996149932495942,2.230378857499007e-05,Low,Maintain: Standard loyalty program
16284,Silver Tier,0,31,2,812.68,4,3,3,433,2166.5520383258195,0.1841616273024542,0.9991159615192068,2.2303788574989992e-05,Low,Maintain: Standard loyalty program
16287,Inactive,1,170,1,142.5,2,2,1,221,486.97869006985377,0.0416900301009724,1.0,0.9999776962114252,High,Low Priority: Automated email only
16292,Silver Tier,0,122,1,302.25,2,2,2,222,609.9887757918019,0.0522272047523624,1.0,0.9999776962114252,High,Send: Standard win-back offer
16293,Silver Tier,0,22,10,2248.99,4,5,5,455,1721.218797548711,0.1603256740971424,0.9995736458205208,2.230378857499003e-05,Low,Maintain: Standard loyalty program
16295,Silver Tier,0,10,4,1328.55,5,4,4,544,3390.9490292110777,0.3452947596866714,0.9994862330970212,2.230378857499003e-05,Low,Maintain: Standard loyalty program
16297,Inactive,1,269,1,301.9,1,2,2,122,343.9335921559132,0.029439562388341,1.0,0.9999776962114252,High,Low Priority: Automated email only
16298,Silver Tier,0,23,3,598.2,4,4,3,443,1141.9022150447702,0.1329824024330871,0.9994275339361482,2.2303788574989992e-05,Low,Maintain: Standard loyalty program
16302,Silver Tier,0,127,1,233.22,2,2,1,221,594.3498010481835,0.0508874315572167,1.0,0.9999776962114252,High,Send: Standard win-back offer
16303,Silver Tier,0,26,3,5360.63,4,4,5,445,3769.356620169039,0.0843475333607534,0.9994681308610508,2.230378857499007e-05,Low,Maintain: Standard loyalty program
16305,Silver Tier,0,139,1,361.22,2,2,2,222,559.8986179491969,0.0479361612478806,1.0,0.9999776962114252,High,Send: Standard win-back offer
16306,Inactive,1,214,6,632.27,1,5,3,153,752.8871025256792,0.1578795672683459,0.9843230383635698,0.9999776962114252,High,Low Priority: Automated email only
16308,Silver Tier,0,38,4,2560.0,3,4,5,345,2560.0798466807555,0.1390965251385864,0.9993807303035512,2.230378857499003e-05,Low,Maintain: Standard loyalty program
16309,Silver Tier,0,106,2,706.57,2,3,3,233,788.0980089365528,0.0708759066281727,0.9989031083249462,0.9999776962114252,High,Send: Standard win-back offer
16311,Silver Tier,0,18,2,616.26,4,3,3,433,1682.1255296404047,0.1857620032031784,0.9993232105212778,2.230378857499003e-05,Low,Maintain: Standard loyalty program
16313,Silver Tier,0,3,2,274.15,5,3,2,532,1420.2448739239587,0.1857885666724045,0.9994661110654784,2.230378857499082e-05,Low,Maintain: Standard loyalty program
16315,Inactive,1,331,1,226.37,1,2,1,121,290.4955624637694,0.0248639692603859,1.0,0.9999776962114252,High,Low Priority: Automated email only
16316,Silver Tier,0,64,8,2938.91,3,5,5,355,2343.37896455962,0.1917135500928064,0.999113829323213,2.2303788574991652e-05,Low,Maintain: Standard loyalty program
16317,Silver Tier,0,120,3,1341.65,2,4,4,244,1031.8797030453914,0.0925703652434923,0.9986526027678148,0.9999776962114252,High,Send: Standard win-back offer
16318,Silver Tier,0,35,1,328.15,3,2,2,322,1114.3514760006665,0.0954522487616995,1.0,2.2303788574990107e-05,Low,Maintain: Standard loyalty program
16319,Inactive,1,218,1,404.4,1,2,2,122,405.25680882157616,0.0346909151383064,1.0,0.9999776962114252,High,Low Priority: Automated email only
16320,Inactive,1,172,2,1038.46,2,3,4,234,673.2399704190027,0.0775285302128459,0.9971606825138352,0.9999776962114252,High,Low Priority: Automated email only
16321,Silver Tier,0,72,5,373.65,3,4,2,342,590.1270303366363,0.0864776365774373,0.9992128734151984,2.2303788574991415e-05,Low,Maintain: Standard loyalty program
16322,Silver Tier,0,1,2,326.75,5,3,2,532,1615.506146575658,0.2088134132236085,0.9994816649115597,2.23037885749909e-05,Low,Maintain: Standard loyalty program
16323,Inactive,1,196,1,207.50000000000003,1,2,1,121,437.3675776942195,0.0374409338089959,1.0,0.9999776962114252,High,Low Priority: Automated email only
16324,Silver Tier,0,128,3,408.59,2,4,2,242,850.7136592035346,0.0889576886192257,0.9980524565883572,0.9999776962114252,High,Send: Standard win-back offer
16325,Silver Tier,0,47,3,594.24,3,4,3,343,849.8395879460743,0.1079752779488461,0.9993059144149378,2.2303788574990107e-05,Low,Maintain: Standard loyalty program
16326,Silver Tier,0,6,14,3039.2200000000003,5,5,5,555,2655.1706911516912,0.3819205620436159,0.9997726937584244,2.2303788574990307e-05,Low,Maintain: Standard loyalty program
16327,Silver Tier,0,14,6,3820.27,4,5,5,455,2744.7812679614085,0.1595998292447168,0.999613571860869,2.230378857499007e-05,Low,Maintain: Standard loyalty program
16330,Silver Tier,0,18,3,251.91,4,4,2,442,1078.2593222502744,0.1210813303489029,0.9993901044840032,2.2303788574990107e-05,Low,Maintain: Standard loyalty program
16332,Silver Tier,0,28,7,1582.8,4,5,4,454,1669.4245976686148,0.2189726169675588,0.9995023533498592,2.2303788574989992e-05,Low,Maintain: Standard loyalty program
16333,Gold Tier,3,8,22,26626.8,5,5,5,555,22725.19979286566,0.4071775258452921,0.9997538542354688,2.230378857499106e-05,Low,Maintain: VIP loyalty program
16337,Silver Tier,0,37,1,151.05,3,2,1,321,1103.738729125816,0.0945424046456437,1.0,2.230378857499007e-05,Low,Maintain: Standard loyalty program
16338,Inactive,1,157,1,214.8,2,2,1,221,512.832809797066,0.0439045356922351,1.0,0.9999776962114252,High,Low Priority: Automated email only
16339,Inactive,1,284,1,94.05,1,2,1,121,328.3462161271562,0.0281048534748136,1.0,0.9999776962114252,High,Low Priority: Automated email only
16340,Silver Tier,0,107,1,534.31,2,2,3,223,658.5049988584291,0.0563837524676322,1.0,0.9999776962114252,High,Send: Standard win-back offer
16341,Silver Tier,0,25,4,1971.87,4,4,4,444,1851.164413879719,0.1255915529826874,0.999422882790606,2.2303788574989992e-05,Low,Maintain: Standard loyalty program
16342,Silver Tier,0,75,4,322.41,2,4,2,242,832.1897898294244,0.1849299931386297,0.998442052507006,2.230378857499217e-05,Low,Maintain: Standard loyalty program
16343,Silver Tier,0,16,2,328.58,4,3,2,432,1363.4498314612754,0.1168111145017802,1.0,2.230378857499007e-05,Low,Maintain: Standard loyalty program
16344,Inactive,1,158,1,101.1,2,2,1,221,510.57390215929144,0.0437110474660233,1.0,0.9999776962114252,High,Low Priority: Automated email only
16345,Silver Tier,0,44,1,565.46,3,2,3,323,1025.5998068295544,0.087843835003437,1.0,2.2303788574989992e-05,Low,Maintain: Standard loyalty program
16347,Silver Tier,0,11,2,847.45,5,3,3,533,2423.9448563333267,0.2087914417737248,0.9993764989599514,2.230378857499003e-05,Low,Maintain: Standard loyalty program
16348,Silver Tier,0,32,7,1415.65,4,5,4,454,1512.3996634500756,0.2261974145317103,0.9993953835109176,2.2303788574989992e-05,Low,Maintain: Standard loyalty program
16349,Inactive,1,291,1,53.5,1,2,1,121,322.85912934222307,0.0276350175494685,1.0,0.9999776962114252,High,Low Priority: Automated email only
16350,Silver Tier,0,21,4,1116.47,4,4,4,444,942.466040221925,0.1141940925998006,0.9995175677847726,2.2303788574989992e-05,Low,Maintain: Standard loyalty program
16351,Inactive,1,333,1,153.9,1,2,1,121,289.04685668528043,0.024739931804691,1.0,0.9999776962114252,High,Low Priority: Automated email only
16352,Silver Tier,0,18,2,494.44,4,3,3,433,2074.207221445716,0.2068040389199654,0.9992989765554944,2.230378857499007e-05,Low,Maintain: Standard loyalty program
16353,Gold Tier,3,4,23,6675.71,5,5,5,555,5266.897432623983,0.5432036013582465,0.9998408301374816,2.2303788574990426e-05,Low,Maintain: VIP loyalty program
16354,Silver Tier,0,63,2,395.8,3,3,2,332,1024.5805616103366,0.154221178072432,0.9985135020550064,2.2303788574990663e-05,Low,Maintain: Standard loyalty program
16356,Inactive,1,198,3,211.77,1,4,1,141,512.6783213925803,0.0975856362594247,0.9952162880799698,0.9999776962114252,High,Low Priority: Automated email only
16357,Silver Tier,0,33,3,658.88,4,4,3,443,1072.2838317443393,0.1202391667238738,0.9993693998620892,2.2303788574989992e-05,Low,Maintain: Standard loyalty program
16358,Silver Tier,0,1,4,2027.5,5,4,4,544,2511.161367539477,0.181484455835258,0.9996010922546406,2.2303788574990185e-05,Low,Maintain: Standard loyalty program
16359,Silver Tier,0,7,9,1750.92,5,5,4,554,1738.600144574944,0.2647726597821875,0.9997078235932289,2.230378857499007e-05,Low,Maintain: Standard loyalty program
16360,Silver Tier,0,5,6,3450.41,5,5,5,555,7573.423613779661,0.4454109416495275,0.9996282937353628,2.2303788574990107e-05,Low,Maintain: Standard loyalty program
16361,Silver Tier,0,10,4,891.21,5,4,3,543,2297.8685519022943,0.3280218587865867,0.999493312087919,2.230378857499003e-05,Low,Maintain: Standard loyalty program
16362,Silver Tier,0,32,5,709.99,4,4,3,443,1565.0581027427254,0.2119278041205316,0.9991664349501428,2.2303788574989992e-05,Low,Maintain: Standard loyalty program
16363,Silver Tier,0,53,1,109.36,3,2,1,321,949.944145249896,0.0813587982568712,1.0,2.230378857499086e-05,Low,Maintain: Standard loyalty program
16364,Silver Tier,0,12,2,705.79,5,3,3,533,1164.775944853212,0.106385737467359,0.9994369523814232,2.230378857499003e-05,Low,Maintain: Standard loyalty program
16365,Silver Tier,0,18,9,1540.42,4,5,4,454,1396.201341565518,0.2153704899583826,0.9996319241726694,2.230378857499003e-05,Low,Maintain: Standard loyalty program
16366,Silver Tier,0,19,1,327.3,4,2,2,422,1332.1040378327834,0.114123036862965,1.0,2.230378857499007e-05,Low,Maintain: Standard loyalty program
16367,Silver Tier,0,37,2,800.67,3,3,3,333,738.6653456059069,0.0508347861066887,0.9993999408189124,2.2303788574989992e-05,Low,Maintain: Standard loyalty program
16368,Silver Tier,0,2,2,479.91,5,3,2,532,1936.6243341290217,0.2260482676259159,0.9994708837138484,2.2303788574990185e-05,Low,Maintain: Standard loyalty program
16369,Silver Tier,0,18,3,1545.41,4,4,4,444,1905.2389451077995,0.1279665749780567,0.999458817067832,2.2303788574989992e-05,Low,Maintain: Standard loyalty program
16370,Silver Tier,0,82,4,1301.91,2,4,4,244,1593.5204308012817,0.1560160030131445,0.998627584500283,2.2303788574994664e-05,Low,Maintain: Standard loyalty program
16372,Silver Tier,0,33,2,355.73,4,3,2,432,1136.2013539108086,0.0973255042500641,1.0,2.230378857499003e-05,Low,Maintain: Standard loyalty program
16374,Silver Tier,0,66,2,466.73,3,3,2,332,684.2819609389195,0.0661858934799952,0.9992355067740872,2.2303788574990744e-05,Low,Maintain: Standard loyalty program
16376,Silver Tier,0,9,2,974.96,5,3,4,534,1969.137868848896,0.2549705657976258,0.999391142568491,2.230378857499003e-05,Low,Maintain: Standard loyalty program
16377,Inactive,1,267,1,676.2,1,2,3,123,344.95708979870165,0.0295272034380185,1.0,0.9999776962114252,High,Low Priority: Automated email only
16378,Inactive,1,247,3,362.95,1,4,2,142,552.4222438567484,0.0887376584153462,0.9913158480089568,0.9999776962114252,High,Low Priority: Automated email only
16379,Silver Tier,0,4,4,2157.4,5,4,5,545,4559.77091440714,0.3124146221899796,0.9995633344080564,2.230378857499007e-05,Low,Maintain: Standard loyalty program
16380,Silver Tier,0,61,1,1743.15,3,2,4,324,891.4895806459505,0.0763486566622308,1.0,2.23037885749909e-05,Low,Maintain: Standard loyalty program
16383,Silver Tier,0,75,2,643.76,2,3,3,233,690.5472772507474,0.0650048298082595,0.999199015607756,2.230378857499229e-05,Low,Maintain: Standard loyalty program
16384,Silver Tier,0,90,2,584.5,2,3,3,233,564.0442954281752,0.0659775043258808,0.9990994990515384,2.2303788574999773e-05,Low,Maintain: Standard loyalty program
16385,Silver Tier,0,60,3,554.86,3,4,3,343,616.4641978371488,0.0779363474562084,0.9993252509820084,2.2303788574990385e-05,Low,Maintain: Standard loyalty program
16386,Silver Tier,0,29,2,302.57,4,3,2,432,640.4088356293197,0.0680474170228701,0.9993986007867162,2.230378857499003e-05,Low,Maintain: Standard loyalty program
16387,Inactive,1,323,1,94.36,1,2,1,121,296.4385792867013,0.0253728112375817,1.0,0.9999776962114252,High,Low Priority: Automated email only
16389,Silver Tier,0,53,4,1382.07,3,4,4,344,1537.2176133848563,0.1303859892886584,0.9992664746842856,2.2303788574990307e-05,Low,Maintain: Standard loyalty program
16392,Inactive,1,270,1,217.89,1,2,1,121,342.9161502563091,0.0293524400619082,1.0,0.9999776962114252,High,Low Priority: Automated email only
16393,Silver Tier,0,2,13,3040.96,5,5,5,555,2505.263847086062,0.3514039349716825,0.999794619563952,2.2303788574990148e-05,Low,Maintain: Standard loyalty program
16394,Silver Tier,0,57,5,1555.34,3,4,4,344,1519.220979298415,0.1616917362931768,0.9991987626193464,2.2303788574990307e-05,Low,Maintain: Standard loyalty program
16395,Silver Tier,0,61,5,1482.06,3,4,4,344,1314.1319959985624,0.1450772481910584,0.999225926856278,2.23037885749909e-05,Low,Maintain: Standard loyalty program
16398,Inactive,1,154,2,1705.8,2,3,4,234,900.8870303817816,0.0679746334213601,0.9983296428057707,0.9999776962114252,High,Low Priority: Automated email only
16399,Silver Tier,0,19,2,408.02,4,3,2,432,667.1809284468891,0.0720797433863663,0.999426938747552,2.230378857499007e-05,Low,Maintain: Standard loyalty program
16400,Silver Tier,0,95,1,303.93,2,2,2,222,711.0180375807835,0.0608830836553006,1.0,0.9999776962114252,High,Send: Standard win-back offer
16401,Silver Tier,0,1,12,4098.32,5,5,5,555,3390.224888130367,0.3583767489812992,0.9997885357314634,2.2303788574990263e-05,Low,Maintain: Standard loyalty program
16402,Inactive,1,265,2,293.45,1,3,2,132,369.70052048477686,0.0499148151265779,0.9972545675815496,0.9999776962114252,High,Low Priority: Automated email only
16403,Inactive,1,312,1,177.5,1,2,1,121,304.2182884157301,0.0260389204816015,1.0,0.9999776962114252,High,Low Priority: Automated email only
16404,Silver Tier,0,70,1,443.05,3,2,2,322,833.7714421202147,0.0714020364259883,1.0,2.2303788574991378e-05,Low,Maintain: Standard loyalty program
16405,Inactive,1,302,2,167.25,1,3,1,131,478.74017348705246,0.0573081838224868,0.990706050236136,0.9999776962114252,High,Low Priority: Automated email only
16406,Silver Tier,0,19,1,154.35,4,2,1,421,1332.1040378327834,0.114123036862965,1.0,2.2303788574990107e-05,Low,Maintain: Standard loyalty program
16407,Silver Tier,0,13,10,2079.68,5,5,5,555,1959.9914843029776,0.277968396714369,0.9996683786135624,2.230378857499003e-05,Low,Maintain: Standard loyalty program
16409,Silver Tier,0,36,5,2022.98,3,4,4,344,1825.4406810005669,0.1499956265937963,0.9994344531650526,2.2303788574989992e-05,Low,Maintain: Standard loyalty program
16411,Silver Tier,0,19,2,211.7,4,3,1,431,367.4771909864555,0.0500245856573533,0.9994476872580234,2.2303788574990185e-05,Low,Maintain: Standard loyalty program
16412,Silver Tier,0,54,1,135.99,3,2,1,321,949.944145249896,0.0813587982568712,1.0,2.230378857499082e-05,Low,Maintain: Standard loyalty program
16413,Silver Tier,0,57,1,262.2,3,2,2,322,927.1467966421674,0.0794047891970098,1.0,2.2303788574990344e-05,Low,Maintain: Standard loyalty program
16414,Silver Tier,0,22,2,126.25,4,3,1,431,454.8490595810356,0.0627836274900744,0.999429531025832,2.2303788574990148e-05,Low,Maintain: Standard loyalty program
16415,Silver Tier,0,44,1,200.27,3,2,1,321,1025.5998068295544,0.087843835003437,1.0,2.230378857499007e-05,Low,Maintain: Standard loyalty program
16416,Silver Tier,0,27,3,1051.4,4,4,4,444,2892.640951381298,0.2713019426979919,0.9991423124104504,2.2303788574989992e-05,Low,Maintain: Standard loyalty program
16418,Silver Tier,0,45,3,631.12,3,4,3,343,988.3334107797735,0.1149309384142058,0.9992997687994868,2.230378857499003e-05,Low,Maintain: Standard loyalty program
16419,Silver Tier,0,113,6,958.71,2,5,4,254,984.1125747785708,0.1521610503365542,0.9980999178958824,0.9999776962114252,High,Send: Standard win-back offer
16422,Gold Tier,3,17,51,34684.4,4,5,5,455,25613.936088476636,1.309977321462004,0.999567213839544,2.230378857499217e-05,Low,Maintain: VIP loyalty program
16423,Silver Tier,0,25,1,346.12,4,2,2,422,1246.1579201425084,0.1067531700766435,1.0,2.230378857499007e-05,Low,Maintain: Standard loyalty program
16424,Inactive,1,191,1,133.56,1,2,1,121,445.77748714189454,0.0381611993123137,1.0,0.9999776962114252,High,Low Priority: Automated email only
16425,Inactive,1,302,1,302.7,1,2,2,122,312.4173559698087,0.0267409472309883,1.0,0.9999776962114252,High,Low Priority: Automated email only
16426,Silver Tier,0,2,10,1863.76,5,5,4,554,1879.9020952705089,0.2374292984933857,0.999695575686095,2.2303788574990107e-05,Low,Maintain: Standard loyalty program
16427,Inactive,1,263,2,241.06,1,3,1,131,492.1454046827382,0.0617251256256485,0.993844107765982,0.9999776962114252,High,Low Priority: Automated email only
16429,Silver Tier,0,106,1,284.55,2,2,2,222,662.2674747601277,0.0567061099956413,1.0,0.9999776962114252,High,Send: Standard win-back offer
16430,Silver Tier,0,57,1,300.85,3,2,2,322,919.7889416513344,0.0787741448838927,1.0,2.2303788574990344e-05,Low,Maintain: Standard loyalty program
16431,Inactive,1,213,3,623.28,1,4,3,143,599.1827206482078,0.0597510424904426,0.9974978611580944,0.9999776962114252,High,Low Priority: Automated email only
16432,Silver Tier,0,64,1,287.40000000000003,3,2,2,322,871.382211660038,0.0746253479085986,1.0,2.2303788574990663e-05,Low,Maintain: Standard loyalty program
16433,Silver Tier,0,28,1,184.26,4,2,1,421,1194.7687753130083,0.102346913647596,1.0,2.2303788574990107e-05,Low,Maintain: Standard loyalty program
16434,Silver Tier,0,29,7,1511.8,4,5,4,454,1397.3568308734798,0.222540348556546,0.9994876506489256,2.2303788574989992e-05,Low,Maintain: Standard loyalty program
16438,Silver Tier,0,6,5,798.35,5,4,3,543,2244.742622958818,0.3836201906124857,0.9995851520197704,2.2303788574990148e-05,Low,Maintain: Standard loyalty program
16440,Silver Tier,0,8,5,3640.67,5,4,5,545,4294.301458622326,0.2046381738876606,0.9996020896408856,2.2303788574990148e-05,Low,Maintain: Standard loyalty program
16441,Silver Tier,0,67,2,381.2,3,3,2,332,516.1360102743963,0.0608543354422768,0.9992581434781616,2.2303788574990744e-05,Low,Maintain: Standard loyalty program
16442,Silver Tier,0,2,3,609.3,5,4,3,543,663.6866084719065,0.0790446306165951,0.999553449310061,2.2303788574990148e-05,Low,Maintain: Standard loyalty program
16444,Silver Tier,0,46,4,654.67,3,4,3,343,946.9775437230212,0.1378327927088559,0.999306116366482,2.230378857499003e-05,Low,Maintain: Standard loyalty program
16445,Silver Tier,0,34,1,230.51,3,2,1,321,1136.2013539108086,0.0973255042500641,1.0,2.2303788574990107e-05,Low,Maintain: Standard loyalty program
16446,Platinum Tier,4,1,2,168472.5,5,3,5,535,176340.84442230687,0.0799793037298508,0.9994906496839489,2.23037885749909e-05,Low,Maintain: Continue white-glove service
16447,Silver Tier,0,136,1,255.91,2,2,2,222,568.1314526115447,0.048641413776145,1.0,0.9999776962114252,High,Send: Standard win-back offer
16448,Inactive,1,198,1,182.99,1,2,1,121,434.09180192261977,0.037160383483378,1.0,0.9999776962114252,High,Low Priority: Automated email only
16449,Inactive,1,198,2,707.69,1,3,3,133,630.37395372434,0.0626735992237197,0.9976780314225336,0.9999776962114252,High,Low Priority: Automated email only
16450,Inactive,1,150,1,311.92,2,2,2,222,531.6500917101112,0.0455163720888534,1.0,0.9999776962114252,High,Low Priority: Automated email only
16451,Silver Tier,0,88,1,266.97,2,2,2,222,742.9194360225239,0.0636165833504001,1.0,2.2303788575000092e-05,Low,Maintain: Standard loyalty program
16454,Silver Tier,0,45,2,6.9,3,3,1,331,1032.6927076372192,0.1647342385857164,0.99893899284216,2.2303788574990185e-05,Low,Maintain: Standard loyalty program
16455,Silver Tier,0,64,7,1841.18,3,5,4,354,1407.2220643499752,0.1588106258673997,0.9992133300829984,2.230378857499106e-05,Low,Maintain: Standard loyalty program
16456,Silver Tier,0,99,5,2158.18,2,4,5,245,1321.4110528038384,0.130905113130469,0.9988016393614092,0.9999776962114252,High,Send: Standard win-back offer
16457,Inactive,1,218,1,208.36,1,2,1,121,403.8449286955369,0.0345700032253114,1.0,0.9999776962114252,High,Low Priority: Automated email only
16458,Gold Tier,3,3,18,3482.74,5,5,5,555,2909.877607986194,0.4986540566356254,0.9998357696939956,2.2303788574990344e-05,Low,Maintain: VIP loyalty program
16460,Silver Tier,0,28,3,811.23,4,4,3,443,2078.3313434882666,0.2260730405653492,0.9992044606248736,2.2303788574989992e-05,Low,Maintain: Standard loyalty program
16461,Inactive,1,178,1,142.92,2,2,1,221,471.1438391061143,0.0403337640782646,1.0,0.9999776962114252,High,Low Priority: Automated email only
16462,Silver Tier,0,74,3,136.0,2,4,1,241,499.2614723974277,0.0963004507167751,0.9991444979939054,2.230378857499249e-05,Low,Maintain: Standard loyalty program
16463,Silver Tier,0,21,4,1422.4,4,4,4,444,1800.884290821372,0.1681620795511335,0.999466300672566,2.2303788574989992e-05,Low,Maintain: Standard loyalty program
16464,Silver Tier,0,20,3,1298.66,4,4,4,444,2002.093269888263,0.160723553672264,0.9994207880345172,2.2303788574989992e-05,Low,Maintain: Standard loyalty program
16466,Silver Tier,0,34,7,1595.96,3,5,4,354,1752.8799965954931,0.2268450514216732,0.9994371201271908,2.2303788574989992e-05,Low,Maintain: Standard loyalty program
16468,Silver Tier,0,74,1,74.9,2,2,1,221,810.4510859892586,0.0694035271114614,1.0,2.2303788574992563e-05,Low,Maintain: Standard loyalty program
16469,Silver Tier,0,24,4,625.42,4,4,3,443,802.8407477767704,0.1076479658648364,0.9994503816246668,2.230378857499003e-05,Low,Maintain: Standard loyalty program
16470,Silver Tier,0,52,4,752.77,3,4,3,343,739.2253059031885,0.1074900702691532,0.9993608358470522,2.2303788574990263e-05,Low,Maintain: Standard loyalty program
16471,Inactive,1,275,1,223.95,1,2,1,121,337.9179231900678,0.0289244504441973,1.0,0.9999776962114252,High,Low Priority: Automated email only
16473,Inactive,1,165,3,316.11,2,4,2,242,481.7014299427337,0.083606150931629,0.9980779288802594,0.9999776962114252,High,Low Priority: Automated email only
16474,Silver Tier,0,7,7,1810.65,5,5,4,554,2907.5534484172526,0.3267219131342038,0.999611813223237,2.2303788574990107e-05,Low,Maintain: Standard loyalty program
16475,Silver Tier,0,88,4,544.3,2,4,3,243,648.0736393724147,0.13413326805453,0.9987741174876592,2.2303788575000173e-05,Low,Maintain: Standard loyalty program
16477,Silver Tier,0,64,7,2494.46,3,5,5,355,2009.6680615141984,0.1860568336736072,0.9991600563223496,2.230378857499157e-05,Low,Maintain: Standard loyalty program
16478,Silver Tier,0,25,3,331.0,4,4,2,442,1369.937816849918,0.2530842524145838,0.9992046966840328,2.230378857499007e-05,Low,Maintain: Standard loyalty program
16479,Silver Tier,0,10,2,300.83,5,3,2,532,1467.013040655582,0.1256929055747151,1.0,2.230378857499007e-05,Low,Maintain: Standard loyalty program
16480,Silver Tier,0,76,1,769.29,2,2,3,223,804.82343769289,0.0689212587386187,1.0,2.230378857499193e-05,Low,Maintain: Standard loyalty program
16482,Silver Tier,0,16,1,220.62,4,2,1,421,1379.6826382410247,0.1182032059450869,1.0,2.2303788574990107e-05,Low,Maintain: Standard loyalty program
16483,Inactive,1,192,1,139.35,1,2,1,121,444.0697294609968,0.0380149377449266,1.0,0.9999776962114252,High,Low Priority: Automated email only
16484,Inactive,1,174,2,404.3,2,3,2,232,658.3635735949034,0.0843336093228526,0.996191828652044,0.9999776962114252,High,Low Priority: Automated email only
16485,Silver Tier,0,77,1,363.65,2,2,2,222,793.7994213099503,0.0679765533927228,1.0,2.230378857499213e-05,Low,Maintain: Standard loyalty program
16488,Silver Tier,0,33,3,498.8,4,4,3,443,1057.333305717673,0.1562578228044784,0.9992928894620084,2.230378857499003e-05,Low,Maintain: Standard loyalty program
16491,Silver Tier,0,47,1,731.5,3,2,3,323,1007.7639635956134,0.0863149271016233,1.0,2.2303788574990107e-05,Low,Maintain: Standard loyalty program
16493,Silver Tier,0,80,4,1351.63,2,4,4,244,1329.24698185033,0.1152919915215053,0.999084067604067,2.2303788574994427e-05,Low,Maintain: Standard loyalty program
16494,Inactive,1,297,1,826.53,1,2,3,123,317.55242640997517,0.0271806320674758,1.0,0.9999776962114252,High,Low Priority: Automated email only
16495,Silver Tier,0,3,3,648.26,5,4,3,543,730.6447908739719,0.0635151017263098,0.9994824611106496,2.2303788574990148e-05,Low,Maintain: Standard loyalty program
16496,Silver Tier,0,9,3,1599.52,5,4,4,544,1054.00984861084,0.0880781885508324,0.999529263813261,2.230378857499003e-05,Low,Maintain: Standard loyalty program
16497,Silver Tier,0,50,6,2965.69,3,5,5,355,2487.13645931312,0.1440107636437995,0.999339782668173,2.2303788574990148e-05,Low,Maintain: Standard loyalty program
16498,Inactive,1,161,2,100.97,2,3,1,231,603.4142036264808,0.0944941615340179,0.9955009893067652,0.9999776962114252,High,Low Priority: Automated email only
16499,Inactive,1,360,2,365.45,1,3,2,132,408.9588929752174,0.0499710933668743,0.986979662713622,0.9999776962114252,High,Low Priority: Automated email only
16500,Silver Tier,0,5,6,400.86,5,5,2,552,566.4509785090378,0.1451358903358026,0.9996298272070602,2.2303788574990226e-05,Low,Maintain: Standard loyalty program
16503,Silver Tier,0,107,4,1431.93,2,4,4,244,1030.2686990250045,0.1069327324014336,0.9988366340484832,0.9999776962114252,High,Send: Standard win-back offer
16504,Silver Tier,0,25,1,465.88,4,2,2,422,1232.9005241921468,0.1056164161470964,1.0,2.230378857499007e-05,Low,Maintain: Standard loyalty program
16505,Silver Tier,0,32,1,777.6,4,2,3,423,1158.925382250077,0.0992737570996446,1.0,2.230378857499003e-05,Low,Maintain: Standard loyalty program
16506,Silver Tier,0,20,2,90.3,4,3,1,431,1349.864877111083,0.2011032276765227,0.999277215580556,2.2303788574990185e-05,Low,Maintain: Standard loyalty program
16509,Inactive,1,297,1,363.7000000000001,1,2,2,122,317.55242640997517,0.0271806320674758,1.0,0.9999776962114252,High,Low Priority: Automated email only
16510,Inactive,1,372,1,248.1,1,2,1,121,262.83198413710926,0.0224954923923936,1.0,0.9999776962114252,High,Low Priority: Automated email only
16511,Silver Tier,0,22,3,918.33,4,4,3,443,963.2281026352504,0.101221288242667,0.999467327988534,2.2303788574989992e-05,Low,Maintain: Standard loyalty program
16513,Silver Tier,0,5,4,874.59,5,4,3,543,3454.0783448169186,0.4101122159994482,0.9995483987502858,2.2303788574990148e-05,Low,Maintain: Standard loyalty program
16515,Silver Tier,0,52,5,1624.14,3,4,4,344,1482.401818755491,0.1523413728877192,0.999282743087444,2.2303788574990263e-05,Low,Maintain: Standard loyalty program
16516,Silver Tier,0,30,1,101.7,4,2,1,421,1170.6317638661749,0.1002774292261558,1.0,2.2303788574990148e-05,Low,Maintain: Standard loyalty program
16517,Inactive,1,277,1,162.7,1,2,1,121,334.98832132167604,0.0286735956357553,1.0,0.9999776962114252,High,Low Priority: Automated email only
16518,Silver Tier,0,61,2,484.32,3,3,2,332,626.35538571456,0.0620627217409465,0.9992797858078292,2.2303788574990585e-05,Low,Maintain: Standard loyalty program
16519,Silver Tier,0,25,2,215.08,4,3,1,431,389.46094078159183,0.0504849609022667,0.9994323700434682,2.2303788574990185e-05,Low,Maintain: Standard loyalty program
16520,Inactive,1,186,3,1046.57,1,4,4,144,834.7177897206545,0.0780002607315825,0.9978451301348228,0.9999776962114252,High,Low Priority: Automated email only
16523,Gold Tier,3,2,21,9418.47,5,5,5,555,7896.438962647142,0.5571053783308221,0.9998417065154704,2.2303788574990426e-05,Low,Maintain: VIP loyalty program
16525,Gold Tier,3,2,26,13027.45,5,5,5,555,10028.622969993705,0.7124936967651729,0.9998740796339354,2.2303788574990585e-05,Low,Maintain: VIP loyalty program
16526,Inactive,1,172,1,290.36,2,2,2,222,482.9210154828088,0.0413424837740463,1.0,0.9999776962114252,High,Low Priority: Automated email only
16527,Silver Tier,0,81,1,228.06,2,2,1,221,772.6333322467653,0.0661627642284102,1.0,2.2303788574993197e-05,Low,Maintain: Standard loyalty program
16528,Silver Tier,0,4,1,244.41,5,2,1,521,1609.660589705031,0.1379282589170133,1.0,2.230378857499082e-05,Low,Maintain: Standard loyalty program
16529,Inactive,1,190,1,455.25,1,2,2,122,447.49843127294145,0.0383085907025911,1.0,0.9999776962114252,High,Low Priority: Automated email only
16531,Silver Tier,0,22,7,1244.59,4,5,4,454,1223.970538203521,0.1909088179483906,0.999580919166044,2.230378857499003e-05,Low,Maintain: Standard loyalty program
16532,Silver Tier,0,18,3,6748.8,4,4,5,445,3949.6646469488473,0.0833137221084532,0.999499539644419,2.2303788574990107e-05,Low,Maintain: Standard loyalty program
16533,Silver Tier,0,19,3,1082.81,4,4,4,444,2642.2281608751296,0.2475681908523619,0.9993234322228024,2.2303788574989992e-05,Low,Maintain: Standard loyalty program
16535,Silver Tier,0,5,1,593.75,5,2,3,523,1566.149238768915,0.1341959535906739,1.0,2.2303788574990148e-05,Low,Maintain: Standard loyalty program
16536,Silver Tier,0,110,1,548.12,2,2,3,223,647.4697996251092,0.0554383012465695,1.0,0.9999776962114252,High,Send: Standard win-back offer
16539,Silver Tier,0,3,4,1388.81,5,4,4,544,1002.5826389287008,0.1038663908715444,0.9996002150986378,2.2303788574990148e-05,Low,Maintain: Standard loyalty program
16542,Silver Tier,0,54,1,119.62,3,2,1,321,949.944145249896,0.0813587982568712,1.0,2.230378857499082e-05,Low,Maintain: Standard loyalty program
16545,Inactive,1,165,1,339.3,2,2,2,222,497.4276193830024,0.0425850092024158,1.0,0.9999776962114252,High,Low Priority: Automated email only
16546,Inactive,1,291,2,787.15,1,3,3,133,625.4643283135492,0.049532757632258,0.9964009730977242,0.9999776962114252,High,Low Priority: Automated email only
16549,Silver Tier,0,10,10,4034.9,5,5,5,555,3530.9676474332264,0.2330191571314832,0.9996717774728244,2.2303788574990107e-05,Low,Maintain: Standard loyalty program
16550,Silver Tier,0,109,5,2298.97,2,4,5,245,1606.018540135191,0.1323781839693228,0.9986131490335972,0.9999776962114252,High,Send: Standard win-back offer
16551,Silver Tier,0,96,3,922.12,2,4,3,243,813.6718706061745,0.0836880724379957,0.9990558957701844,0.9999776962114252,High,Send: Standard win-back offer
16552,Inactive,1,243,2,379.73,1,3,2,132,493.6034486247856,0.049491774330465,0.9978345437648798,0.9999776962114252,High,Low Priority: Automated email only
16553,Silver Tier,0,163,12,5719.82,2,5,5,255,3400.7301260338486,0.1621707488897132,0.9948410519303148,0.9999776962114252,High,Send: Standard win-back offer
16554,Silver Tier,0,42,3,837.1,3,4,3,343,994.2807862843677,0.0847629947713795,0.9993930623886792,2.2303788574989992e-05,Low,Maintain: Standard loyalty program
16555,Silver Tier,0,35,2,285.89,3,3,2,332,985.378667726361,0.123104565436234,0.9992402229853992,2.230378857499007e-05,Low,Maintain: Standard loyalty program
16556,Silver Tier,0,67,7,3313.79,3,5,5,355,2611.538575385051,0.1908141267424096,0.9990851247667668,2.230378857499173e-05,Low,Maintain: Standard loyalty program
16557,Silver Tier,0,24,2,281.85,4,3,2,432,916.5263550585868,0.1063776889789996,0.9993613411494222,2.2303788574990107e-05,Low,Maintain: Standard loyalty program
16558,Gold Tier,3,1,20,8338.49,5,5,5,555,6293.10464940073,0.5469616014764236,0.9998611079274056,2.2303788574990503e-05,Low,Maintain: VIP loyalty program
16560,Silver Tier,0,27,2,841.41,4,3,3,433,662.3171553047829,0.0513125661880233,0.999428737693384,2.2303788574989992e-05,Low,Maintain: Standard loyalty program
16561,Silver Tier,0,6,2,511.12,5,3,3,533,1621.1933316408113,0.1712615129334695,0.999452187627698,2.2303788574990185e-05,Low,Maintain: Standard loyalty program
16563,Silver Tier,0,54,1,1077.74,3,2,4,324,949.944145249896,0.0813587982568712,1.0,2.2303788574990307e-05,Low,Maintain: Standard loyalty program
16565,Inactive,1,364,1,173.7,1,2,1,121,267.6875158822208,0.0229111992653797,1.0,0.9999776962114252,High,Low Priority: Automated email only
16566,Silver Tier,0,15,5,614.66,4,4,3,443,874.413843878075,0.1604068593890176,0.9995672524085132,2.2303788574989992e-05,Low,Maintain: Standard loyalty program
16567,Inactive,1,194,2,865.6,1,3,3,133,555.6006864655164,0.0540407927364075,0.998325413995458,0.9999776962114252,High,Low Priority: Automated email only
16569,Silver Tier,0,3,1,124.2,5,2,1,521,1609.660589705031,0.1379282589170133,1.0,2.23037885749909e-05,Low,Maintain: Standard loyalty program
16570,Silver Tier,0,15,10,3738.4,4,5,5,455,3224.832763436638,0.2786930475584347,0.9996432648259468,2.230378857499007e-05,Low,Maintain: Standard loyalty program
16571,Silver Tier,0,27,3,1421.69,4,4,4,444,1264.8031857384017,0.096880318236504,0.9994482521780196,2.2303788574989992e-05,Low,Maintain: Standard loyalty program
16572,Silver Tier,0,127,3,1009.6,2,4,4,244,1006.3763047163892,0.0984641381904817,0.9983696669644332,0.9999776962114252,High,Send: Standard win-back offer
16573,Silver Tier,0,85,2,663.61,2,3,3,233,677.4334935322237,0.0610185853290253,0.99917132247645,2.2303788574994546e-05,Low,Maintain: Standard loyalty program
16574,Silver Tier,0,71,1,451.44,3,2,2,322,827.8164177882809,0.0708916959513835,1.0,2.2303788574991378e-05,Low,Maintain: Standard loyalty program
16581,Inactive,1,183,1,105.84,1,2,1,121,461.75960895582784,0.0395300164895505,1.0,0.9999776962114252,High,Low Priority: Automated email only
16582,Silver Tier,0,113,1,313.62,2,2,2,222,636.7983907445174,0.0545240340700973,1.0,0.9999776962114252,High,Send: Standard win-back offer
16583,Inactive,1,374,1,233.45,1,2,1,121,262.2374002805863,0.0224445873246541,1.0,0.9999776962114252,High,Low Priority: Automated email only
16584,Silver Tier,0,80,2,936.08,2,3,4,234,711.4380851768691,0.0678193754257492,0.9991435614532408,2.2303788574993e-05,Low,Maintain: Standard loyalty program
16586,Inactive,1,249,1,463.95,1,2,2,122,365.6303548271988,0.0312974716804905,1.0,0.9999776962114252,High,Low Priority: Automated email only
16587,Inactive,1,232,1,225.15,1,2,1,121,385.0635714668843,0.0329616186486809,1.0,0.9999776962114252,High,Low Priority: Automated email only
16589,Silver Tier,0,71,3,459.24,3,4,2,342,1078.2116485264946,0.1473411215709877,0.9987409009629054,2.2303788574991378e-05,Low,Maintain: Standard loyalty program
16591,Silver Tier,0,69,1,213.5,3,2,1,321,845.942306092539,0.0724450826584567,1.0,2.2303788574990785e-05,Low,Maintain: Standard loyalty program
16592,Gold Tier,3,4,16,4113.68,5,5,5,555,3780.4846956679726,0.2975095916290145,0.9997237608142724,2.2303788574990344e-05,Low,Maintain: VIP loyalty program
16593,Silver Tier,0,51,3,330.03,3,4,2,342,564.8093954967676,0.0856157171831794,0.9993503956107062,2.2303788574990263e-05,Low,Maintain: Standard loyalty program
16594,Silver Tier,0,75,1,181.09,2,2,1,221,804.82343769289,0.0689212587386187,1.0,2.2303788574992723e-05,Low,Maintain: Standard loyalty program
16595,Silver Tier,0,61,1,360.16,3,2,2,322,891.4895806459505,0.0763486566622308,1.0,2.2303788574990585e-05,Low,Maintain: Standard loyalty program
16596,Silver Tier,0,16,2,250.15,4,3,2,432,400.4890583559229,0.0503701186634348,0.9994569440799904,2.230378857499007e-05,Low,Maintain: Standard loyalty program
16597,Silver Tier,0,4,1,90.04,5,2,1,521,1587.6067673138905,0.136036511099782,1.0,2.23037885749909e-05,Low,Maintain: Standard loyalty program
16598,Inactive,1,286,1,145.05,1,2,1,121,327.4187857791556,0.028025441191206,1.0,0.9999776962114252,High,Low Priority: Automated email only
16600,Silver Tier,0,4,6,813.52,5,5,3,553,915.9821949709468,0.1717667560658917,0.9996612595687926,2.2303788574990185e-05,Low,Maintain: Standard loyalty program
16601,Silver Tier,0,41,1,242.7,3,2,1,321,1063.2353258039057,0.091070109272735,1.0,2.230378857499003e-05,Low,Maintain: Standard loyalty program
16602,Silver Tier,0,36,1,528.08,3,2,3,323,1103.738729125816,0.0945424046456437,1.0,2.2303788574990107e-05,Low,Maintain: Standard loyalty program
16603,Silver Tier,0,75,2,482.47,2,3,2,232,1188.0234304560486,0.1368485976317709,0.9984171854830012,2.230378857499209e-05,Low,Maintain: Standard loyalty program
16607,Silver Tier,0,18,14,3347.71,4,5,5,455,2641.0041025058904,0.3885153285954899,0.9996784780847976,2.2303788574990263e-05,Low,Maintain: Standard loyalty program
16609,Silver Tier,0,15,7,5493.46,4,5,5,455,5429.4432461614515,0.2551597493244917,0.999594382302928,2.2303788574990107e-05,Low,Maintain: Standard loyalty program
16610,Inactive,1,219,1,75.66,1,2,1,121,402.4428526001735,0.0344499312390523,1.0,0.9999776962114252,High,Low Priority: Automated email only
16611,Inactive,1,186,1,129.49,1,2,1,121,454.51717492507487,0.0389097204265607,1.0,0.9999776962114252,High,Low Priority: Automated email only
16612,Silver Tier,0,33,4,1187.66,4,4,4,444,1134.165067266727,0.1207986246965143,0.9994498875919748,2.2303788574989992e-05,Low,Maintain: Standard loyalty program
16613,Silver Tier,0,70,1,618.59,3,2,3,323,833.7714421202147,0.0714020364259883,1.0,2.2303788574991337e-05,Low,Maintain: Standard loyalty program
16614,Inactive,1,183,1,506.19,1,2,3,123,461.75960895582784,0.0395300164895505,1.0,0.9999776962114252,High,Low Priority: Automated email only
16616,Silver Tier,0,15,2,500.42,4,3,3,433,974.1903666841124,0.0969660308926616,0.9994225836224194,2.230378857499007e-05,Low,Maintain: Standard loyalty program
16617,Inactive,1,236,1,151.85,1,2,1,121,381.26403757860874,0.0326362438844192,1.0,0.9999776962114252,High,Low Priority: Automated email only
16618,Silver Tier,0,31,5,2647.59,4,4,5,445,1906.2646642166872,0.1174007737704767,0.9994610646677636,2.230378857499003e-05,Low,Maintain: Standard loyalty program
16619,Inactive,1,264,1,226.21,1,2,1,121,349.1127321634966,0.0298830486396042,1.0,0.9999776962114252,High,Low Priority: Automated email only
16620,Silver Tier,0,4,2,178.96,5,3,1,531,489.25537899717074,0.0666047762636165,0.9994820575817168,2.23037885749909e-05,Low,Maintain: Standard loyalty program
16621,Silver Tier,0,52,4,813.48,3,4,3,343,1014.6586318115584,0.1326489491636479,0.9992768473562024,2.2303788574990263e-05,Low,Maintain: Standard loyalty program
16623,Inactive,1,246,1,129.45,1,2,1,121,369.1232389549317,0.0315965772206681,1.0,0.9999776962114252,High,Low Priority: Automated email only
16624,Silver Tier,0,81,2,810.57,2,3,3,233,928.220071184223,0.0823467866920797,0.9990211374793412,2.230378857499312e-05,Low,Maintain: Standard loyalty program
16625,Inactive,1,275,1,333.08,1,2,2,122,337.9179231900678,0.0289244504441973,1.0,0.9999776962114252,High,Low Priority: Automated email only
16626,Gold Tier,3,1,17,4413.1,5,5,5,555,4046.3356682905064,0.6027884488352606,0.9998419491260552,2.2303788574990503e-05,Low,Maintain: VIP loyalty program
16627,Silver Tier,0,79,1,322.8,2,2,2,222,783.0733593220475,0.0670573960663036,1.0,2.230378857499233e-05,Low,Maintain: Standard loyalty program
16628,Silver Tier,0,30,5,2188.05,4,4,5,445,2404.413516116542,0.1910934890239939,0.9994270160957056,2.2303788574989992e-05,Low,Maintain: Standard loyalty program
16629,Silver Tier,0,74,2,408.63,2,3,2,232,1143.667467038828,0.1327130978901668,0.9985197219028548,2.230378857499181e-05,Low,Maintain: Standard loyalty program
16633,Silver Tier,0,17,6,2883.1,4,5,5,455,3072.0430463593725,0.2307140208614708,0.9995523087171316,2.230378857499003e-05,Low,Maintain: Standard loyalty program
16634,Inactive,1,223,2,217.9,1,3,1,131,345.0483948385254,0.049620819485074,0.9981724253655376,0.9999776962114252,High,Low Priority: Automated email only
16637,Silver Tier,0,32,4,1154.47,4,4,4,444,1405.7271240785103,0.156135019915811,0.9993893881597096,2.2303788574989992e-05,Low,Maintain: Standard loyalty program
16638,Silver Tier,0,23,10,1680.72,4,5,4,454,1576.0382894128409,0.2697817951818924,0.9996128295611652,2.230378857499003e-05,Low,Maintain: Standard loyalty program
16639,Silver Tier,0,31,3,1257.51,4,4,4,444,1420.559949162826,0.111538468662249,0.999398809500052,2.2303788574989992e-05,Low,Maintain: Standard loyalty program
16641,Silver Tier,0,106,1,231.1,2,2,1,221,666.0731967961318,0.0570321746880106,1.0,0.9999776962114252,High,Send: Standard win-back offer
16642,Silver Tier,0,5,2,688.33,5,3,3,533,891.3372946364544,0.0793984665877412,0.999476887361854,2.2303788574990148e-05,Low,Maintain: Standard loyalty program
16643,Inactive,1,246,1,487.51,1,2,3,123,369.1232389549317,0.0315965772206681,1.0,0.9999776962114252,High,Low Priority: Automated email only
16644,Inactive,1,178,2,833.78,2,3,3,233,599.9088372073892,0.0777822537145523,0.9968753338798312,0.9999776962114252,High,Low Priority: Automated email only
16647,Inactive,1,170,2,214.06,2,3,1,231,591.3956326282033,0.0800751796015339,0.9970354827150484,0.9999776962114252,High,Low Priority: Automated email only
16648,Silver Tier,0,43,1,290.65999999999997,3,2,2,322,1044.0784632385316,0.0894278831474726,1.0,2.230378857499003e-05,Low,Maintain: Standard loyalty program
16650,Silver Tier,0,72,1,518.42,3,2,3,323,827.8164177882809,0.0708916959513835,1.0,2.2303788574991378e-05,Low,Maintain: Standard loyalty program
16652,Silver Tier,0,59,7,6773.97,3,5,5,355,5230.02071008809,0.1692474148573204,0.99913558379893,2.2303788574990625e-05,Low,Maintain: Standard loyalty program
16653,Silver Tier,0,16,2,1212.66,4,3,4,434,1173.0418119250714,0.1565589896991137,0.9993642279665312,2.230378857499003e-05,Low,Maintain: Standard loyalty program
16654,Silver Tier,0,141,4,601.27,2,4,3,243,606.079834984529,0.1049138602877604,0.9982570393833228,0.9999776962114252,High,Send: Standard win-back offer
16655,Silver Tier,0,18,6,3789.52,4,5,5,455,2759.9251374649593,0.1747605131195506,0.9995881305538352,2.230378857499007e-05,Low,Maintain: Standard loyalty program
16656,Gold Tier,3,22,15,8625.8,4,5,5,455,6612.571197373334,0.4108174895060235,0.9996229123555684,2.2303788574990307e-05,Low,Maintain: VIP loyalty program
16657,Silver Tier,0,10,4,874.43,5,4,3,543,1095.24334920079,0.1421376014701757,0.9995622277830865,2.230378857499003e-05,Low,Maintain: Standard loyalty program
16658,Inactive,1,368,1,123.24,1,2,1,121,265.2375295735978,0.0227014428911775,1.0,0.9999776962114252,High,Low Priority: Automated email only
16659,Inactive,1,189,1,39.12,1,2,1,121,449.23271518157816,0.0384571250577934,1.0,0.9999776962114252,High,Low Priority: Automated email only
16660,Silver Tier,0,16,4,1267.65,4,4,4,444,1141.0560939230847,0.0873944902192556,0.9995003231665506,2.2303788574989992e-05,Low,Maintain: Standard loyalty program
16665,Inactive,1,362,1,135.4,1,2,1,121,268.92956100875483,0.0230175377763945,1.0,0.9999776962114252,High,Low Priority: Automated email only
16666,Silver Tier,0,19,1,118.98,4,2,1,421,1316.965589877716,0.1128248642298541,1.0,2.2303788574990148e-05,Low,Maintain: Standard loyalty program
16667,Silver Tier,0,68,2,567.18,3,3,3,333,685.595605919537,0.0620606955184814,0.9992471613419002,2.2303788574990703e-05,Low,Maintain: Standard loyalty program
16668,Silver Tier,0,15,6,306.72,4,5,2,452,665.4309568085608,0.1980343885221075,0.9995881449367804,2.2303788574990107e-05,Low,Maintain: Standard loyalty program
16669,Silver Tier,0,24,3,1348.88,4,4,4,444,2145.426341237144,0.1490905165739787,0.9993049685981314,2.2303788574989992e-05,Low,Maintain: Standard loyalty program
16670,Silver Tier,0,17,11,4095.9,4,5,5,455,3189.3429312863764,0.2761143176253018,0.9996608028342856,2.2303788574990107e-05,Low,Maintain: Standard loyalty program
16671,Silver Tier,0,28,3,1692.27,4,4,4,444,1023.2754764261284,0.1455339164699637,0.9993629808948864,2.2303788574989992e-05,Low,Maintain: Standard loyalty program
16672,Gold Tier,3,2,20,8134.94,5,5,5,555,7354.918461049602,0.6386053287817515,0.9998318725973542,2.2303788574990426e-05,Low,Maintain: VIP loyalty program
16674,Silver Tier,0,55,2,304.24,3,3,2,332,1144.4894802722831,0.131180759114712,0.998960432676192,2.2303788574990344e-05,Low,Maintain: Standard loyalty program
16676,Silver Tier,0,34,4,1592.12,3,4,4,344,1229.6807593301685,0.1130618925498544,0.9994565713179564,2.2303788574989992e-05,Low,Maintain: Standard loyalty program
16678,Silver Tier,0,3,12,3109.99,5,5,5,555,3064.711786871445,0.4043297034768181,0.9997804155897442,2.2303788574990148e-05,Low,Maintain: Standard loyalty program
16679,Inactive,1,366,1,129.75,1,2,1,121,266.45689100090283,0.0228058387806504,1.0,0.9999776962114252,High,Low Priority: Automated email only
16680,Silver Tier,0,43,1,183.7,3,2,1,321,1034.75663059681,0.0886287817760632,1.0,2.230378857499007e-05,Low,Maintain: Standard loyalty program
16681,Silver Tier,0,73,6,1770.34,2,5,4,254,1930.2566315648949,0.2168908627783359,0.9986034598664272,2.230378857499181e-05,Low,Maintain: Standard loyalty program
16682,Silver Tier,0,5,5,1028.0,5,4,4,544,1211.6420397895351,0.2262321326212291,0.9996195495479476,2.2303788574990185e-05,Low,Maintain: Standard loyalty program
16684,Gold Tier,3,4,28,66653.56,5,5,5,555,51389.32100464769,0.4447708183699814,0.9998077202932208,2.23037885749911e-05,Low,Maintain: VIP loyalty program
16685,Silver Tier,0,61,2,324.24,3,3,2,332,891.4895806459505,0.0763486566622308,1.0,2.2303788574990585e-05,Low,Maintain: Standard loyalty program
16686,Silver Tier,0,47,7,2959.88,3,5,5,355,2343.8536878947443,0.1931154585484602,0.9993476356635888,2.2303788574990185e-05,Low,Maintain: Standard loyalty program
16688,Silver Tier,0,1,4,1260.86,5,4,4,544,3747.9165160245025,0.3560474501151513,0.9995952115257032,2.2303788574990226e-05,Low,Maintain: Standard loyalty program
16689,Silver Tier,0,76,2,422.6,2,3,2,232,1149.9820397664134,0.1449805468570681,0.9982153121148524,2.2303788574991852e-05,Low,Maintain: Standard loyalty program
16690,Silver Tier,0,72,2,225.58,3,3,1,331,655.0775644386715,0.0811330549603893,0.999102608533522,2.2303788574991415e-05,Low,Maintain: Standard loyalty program
16692,Inactive,1,256,2,1276.0,1,3,4,134,1389.4582502623846,0.0609317889169942,0.9949701175922078,0.9999776962114252,High,Low Priority: Automated email only
16693,Silver Tier,0,69,2,477.86,3,3,2,332,676.1963331686261,0.0644333954663866,0.999234454859834,2.2303788574990744e-05,Low,Maintain: Standard loyalty program
16696,Silver Tier,0,135,4,657.9,2,4,3,243,1077.1227600208551,0.1444171553062007,0.996722405532768,0.9999776962114252,High,Send: Standard win-back offer
16697,Inactive,1,241,1,112.75,1,2,1,121,373.8855720243593,0.0320043925326748,1.0,0.9999776962114252,High,Low Priority: Automated email only
16698,Inactive,1,227,2,1998.0,1,3,4,134,1146.0159139717107,0.0677729757021302,0.9953679368181866,0.9999776962114252,High,Low Priority: Automated email only
16700,Silver Tier,0,9,13,5076.55,5,5,5,555,3946.647369692571,0.3538135745472441,0.9997542666389831,2.2303788574990107e-05,Low,Maintain: Standard loyalty program
16701,Silver Tier,0,9,13,5398.3,5,5,5,555,4123.007359820901,0.3300199054037932,0.9997437247763246,2.2303788574990107e-05,Low,Maintain: Standard loyalty program
16705,Gold Tier,3,1,20,14034.99,5,5,5,555,10288.17184198695,0.3323559491031569,0.9997947656862584,2.230378857499102e-05,Low,Maintain: VIP loyalty program
16706,Silver Tier,0,37,3,531.35,3,4,3,343,1187.6292614776837,0.1852783453757729,0.999160009178782,2.230378857499003e-05,Low,Maintain: Standard loyalty program
16708,Silver Tier,0,46,1,656.63,3,2,3,323,1016.603648575807,0.087072670047252,1.0,2.230378857499003e-05,Low,Maintain: Standard loyalty program
16709,Silver Tier,0,85,5,3029.87,2,4,5,245,2119.29199746522,0.1310801878928928,0.9988774956910847,2.2303788574996605e-05,Low,Maintain: Standard loyalty program
16710,Silver Tier,0,19,10,2467.99,4,5,5,455,1918.1080636410495,0.242331767588373,0.9996298705088696,2.230378857499007e-05,Low,Maintain: Standard loyalty program
16711,Silver Tier,0,3,5,1651.03,5,4,4,544,1421.1468467028358,0.1359360519249983,0.9996351630049528,2.2303788574990107e-05,Low,Maintain: Standard loyalty program
16712,Silver Tier,0,9,11,3611.31,5,5,5,555,3510.8565085149753,0.3069855191959211,0.9996842836547358,2.230378857499007e-05,Low,Maintain: Standard loyalty program
16713,Gold Tier,3,19,15,6910.78,4,5,5,455,5292.299646619069,0.4089493556221631,0.9996743123617516,2.2303788574990307e-05,Low,Maintain: VIP loyalty program
16714,Inactive,1,219,3,1129.06,1,4,4,144,365.82704094764017,0.0566645092901311,0.997675285489084,0.9999776962114252,High,Low Priority: Automated email only
16715,Silver Tier,0,78,1,301.71999999999997,2,2,2,222,788.3999061904082,0.0675138464403072,1.0,2.2303788574992404e-05,Low,Maintain: Standard loyalty program
16716,Inactive,1,267,2,901.2,1,3,3,133,484.550422234297,0.0574293624629691,0.9954210384254828,0.9999776962114252,High,Low Priority: Automated email only
16717,Silver Tier,0,24,6,3843.08,4,5,5,455,2947.9478431119214,0.1606923003205177,0.9995611497348046,2.230378857499007e-05,Low,Maintain: Standard loyalty program
16718,Inactive,1,369,1,606.05,1,2,3,123,264.6320244409797,0.0226496025395617,1.0,0.9999776962114252,High,Low Priority: Automated email only
16719,Silver Tier,0,15,7,1770.22,4,5,4,454,1339.9072589477655,0.1874233257732349,0.9996346011670776,2.230378857499003e-05,Low,Maintain: Standard loyalty program
16720,Silver Tier,0,26,1,152.95,4,2,1,421,1219.9222926807831,0.1045036164576723,1.0,2.2303788574990107e-05,Low,Maintain: Standard loyalty program
16721,Inactive,1,262,1,292.47,1,2,2,122,350.16733507934754,0.0299733541292174,1.0,0.9999776962114252,High,Low Priority: Automated email only
16722,Silver Tier,0,17,13,4730.81,4,5,5,455,3559.882933560352,0.3521670669651735,0.99967782910182,2.2303788574990107e-05,Low,Maintain: Standard loyalty program
16723,Silver Tier,0,91,2,576.4,2,3,3,233,1045.8533564287468,0.1243591087583758,0.9980759422630386,0.9999776962114252,High,Send: Standard win-back offer
16725,Inactive,1,302,7,758.27,1,5,3,153,635.1228463768072,0.1245952810078065,0.7839353630681327,0.9999776962114252,High,Low Priority: Automated email only
16726,Silver Tier,0,26,5,1358.74,4,4,4,444,1234.7300119839583,0.1067549846999551,0.9995012091127043,2.2303788574989992e-05,Low,Maintain: Standard loyalty program
16727,Inactive,1,364,1,256.32,1,2,2,122,267.6875158822208,0.0229111992653797,1.0,0.9999776962114252,High,Low Priority: Automated email only
16728,Silver Tier,0,46,4,1048.28,3,4,4,344,1215.8078177898913,0.1378327927088559,0.999306116366482,2.230378857499003e-05,Low,Maintain: Standard loyalty program
16729,Gold Tier,3,38,21,7205.33,3,5,5,355,7667.096787565057,0.727717564122846,0.9983037991992136,2.2303788574990426e-05,Low,Maintain: VIP loyalty program
16730,Silver Tier,0,52,3,743.11,3,4,3,343,806.738729017761,0.087379931172937,0.999333816428381,2.2303788574990263e-05,Low,Maintain: Standard loyalty program
16732,Silver Tier,0,32,1,603.75,4,2,3,423,1158.925382250077,0.0992737570996446,1.0,2.230378857499003e-05,Low,Maintain: Standard loyalty program
16734,Silver Tier,0,52,3,646.76,3,4,3,343,1286.9858704458372,0.1197180955264111,0.9990620695175882,2.2303788574990263e-05,Low,Maintain: Standard loyalty program
16735,Silver Tier,0,79,5,2247.41,2,4,5,245,1633.6703848589275,0.1138636952787075,0.9991053587815926,2.2303788574994464e-05,Low,Maintain: Standard loyalty program
16737,Silver Tier,0,53,1,417.6,3,2,2,322,949.944145249896,0.0813587982568712,1.0,2.2303788574990344e-05,Low,Maintain: Standard loyalty program
16738,Inactive,1,298,1,3.75,1,2,1,121,316.68489035990433,0.0271063499129958,1.0,0.9999776962114252,High,Low Priority: Automated email only
16739,Inactive,1,177,1,323.0,2,2,2,222,473.0666458355044,0.0404984517558236,1.0,0.9999776962114252,High,Low Priority: Automated email only
16742,Silver Tier,0,47,1,464.9,3,2,2,322,1007.7639635956134,0.0863149271016233,1.0,2.2303788574990148e-05,Low,Maintain: Standard loyalty program
16743,Silver Tier,0,29,7,2213.13,4,5,5,455,1692.0292165523167,0.16369648910353,0.999518253634748,2.2303788574989992e-05,Low,Maintain: Standard loyalty program
16744,Silver Tier,0,11,7,1291.91,5,5,4,554,2209.3062121414973,0.3384853313386538,0.9995980518831616,2.230378857499003e-05,Low,Maintain: Standard loyalty program
16745,Gold Tier,3,87,17,7180.7,2,5,5,255,6387.067948318737,0.5252396557904715,0.9882682907378516,2.2303788574998703e-05,Low,Maintain: VIP loyalty program
16746,Gold Tier,3,5,18,6680.11,5,5,5,555,5306.855272918693,0.4728767979077566,0.9998148263882948,2.2303788574990385e-05,Low,Maintain: VIP loyalty program
16747,Silver Tier,0,38,2,836.0600000000001,3,3,3,333,1755.8475370381975,0.1611224426638917,0.9990902198300866,2.2303788574989992e-05,Low,Maintain: Standard loyalty program
16748,Silver Tier,0,18,5,1515.9,4,4,4,444,1188.652735372399,0.143685842782028,0.999565874414139,2.2303788574989992e-05,Low,Maintain: Standard loyalty program
16750,Silver Tier,0,45,5,623.93,3,4,3,343,1033.0539136246234,0.1923283529860744,0.999244060842957,2.230378857499003e-05,Low,Maintain: Standard loyalty program
16751,Silver Tier,0,31,1,1764.72,4,2,4,424,1170.6317638661749,0.1002774292261558,1.0,2.2303788574989992e-05,Low,Maintain: Standard loyalty program
16752,Inactive,1,373,1,207.5,1,2,1,121,262.83198413710926,0.0224954923923936,1.0,0.9999776962114252,High,Low Priority: Automated email only
16753,Silver Tier,0,58,1,223.92,3,2,1,321,912.546967178022,0.0781534389798333,1.0,2.2303788574990426e-05,Low,Maintain: Standard loyalty program
16754,Inactive,1,372,1,2002.4,1,2,4,124,262.83198413710926,0.0224954923923936,1.0,0.9999776962114252,High,Low Priority: Automated email only
16755,Silver Tier,0,114,3,1475.43,2,4,4,244,1289.2535946422583,0.0882431818544995,0.9988000174744236,0.9999776962114252,High,Send: Standard win-back offer
16756,Inactive,1,215,1,239.4,1,2,1,121,409.5523126461623,0.035058779504,1.0,0.9999776962114252,High,Low Priority: Automated email only
16757,Inactive,1,319,1,106.83,1,2,1,121,299.5022203602368,0.0256351230710872,1.0,0.9999776962114252,High,Low Priority: Automated email only
16758,Silver Tier,0,65,1,369.34,3,2,2,322,864.8798402201314,0.074068070465522,1.0,2.2303788574990663e-05,Low,Maintain: Standard loyalty program
16759,Silver Tier,0,8,3,789.79,5,4,3,543,2456.220361983299,0.2214657859982313,0.9994176108233152,2.2303788574990185e-05,Low,Maintain: Standard loyalty program
16761,Silver Tier,0,97,1,316.62,2,2,2,222,702.4005175556322,0.0601447068430333,1.0,0.9999776962114252,High,Send: Standard win-back offer
16762,Silver Tier,0,20,3,1207.24,4,4,4,444,1947.49582688946,0.1592140445866407,0.9994223071142874,2.2303788574989992e-05,Low,Maintain: Standard loyalty program
16763,Inactive,1,199,1,611.8499999999999,1,2,3,123,434.09180192261977,0.037160383483378,1.0,0.9999776962114252,High,Low Priority: Automated email only
16764,Silver Tier,0,4,13,2790.9500000000003,5,5,5,555,4798.306088656855,0.7261354554967565,0.9997674726308244,2.2303788574990148e-05,Low,Maintain: Standard loyalty program
16765,Inactive,1,294,1,34.0,1,2,1,121,319.30183684963674,0.0273304244829762,1.0,0.9999776962114252,High,Low Priority: Automated email only
16766,Inactive,1,273,2,1145.6,1,3,4,134,338.9058777262529,0.0290090469607568,1.0,0.9999776962114252,High,Low Priority: Automated email only
16767,Silver Tier,0,31,11,5575.56,4,5,5,455,3522.2105958943152,0.243871833633756,0.999491277476464,2.2303788574990107e-05,Low,Maintain: Standard loyalty program
16768,Silver Tier,0,48,3,478.09,3,4,2,342,688.3752942985441,0.0997181171632538,0.9993245590190516,2.2303788574990148e-05,Low,Maintain: Standard loyalty program
16769,Inactive,1,260,1,361.54,1,2,2,122,352.2957723378669,0.0301556124645647,1.0,0.9999776962114252,High,Low Priority: Automated email only
16770,Silver Tier,0,58,5,757.1,3,4,3,343,791.95635167692,0.1312691032334587,0.999312426357095,2.2303788574990344e-05,Low,Maintain: Standard loyalty program
16771,Silver Tier,0,33,5,2242.61,4,4,5,445,1882.31044791801,0.1422597212423032,0.9994697298289448,2.2303788574989992e-05,Low,Maintain: Standard loyalty program
16773,Silver Tier,0,57,1,171.59,3,2,1,321,919.7889416513344,0.0787741448838927,1.0,2.2303788574990744e-05,Low,Maintain: Standard loyalty program
16774,Silver Tier,0,68,4,661.52,3,4,3,343,1253.7885884212803,0.185723537167316,0.9986817828593576,2.2303788574990703e-05,Low,Maintain: Standard loyalty program
16775,Silver Tier,0,10,11,1691.51,5,5,4,554,1456.3190156733936,0.2979495571930501,0.9997194040297698,2.230378857499003e-05,Low,Maintain: Standard loyalty program
16776,Silver Tier,0,60,1,371.54,3,2,2,322,898.3998783426291,0.0769409172535742,1.0,2.2303788574990426e-05,Low,Maintain: Standard loyalty program
16777,Silver Tier,0,80,2,222.62,2,3,1,231,463.6861241935106,0.0671954206242897,0.9991482797104358,2.230378857499324e-05,Low,Maintain: Standard loyalty program
16778,Silver Tier,0,74,2,245.94,2,3,1,231,527.1452586632572,0.0638678861700006,0.9992061655794742,2.230378857499205e-05,Low,Maintain: Standard loyalty program
16779,Gold Tier,3,2,22,10611.72,5,5,5,555,8195.793086841466,0.5745441237098113,0.9998530535373368,2.2303788574990463e-05,Low,Maintain: VIP loyalty program
16780,Silver Tier,0,100,2,422.24,2,3,2,232,644.9071611039657,0.0667763774641863,0.9990105569641832,0.9999776962114252,High,Send: Standard win-back offer
16781,Inactive,1,372,1,311.25,1,2,2,122,262.83198413710926,0.0224954923923936,1.0,0.9999776962114252,High,Low Priority: Automated email only
16782,Silver Tier,0,10,13,2267.9500000000003,5,5,5,555,1806.3652314823064,0.3546234887706348,0.9997388331787844,2.230378857499003e-05,Low,Maintain: Standard loyalty program
16784,Silver Tier,0,20,1,107.6,4,2,1,421,1316.965589877716,0.1128248642298541,1.0,2.2303788574990226e-05,Low,Maintain: Standard loyalty program
16788,Silver Tier,0,123,2,594.39,2,3,3,233,689.7475482732368,0.0677945591999698,0.9987779583781408,0.9999776962114252,High,Send: Standard win-back offer
16789,Silver Tier,0,8,1,80.8,5,2,1,521,1505.1219667863047,0.1289614553746847,1.0,2.2303788574990937e-05,Low,Maintain: Standard loyalty program
16790,Silver Tier,0,4,6,1545.62,5,5,4,554,4097.591309082471,0.6598768564751863,0.9996219345177236,2.2303788574990107e-05,Low,Maintain: Standard loyalty program
16791,Silver Tier,0,29,7,1705.78,4,5,4,454,1543.6164018960396,0.1743100744295947,0.9995047763944672,2.2303788574989992e-05,Low,Maintain: Standard loyalty program
16792,Inactive,1,282,2,110.38,1,3,1,131,330.216929121674,0.0282650358626706,1.0,0.9999776962114252,High,Low Priority: Automated email only
16793,Silver Tier,0,57,1,243.84,3,2,1,321,919.7889416513344,0.0787741448838927,1.0,2.2303788574990344e-05,Low,Maintain: Standard loyalty program
16794,Silver Tier,0,1,10,1196.5,5,5,4,554,1858.1312028490383,0.4254041916218451,0.9997409413584056,2.2303788574990226e-05,Low,Maintain: Standard loyalty program
16795,Inactive,1,365,1,414.88,1,2,2,122,267.07078577809557,0.0228583976149709,1.0,0.9999776962114252,High,Low Priority: Automated email only
16796,Silver Tier,0,89,1,305.62,2,2,2,222,733.5163099957323,0.0628108542508325,1.0,2.2303788575000092e-05,Low,Maintain: Standard loyalty program
16800,Silver Tier,0,11,1,1162.65,5,2,4,524,1448.6733665307254,0.1241199846914916,1.0,2.230378857499003e-05,Low,Maintain: Standard loyalty program
16801,Inactive,1,163,4,1594.23,2,4,4,244,1195.8934090186372,0.1336715168257354,0.99533585654966,0.9999776962114252,High,Low Priority: Automated email only
16803,Silver Tier,0,65,1,332.3,3,2,2,322,864.8798402201314,0.074068070465522,1.0,2.2303788574990663e-05,Low,Maintain: Standard loyalty program
16804,Silver Tier,0,23,3,536.99,4,4,3,443,758.029406949799,0.0646355730838623,0.9994209247308672,2.230378857499003e-05,Low,Maintain: Standard loyalty program
16805,Inactive,1,174,2,460.59,2,3,2,232,483.26797937704333,0.0510356915019925,0.9986928340781512,0.9999776962114252,High,Low Priority: Automated email only
16806,Silver Tier,0,103,4,762.16,2,4,3,243,1021.6763843646848,0.1488491152231676,0.9981360711204734,0.9999776962114252,High,Send: Standard win-back offer
16807,Silver Tier,0,143,3,1121.59,2,4,4,244,1094.9726969621615,0.0998742545549314,0.9979447525314636,0.9999776962114252,High,Send: Standard win-back offer
16808,Silver Tier,0,99,2,288.42,2,3,2,232,501.3596729141046,0.063857995857715,0.999051432714368,0.9999776962114252,High,Send: Standard win-back offer
16809,Silver Tier,0,23,5,914.69,4,4,3,443,1125.9371760313156,0.1749373074457076,0.9995008519274576,2.2303788574989992e-05,Low,Maintain: Standard loyalty program
16810,Inactive,1,192,1,309.54,1,2,2,122,444.0697294609968,0.0380149377449266,1.0,0.9999776962114252,High,Low Priority: Automated email only
16811,Silver Tier,0,5,2,547.07,5,3,3,533,2366.6288675937244,0.2549841341379115,0.9994443254880898,2.2303788574990148e-05,Low,Maintain: Standard loyalty program
16812,Inactive,1,361,1,479.35,1,2,2,122,270.1831860954547,0.0231248679952339,1.0,0.9999776962114252,High,Low Priority: Automated email only
16813,Silver Tier,0,8,10,1652.18,5,5,4,554,2320.018195495275,0.4319289731171879,0.9996878125201444,2.2303788574990107e-05,Low,Maintain: Standard loyalty program
16814,Gold Tier,3,14,21,6416.7,4,5,5,455,5021.5214552643465,0.5705421788222821,0.9997373912400962,2.2303788574990307e-05,Low,Maintain: VIP loyalty program
16816,Silver Tier,0,103,4,417.06,2,4,2,242,596.9512079989508,0.1074373474037555,0.9988706587851128,0.9999776962114252,High,Send: Standard win-back offer
16817,Silver Tier,0,3,9,1604.75,5,5,4,554,1369.7212974693498,0.2423583810652158,0.9997396523450474,2.2303788574990107e-05,Low,Maintain: Standard loyalty program
16818,Silver Tier,0,11,11,3349.57,5,5,5,555,3912.0960897170858,0.4741395767201434,0.9996735523565762,2.230378857499007e-05,Low,Maintain: Standard loyalty program
16820,Silver Tier,0,96,1,497.61,2,2,3,223,706.6830047119079,0.0605116428719573,1.0,0.9999776962114252,High,Send: Standard win-back offer
16823,Inactive,1,227,1,358.38,1,2,2,122,391.56726551098217,0.0335185708702388,1.0,0.9999776962114252,High,Low Priority: Automated email only
16824,Silver Tier,0,16,2,460.64,4,3,2,432,880.4021763346021,0.0940520057224432,0.9994248299940656,2.230378857499007e-05,Low,Maintain: Standard loyalty program
16825,Silver Tier,0,39,2,775.18,3,3,3,333,1053.781947342478,0.0862639130332503,0.9993152304216876,2.2303788574989992e-05,Low,Maintain: Standard loyalty program
16826,Silver Tier,0,51,1,341.7,3,2,2,322,965.7756941997336,0.0827157895004857,1.0,2.2303788574990263e-05,Low,Maintain: Standard loyalty program
16828,Silver Tier,0,93,2,128.5,2,3,1,231,780.3441326373514,0.1209249409170835,0.9980992857412964,0.9999776962114252,High,Send: Standard win-back offer
16829,Inactive,1,157,1,197.22,2,2,1,221,515.1117955259693,0.0440997444974629,1.0,0.9999776962114252,High,Low Priority: Automated email only
16830,Silver Tier,0,39,1,325.91,3,2,2,322,1083.108434623702,0.0927737784293248,1.0,2.230378857499003e-05,Low,Maintain: Standard loyalty program
16832,Inactive,1,184,3,199.15,1,4,1,141,650.0759134159892,0.1176674864441308,0.9918713440073006,0.9999776962114252,High,Low Priority: Automated email only
16833,Silver Tier,0,1,4,1106.53,5,4,4,544,957.6353534555366,0.0841453559629994,0.9995532589917684,2.2303788574990226e-05,Low,Maintain: Standard loyalty program
16834,Inactive,1,228,1,413.46,1,2,2,122,391.56726551098217,0.0335185708702388,1.0,0.9999776962114252,High,Low Priority: Automated email only
16835,Silver Tier,0,128,2,180.85,2,3,1,231,374.32372218228625,0.0495520167052585,0.9990491278726548,0.9999776962114252,High,Send: Standard win-back offer
16836,Silver Tier,0,40,2,251.87,3,3,2,332,989.2470440291312,0.1184413740554932,0.9992151104357936,2.230378857499003e-05,Low,Maintain: Standard loyalty program
16837,Silver Tier,0,31,11,3170.98,4,5,5,455,3625.7056797555633,0.337196258497921,0.9993742621826138,2.230378857499007e-05,Low,Maintain: Standard loyalty program
16838,Inactive,1,197,2,588.85,1,3,3,133,540.9289531123791,0.0612760600802499,0.9977961738975708,0.9999776962114252,High,Low Priority: Automated email only
16839,Gold Tier,3,9,34,16594.35,5,5,5,555,12594.677676859592,0.8719668576167812,0.9998318090460282,2.230378857499209e-05,Low,Maintain: VIP loyalty program
16841,Silver Tier,0,37,6,1869.82,3,5,4,354,1822.4545062867137,0.1963291688234157,0.999404882766029,2.2303788574989992e-05,Low,Maintain: Standard loyalty program
16842,Silver Tier,0,101,3,1264.19,2,4,4,244,996.0470687144594,0.0913471818604106,0.998922541862334,0.9999776962114252,High,Send: Standard win-back offer
16843,Gold Tier,3,43,16,10196.57,3,5,5,355,8215.673272005939,0.3581755753982695,0.9992273077986334,2.2303788574990426e-05,Low,Maintain: VIP loyalty program
16846,Silver Tier,0,50,1,214.32,3,2,1,321,973.891045138813,0.0834114029271052,1.0,2.2303788574990185e-05,Low,Maintain: Standard loyalty program
16847,Silver Tier,0,43,1,193.44,3,2,1,321,1034.75663059681,0.0886287817760632,1.0,2.230378857499007e-05,Low,Maintain: Standard loyalty program
16848,Silver Tier,0,53,1,281.42,3,2,2,322,957.7944940514782,0.0820316823265691,1.0,2.2303788574990344e-05,Low,Maintain: Standard loyalty program
16849,Inactive,1,187,1,124.57,1,2,1,121,454.51717492507487,0.0389097204265607,1.0,0.9999776962114252,High,Low Priority: Automated email only
16850,Inactive,1,334,1,332.41,1,2,2,122,288.3279090035837,0.0246783760060713,1.0,0.9999776962114252,High,Low Priority: Automated email only
16851,Silver Tier,0,4,3,342.45,5,4,2,542,1790.16333897832,0.2827188103799221,0.9995117563016634,2.230378857499082e-05,Low,Maintain: Standard loyalty program
16852,Silver Tier,0,10,2,144.91,5,3,1,531,596.9948540852428,0.0894460175664467,0.9994503714082013,2.2303788574990148e-05,Low,Maintain: Standard loyalty program
16855,Silver Tier,0,24,2,328.4,4,3,2,432,1676.3100440071344,0.1957020521300311,0.9992247979156792,2.230378857499007e-05,Low,Maintain: Standard loyalty program
16856,Silver Tier,0,15,1,35.400000000000006,4,2,1,421,1396.3067155040203,0.1196288779998455,1.0,2.2303788574990185e-05,Low,Maintain: Standard loyalty program
16858,Inactive,1,369,1,375.69000000000005,1,2,2,122,265.2375295735978,0.0227014428911775,1.0,0.9999776962114252,High,Low Priority: Automated email only
16859,Silver Tier,0,145,2,747.81,2,3,3,233,837.788723333575,0.0663409164229217,0.9985492428217274,0.9999776962114252,High,Send: Standard win-back offer
16861,Silver Tier,0,60,2,173.76,3,3,1,331,733.65661603686,0.0965092306660618,0.9991174685362096,2.230378857499086e-05,Low,Maintain: Standard loyalty program
16863,Silver Tier,0,31,2,502.8,4,3,3,433,537.9156457295751,0.0503681072243755,0.9994170325850662,2.230378857499003e-05,Low,Maintain: Standard loyalty program
16866,Silver Tier,0,141,3,207.74,2,4,1,241,755.645830797755,0.1466023808204907,0.9937334013941316,0.9999776962114252,High,Send: Standard win-back offer
16869,Silver Tier,0,23,4,817.12,4,4,3,443,1353.501251360332,0.1881497959214293,0.9994359599197756,2.2303788574989992e-05,Low,Maintain: Standard loyalty program
16871,Silver Tier,0,22,6,2812.34,4,5,5,455,2568.540406114842,0.1708099736830372,0.999512564922953,2.230378857499003e-05,Low,Maintain: Standard loyalty program
16872,Silver Tier,0,77,3,680.02,2,4,3,243,920.6821939335553,0.1339448910972436,0.9987630603426648,2.230378857499181e-05,Low,Maintain: Standard loyalty program
16873,Silver Tier,0,5,6,7123.62,5,5,5,555,4016.7602355873887,0.1614510282964149,0.9996624336164018,2.2303788574990226e-05,Low,Maintain: Standard loyalty program
16875,Silver Tier,0,67,5,2095.53,3,4,5,345,1679.7173392967295,0.1124808786477466,0.9992196160188692,2.230378857499106e-05,Low,Maintain: Standard loyalty program
16877,Silver Tier,0,12,6,846.62,5,5,3,553,1439.1362375848034,0.2523845072536252,0.9995860549334952,2.2303788574989992e-05,Low,Maintain: Standard loyalty program
16878,Silver Tier,0,84,1,13.3,2,2,1,221,757.4850672444373,0.0648646966288174,1.0,2.2303788574995376e-05,Low,Maintain: Standard loyalty program
16880,Silver Tier,0,31,7,1491.43,4,5,4,454,2104.762239386488,0.2709110281302391,0.9993428715734805,2.2303788574989992e-05,Low,Maintain: Standard loyalty program
16881,Silver Tier,0,67,1,432.0,3,2,2,322,858.4738053899073,0.0735190544599296,1.0,2.2303788574990744e-05,Low,Maintain: Standard loyalty program
16882,Silver Tier,0,67,3,705.12,3,4,3,343,919.7701459621736,0.0878250977713293,0.9992464358730464,2.2303788574990703e-05,Low,Maintain: Standard loyalty program
16883,Inactive,1,187,2,272.48,1,3,2,132,405.30941843760706,0.0497549836422274,0.998601272277898,0.9999776962114252,High,Low Priority: Automated email only
16884,Silver Tier,0,38,2,429.84,3,3,2,332,1093.3262542128698,0.0936497419097193,1.0,2.230378857499003e-05,Low,Maintain: Standard loyalty program
16885,Silver Tier,0,15,3,450.41,4,4,2,442,533.6643951244331,0.0795978628808382,0.9995090932009304,2.230378857499007e-05,Low,Maintain: Standard loyalty program
16887,Silver Tier,0,35,1,192.33,3,2,1,321,1114.3514760006665,0.0954522487616995,1.0,2.2303788574990148e-05,Low,Maintain: Standard loyalty program
16889,Inactive,1,195,3,1578.67,1,4,4,144,1143.2105898691475,0.083532885327417,0.9972032948767164,0.9999776962114252,High,Low Priority: Automated email only
16891,Silver Tier,0,2,5,742.43,5,4,3,543,721.4101021932778,0.1316110878496075,0.9996435030542766,2.2303788574990148e-05,Low,Maintain: Standard loyalty program
16892,Silver Tier,0,1,5,518.19,5,4,3,543,1103.1820478186671,0.1822048704050771,0.9996010682083448,2.2303788574990263e-05,Low,Maintain: Standard loyalty program
16893,Inactive,1,367,1,145.93,1,2,1,121,266.45689100090283,0.0228058387806504,1.0,0.9999776962114252,High,Low Priority: Automated email only
16895,Silver Tier,0,65,1,202.27,3,2,1,321,871.382211660038,0.0746253479085986,1.0,2.230378857499106e-05,Low,Maintain: Standard loyalty program
16897,Inactive,1,299,2,289.78,1,3,2,132,413.345527672986,0.0569191540099032,0.9917713226179596,0.9999776962114252,High,Low Priority: Automated email only
16898,Silver Tier,0,26,3,501.03,4,4,3,443,600.792203328276,0.0775910145412025,0.9994724240239746,2.230378857499007e-05,Low,Maintain: Standard loyalty program
16899,Silver Tier,0,8,6,1271.06,5,5,4,554,1176.3743562584175,0.162954343087409,0.999648032728389,2.2303788574990148e-05,Low,Maintain: Standard loyalty program
16900,Silver Tier,0,17,3,887.11,4,4,3,443,1405.3908893894354,0.2569614960099505,0.9993607694870104,2.230378857499003e-05,Low,Maintain: Standard loyalty program
16902,Silver Tier,0,116,1,1706.88,2,2,4,224,626.4730735073999,0.0536394331425312,1.0,0.9999776962114252,High,Send: Standard win-back offer
16903,Silver Tier,0,29,1,363.2,4,2,2,422,1182.577097323801,0.1013016031875834,1.0,2.230378857499007e-05,Low,Maintain: Standard loyalty program
16904,Gold Tier,3,4,16,3653.75,5,5,5,555,2872.5783888296746,0.4080627120165246,0.999800455058624,2.2303788574990307e-05,Low,Maintain: VIP loyalty program
16905,Silver Tier,0,5,7,3037.6,5,5,5,555,2368.423491260847,0.158881328872965,0.999658183097411,2.2303788574990148e-05,Low,Maintain: Standard loyalty program
16906,Silver Tier,0,82,4,559.59,2,4,3,243,907.3795188844982,0.1447160537604794,0.9987853099413684,2.2303788574993715e-05,Low,Maintain: Standard loyalty program
16907,Silver Tier,0,29,5,928.76,4,4,3,443,894.0664607663365,0.133412821681892,0.999507707754364,2.2303788574989992e-05,Low,Maintain: Standard loyalty program
16909,Silver Tier,0,72,1,379.14,3,2,2,322,821.9458652291272,0.0703885989447985,1.0,2.2303788574991378e-05,Low,Maintain: Standard loyalty program
16910,Silver Tier,0,4,8,1508.96,5,5,4,554,3795.753135103384,0.5870980282304462,0.9996712632643184,2.2303788574990107e-05,Low,Maintain: Standard loyalty program
16912,Silver Tier,0,29,11,2555.58,4,5,5,455,2165.1379297786457,0.1783134316770109,0.9995075356830688,2.230378857499007e-05,Low,Maintain: Standard loyalty program
16913,Inactive,1,290,1,113.44,1,2,1,121,322.85912934222307,0.0276350175494685,1.0,0.9999776962114252,High,Low Priority: Automated email only
16914,Silver Tier,0,36,1,183.76,3,2,1,321,1103.738729125816,0.0945424046456437,1.0,2.2303788574990148e-05,Low,Maintain: Standard loyalty program
16915,Silver Tier,0,9,6,621.6800000000001,5,5,3,553,949.8800988606514,0.1986050595353026,0.9996281115964528,2.230378857499003e-05,Low,Maintain: Standard loyalty program
16916,Silver Tier,0,24,2,562.41,4,3,3,433,548.3990526001767,0.0496837489753608,0.9994383150182772,2.230378857499003e-05,Low,Maintain: Standard loyalty program
16917,Inactive,1,277,1,391.52,1,2,2,122,335.95919464018573,0.0287567290360468,1.0,0.9999776962114252,High,Low Priority: Automated email only
16918,Silver Tier,0,50,6,1068.82,3,5,4,354,1041.1741606033877,0.149978620396312,0.9993211393300488,2.2303788574990107e-05,Low,Maintain: Standard loyalty program
16919,Silver Tier,0,156,11,2592.25,2,5,5,255,2098.9292689585345,0.2897999984544028,0.9746055660780988,0.9999776962114252,High,Send: Standard win-back offer
16921,Silver Tier,0,61,1,154.18,3,2,1,321,891.4895806459505,0.0763486566622308,1.0,2.2303788574990974e-05,Low,Maintain: Standard loyalty program
16923,Gold Tier,3,12,19,7069.08,5,5,5,555,5372.507482951776,0.4684550092833975,0.9997458153804648,2.2303788574990307e-05,Low,Maintain: VIP loyalty program
16924,Silver Tier,0,21,3,829.89,4,4,3,443,2050.4631719529293,0.2216648374578962,0.9993266222120396,2.2303788574989992e-05,Low,Maintain: Standard loyalty program
16926,Inactive,1,371,1,230.25,1,2,1,121,263.4292704434109,0.0225466288937982,1.0,0.9999776962114252,High,Low Priority: Automated email only
16927,Silver Tier,0,116,3,543.05,2,4,3,243,565.2741973676509,0.0788116825930318,0.9989312814672968,0.9999776962114252,High,Send: Standard win-back offer
16928,Gold Tier,3,80,17,2814.7,2,5,5,255,2368.932307686001,0.4548397679618482,0.9954675700633914,2.2303788574995298e-05,Low,Maintain: VIP loyalty program
16929,Silver Tier,0,4,7,1295.39,5,5,4,554,2220.716565693197,0.3657247563933254,0.9996792090094676,2.2303788574990148e-05,Low,Maintain: Standard loyalty program
16930,Silver Tier,0,26,3,378.89,4,4,2,442,1362.677734963118,0.1599714915610176,0.9992518595847892,2.230378857499007e-05,Low,Maintain: Standard loyalty program
16931,Gold Tier,3,5,21,4554.87,5,5,5,555,3699.2802159603534,0.5431953277431626,0.999825601412648,2.2303788574990385e-05,Low,Maintain: VIP loyalty program
16932,Silver Tier,0,53,1,150.23000000000002,3,2,1,321,949.944145249896,0.0813587982568712,1.0,2.2303788574990744e-05,Low,Maintain: Standard loyalty program
16933,Silver Tier,0,1,2,563.23,5,3,3,533,759.6686477697931,0.0711476962329523,0.9994876157661354,2.2303788574990226e-05,Low,Maintain: Standard loyalty program
16934,Silver Tier,0,55,2,931.03,3,3,3,333,942.2214556792164,0.0806968633576997,1.0,2.2303788574990307e-05,Low,Maintain: Standard loyalty program
16936,Silver Tier,0,26,1,261.9,4,2,2,422,1232.9005241921468,0.1056164161470964,1.0,2.2303788574990107e-05,Low,Maintain: Standard loyalty program
16938,Silver Tier,0,9,4,2711.6800000000003,5,4,5,545,2409.658552376267,0.1217751612603156,0.9995734895545596,2.230378857499007e-05,Low,Maintain: Standard loyalty program
16940,Silver Tier,0,52,3,3049.88,3,4,5,345,2339.8475429531436,0.0947016576546016,0.9993087805235904,2.2303788574990307e-05,Low,Maintain: Standard loyalty program
16942,Silver Tier,0,13,9,1904.99,5,5,4,554,2306.6908484293003,0.3172615923756607,0.9996272334340012,2.230378857499003e-05,Low,Maintain: Standard loyalty program
16943,Inactive,1,212,3,816.73,1,4,3,143,657.8705364053675,0.0873045569880676,0.9958978370704517,0.9999776962114252,High,Low Priority: Automated email only
16945,Gold Tier,3,22,19,4345.5,4,5,5,455,3500.94123687639,0.3603989075359115,0.9996301916426872,2.2303788574990344e-05,Low,Maintain: VIP loyalty program
16947,Inactive,1,236,1,406.48,1,2,2,122,381.26403757860874,0.0326362438844192,1.0,0.9999776962114252,High,Low Priority: Automated email only
16948,Silver Tier,0,139,3,435.02,2,4,2,242,647.6598146892397,0.0859772138385339,0.9985003337640316,0.9999776962114252,High,Send: Standard win-back offer
16949,Silver Tier,0,4,6,1286.27,5,5,4,554,1403.1422362356134,0.181584848657749,0.9996652885465468,2.2303788574990107e-05,Low,Maintain: Standard loyalty program
16950,Silver Tier,0,57,3,1178.56,3,4,4,344,1030.2217927487477,0.0777591584319639,0.999345804970048,2.2303788574990307e-05,Low,Maintain: Standard loyalty program
16951,Silver Tier,0,135,3,1277.75,2,4,4,244,569.5572564039999,0.0908133907310818,0.998440095790642,0.9999776962114252,High,Send: Standard win-back offer
16952,Silver Tier,0,109,2,167.61,2,3,1,231,651.1068698341855,0.0557499088578055,1.0,0.9999776962114252,High,Send: Standard win-back offer
16953,Silver Tier,0,30,1,20.8,4,2,1,421,1170.6317638661749,0.1002774292261558,1.0,2.2303788574990148e-05,Low,Maintain: Standard loyalty program
16954,Silver Tier,0,1,9,2085.08,5,5,5,555,1677.9248297208255,0.2194184830290643,0.9997303711453764,2.2303788574990185e-05,Low,Maintain: Standard loyalty program
16955,Inactive,1,185,4,518.67,1,4,3,143,590.5024944570107,0.1035882762560321,0.9969236666294418,0.9999776962114252,High,Low Priority: Automated email only
16956,Silver Tier,0,18,1,308.74,4,2,2,422,1347.594640248632,0.1154514310307538,1.0,2.230378857499007e-05,Low,Maintain: Standard loyalty program
16957,Inactive,1,239,2,416.64,1,3,2,132,636.2218198009227,0.0623806783231155,0.9958611596167392,0.9999776962114252,High,Low Priority: Automated email only
16959,Silver Tier,0,87,1,117.35,2,2,1,221,742.9194360225239,0.0636165833504001,1.0,2.230378857499795e-05,Low,Maintain: Standard loyalty program
16960,Silver Tier,0,39,3,507.05,3,4,3,343,739.1927834126045,0.1056264664431837,0.9993666593822986,2.230378857499003e-05,Low,Maintain: Standard loyalty program
16961,Silver Tier,0,116,1,234.17,2,2,1,221,626.4730735073999,0.0536394331425312,1.0,0.9999776962114252,High,Send: Standard win-back offer
16963,Inactive,1,187,1,110.55,1,2,1,121,452.74192762029065,0.0387576762581638,1.0,0.9999776962114252,High,Low Priority: Automated email only
16965,Inactive,1,227,1,201.19,1,2,1,121,392.89445809729585,0.0336322275695334,1.0,0.9999776962114252,High,Low Priority: Automated email only
16966,Silver Tier,0,8,7,2154.97,5,5,5,555,2317.827115217171,0.265086270640164,0.9996500467665826,2.2303788574990107e-05,Low,Maintain: Standard loyalty program
16967,Inactive,1,189,1,319.02,1,2,2,122,449.23271518157816,0.0384571250577934,1.0,0.9999776962114252,High,Low Priority: Automated email only
16968,Silver Tier,0,4,2,439.43,5,3,2,532,1081.6265697221825,0.1245326578975384,0.9994688054182028,2.2303788574990185e-05,Low,Maintain: Standard loyalty program
16969,Silver Tier,0,39,3,650.41,3,4,3,343,851.5102830238826,0.130407269562798,0.9992977791628184,2.2303788574989992e-05,Low,Maintain: Standard loyalty program
16971,Silver Tier,0,38,1,357.21,3,2,2,322,1083.108434623702,0.0927737784293248,1.0,2.230378857499003e-05,Low,Maintain: Standard loyalty program
16976,Inactive,1,267,1,251.52,1,2,2,122,344.95708979870165,0.0295272034380185,1.0,0.9999776962114252,High,Low Priority: Automated email only
16978,Silver Tier,0,78,1,344.33,2,2,2,222,793.7994213099503,0.0679765533927228,1.0,2.230378857499217e-05,Low,Maintain: Standard loyalty program
16979,Silver Tier,0,4,6,1852.0,5,5,4,554,1731.6166262902598,0.1910133718389406,0.9996644922194804,2.230378857499007e-05,Low,Maintain: Standard loyalty program
16980,Inactive,1,255,2,1028.46,1,3,4,134,653.5680809462795,0.0606059736667555,0.995179920868144,0.9999776962114252,High,Low Priority: Automated email only
16982,Silver Tier,0,61,1,384.06,3,2,2,322,898.3998783426291,0.0769409172535742,1.0,2.2303788574990585e-05,Low,Maintain: Standard loyalty program
16983,Silver Tier,0,13,7,1905.87,5,5,4,554,1632.9493590955994,0.1869975329397083,0.999646333986171,2.230378857499003e-05,Low,Maintain: Standard loyalty program
16984,Silver Tier,0,88,2,4459.52,2,3,5,235,2477.7856795325893,0.1100286610513604,0.9985209650953796,2.230378857500053e-05,Low,Maintain: Standard loyalty program
16985,Silver Tier,0,17,10,5464.12,4,5,5,455,3776.855399382656,0.1918095093043533,0.9996139200849828,2.2303788574990107e-05,Low,Maintain: Standard loyalty program
16986,Silver Tier,0,30,2,1873.2,4,3,4,434,6551.667811741119,0.2213821939172791,0.9990403814582806,2.2303788574989992e-05,Low,Maintain: Standard loyalty program
16987,Silver Tier,0,3,7,1616.8,5,5,4,554,2194.8815464362574,0.2551673028738461,0.9996590144029276,2.2303788574990107e-05,Low,Maintain: Standard loyalty program
16988,Silver Tier,0,5,1,126.12,5,2,1,521,1566.149238768915,0.1341959535906739,1.0,2.23037885749909e-05,Low,Maintain: Standard loyalty program
16989,Silver Tier,0,7,6,1133.25,5,5,4,554,1100.9159697190084,0.3192602316477402,0.9996135557518973,2.2303788574990107e-05,Low,Maintain: Standard loyalty program
16990,Inactive,1,219,1,179.0,1,2,1,121,403.8449286955369,0.0345700032253114,1.0,0.9999776962114252,High,Low Priority: Automated email only
16992,Silver Tier,0,11,5,1614.31,5,4,4,544,1496.404710905841,0.1640475499663087,0.9995949405152078,2.2303788574989992e-05,Low,Maintain: Standard loyalty program
16996,Silver Tier,0,30,6,1456.96,4,5,4,454,1354.020052106978,0.137205792609789,0.9994966913674176,2.2303788574989992e-05,Low,Maintain: Standard loyalty program
16997,Inactive,1,288,3,702.0,1,4,3,143,596.7772732184679,0.0845686179946686,0.9821415410392584,0.9999776962114252,High,Low Priority: Automated email only
16998,Inactive,1,150,4,295.0,2,4,2,242,554.0350190813551,0.0907849038512246,0.9981268992144052,0.9999776962114252,High,Low Priority: Automated email only
16999,Silver Tier,0,23,2,484.82,4,3,2,432,1436.6244143047627,0.1532624165708948,0.9992983284385536,2.230378857499007e-05,Low,Maintain: Standard loyalty program
17001,Silver Tier,0,1,11,3989.57,5,5,5,555,3122.0087410646083,0.3042496766449853,0.9997817337393786,2.2303788574990263e-05,Low,Maintain: Standard loyalty program
17002,Silver Tier,0,86,3,1493.73,2,4,4,244,1228.9583879542183,0.0944131721271909,0.9990481602179344,2.2303788574997913e-05,Low,Maintain: Standard loyalty program
17004,Silver Tier,0,46,2,1312.14,3,3,4,334,1573.1946537207914,0.1360854690629223,0.9990582735471456,2.230378857499003e-05,Low,Maintain: Standard loyalty program
17006,Silver Tier,0,5,4,781.78,5,4,3,543,2115.0602946429503,0.318926791205827,0.9995623584427452,2.2303788574990148e-05,Low,Maintain: Standard loyalty program
17007,Silver Tier,0,51,6,889.9300000000001,3,5,3,353,861.760943541196,0.1358980816405354,0.999355940304566,2.2303788574990226e-05,Low,Maintain: Standard loyalty program
17010,Silver Tier,0,18,1,195.36,4,2,1,421,1332.1040378327834,0.114123036862965,1.0,2.2303788574990107e-05,Low,Maintain: Standard loyalty program
17011,Silver Tier,0,30,1,270.9,4,2,2,422,1170.6317638661749,0.1002774292261558,1.0,2.230378857499007e-05,Low,Maintain: Standard loyalty program
17014,Silver Tier,0,8,3,583.4300000000001,5,4,3,543,1958.3684807327356,0.2512757495697479,0.9994727543826843,2.2303788574990185e-05,Low,Maintain: Standard loyalty program
17015,Silver Tier,0,29,3,1838.61,4,4,4,444,2138.7854406109395,0.1335001683656855,0.9993828862740018,2.2303788574989992e-05,Low,Maintain: Standard loyalty program
17017,Gold Tier,3,3,20,8694.26,5,5,5,555,6217.928811665562,0.4306547147417411,0.9998219739672451,2.2303788574990426e-05,Low,Maintain: VIP loyalty program
17018,Silver Tier,0,41,2,920.1,3,3,3,333,722.0048096404176,0.0556085991687636,0.9993806848190429,2.2303788574989992e-05,Low,Maintain: Standard loyalty program
17019,Silver Tier,0,11,4,1258.08,5,4,4,544,980.4546529690574,0.105051516313301,0.9995668386427584,2.230378857499003e-05,Low,Maintain: Standard loyalty program
17022,Silver Tier,0,31,1,71.0,4,2,1,421,1158.925382250077,0.0992737570996446,1.0,2.2303788574990148e-05,Low,Maintain: Standard loyalty program
17024,Silver Tier,0,45,3,95.85,3,4,1,341,727.5161384873718,0.1500142167631417,0.9991691366689378,2.2303788574990185e-05,Low,Maintain: Standard loyalty program
17025,Silver Tier,0,61,3,357.77,3,4,2,342,437.64274531624255,0.0495662047019177,0.9993351809262168,2.2303788574990585e-05,Low,Maintain: Standard loyalty program
17026,Inactive,1,185,2,154.83,1,3,1,131,392.3085589644997,0.0499828001785736,0.9986128497560524,0.9999776962114252,High,Low Priority: Automated email only
17027,Silver Tier,0,79,6,877.5600000000001,2,5,3,253,956.4901666223384,0.149923244445399,0.9989521643507376,2.2303788574992645e-05,Low,Maintain: Standard loyalty program
17029,Silver Tier,0,111,2,716.0,2,3,3,233,784.9207231389602,0.071801682760665,0.9988473172605836,0.9999776962114252,High,Send: Standard win-back offer
17030,Silver Tier,0,64,1,146.87,3,2,1,321,877.9831095133258,0.075191074676543,1.0,2.2303788574991137e-05,Low,Maintain: Standard loyalty program
17031,Silver Tier,0,12,2,380.35,5,3,2,532,813.0176201834331,0.0982728637554606,0.9994413497715144,2.230378857499007e-05,Low,Maintain: Standard loyalty program
17033,Silver Tier,0,86,3,1030.14,2,4,4,244,848.6151330203531,0.0791984736822202,0.9991638972938548,2.2303788574997913e-05,Low,Maintain: Standard loyalty program
17034,Silver Tier,0,16,3,745.52,4,4,3,443,919.8144451077512,0.0952515476305086,0.999494822047694,2.230378857499003e-05,Low,Maintain: Standard loyalty program
17035,Inactive,1,246,2,433.53,1,3,2,132,490.55967419642275,0.0574993612259564,0.9966343244233264,0.9999776962114252,High,Low Priority: Automated email only
17037,Silver Tier,0,88,1,1267.32,2,2,4,224,742.9194360225239,0.0636165833504001,1.0,2.230378857500021e-05,Low,Maintain: Standard loyalty program
17038,Silver Tier,0,30,1,112.4,4,2,1,421,1170.6317638661749,0.1002774292261558,1.0,2.2303788574990226e-05,Low,Maintain: Standard loyalty program
17040,Silver Tier,0,138,1,449.73,2,2,2,222,562.6162538325339,0.0481689620622456,1.0,0.9999776962114252,High,Send: Standard win-back offer
17041,Silver Tier,0,27,3,1071.49,4,4,4,444,878.357760211668,0.079038083723534,0.999470661023362,2.2303788574989992e-05,Low,Maintain: Standard loyalty program
17042,Silver Tier,0,3,5,1036.58,5,4,4,544,1250.2493830575977,0.1832683528896582,0.9996364239945104,2.2303788574990185e-05,Low,Maintain: Standard loyalty program
17043,Silver Tier,0,32,4,1735.18,4,4,4,444,1891.9426926669896,0.1370257399765257,0.9994230922649436,2.2303788574989992e-05,Low,Maintain: Standard loyalty program
17044,Silver Tier,0,25,1,948.48,4,2,4,424,1232.9005241921468,0.1056164161470964,1.0,2.230378857499003e-05,Low,Maintain: Standard loyalty program
17045,Silver Tier,0,113,3,339.44,2,4,2,242,744.4356823390284,0.1071999473345687,0.998451299219152,0.9999776962114252,High,Send: Standard win-back offer
17046,Inactive,1,157,1,642.02,2,2,3,223,512.832809797066,0.0439045356922351,1.0,0.9999776962114252,High,Low Priority: Automated email only
17047,Silver Tier,0,85,3,1100.9,2,4,4,244,867.0207911171829,0.0799397602345125,0.9989964799174796,2.2303788574995653e-05,Low,Maintain: Standard loyalty program
17048,Silver Tier,0,118,3,925.35,2,4,3,243,865.8528272643914,0.0847144645349955,0.9988208695150186,0.9999776962114252,High,Send: Standard win-back offer
17049,Silver Tier,0,3,9,5655.03,5,5,5,555,4903.562130450659,0.2730067236418262,0.9997177812789372,2.2303788574990185e-05,Low,Maintain: Standard loyalty program
17050,Silver Tier,0,96,6,3185.64,2,5,5,255,3063.247255803086,0.1896854491270875,0.998140738932484,0.9999776962114252,High,Send: Standard win-back offer
17051,Inactive,1,194,1,240.89,1,2,1,121,440.69317179989525,0.0377257525104405,1.0,0.9999776962114252,High,Low Priority: Automated email only
17052,Silver Tier,0,28,1,399.09,4,2,2,422,1194.7687753130083,0.102346913647596,1.0,2.230378857499007e-05,Low,Maintain: Standard loyalty program
17053,Silver Tier,0,131,1,498.48,2,2,3,223,582.4044341532608,0.0498641089985776,1.0,0.9999776962114252,High,Send: Standard win-back offer
17054,Silver Tier,0,28,5,1356.33,4,4,4,444,1530.6167578621285,0.1844009548669865,0.9994465939955935,2.2303788574989992e-05,Low,Maintain: Standard loyalty program
17058,Silver Tier,0,82,3,1179.89,2,4,4,244,1056.1093607395333,0.1100400003154704,0.9989493335714504,2.230378857499403e-05,Low,Maintain: Standard loyalty program
17059,Silver Tier,0,30,5,3080.39,4,4,5,445,2046.3764763320885,0.1321944116525739,0.999509258509777,2.230378857499003e-05,Low,Maintain: Standard loyalty program
17060,Inactive,1,266,1,234.24,1,2,1,121,345.98669741276063,0.0296153678574663,1.0,0.9999776962114252,High,Low Priority: Automated email only
17061,Silver Tier,0,74,11,5232.2300000000005,2,5,5,255,4065.899445781227,0.350964001647592,0.9971028822094332,2.2303788574993197e-05,Low,Maintain: Standard loyalty program
17062,Inactive,1,314,4,533.33,1,4,3,143,564.4650079934343,0.1000763374432088,0.9544073670832194,0.9999776962114252,High,Low Priority: Automated email only
17063,Silver Tier,0,21,7,1461.14,4,5,4,454,1407.118238941735,0.1282308143499637,0.9995048546070538,2.230378857499003e-05,Low,Maintain: Standard loyalty program
17064,Silver Tier,0,59,3,855.45,3,4,3,343,909.028055503144,0.0856119145545909,0.9993060093868984,2.2303788574990385e-05,Low,Maintain: Standard loyalty program
17068,Gold Tier,3,12,21,4552.14,5,5,5,555,3697.58771947699,0.5718618413892435,0.9997615872744574,2.2303788574990307e-05,Low,Maintain: VIP loyalty program
17069,Silver Tier,0,28,9,2709.7000000000003,4,5,5,455,2133.1019330269605,0.2124289631495592,0.9995500307992976,2.230378857499007e-05,Low,Maintain: Standard loyalty program
17070,Silver Tier,0,114,1,304.24,2,2,2,222,633.3190042800318,0.054225942928784,1.0,0.9999776962114252,High,Send: Standard win-back offer
17071,Silver Tier,0,28,9,2429.03,4,5,5,455,2226.642663997245,0.2483930094143747,0.9995075861382526,2.230378857499007e-05,Low,Maintain: Standard loyalty program
17073,Silver Tier,0,18,4,1446.09,4,4,4,444,2568.1759356166667,0.2579431598791769,0.9994230749383968,2.2303788574989992e-05,Low,Maintain: Standard loyalty program
17075,Silver Tier,0,18,4,834.12,4,4,3,443,905.4589679728856,0.1189304266612599,0.9995332025276886,2.2303788574989992e-05,Low,Maintain: Standard loyalty program
17076,Silver Tier,0,36,3,841.0799999999999,3,4,3,343,816.1758954278552,0.0783048494589223,0.999433068346266,2.230378857499003e-05,Low,Maintain: Standard loyalty program
17078,Silver Tier,0,36,2,378.2,3,3,2,332,1103.738729125816,0.0945424046456437,1.0,2.230378857499007e-05,Low,Maintain: Standard loyalty program
17079,Silver Tier,0,78,1,118.8,2,2,1,221,788.3999061904082,0.0675138464403072,1.0,2.230378857499284e-05,Low,Maintain: Standard loyalty program
17080,Silver Tier,0,22,2,287.62,4,3,2,432,584.5890269104701,0.064827054144561,0.9994240400770658,2.230378857499007e-05,Low,Maintain: Standard loyalty program
17081,Silver Tier,0,25,2,288.91,4,3,2,432,1632.0828654226457,0.1905887114186328,0.9992028893406708,2.230378857499007e-05,Low,Maintain: Standard loyalty program
17082,Silver Tier,0,33,2,2003.85,4,3,4,434,1364.545709183949,0.0566157964787178,0.9994006274654208,2.2303788574989992e-05,Low,Maintain: Standard loyalty program
17083,Silver Tier,0,109,3,1405.78,2,4,4,244,969.5564635812008,0.0910920738683464,0.9988184374964856,0.9999776962114252,High,Send: Standard win-back offer
17084,Silver Tier,0,35,2,2747.99,3,3,5,335,1114.3514760006665,0.0954522487616995,1.0,2.230378857499003e-05,Low,Maintain: Standard loyalty program
17085,Silver Tier,0,123,5,1562.4,2,4,4,244,1166.1411203847383,0.1341681382806698,0.9982169228326138,0.9999776962114252,High,Send: Standard win-back offer
17086,Silver Tier,0,7,6,2050.08,5,5,4,554,5119.092699207552,0.5297864866938315,0.9995606546260034,2.230378857499007e-05,Low,Maintain: Standard loyalty program
17088,Silver Tier,0,28,4,1991.01,4,4,4,444,1403.555996255158,0.1425622065531419,0.9994435223934128,2.2303788574989992e-05,Low,Maintain: Standard loyalty program
17090,Silver Tier,0,4,7,1974.65,5,5,4,554,1821.0815501351096,0.1936379777717774,0.9996878169101178,2.2303788574990107e-05,Low,Maintain: Standard loyalty program
17091,Silver Tier,0,3,9,3827.76,5,5,5,555,2963.519625502917,0.1878652085717299,0.9996980932908984,2.2303788574990185e-05,Low,Maintain: Standard loyalty program
17092,Silver Tier,0,50,4,1774.03,3,4,4,344,1902.0825697527891,0.1326501837370395,0.9992861476983044,2.2303788574990107e-05,Low,Maintain: Standard loyalty program
17094,Inactive,1,322,1,302.0,1,2,2,122,296.4385792867013,0.0253728112375817,1.0,0.9999776962114252,High,Low Priority: Automated email only
17095,Silver Tier,0,23,3,1324.16,4,4,4,444,1118.045924533884,0.0841391990695244,0.9994801219437665,2.2303788574989992e-05,Low,Maintain: Standard loyalty program
17096,Silver Tier,0,15,4,1022.13,4,4,4,444,1288.1868671452623,0.1391173774076893,0.999530549689073,2.2303788574989992e-05,Low,Maintain: Standard loyalty program
17097,Silver Tier,0,2,8,954.42,5,5,4,554,934.0492703712536,0.1887311029276481,0.999698049513604,2.2303788574990148e-05,Low,Maintain: Standard loyalty program
17100,Silver Tier,0,18,2,971.74,4,3,4,434,1332.1040378327834,0.114123036862965,1.0,2.230378857499003e-05,Low,Maintain: Standard loyalty program
17101,Silver Tier,0,10,4,1621.73,5,4,4,544,2352.883754925047,0.1858830969129315,0.999539775409221,2.230378857499003e-05,Low,Maintain: Standard loyalty program
17102,Inactive,1,262,1,25.5,1,2,1,121,351.2283290459734,0.0300642070730911,1.0,0.9999776962114252,High,Low Priority: Automated email only
17105,Inactive,1,159,2,665.78,2,3,3,233,629.4230881657803,0.0583814465224363,0.9986056300300588,0.9999776962114252,High,Low Priority: Automated email only
17107,Silver Tier,0,33,6,10797.48,4,5,5,455,8720.642266773604,0.1668570692353444,0.9994288851008388,2.230378857499007e-05,Low,Maintain: Standard loyalty program
17109,Silver Tier,0,29,6,881.29,4,5,3,453,925.0337097878444,0.1525077843153818,0.9994210718137232,2.2303788574989992e-05,Low,Maintain: Standard loyalty program
17110,Inactive,1,165,1,163.29999999999998,2,2,1,221,495.30211275531394,0.0424029524550964,1.0,0.9999776962114252,High,Low Priority: Automated email only
17111,Silver Tier,0,47,1,231.61,3,2,1,321,999.0767042537736,0.0855702587773623,1.0,2.2303788574990148e-05,Low,Maintain: Standard loyalty program
17114,Silver Tier,0,6,8,801.12,5,5,3,553,916.0244195767734,0.2330263642728365,0.9997026967152414,2.2303788574990148e-05,Low,Maintain: Standard loyalty program
17115,Silver Tier,0,8,3,837.5,5,4,3,543,1007.9524860446191,0.1122911185578857,0.9995214158325578,2.2303788574990185e-05,Low,Maintain: Standard loyalty program
17117,Inactive,1,288,1,116.2,1,2,1,121,324.6676665070214,0.0277898743291961,1.0,0.9999776962114252,High,Low Priority: Automated email only
17118,Inactive,1,318,1,157.02,1,2,1,121,300.2780509841134,0.0257015506815781,1.0,0.9999776962114252,High,Low Priority: Automated email only
17119,Silver Tier,0,3,2,606.91,5,3,3,533,1204.6221451854533,0.1712642387197141,0.9994680948387142,2.2303788574990148e-05,Low,Maintain: Standard loyalty program
17120,Inactive,1,233,1,307.46,1,2,2,122,383.7886732905511,0.0328524419147044,1.0,0.9999776962114252,High,Low Priority: Automated email only
17122,Silver Tier,0,119,1,138.32,2,2,1,221,616.4772790167465,0.0527830775949187,1.0,0.9999776962114252,High,Send: Standard win-back offer
17123,Inactive,1,162,1,345.3,2,2,2,222,503.91502891787184,0.043140681750789,1.0,0.9999776962114252,High,Low Priority: Automated email only
17124,Inactive,1,185,1,294.24,1,2,2,122,456.3063996534212,0.0390629622146184,1.0,0.9999776962114252,High,Low Priority: Automated email only
17125,Silver Tier,0,50,1,230.5,3,2,1,321,973.891045138813,0.0834114029271052,1.0,2.2303788574990148e-05,Low,Maintain: Standard loyalty program
17126,Inactive,1,152,5,989.45,2,4,4,244,887.7904026990805,0.0785936237658592,0.9984845361233184,0.9999776962114252,High,Low Priority: Automated email only
17128,Inactive,1,335,1,157.09,1,2,1,121,287.61252902899014,0.0246171257630355,1.0,0.9999776962114252,High,Low Priority: Automated email only
17131,Silver Tier,0,5,5,2463.17,5,4,5,545,4643.614422956578,0.318922906948173,0.9995501846215152,2.2303788574990107e-05,Low,Maintain: Standard loyalty program
17133,Silver Tier,0,16,7,4892.240000000001,4,5,5,455,4469.088511659313,0.208676476717945,0.9995823750746176,2.2303788574990107e-05,Low,Maintain: Standard loyalty program
17134,Silver Tier,0,107,2,413.2,2,3,2,232,492.8345188888677,0.0657711023961256,0.9989746596845372,0.9999776962114252,High,Send: Standard win-back offer
17135,Silver Tier,0,16,7,1139.73,4,5,4,454,1007.8007944773047,0.1316025143012429,0.9995783832223476,2.230378857499003e-05,Low,Maintain: Standard loyalty program
17138,Inactive,1,276,1,380.5,1,2,2,122,336.9357121417372,0.0288403458956578,1.0,0.9999776962114252,High,Low Priority: Automated email only
17139,Gold Tier,3,16,12,10650.77,4,5,5,455,7734.960185629998,0.2966496467684567,0.9996348172120536,2.2303788574990107e-05,Low,Maintain: VIP loyalty program
17140,Inactive,1,247,1,454.12,1,2,2,122,366.7872811283449,0.0313965423243457,1.0,0.9999776962114252,High,Low Priority: Automated email only
17142,Inactive,1,239,1,579.0,1,2,3,123,376.3131214718976,0.0322122735687292,1.0,0.9999776962114252,High,Low Priority: Automated email only
17144,Silver Tier,0,1,2,984.57,5,3,4,534,1622.757346766056,0.1432662187487581,0.9994845116489516,2.2303788574990226e-05,Low,Maintain: Standard loyalty program
17146,Silver Tier,0,106,3,749.78,2,4,3,243,658.857235779805,0.0793721793679315,0.9990152741416428,0.9999776962114252,High,Send: Standard win-back offer
17147,Silver Tier,0,23,4,1714.59,4,4,4,444,1459.2176358593103,0.1208054540802736,0.9995063917686382,2.2303788574989992e-05,Low,Maintain: Standard loyalty program
17148,Silver Tier,0,52,1,124.88,3,2,1,321,965.7756941997336,0.0827157895004857,1.0,2.2303788574990785e-05,Low,Maintain: Standard loyalty program
17152,Inactive,1,195,3,1689.5,1,4,4,144,1593.2276706275363,0.0658700039595205,0.997471617498942,0.9999776962114252,High,Low Priority: Automated email only
17153,Silver Tier,0,24,1,213.78,4,2,1,421,1246.1579201425084,0.1067531700766435,1.0,2.2303788574990107e-05,Low,Maintain: Standard loyalty program
17154,Silver Tier,0,75,1,329.34,2,2,2,222,804.82343769289,0.0689212587386187,1.0,2.230378857499209e-05,Low,Maintain: Standard loyalty program
17155,Silver Tier,0,18,2,251.7,4,3,2,432,683.5348218794855,0.0890795336410858,0.9994194854003472,2.230378857499007e-05,Low,Maintain: Standard loyalty program
17157,Silver Tier,0,8,2,319.0,5,3,2,532,743.7115968947027,0.0894471440167796,0.9994629581195408,2.230378857499086e-05,Low,Maintain: Standard loyalty program
17158,Silver Tier,0,32,3,1266.97,4,4,4,444,939.065494029937,0.0790362712998977,0.9994477421447092,2.2303788574989992e-05,Low,Maintain: Standard loyalty program
17159,Silver Tier,0,22,3,1538.88,4,4,4,444,1876.236827373135,0.1412964738417739,0.9994253548970146,2.2303788574989992e-05,Low,Maintain: Standard loyalty program
17160,Silver Tier,0,31,6,3518.03,4,5,5,455,3486.8729070568543,0.2254706628996962,0.9994091822751064,2.230378857499003e-05,Low,Maintain: Standard loyalty program
17162,Silver Tier,0,29,10,1715.46,4,5,4,454,1511.769334496214,0.1868952558387882,0.9994967770472244,2.230378857499003e-05,Low,Maintain: Standard loyalty program
17163,Silver Tier,0,22,2,293.1,4,3,2,432,1263.405985078109,0.1490935034437462,0.9993249886092485,2.230378857499007e-05,Low,Maintain: Standard loyalty program
17164,Silver Tier,0,33,7,2467.35,4,5,5,455,2142.189805612919,0.1692978853565994,0.9994335314621444,2.230378857499003e-05,Low,Maintain: Standard loyalty program
17165,Inactive,1,284,1,158.68,1,2,1,121,328.3462161271562,0.0281048534748136,1.0,0.9999776962114252,High,Low Priority: Automated email only
17166,Silver Tier,0,39,2,206.34,3,3,1,331,586.9875951429792,0.0805545905514997,0.9993295573903314,2.2303788574990107e-05,Low,Maintain: Standard loyalty program
17169,Silver Tier,0,58,2,835.78,3,3,3,333,1142.1247692898578,0.0869375796517981,0.9991864462405624,2.2303788574990344e-05,Low,Maintain: Standard loyalty program
17171,Inactive,1,289,1,224.91,1,2,1,121,323.76087222719343,0.0277122296049123,1.0,0.9999776962114252,High,Low Priority: Automated email only
17172,Silver Tier,0,79,1,317.76,2,2,2,222,788.3999061904082,0.0675138464403072,1.0,2.230378857499233e-05,Low,Maintain: Standard loyalty program
17173,Silver Tier,0,5,8,3766.6,5,5,5,555,6086.723338509823,0.4096187790909945,0.9996522113332688,2.2303788574990148e-05,Low,Maintain: Standard loyalty program
17174,Inactive,1,218,1,59.9,1,2,1,121,405.25680882157616,0.0346909151383064,1.0,0.9999776962114252,High,Low Priority: Automated email only
17175,Silver Tier,0,44,4,1443.69,3,4,4,344,1195.1173755026157,0.1257525089020987,0.9993577318592828,2.2303788574989992e-05,Low,Maintain: Standard loyalty program
17176,Inactive,1,202,1,306.13,1,2,2,122,429.2691259765146,0.0367473536403994,1.0,0.9999776962114252,High,Low Priority: Automated email only
17179,Inactive,1,178,3,711.79,2,4,3,243,665.7076847602002,0.0787376848519734,0.9979933664797066,0.9999776962114252,High,Low Priority: Automated email only
17180,Silver Tier,0,56,4,783.97,3,4,3,343,799.2183439046412,0.0880587192595992,0.9993083223219168,2.2303788574990307e-05,Low,Maintain: Standard loyalty program
17181,Silver Tier,0,57,2,239.92,3,3,1,331,364.9234515595327,0.0495666723171507,0.9993446088087072,2.2303788574990344e-05,Low,Maintain: Standard loyalty program
17183,Silver Tier,0,8,6,3347.31,5,5,5,555,6416.020653484113,0.4018590623309113,0.9995937428807916,2.2303788574990148e-05,Low,Maintain: Standard loyalty program
17186,Silver Tier,0,47,2,144.0,3,3,1,331,1221.8937365591016,0.1698323307316658,0.9988600910620428,2.2303788574990585e-05,Low,Maintain: Standard loyalty program
17187,Inactive,1,227,1,203.95,1,2,1,121,392.89445809729585,0.0336322275695334,1.0,0.9999776962114252,High,Low Priority: Automated email only
17188,Silver Tier,0,11,7,2474.23,5,5,5,555,1808.224056132972,0.1621948135329893,0.999628216974122,2.230378857499007e-05,Low,Maintain: Standard loyalty program
17189,Silver Tier,0,106,2,383.75,2,3,2,232,425.40129677881856,0.0511780486904903,0.9991436286187088,0.9999776962114252,High,Send: Standard win-back offer
17190,Silver Tier,0,59,2,444.74,3,3,2,332,755.5464843991575,0.0793777721055615,0.9992163828770262,2.2303788574990426e-05,Low,Maintain: Standard loyalty program
17191,Silver Tier,0,28,7,2093.68,4,5,5,455,1491.2845925524666,0.1324976876006272,0.9995146412130446,2.2303788574989992e-05,Low,Maintain: Standard loyalty program
17193,Silver Tier,0,36,7,1699.3,3,5,4,354,2229.7383058822884,0.2363074848236307,0.9992580498114122,2.2303788574989992e-05,Low,Maintain: Standard loyalty program
17194,Inactive,1,274,2,262.62,1,3,2,132,325.54450543066696,0.0509376581711929,0.9967744671061568,0.9999776962114252,High,Low Priority: Automated email only
17197,Silver Tier,0,30,1,1013.01,4,2,4,424,1182.577097323801,0.1013016031875834,1.0,2.230378857499003e-05,Low,Maintain: Standard loyalty program
17198,Silver Tier,0,24,3,692.22,4,4,3,443,618.1792181428378,0.0770627516014524,0.9994837083836372,2.230378857499003e-05,Low,Maintain: Standard loyalty program
17201,Silver Tier,0,54,1,289.78000000000003,3,2,2,322,949.944145249896,0.0813587982568712,1.0,2.2303788574990344e-05,Low,Maintain: Standard loyalty program
17203,Silver Tier,0,36,6,3560.08,3,5,5,355,6497.6661636885,0.2628239350055787,0.9989145599272355,2.230378857499003e-05,Low,Maintain: Standard loyalty program
17204,Inactive,1,175,4,1564.56,2,4,4,244,1139.1884879315628,0.1018150293711456,0.9963247108918676,0.9999776962114252,High,Low Priority: Automated email only
17205,Silver Tier,0,54,1,384.08,3,2,2,322,949.944145249896,0.0813587982568712,1.0,2.2303788574990344e-05,Low,Maintain: Standard loyalty program
17206,Silver Tier,0,53,1,204.24,3,2,1,321,949.944145249896,0.0813587982568712,1.0,2.2303788574990744e-05,Low,Maintain: Standard loyalty program
17211,Silver Tier,0,27,8,2317.2200000000003,4,5,5,455,1865.2753283439577,0.2143724712419387,0.9995647426996368,2.230378857499003e-05,Low,Maintain: Standard loyalty program
17212,Inactive,1,253,1,226.85,1,2,1,121,359.95350356360143,0.0308113512080067,1.0,0.9999776962114252,High,Low Priority: Automated email only
17213,Silver Tier,0,40,7,2781.23,3,5,5,355,2163.9768009798777,0.1606726731566913,0.9994390620529354,2.230378857499003e-05,Low,Maintain: Standard loyalty program
17214,Silver Tier,0,60,6,1059.12,3,5,4,354,1020.1674406680726,0.1632667089255675,0.9992291492602676,2.2303788574990385e-05,Low,Maintain: Standard loyalty program
17217,Inactive,1,234,1,113.5,1,2,1,121,382.5221896728982,0.0327439860318688,1.0,0.9999776962114252,High,Low Priority: Automated email only
17218,Silver Tier,0,4,10,1951.97,5,5,4,554,1601.7286525858738,0.2698174377439322,0.9997448946705602,2.2303788574990107e-05,Low,Maintain: Standard loyalty program
17219,Silver Tier,0,32,1,114.23,4,2,1,421,1158.925382250077,0.0992737570996446,1.0,2.2303788574990226e-05,Low,Maintain: Standard loyalty program
17220,Silver Tier,0,24,14,3187.55,4,5,5,455,2525.115565298399,0.2722687602599313,0.9995918620833928,2.2303788574990263e-05,Low,Maintain: Standard loyalty program
17221,Silver Tier,0,7,2,334.48,5,3,2,532,1856.4599277832783,0.2088009925935979,0.999422213788327,2.230378857499082e-05,Low,Maintain: Standard loyalty program
17222,Silver Tier,0,65,1,328.65,3,2,2,322,864.8798402201314,0.074068070465522,1.0,2.2303788574990663e-05,Low,Maintain: Standard loyalty program
17223,Inactive,1,310,2,416.89,1,3,2,132,393.386737795999,0.0499234413214274,0.9951492264783096,0.9999776962114252,High,Low Priority: Automated email only
17226,Inactive,1,309,1,393.49,1,2,2,122,307.4457237630449,0.0263152609859678,1.0,0.9999776962114252,High,Low Priority: Automated email only
17227,Silver Tier,0,19,6,939.32,4,5,4,454,933.0234526674168,0.159961567587012,0.9995914002135646,2.2303788574989992e-05,Low,Maintain: Standard loyalty program
17228,Silver Tier,0,16,8,1906.09,4,5,4,454,1616.974825954743,0.2129313009257026,0.9996465070864456,2.230378857499003e-05,Low,Maintain: Standard loyalty program
17229,Silver Tier,0,96,2,318.76,2,3,2,232,867.3999689024766,0.1037618833016752,0.9984571859151868,0.9999776962114252,High,Send: Standard win-back offer
17230,Inactive,1,264,8,3638.41,1,5,5,155,1685.6939626634962,0.1056738111541035,0.9847759756578256,0.9999776962114252,High,Low Priority: Automated email only
17231,Silver Tier,0,12,10,3124.72,5,5,5,555,2560.1821941387693,0.2741961891590353,0.999692204698038,2.230378857499007e-05,Low,Maintain: Standard loyalty program
17232,Silver Tier,0,3,2,417.77,5,3,2,532,2374.4701377756323,0.2642162788583206,0.9994674288964128,2.2303788574990185e-05,Low,Maintain: Standard loyalty program
17233,Silver Tier,0,35,1,190.88,3,2,1,321,1114.3514760006665,0.0954522487616995,1.0,2.2303788574990148e-05,Low,Maintain: Standard loyalty program
17234,Inactive,1,183,1,149.89,1,2,1,121,461.75960895582784,0.0395300164895505,1.0,0.9999776962114252,High,Low Priority: Automated email only
17235,Silver Tier,0,25,2,550.06,4,3,3,433,446.0453394266369,0.0496835033730853,0.9994333744828006,2.230378857499003e-05,Low,Maintain: Standard loyalty program
17236,Silver Tier,0,13,6,916.13,5,5,3,553,940.6868395338772,0.1621939699616751,0.9996230179318698,2.2303788574989992e-05,Low,Maintain: Standard loyalty program
17237,Silver Tier,0,11,2,314.69,5,3,2,532,1729.9935969793928,0.2409390791977251,0.999355431232639,2.230378857499007e-05,Low,Maintain: Standard loyalty program
17238,Gold Tier,3,3,17,3719.1,5,5,5,555,2871.990545590859,0.4043577704352952,0.999813779136012,2.2303788574990344e-05,Low,Maintain: VIP loyalty program
17239,Inactive,1,313,1,382.5,1,2,2,122,304.2182884157301,0.0260389204816015,1.0,0.9999776962114252,High,Low Priority: Automated email only
17242,Silver Tier,0,108,2,1135.04,2,3,4,234,1038.692497066403,0.0879303417131011,0.9985613207587156,0.9999776962114252,High,Send: Standard win-back offer
17243,Gold Tier,3,1,26,8540.05,5,5,5,555,6664.635759308619,0.7076179256581857,0.9998814115146824,2.2303788574990663e-05,Low,Maintain: VIP loyalty program
17244,Silver Tier,0,53,1,954.9,3,2,4,324,949.944145249896,0.0813587982568712,1.0,2.2303788574990307e-05,Low,Maintain: Standard loyalty program
17245,Inactive,1,205,1,171.45,1,2,1,121,424.55243579789015,0.0363434043495584,1.0,0.9999776962114252,High,Low Priority: Automated email only
17247,Silver Tier,0,15,1,280.09000000000003,4,2,2,422,1379.6826382410247,0.1182032059450869,1.0,2.230378857499007e-05,Low,Maintain: Standard loyalty program
17248,Silver Tier,0,120,1,318.65,2,2,2,222,613.2158625724459,0.0525036699144569,1.0,0.9999776962114252,High,Send: Standard win-back offer
17250,Silver Tier,0,4,2,381.97,5,3,2,532,605.7429921497163,0.066402891870493,0.9994820839638572,2.2303788574990185e-05,Low,Maintain: Standard loyalty program
17251,Inactive,1,363,1,269.83,1,2,2,122,268.92956100875483,0.0230175377763945,1.0,0.9999776962114252,High,Low Priority: Automated email only
17252,Silver Tier,0,117,2,348.90999999999997,2,3,2,232,550.6687993540514,0.0858517773837866,0.9984577522925244,0.9999776962114252,High,Send: Standard win-back offer
17253,Silver Tier,0,18,1,178.26,4,2,1,421,1332.1040378327834,0.114123036862965,1.0,2.2303788574990107e-05,Low,Maintain: Standard loyalty program
17254,Silver Tier,0,5,2,271.19,5,3,2,532,1979.941018391672,0.2610612175015491,0.9994431426817366,2.230378857499082e-05,Low,Maintain: Standard loyalty program
17255,Silver Tier,0,41,2,291.48,3,3,2,332,515.0932538718605,0.0595378570871667,0.9993715520190688,2.230378857499003e-05,Low,Maintain: Standard loyalty program
17256,Silver Tier,0,107,2,240.0,2,3,1,231,444.0055534076062,0.0574885705970897,0.999070123980583,0.9999776962114252,High,Send: Standard win-back offer
17259,Inactive,1,148,2,581.23,2,3,3,233,453.2436204534066,0.0501124279235919,0.998916392081898,0.9999776962114252,High,Low Priority: Automated email only
17262,Silver Tier,0,52,5,1253.36,3,4,4,344,1045.6338545100684,0.1055128262347746,0.9993605531189454,2.2303788574990263e-05,Low,Maintain: Standard loyalty program
17263,Inactive,1,208,1,63.440000000000005,1,2,1,121,418.4224305997317,0.0358184204950175,1.0,0.9999776962114252,High,Low Priority: Automated email only
17265,Silver Tier,0,139,2,550.01,2,3,3,233,747.3048287116991,0.0878610075074607,0.9977739423110816,0.9999776962114252,High,Send: Standard win-back offer
17266,Silver Tier,0,2,3,296.58,5,4,2,542,927.8631551304126,0.1570210633391803,0.9995445657236754,2.230378857499082e-05,Low,Maintain: Standard loyalty program
17267,Silver Tier,0,127,2,317.2,2,3,2,232,591.3177516889655,0.0506276833552048,1.0,0.9999776962114252,High,Send: Standard win-back offer
17268,Silver Tier,0,108,4,763.64,2,4,3,243,1091.7413515230262,0.1459939293039718,0.9980665665706984,0.9999776962114252,High,Send: Standard win-back offer
17272,Silver Tier,0,42,4,2148.63,3,4,5,345,1849.2929100612537,0.138670492492503,0.9993396977484686,2.2303788574989992e-05,Low,Maintain: Standard loyalty program
17274,Silver Tier,0,35,1,107.82,3,2,1,321,1114.3514760006665,0.0954522487616995,1.0,2.2303788574990226e-05,Low,Maintain: Standard loyalty program
17277,Inactive,1,228,2,1065.35,1,3,4,134,604.4351972646573,0.0559306501026562,0.9975132196761946,0.9999776962114252,High,Low Priority: Automated email only
17278,Inactive,1,241,1,246.04,1,2,1,121,373.8855720243593,0.0320043925326748,1.0,0.9999776962114252,High,Low Priority: Automated email only
17279,Silver Tier,0,58,1,187.83,3,2,1,321,919.7889416513344,0.0787741448838927,1.0,2.2303788574990785e-05,Low,Maintain: Standard loyalty program
17282,Silver Tier,0,130,3,1685.46,2,4,4,244,1182.5494193684235,0.0920512837021193,0.9984805238263156,0.9999776962114252,High,Send: Standard win-back offer
17284,Silver Tier,0,60,6,1647.48,3,5,4,354,1112.1620297354075,0.1725331355922623,0.999186228678943,2.2303788574990385e-05,Low,Maintain: Standard loyalty program
17286,Silver Tier,0,22,1,151.37,4,2,1,421,1287.698184584735,0.1103151500121465,1.0,2.2303788574990107e-05,Low,Maintain: Standard loyalty program
17287,Silver Tier,0,26,7,1049.06,4,5,4,454,1032.5457350084466,0.1857086115717071,0.999557031018386,2.230378857499003e-05,Low,Maintain: Standard loyalty program
17288,Silver Tier,0,9,7,1417.63,5,5,4,554,1329.5327940877846,0.1918186637986171,0.9996616286679963,2.230378857499003e-05,Low,Maintain: Standard loyalty program
17289,Silver Tier,0,32,3,931.02,4,4,3,443,1512.3688861031055,0.1361778916184975,0.999354051554819,2.2303788574989992e-05,Low,Maintain: Standard loyalty program
17290,Silver Tier,0,4,2,513.01,5,3,3,533,2165.37783201365,0.2579900774306891,0.99945607714283,2.2303788574990185e-05,Low,Maintain: Standard loyalty program
17291,Inactive,1,308,1,550.8000000000001,1,2,3,123,307.4457237630449,0.0263152609859678,1.0,0.9999776962114252,High,Low Priority: Automated email only
17293,Silver Tier,0,8,9,1854.06,5,5,4,554,1496.594264033421,0.2183884122981489,0.9996876831934408,2.2303788574990107e-05,Low,Maintain: Standard loyalty program
17295,Silver Tier,0,29,3,547.0,4,4,3,443,1606.0591285333985,0.164779845449912,0.9992155502559512,2.2303788574989992e-05,Low,Maintain: Standard loyalty program
17297,Silver Tier,0,17,1,128.18,4,2,1,421,1347.594640248632,0.1154514310307538,1.0,2.2303788574990148e-05,Low,Maintain: Standard loyalty program
17298,Silver Tier,0,101,2,498.42,2,3,3,233,1287.7528516001264,0.1133949740171939,0.9980296871419704,0.9999776962114252,High,Send: Standard win-back offer
17299,Silver Tier,0,12,4,656.61,5,4,3,543,1263.9019987043584,0.1897232508894834,0.9995305407435734,2.230378857499003e-05,Low,Maintain: Standard loyalty program
17301,Silver Tier,0,21,1,163.24,4,2,1,421,1287.698184584735,0.1103151500121465,1.0,2.2303788574990107e-05,Low,Maintain: Standard loyalty program
17302,Silver Tier,0,15,5,1135.63,4,4,4,444,1209.7522290247334,0.154831342487967,0.9995761147780168,2.2303788574989992e-05,Low,Maintain: Standard loyalty program
17303,Inactive,1,361,1,250.04,1,2,2,122,269.55491595883393,0.0230710780572953,1.0,0.9999776962114252,High,Low Priority: Automated email only
17306,Gold Tier,3,11,19,8631.31,5,5,5,555,6871.953514391755,0.4215822910545861,0.9997516199175164,2.2303788574990307e-05,Low,Maintain: VIP loyalty program
17309,Silver Tier,0,95,1,82.75,2,2,1,221,706.6830047119079,0.0605116428719573,1.0,0.9999776962114252,High,Send: Standard win-back offer
17311,Silver Tier,0,78,2,1384.85,2,3,4,234,971.4450940305128,0.0569002498209071,0.9992299075749616,2.2303788574993156e-05,Low,Maintain: Standard loyalty program
17312,Silver Tier,0,139,3,644.3,2,4,3,243,1289.2374110816816,0.1479114626634689,0.9938853333515876,0.9999776962114252,High,Send: Standard win-back offer
17313,Silver Tier,0,31,1,2328.84,4,2,5,425,1158.925382250077,0.0992737570996446,1.0,2.230378857499003e-05,Low,Maintain: Standard loyalty program
17314,Silver Tier,0,25,8,2527.92,4,5,5,455,2382.2412063874954,0.2464475315711262,0.99955135975706,2.230378857499007e-05,Low,Maintain: Standard loyalty program
17315,Gold Tier,3,2,38,6281.23,5,5,5,555,5218.508199816755,0.9811143697448536,0.9999061450790132,2.230378857499157e-05,Low,Maintain: VIP loyalty program
17317,Silver Tier,0,46,3,2600.34,3,4,5,345,2010.6385653349228,0.21453893689763,0.9988267562080636,2.230378857499007e-05,Low,Maintain: Standard loyalty program
17320,Silver Tier,0,100,3,1200.62,2,4,4,244,849.9866189810089,0.0775602088942809,0.9990756075268006,0.9999776962114252,High,Send: Standard win-back offer
17321,Silver Tier,0,8,2,657.16,5,3,3,533,1095.034742277369,0.161177399169176,0.9994309948707192,2.2303788574990185e-05,Low,Maintain: Standard loyalty program
17323,Silver Tier,0,15,7,906.52,4,5,3,453,1109.4791083722191,0.2268840884269396,0.9996091099143926,2.230378857499003e-05,Low,Maintain: Standard loyalty program
17324,Silver Tier,0,18,4,986.48,4,4,4,444,956.486248072125,0.1055320211897352,0.9995423573743236,2.2303788574989992e-05,Low,Maintain: Standard loyalty program
17325,Inactive,1,280,1,96.8,1,2,1,121,332.1090813134735,0.0284270546220449,1.0,0.9999776962114252,High,Low Priority: Automated email only
17329,Silver Tier,0,14,2,523.11,4,3,3,433,565.5714139278814,0.0570613071274942,0.9994549081661318,2.230378857499007e-05,Low,Maintain: Standard loyalty program
17330,Silver Tier,0,23,2,363.9,4,3,2,432,1216.2806611244214,0.1611557744581997,0.9992969040706674,2.230378857499007e-05,Low,Maintain: Standard loyalty program
17331,Silver Tier,0,124,1,175.2,2,2,1,221,603.635445546069,0.0516829179901504,1.0,0.9999776962114252,High,Send: Standard win-back offer
17333,Silver Tier,0,86,1,494.25,2,2,3,223,752.5668013948482,0.0644432526413674,1.0,2.230378857499724e-05,Low,Maintain: Standard loyalty program
17334,Inactive,1,302,2,307.02,1,3,2,132,368.4238017078749,0.0575912881058831,0.9903451312498658,0.9999776962114252,High,Low Priority: Automated email only
17337,Inactive,1,151,4,1981.06,2,4,4,244,1203.4263228244135,0.12085179491699,0.9972579251409543,0.9999776962114252,High,Low Priority: Automated email only
17338,Silver Tier,0,17,8,6493.54,4,5,5,455,4672.446999530976,0.2183758741710334,0.9996302890711252,2.2303788574990107e-05,Low,Maintain: Standard loyalty program
17339,Silver Tier,0,94,2,243.36,2,3,1,231,436.79529683940933,0.050473456534501,0.9992046222679636,0.9999776962114252,High,Send: Standard win-back offer
17340,Gold Tier,3,30,11,12353.29,4,5,5,455,7562.550834868565,0.2158452668079707,0.9995373592291452,2.2303788574990107e-05,Low,Maintain: VIP loyalty program
17341,Inactive,1,157,3,682.29,2,4,3,243,489.73033304970465,0.05033973649311,0.9988540931851918,0.9999776962114252,High,Low Priority: Automated email only
17343,Inactive,1,355,1,193.64,1,2,1,121,273.36898645829564,0.0233976243789855,1.0,0.9999776962114252,High,Low Priority: Automated email only
17344,Silver Tier,0,46,1,157.62,3,2,1,321,1007.7639635956134,0.0863149271016233,1.0,2.2303788574990107e-05,Low,Maintain: Standard loyalty program
17345,Silver Tier,0,15,4,519.69,4,4,3,443,996.7046494037236,0.1279688992039923,0.9994769699964746,2.230378857499003e-05,Low,Maintain: Standard loyalty program
17346,Gold Tier,3,4,15,2622.88,5,5,5,555,2213.1508894426916,0.3753731269063472,0.9997985552744156,2.2303788574990307e-05,Low,Maintain: VIP loyalty program
17347,Silver Tier,0,86,1,228.96,2,2,1,221,747.7119978348546,0.0640272497809341,1.0,2.2303788574997476e-05,Low,Maintain: Standard loyalty program
17348,Silver Tier,0,15,5,1156.6,4,4,4,444,1273.8699188150297,0.1582161335495622,0.99957437121453,2.2303788574989992e-05,Low,Maintain: Standard loyalty program
17349,Inactive,1,179,1,98.25,2,2,1,221,467.3447423141662,0.0400083745391801,1.0,0.9999776962114252,High,Low Priority: Automated email only
17350,Silver Tier,0,8,4,1281.32,5,4,4,544,4052.200798296546,0.2827044051403076,0.9994608286455672,2.2303788574990185e-05,Low,Maintain: Standard loyalty program
17351,Silver Tier,0,36,3,587.15,3,4,3,343,767.210009956112,0.0991415684713743,0.9993925497317844,2.230378857499003e-05,Low,Maintain: Standard loyalty program
17353,Silver Tier,0,129,2,1740.0,2,3,4,234,1727.3464775181817,0.0980853669774733,0.9975344954710664,0.9999776962114252,High,Send: Standard win-back offer
17354,Silver Tier,0,51,1,1393.06,3,2,4,324,973.891045138813,0.0834114029271052,1.0,2.2303788574990226e-05,Low,Maintain: Standard loyalty program
17356,Inactive,1,312,1,178.22,1,2,1,121,305.018777800336,0.0261074600705156,1.0,0.9999776962114252,High,Low Priority: Automated email only
17357,Silver Tier,0,24,2,384.39,4,3,2,432,1246.1579201425084,0.1067531700766435,1.0,2.230378857499007e-05,Low,Maintain: Standard loyalty program
17358,Inactive,1,303,2,360.81,1,3,2,132,402.0886572084709,0.0514459803605128,0.9949858357603132,0.9999776962114252,High,Low Priority: Automated email only
17359,Silver Tier,0,11,1,127.86,5,2,1,521,1448.6733665307254,0.1241199846914916,1.0,2.2303788574990148e-05,Low,Maintain: Standard loyalty program
17360,Silver Tier,0,17,3,568.24,4,4,3,443,821.6708865472749,0.086614218449154,0.999421657427176,2.230378857499003e-05,Low,Maintain: Standard loyalty program
17361,Silver Tier,0,49,3,488.2,3,4,3,343,774.6925590556672,0.0941773403468087,0.9993292458477252,2.2303788574990148e-05,Low,Maintain: Standard loyalty program
17362,Inactive,1,239,2,312.23,1,3,2,132,484.35895757812,0.0578155440433526,0.9968392079762888,0.9999776962114252,High,Low Priority: Automated email only
17364,Silver Tier,0,1,11,4462.68,5,5,5,555,3690.9813943545264,0.2947870974776806,0.9997669345755572,2.2303788574990263e-05,Low,Maintain: Standard loyalty program
17365,Silver Tier,0,13,8,4767.36,5,5,5,555,3615.500019583301,0.2042539188959035,0.999639993875202,2.2303788574990107e-05,Low,Maintain: Standard loyalty program
17367,Inactive,1,238,1,167.55,1,2,1,121,377.53875631108787,0.0323172300879273,1.0,0.9999776962114252,High,Low Priority: Automated email only
17368,Silver Tier,0,23,8,1878.87,4,5,4,454,1431.583514575073,0.2312744700654832,0.9995744298187008,2.230378857499003e-05,Low,Maintain: Standard loyalty program
17370,Silver Tier,0,73,4,446.18,2,4,2,242,1062.7374779811992,0.1927027563763568,0.9984411427811428,2.2303788574991456e-05,Low,Maintain: Standard loyalty program
17371,Silver Tier,0,17,3,418.4,4,4,2,442,536.0136849939897,0.0509556703031735,0.9994517167631652,2.230378857499007e-05,Low,Maintain: Standard loyalty program
17372,Silver Tier,0,41,8,1337.18,3,5,4,354,1237.973202982607,0.2178237529924559,0.9994222023441212,2.2303788574989992e-05,Low,Maintain: Standard loyalty program
17373,Silver Tier,0,40,4,646.92,3,4,3,343,800.1329032067766,0.1204754127304392,0.9993994126916224,2.2303788574989992e-05,Low,Maintain: Standard loyalty program
17374,Inactive,1,219,2,495.77,1,3,3,133,638.5839930846223,0.0624508481995435,0.9969813695341084,0.9999776962114252,High,Low Priority: Automated email only
17375,Inactive,1,199,3,400.1,1,4,2,142,540.1827155186833,0.0786936363266832,0.9974350552196604,0.9999776962114252,High,Low Priority: Automated email only
17376,Silver Tier,0,71,2,203.2,3,3,1,331,434.1597914910602,0.0576509207573627,0.9992613002361432,2.2303788574991852e-05,Low,Maintain: Standard loyalty program
17377,Gold Tier,3,24,20,4058.32,4,5,5,455,3238.3236818291816,0.5381568332842411,0.9995993137086812,2.2303788574990344e-05,Low,Maintain: VIP loyalty program
17379,Silver Tier,0,11,1,389.72,5,2,2,522,1448.6733665307254,0.1241199846914916,1.0,2.230378857499007e-05,Low,Maintain: Standard loyalty program
17381,Gold Tier,3,9,29,20275.61,5,5,5,555,14838.663950351678,0.5394858259625781,0.99980032667877,2.230378857499205e-05,Low,Maintain: VIP loyalty program
17382,Silver Tier,0,65,1,65.4,3,2,1,321,864.8798402201314,0.074068070465522,1.0,2.2303788574991174e-05,Low,Maintain: Standard loyalty program
17383,Silver Tier,0,4,1,193.39,5,2,1,521,1587.6067673138905,0.136036511099782,1.0,2.230378857499086e-05,Low,Maintain: Standard loyalty program
17384,Silver Tier,0,19,2,336.4,4,3,2,432,584.2256578304714,0.0760850930731416,0.9994230412707172,2.230378857499007e-05,Low,Maintain: Standard loyalty program
17385,Silver Tier,0,15,1,256.11,4,2,2,422,1396.3067155040203,0.1196288779998455,1.0,2.230378857499007e-05,Low,Maintain: Standard loyalty program
17386,Silver Tier,0,8,6,2686.42,5,5,5,555,3388.9275573743785,0.1962173907042102,0.9995586705972752,2.2303788574990148e-05,Low,Maintain: Standard loyalty program
17387,Silver Tier,0,20,2,746.81,4,3,3,433,2570.6172485852467,0.2149120870941124,0.9992576644655402,2.230378857499003e-05,Low,Maintain: Standard loyalty program
17388,Silver Tier,0,78,4,1259.56,2,4,4,244,1184.19177376232,0.1288864951025857,0.9990019009249672,2.2303788574993597e-05,Low,Maintain: Standard loyalty program
17389,Gold Tier,3,1,34,31833.68,5,5,5,555,26885.233022666576,0.9548909998626264,0.9999064622259718,2.2303788574992208e-05,Low,Maintain: VIP loyalty program
17391,Inactive,1,164,2,508.8,2,3,3,233,710.6642089771356,0.0936760567612857,0.9954298835417784,0.9999776962114252,High,Low Priority: Automated email only
17392,Inactive,1,307,2,417.27,1,3,2,132,416.80754623180866,0.0510811386359822,0.9949211606340652,0.9999776962114252,High,Low Priority: Automated email only
17394,Inactive,1,219,1,203.87,1,2,1,121,402.4428526001735,0.0344499312390523,1.0,0.9999776962114252,High,Low Priority: Automated email only
17396,Silver Tier,0,39,8,7330.8,3,5,5,355,5234.3772345206025,0.1043218372308321,0.9994396046471994,2.230378857499007e-05,Low,Maintain: Standard loyalty program
17397,Silver Tier,0,22,2,681.41,4,3,3,433,1273.5470319616638,0.1091017025711163,1.0,2.230378857499003e-05,Low,Maintain: Standard loyalty program
17398,Silver Tier,0,115,3,653.38,2,4,3,243,771.0174886329063,0.1045563589587799,0.99848975051324,0.9999776962114252,High,Send: Standard win-back offer
17400,Silver Tier,0,126,5,2097.84,2,4,5,245,1609.3486469043694,0.1370071082856409,0.9980493448608648,0.9999776962114252,High,Send: Standard win-back offer
17402,Silver Tier,0,5,13,2633.85,5,5,5,555,1988.6413512246868,0.3239999594620522,0.9997712445437468,2.2303788574990107e-05,Low,Maintain: Standard loyalty program
17403,Silver Tier,0,36,1,263.92,3,2,2,322,1103.738729125816,0.0945424046456437,1.0,2.2303788574990107e-05,Low,Maintain: Standard loyalty program
17404,Gold Tier,3,4,15,31906.82,5,5,5,555,24002.476029209596,0.4147221243528031,0.9998000074259694,2.230378857499102e-05,Low,Maintain: VIP loyalty program
17405,Silver Tier,0,1,3,1031.41,5,4,4,544,1542.5047471671792,0.1548701809712817,0.9995506086946032,2.2303788574990226e-05,Low,Maintain: Standard loyalty program
17406,Inactive,1,333,3,2184.42,1,4,5,145,1281.4070103765555,0.0500364035793412,0.9928352829246886,0.9999776962114252,High,Low Priority: Automated email only
17408,Inactive,1,163,1,32.65,2,2,1,221,499.571448296114,0.042768636009466,1.0,0.9999776962114252,High,Low Priority: Automated email only
17409,Inactive,1,185,2,771.85,1,3,3,133,892.2405301615341,0.0689906842411558,0.9975141719576812,0.9999776962114252,High,Low Priority: Automated email only
17410,Silver Tier,0,16,5,1214.72,4,4,4,444,1547.8753774463491,0.2039034168572158,0.9995335244493896,2.2303788574989992e-05,Low,Maintain: Standard loyalty program
17411,Silver Tier,0,12,3,778.94,5,4,3,543,891.1908111534304,0.1027594665419814,0.9995074290879123,2.230378857499003e-05,Low,Maintain: Standard loyalty program
17412,Silver Tier,0,3,7,1258.06,5,5,4,554,1124.3868346506083,0.185734839664832,0.9996982009656026,2.2303788574990148e-05,Low,Maintain: Standard loyalty program
17414,Silver Tier,0,44,2,778.0,3,3,3,333,745.4549977314006,0.0866023107032247,0.9992842566702796,2.2303788574989992e-05,Low,Maintain: Standard loyalty program
17415,Silver Tier,0,80,1,507.84,2,2,3,223,783.0733593220475,0.0670573960663036,1.0,2.2303788574993156e-05,Low,Maintain: Standard loyalty program
17416,Silver Tier,0,30,7,6893.42,4,5,5,455,4834.626465353471,0.2339843104333012,0.9994719941971772,2.2303788574990107e-05,Low,Maintain: Standard loyalty program
17418,Silver Tier,0,42,2,463.46,3,3,2,332,565.8924608083393,0.0558919806805102,0.9993735484015568,2.230378857499003e-05,Low,Maintain: Standard loyalty program
17419,Silver Tier,0,11,12,4226.57,5,5,5,555,3253.153850774679,0.2979474021974291,0.9997121733060252,2.2303788574990107e-05,Low,Maintain: Standard loyalty program
17420,Silver Tier,0,50,3,598.83,3,4,3,343,647.9830816292465,0.0767058109684705,0.9993772301605648,2.2303788574990107e-05,Low,Maintain: Standard loyalty program
17422,Silver Tier,0,16,6,1979.37,4,5,4,454,1870.3167684560444,0.1915215394581113,0.9995847651496148,2.2303788574989992e-05,Low,Maintain: Standard loyalty program
17423,Silver Tier,0,46,2,698.41,3,3,3,333,728.445249775293,0.0766077649630061,0.9992984099577356,2.230378857499003e-05,Low,Maintain: Standard loyalty program
17425,Silver Tier,0,19,2,759.17,4,3,3,433,1218.465546322433,0.169910280758657,0.9993185501241266,2.230378857499003e-05,Low,Maintain: Standard loyalty program
17426,Silver Tier,0,8,6,5037.26,5,5,5,555,3826.7489403439063,0.1307973787490103,0.9995708581071258,2.2303788574990185e-05,Low,Maintain: Standard loyalty program
17427,Silver Tier,0,72,1,100.8,3,2,1,321,827.8164177882809,0.0708916959513835,1.0,2.2303788574991852e-05,Low,Maintain: Standard loyalty program
17428,Gold Tier,3,1,28,17256.85,5,5,5,555,13211.839709010685,0.5719218524804316,0.999866502097301,2.2303788574991137e-05,Low,Maintain: VIP loyalty program
17429,Silver Tier,0,128,3,524.9200000000001,2,4,3,243,859.5152001847126,0.1179402590455748,0.997647831600934,0.9999776962114252,High,Send: Standard win-back offer
17430,Silver Tier,0,33,2,265.76,4,3,2,432,416.9858510640493,0.0504840427064651,0.9994141928558508,2.230378857499003e-05,Low,Maintain: Standard loyalty program
17431,Inactive,1,313,1,403.3,1,2,2,122,303.42198975554805,0.0259707398226686,1.0,0.9999776962114252,High,Low Priority: Automated email only
17432,Silver Tier,0,18,2,365.76,4,3,2,432,1805.4455833960208,0.2068010124503655,0.999284352334471,2.230378857499007e-05,Low,Maintain: Standard loyalty program
17433,Silver Tier,0,88,1,303.15999999999997,2,2,2,222,738.1879265173318,0.0632111513215991,1.0,2.2303788575000092e-05,Low,Maintain: Standard loyalty program
17434,Silver Tier,0,2,7,2373.82,5,5,5,555,4917.333751229974,0.5320529293056191,0.9996801029426744,2.2303788574990148e-05,Low,Maintain: Standard loyalty program
17436,Silver Tier,0,2,2,216.3,5,3,1,531,556.0062565385118,0.0742839380804024,0.9994874813820532,2.23037885749909e-05,Low,Maintain: Standard loyalty program
17438,Inactive,1,254,1,388.4500000000001,1,2,2,122,359.95350356360143,0.0308113512080067,1.0,0.9999776962114252,High,Low Priority: Automated email only
17440,Inactive,1,157,3,186.42,2,4,1,241,489.39912591517225,0.0692591313224088,0.998235714073785,0.9999776962114252,High,Low Priority: Automated email only
17442,Silver Tier,0,37,6,2248.56,3,5,5,355,2034.2831449919556,0.1946887884108376,0.9994081320375392,2.2303788574989992e-05,Low,Maintain: Standard loyalty program
17443,Inactive,1,220,1,534.24,1,2,3,123,402.4428526001735,0.0344499312390523,1.0,0.9999776962114252,High,Low Priority: Automated email only
17444,Inactive,1,148,3,2940.04,2,4,5,245,2802.924869585356,0.1399006152108295,0.9936767089249462,0.9999776962114252,High,Low Priority: Automated email only
17446,Inactive,1,177,2,120.9,2,3,1,231,401.3504449742993,0.0577537030345252,0.9984078922667624,0.9999776962114252,High,Low Priority: Automated email only
17447,Silver Tier,0,40,2,541.53,3,3,3,333,1324.2647805345778,0.1565110497776029,0.9990582126892132,2.230378857499003e-05,Low,Maintain: Standard loyalty program
17449,Silver Tier,0,2,7,2519.21,5,5,5,555,1727.2149267184243,0.1633389619503386,0.9996713540976692,2.2303788574990148e-05,Low,Maintain: Standard loyalty program
17450,Platinum Tier,4,8,46,194390.79,5,5,5,555,147400.0105888516,0.7383450338425228,0.999822057845368,2.230378857499213e-05,Low,Maintain: Continue white-glove service
17451,Silver Tier,0,1,7,1721.4,5,5,4,554,3366.412965409281,0.3329046956507825,0.9996374474862132,2.2303788574990185e-05,Low,Maintain: Standard loyalty program
17453,Silver Tier,0,18,2,486.72,4,3,2,432,1342.0465420594694,0.1648013717194416,0.9993460843221428,2.230378857499007e-05,Low,Maintain: Standard loyalty program
17454,Inactive,1,192,4,517.53,1,4,3,143,601.475783086835,0.1068972483963834,0.9961772073420448,0.9999776962114252,High,Low Priority: Automated email only
17455,Inactive,1,204,1,131.7,1,2,1,121,426.1131061294917,0.0364770637159116,1.0,0.9999776962114252,High,Low Priority: Automated email only
17456,Inactive,1,365,1,249.86,1,2,2,122,267.07078577809557,0.0228583976149709,1.0,0.9999776962114252,High,Low Priority: Automated email only
17457,Silver Tier,0,127,5,1737.7,2,4,4,244,1415.6102020734756,0.1416889444476727,0.9979059915620322,0.9999776962114252,High,Send: Standard win-back offer
17458,Silver Tier,0,15,1,316.5,4,2,2,422,1379.6826382410247,0.1182032059450869,1.0,2.230378857499007e-05,Low,Maintain: Standard loyalty program
17459,Silver Tier,0,43,2,657.3,3,3,3,333,1853.1318972196968,0.1698445017512294,0.9989316742856684,2.2303788574989992e-05,Low,Maintain: Standard loyalty program
17460,Silver Tier,0,94,6,622.4300000000001,2,5,3,253,781.220660586047,0.1580126971747361,0.9987127903921356,0.9999776962114252,High,Send: Standard win-back offer
17461,Silver Tier,0,23,3,735.82,4,4,3,443,2429.1471061024345,0.2236765868263941,0.9991894472690422,2.2303788574989992e-05,Low,Maintain: Standard loyalty program
17462,Silver Tier,0,60,2,675.69,3,3,3,333,560.4691592016019,0.0620630000861884,0.9992842674800136,2.2303788574990385e-05,Low,Maintain: Standard loyalty program
17463,Silver Tier,0,16,5,1875.86,4,4,4,444,1375.9365441661662,0.1515866353771349,0.9995665261840286,2.2303788574989992e-05,Low,Maintain: Standard loyalty program
17464,Inactive,1,158,1,289.96000000000004,2,2,2,222,510.57390215929144,0.0437110474660233,1.0,0.9999776962114252,High,Low Priority: Automated email only
17466,Silver Tier,0,10,2,763.28,5,3,3,533,1521.9627935530857,0.1491077817698528,0.9994206915590368,2.230378857499003e-05,Low,Maintain: Standard loyalty program
17468,Silver Tier,0,10,2,137.0,5,3,1,531,1755.1924450518786,0.2641868078010455,0.9993559468864136,2.2303788574990148e-05,Low,Maintain: Standard loyalty program
17469,Silver Tier,0,16,5,1870.97,4,4,4,444,2365.936330030266,0.2121206728862721,0.9995280689861632,2.2303788574989992e-05,Low,Maintain: Standard loyalty program
17470,Silver Tier,0,45,5,1125.07,3,4,4,344,1033.186075075165,0.1327878498491408,0.999410852816348,2.230378857499003e-05,Low,Maintain: Standard loyalty program
17472,Inactive,1,191,3,697.54,1,4,3,143,760.3185981649161,0.0918683735347688,0.9964964967452784,0.9999776962114252,High,Low Priority: Automated email only
17475,Silver Tier,0,79,1,194.37,2,2,1,221,783.0733593220475,0.0670573960663036,1.0,2.2303788574992963e-05,Low,Maintain: Standard loyalty program
17480,Silver Tier,0,78,1,511.82,2,2,3,223,793.7994213099503,0.0679765533927228,1.0,2.2303788574992364e-05,Low,Maintain: Standard loyalty program
17481,Silver Tier,0,4,4,1255.59,5,4,4,544,2827.2304823861045,0.2834763121001065,0.9995779536129136,2.2303788574990148e-05,Low,Maintain: Standard loyalty program
17483,Silver Tier,0,65,3,414.04,3,4,2,342,885.3041189730319,0.1345043738564756,0.9989693386729414,2.2303788574990663e-05,Low,Maintain: Standard loyalty program
17486,Inactive,1,261,1,396.87,1,2,2,122,351.2283290459734,0.0300642070730911,1.0,0.9999776962114252,High,Low Priority: Automated email only
17489,Silver Tier,0,59,2,376.64,3,3,2,332,659.0232042132541,0.0779654417199433,0.9992231136794132,2.2303788574990426e-05,Low,Maintain: Standard loyalty program
17490,Silver Tier,0,1,7,2092.32,5,5,5,555,2954.236989940978,0.2853870780364239,0.999680200887116,2.2303788574990185e-05,Low,Maintain: Standard loyalty program
17491,Silver Tier,0,1,10,3558.87,5,5,5,555,2778.800291915198,0.2704409231230141,0.9997616160452836,2.2303788574990226e-05,Low,Maintain: Standard loyalty program
17492,Inactive,1,248,1,374.57,1,2,2,122,365.6303548271988,0.0312974716804905,1.0,0.9999776962114252,High,Low Priority: Automated email only
17495,Silver Tier,0,8,2,497.56,5,3,3,533,1695.575234050052,0.2048952613697532,0.999423621942442,2.2303788574990226e-05,Low,Maintain: Standard loyalty program
17496,Inactive,1,359,1,271.05,1,2,2,122,271.448553849472,0.0232332038598186,1.0,0.9999776962114252,High,Low Priority: Automated email only
17498,Silver Tier,0,76,1,272.21999999999997,2,2,2,222,804.82343769289,0.0689212587386187,1.0,2.230378857499213e-05,Low,Maintain: Standard loyalty program
17499,Inactive,1,290,1,622.88,1,2,3,123,323.76087222719343,0.0277122296049123,1.0,0.9999776962114252,High,Low Priority: Automated email only
17500,Silver Tier,0,17,3,1138.0,4,4,4,444,4097.951363896245,0.3461479107778443,0.9992396916124368,2.230378857499003e-05,Low,Maintain: Standard loyalty program
17501,Inactive,1,221,2,288.6,1,3,2,132,401.0504787668746,0.034330690457865,1.0,0.9999776962114252,High,Low Priority: Automated email only
17502,Silver Tier,0,9,4,689.1,5,4,3,543,2984.8183743674367,0.4686959197641641,0.9994318471129536,2.230378857499003e-05,Low,Maintain: Standard loyalty program
17503,Silver Tier,0,3,2,558.96,5,3,3,533,1865.4946321096477,0.2049053399521609,0.9994727825392592,2.2303788574990148e-05,Low,Maintain: Standard loyalty program
17504,Inactive,1,206,9,2997.03,1,5,5,155,2419.58848649584,0.1744813785805513,0.9755320755444232,0.9999776962114252,High,Low Priority: Automated email only
17505,Inactive,1,162,2,1145.84,2,3,4,234,1185.8334758023343,0.0798147886290843,0.997434726497828,0.9999776962114252,High,Low Priority: Automated email only
17506,Silver Tier,0,76,1,302.2,2,2,2,222,804.82343769289,0.0689212587386187,1.0,2.230378857499213e-05,Low,Maintain: Standard loyalty program
17507,Inactive,1,262,2,605.58,1,3,3,133,561.2707050653744,0.0577479739181388,0.995674183047172,0.9999776962114252,High,Low Priority: Automated email only
17508,Inactive,1,281,1,387.31,1,2,2,122,332.1090813134735,0.0284270546220449,1.0,0.9999776962114252,High,Low Priority: Automated email only
17509,Silver Tier,0,58,8,6083.64,3,5,5,355,5166.54077159086,0.2565622014403744,0.9978078546164956,2.2303788574990503e-05,Low,Maintain: Standard loyalty program
17510,Silver Tier,0,25,1,308.48,4,2,2,422,1246.1579201425084,0.1067531700766435,1.0,2.230378857499007e-05,Low,Maintain: Standard loyalty program
17511,Gold Tier,3,3,31,91062.38,5,5,5,555,67678.09538122553,0.7555140599170284,0.9998809175456622,2.230378857499209e-05,Low,Maintain: VIP loyalty program
17512,Silver Tier,0,29,10,2924.99,4,5,5,455,2566.826784346676,0.3186073026380168,0.9994950161648786,2.230378857499007e-05,Low,Maintain: Standard loyalty program
17513,Silver Tier,0,72,1,513.2,3,2,3,323,821.9458652291272,0.0703885989447985,1.0,2.2303788574991378e-05,Low,Maintain: Standard loyalty program
17514,Silver Tier,0,128,1,208.65,2,2,1,221,588.3164834524878,0.0503705733882789,1.0,0.9999776962114252,High,Send: Standard win-back offer
17515,Silver Tier,0,31,4,639.02,4,4,3,443,712.2115572441771,0.1186142660547477,0.999459225288432,2.2303788574989992e-05,Low,Maintain: Standard loyalty program
17516,Silver Tier,0,15,5,764.88,4,4,3,443,807.3484697980455,0.1296841777237672,0.9995363047921552,2.2303788574989992e-05,Low,Maintain: Standard loyalty program
17517,Inactive,1,309,1,153.94,1,2,1,121,307.4457237630449,0.0263152609859678,1.0,0.9999776962114252,High,Low Priority: Automated email only
17519,Silver Tier,0,17,6,1844.02,4,5,4,454,1453.1161065699189,0.1599624693250349,0.999597035126916,2.2303788574989992e-05,Low,Maintain: Standard loyalty program
17520,Silver Tier,0,54,1,546.81,3,2,3,323,949.944145249896,0.0813587982568712,1.0,2.2303788574990307e-05,Low,Maintain: Standard loyalty program
17521,Silver Tier,0,30,3,723.2099999999999,4,4,3,443,1176.4142057521708,0.1265245419361385,0.9993868466060296,2.2303788574989992e-05,Low,Maintain: Standard loyalty program
17522,Silver Tier,0,2,5,1070.71,5,4,4,544,1543.9190093298157,0.2017931766815312,0.9996414057694846,2.2303788574990185e-05,Low,Maintain: Standard loyalty program
17523,Silver Tier,0,11,4,652.74,5,4,3,543,3031.448998216724,0.3855651270200548,0.9993528214028702,2.230378857499003e-05,Low,Maintain: Standard loyalty program
17524,Inactive,1,361,1,145.0,1,2,1,121,269.55491595883393,0.0230710780572953,1.0,0.9999776962114252,High,Low Priority: Automated email only
17525,Inactive,1,360,1,422.7,1,2,2,122,270.81439185105637,0.0231789093405089,1.0,0.9999776962114252,High,Low Priority: Automated email only
17526,Silver Tier,0,5,4,1195.9,5,4,4,544,1037.2599095366318,0.1057805811456721,0.999592923696384,2.2303788574990148e-05,Low,Maintain: Standard loyalty program
17527,Silver Tier,0,54,4,939.37,3,4,4,344,1219.3467673323205,0.1599047211077361,0.9991419794329344,2.2303788574990307e-05,Low,Maintain: Standard loyalty program
17528,Silver Tier,0,1,8,3628.5,5,5,5,555,6895.853539937367,0.5852970481566908,0.999692741717773,2.2303788574990226e-05,Low,Maintain: Standard loyalty program
17530,Silver Tier,0,1,10,2367.12,5,5,5,555,1908.281104123468,0.2440352496130287,0.9997448399408756,2.2303788574990226e-05,Low,Maintain: Standard loyalty program
17531,Inactive,1,190,1,296.7,1,2,2,122,447.49843127294145,0.0383085907025911,1.0,0.9999776962114252,High,Low Priority: Automated email only
17534,Silver Tier,0,54,1,223.36,3,2,1,321,949.944145249896,0.0813587982568712,1.0,2.2303788574990385e-05,Low,Maintain: Standard loyalty program
17535,Inactive,1,280,1,164.4,1,2,1,121,332.1090813134735,0.0284270546220449,1.0,0.9999776962114252,High,Low Priority: Automated email only
17536,Inactive,1,177,1,76.5,2,2,1,221,471.1438391061143,0.0403337640782646,1.0,0.9999776962114252,High,Low Priority: Automated email only
17537,Silver Tier,0,30,2,887.67,4,3,3,433,573.9216337622177,0.0588997380574463,0.9994092798581012,2.2303788574989992e-05,Low,Maintain: Standard loyalty program
17538,Silver Tier,0,26,1,98.42,4,2,1,421,1232.9005241921468,0.1056164161470964,1.0,2.2303788574990185e-05,Low,Maintain: Standard loyalty program
17540,Silver Tier,0,25,2,578.9,4,3,3,433,586.6321134320884,0.0569114801603534,0.9994271244779156,2.230378857499003e-05,Low,Maintain: Standard loyalty program
17542,Inactive,1,270,1,170.75,1,2,1,121,342.9161502563091,0.0293524400619082,1.0,0.9999776962114252,High,Low Priority: Automated email only
17545,Silver Tier,0,43,3,642.32,3,4,3,343,1034.75663059681,0.0886287817760632,1.0,2.2303788574989992e-05,Low,Maintain: Standard loyalty program
17548,Inactive,1,234,1,103.3,1,2,1,121,383.7886732905511,0.0328524419147044,1.0,0.9999776962114252,High,Low Priority: Automated email only
17549,Silver Tier,0,24,2,148.86,4,3,1,431,1429.9355902993602,0.1826500776582351,0.9992486364830442,2.2303788574990148e-05,Low,Maintain: Standard loyalty program
17550,Inactive,1,197,3,267.16,1,4,2,142,539.9105702773941,0.0700500955355736,0.9968521863905304,0.9999776962114252,High,Low Priority: Automated email only
17551,Inactive,1,359,1,290.34,1,2,2,122,270.81439185105637,0.0231789093405089,1.0,0.9999776962114252,High,Low Priority: Automated email only
17552,Silver Tier,0,60,4,930.41,3,4,3,343,761.7538894034122,0.0768761003048054,0.9993293846466652,2.2303788574990385e-05,Low,Maintain: Standard loyalty program
17553,Silver Tier,0,130,1,1487.6,2,2,4,224,585.3455299462746,0.0501160616651096,1.0,0.9999776962114252,High,Send: Standard win-back offer
17554,Silver Tier,0,1,5,1952.45,5,4,4,544,2415.3314660178494,0.2669124057537174,0.999639446390119,2.2303788574990185e-05,Low,Maintain: Standard loyalty program
17555,Silver Tier,0,20,2,480.31,4,3,2,432,542.5325934088091,0.0543698779500044,0.999443692412628,2.230378857499007e-05,Low,Maintain: Standard loyalty program
17556,Inactive,1,206,1,157.9,1,2,1,121,423.0031564436664,0.0362107209173878,1.0,0.9999776962114252,High,Low Priority: Automated email only
17557,Silver Tier,0,14,3,541.46,4,4,3,443,1475.9110330265926,0.2261206314660054,0.999414804326634,2.230378857499007e-05,Low,Maintain: Standard loyalty program
17560,Silver Tier,0,95,4,854.95,2,4,3,243,960.5157238403964,0.1210424328441873,0.9988310518277416,0.9999776962114252,High,Send: Standard win-back offer
17561,Silver Tier,0,19,1,165.12,4,2,1,421,1316.965589877716,0.1128248642298541,1.0,2.2303788574990107e-05,Low,Maintain: Standard loyalty program
17562,Silver Tier,0,14,7,1122.38,4,5,4,454,1731.0058258931858,0.3384726271052208,0.9995605343726094,2.230378857499003e-05,Low,Maintain: Standard loyalty program
17564,Silver Tier,0,24,3,454.01,4,4,2,442,1651.4293478277882,0.2276063792219863,0.9992711621545362,2.230378857499007e-05,Low,Maintain: Standard loyalty program
17566,Silver Tier,0,8,2,869.77,5,3,3,533,2903.123901345267,0.2332529355053955,0.9994007468895436,2.2303788574990185e-05,Low,Maintain: Standard loyalty program
17567,Silver Tier,0,7,8,4331.48,5,5,5,555,3152.1149734921623,0.212941503221672,0.9996944037060864,2.2303788574990148e-05,Low,Maintain: Standard loyalty program
17569,Inactive,1,332,1,344.14,1,2,2,122,289.04685668528043,0.024739931804691,1.0,0.9999776962114252,High,Low Priority: Automated email only
17571,Silver Tier,0,50,4,1425.67,3,4,4,344,1373.3742322864327,0.1250613203613451,0.9993119426293886,2.2303788574990107e-05,Low,Maintain: Standard loyalty program
17572,Silver Tier,0,71,4,226.75000000000003,3,4,1,341,446.66244566001615,0.1038281602640789,0.999232287387612,2.2303788574991415e-05,Low,Maintain: Standard loyalty program
17573,Silver Tier,0,29,3,380.6,4,4,2,442,1278.3309445614043,0.2093223455016708,0.999225269362094,2.230378857499003e-05,Low,Maintain: Standard loyalty program
17574,Inactive,1,243,1,185.65,1,2,1,121,372.6835048802685,0.0319014549445206,1.0,0.9999776962114252,High,Low Priority: Automated email only
17576,Gold Tier,3,8,19,3564.83,5,5,5,555,2995.5642408607487,0.4928853246467023,0.9997894669644184,2.2303788574990385e-05,Low,Maintain: VIP loyalty program
17578,Inactive,1,218,1,143.45999999999998,1,2,1,121,403.8449286955369,0.0345700032253114,1.0,0.9999776962114252,High,Low Priority: Automated email only
17579,Silver Tier,0,5,3,448.9,5,4,2,542,931.2258831941436,0.1367520143706465,0.9995355211914444,2.2303788574990185e-05,Low,Maintain: Standard loyalty program
17580,Inactive,1,253,3,215.72,1,4,1,141,456.7814707557672,0.0790136310912497,0.9945024182798692,0.9999776962114252,High,Low Priority: Automated email only
17581,Gold Tier,3,1,25,11025.24,5,5,5,555,7934.608495744761,0.267375559423398,0.9997669345755572,2.2303788574990663e-05,Low,Maintain: VIP loyalty program
17582,Inactive,1,236,1,175.27,1,2,1,121,380.0141350613526,0.0325292084499461,1.0,0.9999776962114252,High,Low Priority: Automated email only
17584,Silver Tier,0,7,2,1242.3,5,3,4,534,1418.77352949137,0.1118180988002626,0.9994556672063368,2.2303788574990148e-05,Low,Maintain: Standard loyalty program
17585,Silver Tier,0,109,4,1116.68,2,4,4,244,898.9374342438043,0.1126992968334697,0.998705592365318,0.9999776962114252,High,Send: Standard win-back offer
17588,Silver Tier,0,100,3,1240.2,2,4,4,244,1326.9274230098138,0.1125617448085035,0.9986117091094988,0.9999776962114252,High,Send: Standard win-back offer
17589,Silver Tier,0,60,4,2404.17,3,4,5,345,2304.4999614447806,0.1485109452010527,0.9991026372232654,2.2303788574990426e-05,Low,Maintain: Standard loyalty program
17590,Silver Tier,0,2,3,1468.02,5,4,4,544,4430.27429347067,0.3112791076086842,0.9995325347274406,2.2303788574990107e-05,Low,Maintain: Standard loyalty program
17591,Silver Tier,0,73,7,2203.67,2,5,5,255,1696.142054696969,0.1877299490598698,0.9989783289602164,2.230378857499233e-05,Low,Maintain: Standard loyalty program
17593,Silver Tier,0,4,5,3923.86,5,4,5,545,2806.7650794222836,0.1375507954281104,0.9996350146345956,2.2303788574990148e-05,Low,Maintain: Standard loyalty program
17594,Silver Tier,0,85,2,993.18,2,3,4,234,1024.7785367524873,0.0678171264604122,0.9991104287500536,2.2303788574994623e-05,Low,Maintain: Standard loyalty program
17595,Silver Tier,0,12,2,386.69,5,3,2,532,1916.2221293961488,0.2068178280569564,0.9993656071230343,2.230378857499007e-05,Low,Maintain: Standard loyalty program
17596,Silver Tier,0,23,7,2806.69,4,5,5,455,2132.5063478345214,0.1874124938360719,0.9995768283197488,2.230378857499007e-05,Low,Maintain: Standard loyalty program
17597,Inactive,1,214,1,2044.37,1,2,4,124,411.0044555279848,0.0351831408221138,1.0,0.9999776962114252,High,Low Priority: Automated email only
17600,Silver Tier,0,18,1,161.67000000000002,4,2,1,421,1347.594640248632,0.1154514310307538,1.0,2.2303788574990107e-05,Low,Maintain: Standard loyalty program
17601,Inactive,1,239,1,116.01,1,2,1,121,376.3131214718976,0.0322122735687292,1.0,0.9999776962114252,High,Low Priority: Automated email only
17602,Silver Tier,0,2,6,5054.42,5,5,5,555,3873.968187986158,0.1778886203792511,0.9996705522094996,2.2303788574990185e-05,Low,Maintain: Standard loyalty program
17603,Silver Tier,0,78,1,394.72,2,2,2,222,788.3999061904082,0.0675138464403072,1.0,2.2303788574992404e-05,Low,Maintain: Standard loyalty program
17604,Inactive,1,217,2,309.36,1,3,2,132,489.08581352027375,0.0574055828321629,0.9976279138902436,0.9999776962114252,High,Low Priority: Automated email only
17608,Silver Tier,0,33,2,191.99,4,3,1,431,1136.2013539108086,0.0973255042500641,1.0,2.2303788574990148e-05,Low,Maintain: Standard loyalty program
17609,Silver Tier,0,41,5,1105.78,3,4,4,344,911.4569103413432,0.1159121445540151,0.9994095147211622,2.2303788574989992e-05,Low,Maintain: Standard loyalty program
17611,Gold Tier,3,7,15,3961.12,5,5,5,555,3216.0112552536325,0.3858395570731158,0.9997699522633896,2.2303788574990344e-05,Low,Maintain: VIP loyalty program
17612,Silver Tier,0,53,6,2048.45,3,5,4,354,1938.5215260622028,0.190925485456717,0.9992045406736136,2.2303788574990307e-05,Low,Maintain: Standard loyalty program
17613,Gold Tier,3,23,14,4544.55,4,5,5,455,3883.9382982741326,0.3473042042710088,0.999579249567094,2.2303788574990307e-05,Low,Maintain: VIP loyalty program
17614,Silver Tier,0,57,1,386.32,3,2,2,322,919.7889416513344,0.0787741448838927,1.0,2.2303788574990344e-05,Low,Maintain: Standard loyalty program
17615,Silver Tier,0,130,3,329.6,2,4,2,242,679.5320485394392,0.1163175712621241,0.9976389399904632,0.9999776962114252,High,Send: Standard win-back offer
17616,Inactive,1,174,3,571.1999999999999,2,4,3,243,501.5677925185609,0.0776661418738351,0.998150373987598,0.9999776962114252,High,Low Priority: Automated email only
17618,Silver Tier,0,6,3,930.28,5,4,3,543,793.2024338752065,0.0786768214662988,0.9995415126736996,2.2303788574990148e-05,Low,Maintain: Standard loyalty program
17619,Inactive,1,312,1,214.37,1,2,1,121,304.2182884157301,0.0260389204816015,1.0,0.9999776962114252,High,Low Priority: Automated email only
17620,Silver Tier,0,60,1,81.44,3,2,1,321,905.4181567991492,0.0775424383903179,1.0,2.2303788574990937e-05,Low,Maintain: Standard loyalty program
17621,Silver Tier,0,21,3,1379.9,4,4,4,444,1157.739316638427,0.08016078814629,0.9994877308143932,2.2303788574989992e-05,Low,Maintain: Standard loyalty program
17623,Silver Tier,0,33,1,527.05,4,2,3,423,1147.450852684066,0.0982899773019129,1.0,2.230378857499007e-05,Low,Maintain: Standard loyalty program
17624,Silver Tier,0,15,2,843.48,4,3,3,433,919.5098306123128,0.076351722571868,0.9994419411656468,2.230378857499003e-05,Low,Maintain: Standard loyalty program
17625,Silver Tier,0,18,4,2020.4,4,4,4,444,1865.9798378042192,0.1408221306518352,0.9995117224844114,2.2303788574989992e-05,Low,Maintain: Standard loyalty program
17628,Silver Tier,0,81,1,75.75,2,2,1,221,772.6333322467653,0.0661627642284102,1.0,2.2303788574993715e-05,Low,Maintain: Standard loyalty program
17629,Silver Tier,0,6,8,1814.12,5,5,4,554,1554.7124928965152,0.2194127827113233,0.9997043989451672,2.2303788574990107e-05,Low,Maintain: Standard loyalty program
17630,Inactive,1,170,2,503.6,2,3,3,233,614.3299573852805,0.0726730569276788,0.9977067601381968,0.9999776962114252,High,Low Priority: Automated email only
17631,Silver Tier,0,2,3,528.33,5,4,3,543,708.3633604435371,0.1126677544577033,0.999552192727176,2.2303788574990185e-05,Low,Maintain: Standard loyalty program
17633,Silver Tier,0,31,4,1324.84,4,4,4,444,2417.7089463436605,0.2428745248666759,0.9992201525335124,2.2303788574989992e-05,Low,Maintain: Standard loyalty program
17634,Silver Tier,0,36,9,2358.59,3,5,5,355,1643.9060226386723,0.2607871794113586,0.9994326594934286,2.230378857499007e-05,Low,Maintain: Standard loyalty program
17636,Silver Tier,0,19,1,285.56,4,2,2,422,1316.965589877716,0.1128248642298541,1.0,2.230378857499007e-05,Low,Maintain: Standard loyalty program
17637,Silver Tier,0,31,2,547.0600000000001,4,3,3,433,1068.5915865766551,0.1190938972138503,0.9992865475661252,2.2303788574989992e-05,Low,Maintain: Standard loyalty program
17639,Inactive,1,276,1,108.5,1,2,1,121,335.95919464018573,0.0287567290360468,1.0,0.9999776962114252,High,Low Priority: Automated email only
17640,Silver Tier,0,87,1,621.66,2,2,3,223,747.7119978348546,0.0640272497809341,1.0,2.23037885749972e-05,Low,Maintain: Standard loyalty program
17642,Silver Tier,0,120,2,712.29,2,3,3,233,928.7305863090172,0.0893417168652327,0.9982849380283528,0.9999776962114252,High,Send: Standard win-back offer
17643,Inactive,1,373,1,101.55,1,2,1,121,262.2374002805863,0.0224445873246541,1.0,0.9999776962114252,High,Low Priority: Automated email only
17644,Silver Tier,0,1,11,2895.64,5,5,5,555,2886.0299464926584,0.2854586744573682,0.999723869966913,2.2303788574990226e-05,Low,Maintain: Standard loyalty program
17646,Inactive,1,219,3,1008.39,1,4,4,144,859.2326124979013,0.0779167370707097,0.996776625010978,0.9999776962114252,High,Low Priority: Automated email only
17647,Silver Tier,0,65,1,133.06,3,2,1,321,864.8798402201314,0.074068070465522,1.0,2.23037885749911e-05,Low,Maintain: Standard loyalty program
17648,Silver Tier,0,61,4,1797.5,3,4,4,344,1608.9247789346268,0.1066053292112675,0.9991990461027108,2.23037885749909e-05,Low,Maintain: Standard loyalty program
17649,Silver Tier,0,138,1,868.49,2,2,3,223,559.8986179491969,0.0479361612478806,1.0,0.9999776962114252,High,Send: Standard win-back offer
17650,Silver Tier,0,21,1,166.07999999999998,4,2,1,421,1287.698184584735,0.1103151500121465,1.0,2.2303788574990107e-05,Low,Maintain: Standard loyalty program
17651,Silver Tier,0,12,10,3945.0,5,5,5,555,5371.037102754627,0.4305440841982577,0.9996255925062928,2.2303788574990107e-05,Low,Maintain: Standard loyalty program
17652,Silver Tier,0,25,12,4867.72,4,5,5,455,4804.775274461789,0.4053742971234554,0.9995069788097364,2.2303788574990107e-05,Low,Maintain: Standard loyalty program
17653,Silver Tier,0,37,4,1207.56,3,4,4,344,2503.494235737729,0.2428497103070977,0.9991180619251196,2.2303788574989992e-05,Low,Maintain: Standard loyalty program
17654,Inactive,1,277,1,117.55,1,2,1,121,334.98832132167604,0.0286735956357553,1.0,0.9999776962114252,High,Low Priority: Automated email only
17655,Silver Tier,0,11,7,2638.94,5,5,5,555,1807.358901768215,0.1882894403184506,0.9996570849591908,2.230378857499007e-05,Low,Maintain: Standard loyalty program
17656,Silver Tier,0,73,5,1674.69,2,4,4,244,2897.301183208507,0.2931605699595376,0.9967118283987858,2.230378857499177e-05,Low,Maintain: Standard loyalty program
17658,Silver Tier,0,26,2,595.42,4,3,3,433,773.5672637065802,0.0782574976657648,0.999395784409888,2.230378857499003e-05,Low,Maintain: Standard loyalty program
17659,Silver Tier,0,17,12,2999.46,4,5,5,455,2404.9522966946092,0.3217639511045744,0.9996732971578884,2.230378857499007e-05,Low,Maintain: Standard loyalty program
17660,Silver Tier,0,141,1,178.75,2,2,1,221,551.9009969998928,0.0472510673748758,1.0,0.9999776962114252,High,Send: Standard win-back offer
17663,Silver Tier,0,26,7,1802.91,4,5,4,454,1727.6250500040487,0.2300506747049847,0.9995190613550372,2.230378857499003e-05,Low,Maintain: Standard loyalty program
17664,Silver Tier,0,19,2,604.64,4,3,3,433,771.4788669437909,0.0779812093225826,0.9994251949176756,2.230378857499003e-05,Low,Maintain: Standard loyalty program
17666,Silver Tier,0,4,2,728.16,5,3,3,533,1704.2427074444538,0.1635908478938059,0.9994691382803632,2.2303788574990148e-05,Low,Maintain: Standard loyalty program
17667,Silver Tier,0,66,5,2055.51,3,4,5,345,1360.0412466976866,0.1250424561118465,0.9991612064164794,2.230378857499106e-05,Low,Maintain: Standard loyalty program
17668,Silver Tier,0,1,2,347.75,5,3,2,532,1778.321492688061,0.2049071958783267,0.999481835244716,2.23037885749909e-05,Low,Maintain: Standard loyalty program
17669,Silver Tier,0,43,7,3406.7200000000003,3,5,5,355,3450.5777324268074,0.2574738163063478,0.9992306466959698,2.230378857499003e-05,Low,Maintain: Standard loyalty program
17670,Inactive,1,228,1,205.7,1,2,1,121,391.56726551098217,0.0335185708702388,1.0,0.9999776962114252,High,Low Priority: Automated email only
17671,Silver Tier,0,16,4,1572.71,4,4,4,444,1187.1580844974155,0.10577609139948,0.9995504970196326,2.2303788574989992e-05,Low,Maintain: Standard loyalty program
17672,Silver Tier,0,50,2,3178.17,3,3,5,335,1876.1405017271304,0.0579605884388933,0.9993400222947316,2.2303788574990148e-05,Low,Maintain: Standard loyalty program
17673,Silver Tier,0,2,6,1594.97,5,5,4,554,1372.888414710486,0.1797190657924638,0.9996753689201476,2.2303788574990107e-05,Low,Maintain: Standard loyalty program
17674,Silver Tier,0,74,2,551.04,2,3,3,233,477.68805249545727,0.0501309338633992,0.9992852803475496,2.230378857499201e-05,Low,Maintain: Standard loyalty program
17675,Gold Tier,3,1,31,20374.28,5,5,5,555,15482.0648093444,0.7934454218570057,0.9998911766447725,2.230378857499213e-05,Low,Maintain: VIP loyalty program
17676,Silver Tier,0,4,6,1371.18,5,5,4,554,1138.1229140699827,0.1607085965604834,0.999662517929323,2.2303788574990107e-05,Low,Maintain: Standard loyalty program
17677,Gold Tier,3,2,30,16345.38,5,5,5,555,12022.572883357312,0.4895270755701326,0.9998425976945102,2.230378857499205e-05,Low,Maintain: VIP loyalty program
17678,Inactive,1,264,1,298.11,1,2,2,122,349.1127321634966,0.0298830486396042,1.0,0.9999776962114252,High,Low Priority: Automated email only
17679,Silver Tier,0,53,2,1992.11,3,3,4,334,1537.509151974122,0.1422548566056745,0.9989190058354548,2.2303788574990307e-05,Low,Maintain: Standard loyalty program
17680,Silver Tier,0,24,1,184.4,4,2,1,421,1259.703587062989,0.107914660124522,1.0,2.2303788574990107e-05,Low,Maintain: Standard loyalty program
17682,Silver Tier,0,10,6,2474.33,5,5,5,555,1872.7559497855584,0.1599683892216135,0.9996340282484472,2.230378857499003e-05,Low,Maintain: Standard loyalty program
17684,Silver Tier,0,44,1,239.41,3,2,1,321,1034.75663059681,0.0886287817760632,1.0,2.230378857499003e-05,Low,Maintain: Standard loyalty program
17685,Silver Tier,0,17,7,3155.83,4,5,5,455,2323.1788312366416,0.1857209562140402,0.9996234747548132,2.230378857499007e-05,Low,Maintain: Standard loyalty program
17686,Silver Tier,0,7,7,5739.46,5,5,5,555,3939.0780389587535,0.1560894601774691,0.9996134458390916,2.2303788574990185e-05,Low,Maintain: Standard loyalty program
17690,Gold Tier,3,30,15,4726.8,4,5,5,455,3599.8144441259096,0.3752668605585953,0.9995155170563306,2.2303788574990344e-05,Low,Maintain: VIP loyalty program
17691,Inactive,1,358,2,290.40000000000003,1,3,2,132,406.2056143209182,0.0495909830478119,0.9885221674241352,0.9999776962114252,High,Low Priority: Automated email only
17692,Silver Tier,0,127,4,740.94,2,4,3,243,636.2322471227898,0.1071454375310302,0.9984900859498111,0.9999776962114252,High,Send: Standard win-back offer
17693,Silver Tier,0,137,1,200.47,2,2,1,221,562.6162538325339,0.0481689620622456,1.0,0.9999776962114252,High,Send: Standard win-back offer
17694,Silver Tier,0,142,1,283.12,2,2,2,222,551.9009969998928,0.0472510673748758,1.0,0.9999776962114252,High,Send: Standard win-back offer
17695,Silver Tier,0,132,2,765.34,2,3,3,233,1060.3754445716927,0.0911637859420142,0.9978482580734926,0.9999776962114252,High,Send: Standard win-back offer
17696,Silver Tier,0,38,8,2285.71,3,5,5,355,1924.788401432186,0.1891205603252254,0.9994523402981008,2.230378857499003e-05,Low,Maintain: Standard loyalty program
17697,Inactive,1,236,1,338.95,1,2,2,122,380.0141350613526,0.0325292084499461,1.0,0.9999776962114252,High,Low Priority: Automated email only
17698,Inactive,1,261,1,154.95,1,2,1,121,352.2957723378669,0.0301556124645647,1.0,0.9999776962114252,High,Low Priority: Automated email only
17700,Silver Tier,0,17,4,2534.64,4,4,5,445,2140.8184202874404,0.1311658225400471,0.9995300620572836,2.230378857499003e-05,Low,Maintain: Standard loyalty program
17701,Inactive,1,253,1,417.95,1,2,2,122,361.07472695079787,0.030907363449904,1.0,0.9999776962114252,High,Low Priority: Automated email only
17702,Silver Tier,0,30,4,1824.37,4,4,4,444,2105.662220309384,0.1669257492701017,0.9993887329136554,2.2303788574989992e-05,Low,Maintain: Standard loyalty program
17703,Silver Tier,0,35,3,798.74,3,4,3,343,1531.420145138453,0.1638028156246762,0.9992512083831568,2.230378857499003e-05,Low,Maintain: Standard loyalty program
17704,Inactive,1,169,2,885.19,2,3,3,233,906.1949030135092,0.0710312619057374,0.9978519385163716,0.9999776962114252,High,Low Priority: Automated email only
17705,Silver Tier,0,3,9,1823.52,5,5,4,554,1904.7672690882407,0.2862521711805087,0.9997313555547692,2.2303788574990107e-05,Low,Maintain: Standard loyalty program
17706,Gold Tier,3,4,17,10504.49,5,5,5,555,7928.110989409435,0.3262347976965014,0.9997710724762326,2.2303788574990385e-05,Low,Maintain: VIP loyalty program
17707,Inactive,1,185,2,152.4,1,3,1,131,386.82210999363974,0.0540474438308163,0.9984482833362452,0.9999776962114252,High,Low Priority: Automated email only
17708,Inactive,1,188,2,263.33,1,3,2,132,462.3991923066547,0.0556922923678368,0.9983439128035912,0.9999776962114252,High,Low Priority: Automated email only
17709,Inactive,1,170,1,137.45,2,2,1,221,486.97869006985377,0.0416900301009724,1.0,0.9999776962114252,High,Low Priority: Automated email only
17711,Silver Tier,0,11,2,385.1,5,3,2,532,514.6278550296462,0.0612069693039306,0.9994636055861704,2.230378857499007e-05,Low,Maintain: Standard loyalty program
17712,Silver Tier,0,45,1,522.91,3,2,3,323,1025.5998068295544,0.087843835003437,1.0,2.230378857499007e-05,Low,Maintain: Standard loyalty program
17714,Inactive,1,321,1,153.0,1,2,1,121,297.9625247411955,0.0255032926759162,1.0,0.9999776962114252,High,Low Priority: Automated email only
17715,Inactive,1,201,1,326.4,1,2,2,122,430.86473332273926,0.03688400629652,1.0,0.9999776962114252,High,Low Priority: Automated email only
17716,Silver Tier,0,23,11,5655.99,4,5,5,455,5293.879367725903,0.3151665743396226,0.9995454908639624,2.2303788574990107e-05,Low,Maintain: Standard loyalty program
17718,Inactive,1,232,1,139.35,1,2,1,121,385.0635714668843,0.0329616186486809,1.0,0.9999776962114252,High,Low Priority: Automated email only
17719,Gold Tier,3,38,15,5396.04,3,5,5,355,5389.243792011068,0.5486886450871732,0.9989495722680464,2.2303788574990426e-05,Low,Maintain: VIP loyalty program
17720,Silver Tier,0,26,4,1195.94,4,4,4,444,1121.3759311847216,0.105285771392233,0.9995028957988712,2.230378857499003e-05,Low,Maintain: Standard loyalty program
17722,Silver Tier,0,96,4,2424.04,2,4,5,245,1423.1750833690296,0.1054726731844905,0.9989802450940988,0.9999776962114252,High,Send: Standard win-back offer
17723,Silver Tier,0,127,6,3276.4000000000005,2,5,5,255,3825.6610283329255,0.2446149444577125,0.9898056136011636,0.9999776962114252,High,Send: Standard win-back offer
17724,Silver Tier,0,71,3,1033.0,3,4,4,344,1662.0468040501294,0.1636872429746713,0.9985461770945734,2.2303788574991337e-05,Low,Maintain: Standard loyalty program
17725,Silver Tier,0,16,11,3439.08,4,5,5,455,3488.815393850526,0.3866116390806106,0.9996298362721774,2.230378857499007e-05,Low,Maintain: Standard loyalty program
17727,Silver Tier,0,15,1,1060.25,4,2,4,424,1379.6826382410247,0.1182032059450869,1.0,2.230378857499003e-05,Low,Maintain: Standard loyalty program
17728,Silver Tier,0,4,3,2876.01,5,4,5,545,5869.370440406595,0.2188478455208165,0.9995311838874182,2.2303788574990148e-05,Low,Maintain: Standard loyalty program
17730,Silver Tier,0,3,13,5298.4800000000005,5,5,5,555,4552.232607017095,0.3896625815410269,0.9997864325995082,2.2303788574990185e-05,Low,Maintain: Standard loyalty program
17731,Silver Tier,0,79,4,1240.11,2,4,4,244,1266.8856615072054,0.1344702573220286,0.9987159538135711,2.230378857499383e-05,Low,Maintain: Standard loyalty program
17732,Inactive,1,373,1,303.97,1,2,2,122,262.83198413710926,0.0224954923923936,1.0,0.9999776962114252,High,Low Priority: Automated email only
17733,Silver Tier,0,39,2,692.19,3,3,3,333,827.4403188601925,0.0663949902314007,0.9993631501872662,2.2303788574989992e-05,Low,Maintain: Standard loyalty program
17734,Silver Tier,0,54,3,700.63,3,4,3,343,1067.867060690542,0.1122589069199773,0.9992346948314494,2.2303788574990307e-05,Low,Maintain: Standard loyalty program
17735,Gold Tier,3,2,19,13110.02,5,5,5,555,9979.69227014414,0.4906468042666481,0.9998359897566552,2.2303788574990426e-05,Low,Maintain: VIP loyalty program
17736,Silver Tier,0,9,3,377.44,5,4,2,542,912.494909478785,0.1863579957792875,0.9994880051068284,2.230378857499007e-05,Low,Maintain: Standard loyalty program
17737,Silver Tier,0,9,2,168.24,5,3,1,531,1261.7469437722525,0.172604958999133,0.9994174457781836,2.2303788574990148e-05,Low,Maintain: Standard loyalty program
17738,Silver Tier,0,19,4,1879.05,4,4,4,444,1359.514585264575,0.0966073874464797,0.9994808323881224,2.2303788574989992e-05,Low,Maintain: Standard loyalty program
17739,Silver Tier,0,12,7,2791.35,5,5,5,555,2184.0991895635893,0.1909221380617676,0.999650662048096,2.230378857499007e-05,Low,Maintain: Standard loyalty program
17742,Silver Tier,0,113,2,355.11,2,3,2,232,379.4011024922839,0.054620561891685,0.9990678724513916,0.9999776962114252,High,Send: Standard win-back offer
17744,Silver Tier,0,4,6,2322.4,5,5,5,555,1813.4758001257692,0.1637208159103068,0.9996667912579996,2.2303788574990107e-05,Low,Maintain: Standard loyalty program
17746,Inactive,1,240,1,110.25,1,2,1,121,375.09541896348713,0.0321079965763002,1.0,0.9999776962114252,High,Low Priority: Automated email only
17747,Silver Tier,0,113,1,71.4,2,2,1,221,640.3162225470167,0.0548254206643806,1.0,0.9999776962114252,High,Send: Standard win-back offer
17749,Inactive,1,178,2,674.52,2,3,3,233,689.7661178160696,0.0673134756234158,0.9978325935193136,0.9999776962114252,High,Low Priority: Automated email only
17750,Silver Tier,0,5,9,1710.45,5,5,4,554,2654.225363248797,0.4546068259688361,0.9996972130896532,2.2303788574990107e-05,Low,Maintain: Standard loyalty program
17752,Inactive,1,359,1,80.64,1,2,1,121,270.81439185105637,0.0231789093405089,1.0,0.9999776962114252,High,Low Priority: Automated email only
17754,Silver Tier,0,1,5,1664.65,5,4,4,544,1805.0143611790704,0.1760268320471895,0.9996473961115032,2.2303788574990185e-05,Low,Maintain: Standard loyalty program
17757,Gold Tier,3,1,30,5593.39,5,5,5,555,4486.672108421311,0.8116628193349577,0.999894147712276,2.2303788574991652e-05,Low,Maintain: VIP loyalty program
17758,Silver Tier,0,19,8,3408.2,4,5,5,455,3307.207472927963,0.2191370239761877,0.9995426425968807,2.230378857499007e-05,Low,Maintain: Standard loyalty program
17759,Silver Tier,0,17,3,819.96,4,4,3,443,1360.6093900287854,0.0920746597714103,0.9994168295472284,2.230378857499003e-05,Low,Maintain: Standard loyalty program
17760,Silver Tier,0,22,2,287.59,4,3,2,432,384.7921697012413,0.0495715675293941,0.999443304237223,2.230378857499007e-05,Low,Maintain: Standard loyalty program
17761,Silver Tier,0,33,1,712.78,4,2,3,423,1147.450852684066,0.0982899773019129,1.0,2.230378857499003e-05,Low,Maintain: Standard loyalty program
17763,Inactive,1,263,1,15.0,1,2,1,121,349.1127321634966,0.0298830486396042,1.0,0.9999776962114252,High,Low Priority: Automated email only
17764,Silver Tier,0,51,2,772.55,3,3,3,333,1043.1191395468852,0.0782476878321841,0.9992705068758656,2.2303788574990226e-05,Low,Maintain: Standard loyalty program
17765,Inactive,1,159,3,367.63,2,4,2,242,673.5671353775821,0.1040886325574242,0.9970918550802376,0.9999776962114252,High,Low Priority: Automated email only
17767,Silver Tier,0,15,1,271.2,4,2,2,422,1379.6826382410247,0.1182032059450869,1.0,2.230378857499007e-05,Low,Maintain: Standard loyalty program
17768,Silver Tier,0,8,3,2081.9,5,4,5,545,2798.085953311848,0.144316213960316,0.999510760911841,2.2303788574990107e-05,Low,Maintain: Standard loyalty program
17769,Silver Tier,0,13,10,3957.43,5,5,5,555,3412.4756648591883,0.3030992344297372,0.9996828997865028,2.2303788574990107e-05,Low,Maintain: Standard loyalty program
17770,Inactive,1,199,5,1143.27,1,4,4,144,894.6052313830544,0.1296298772156441,0.9906486570606696,0.9999776962114252,High,Low Priority: Automated email only
17771,Silver Tier,0,57,2,245.81,3,3,1,331,444.7242738058192,0.055889269513286,0.9993250715221148,2.2303788574990344e-05,Low,Maintain: Standard loyalty program
17772,Silver Tier,0,11,2,173.45,5,3,1,531,1467.013040655582,0.1256929055747151,1.0,2.2303788574990148e-05,Low,Maintain: Standard loyalty program
17774,Silver Tier,0,97,4,1213.73,2,4,4,244,1223.0782579102563,0.1226545107496117,0.9987780948172816,0.9999776962114252,High,Send: Standard win-back offer
17775,Inactive,1,255,1,56.4,1,2,1,121,358.8392222195989,0.0307159336336942,1.0,0.9999776962114252,High,Low Priority: Automated email only
17777,Silver Tier,0,25,3,647.56,4,4,3,443,1675.7935482085552,0.200665997325662,0.9993160344353832,2.230378857499003e-05,Low,Maintain: Standard loyalty program
17779,Silver Tier,0,21,3,650.32,4,4,3,443,1150.0731272316186,0.1599624719113016,0.9994042687647195,2.2303788574989992e-05,Low,Maintain: Standard loyalty program
17781,Inactive,1,159,2,188.02,2,3,1,231,501.76671324095287,0.0679681881009773,0.998234981693651,0.9999776962114252,High,Low Priority: Automated email only
17783,Silver Tier,0,72,2,283.47,3,3,2,332,588.7196587829276,0.0693248754582285,0.9991832879620656,2.2303788574991378e-05,Low,Maintain: Standard loyalty program
17785,Silver Tier,0,53,1,131.94,3,2,1,321,949.944145249896,0.0813587982568712,1.0,2.230378857499082e-05,Low,Maintain: Standard loyalty program
17786,Silver Tier,0,85,2,266.85,2,3,2,232,476.3855951219583,0.0567509863899663,0.9991978622544552,2.2303788574994864e-05,Low,Maintain: Standard loyalty program
17787,Inactive,1,153,4,1817.54,2,4,4,244,1100.5881911212175,0.1041729738792677,0.9980134417921026,0.9999776962114252,High,Low Priority: Automated email only
17788,Silver Tier,0,74,2,1117.9,2,3,4,234,2281.5780842514437,0.1106177467617796,0.9988201997274728,2.230378857499225e-05,Low,Maintain: Standard loyalty program
17789,Inactive,1,281,1,225.9,1,2,1,121,331.16030234843294,0.0283458137278725,1.0,0.9999776962114252,High,Low Priority: Automated email only
17790,Silver Tier,0,27,14,1964.3,4,5,4,454,1754.6847053748102,0.3276770502526627,0.9995731428518482,2.2303788574990226e-05,Low,Maintain: Standard loyalty program
17791,Silver Tier,0,30,1,106.1,4,2,1,421,1182.577097323801,0.1013016031875834,1.0,2.2303788574990185e-05,Low,Maintain: Standard loyalty program
17793,Silver Tier,0,25,1,300.34,4,2,2,422,1232.9005241921468,0.1056164161470964,1.0,2.230378857499007e-05,Low,Maintain: Standard loyalty program
17795,Inactive,1,180,2,342.83,1,3,2,132,571.7533818762525,0.065701575391546,0.99791863791801,0.9999776962114252,High,Low Priority: Automated email only
17796,Silver Tier,0,40,4,690.0,3,4,3,343,748.325681153984,0.1047976171635307,0.9994332369567333,2.2303788574989992e-05,Low,Maintain: Standard loyalty program
17797,Silver Tier,0,22,3,780.43,4,4,3,443,1125.1792736259197,0.0873025243827509,0.9993977577123956,2.2303788574989992e-05,Low,Maintain: Standard loyalty program
17799,Silver Tier,0,22,10,3039.17,4,5,5,455,2492.417477886929,0.2462707212960847,0.999602561264094,2.230378857499007e-05,Low,Maintain: Standard loyalty program
17800,Silver Tier,0,37,9,1187.21,3,5,4,354,1235.1099706141456,0.2627243006430485,0.999415106258312,2.230378857499003e-05,Low,Maintain: Standard loyalty program
17802,Silver Tier,0,82,3,1285.04,2,4,4,244,1140.5687317565282,0.0768666607000678,0.99920667714256,2.2303788574994623e-05,Low,Maintain: Standard loyalty program
17805,Silver Tier,0,74,1,512.31,2,2,3,223,816.1579995989189,0.0698925922786818,1.0,2.230378857499205e-05,Low,Maintain: Standard loyalty program
17806,Silver Tier,0,11,1,546.04,5,2,3,523,1448.6733665307254,0.1241199846914916,1.0,2.230378857499003e-05,Low,Maintain: Standard loyalty program
17809,Silver Tier,0,16,12,5411.91,4,5,5,455,4325.49948149837,0.2667433739795591,0.999665175496208,2.2303788574990107e-05,Low,Maintain: Standard loyalty program
17811,Gold Tier,3,4,39,7761.82,5,5,5,555,6701.387943758689,1.1292335129771385,0.9998826160481578,2.230378857499161e-05,Low,Maintain: VIP loyalty program
17812,Silver Tier,0,13,4,699.81,5,4,3,543,701.1862515028029,0.1050511051550511,0.999562926465509,2.230378857499003e-05,Low,Maintain: Standard loyalty program
17813,Silver Tier,0,14,5,1698.07,4,4,4,444,4218.756899752536,0.4137088680730601,0.9994136000642484,2.2303788574989992e-05,Low,Maintain: Standard loyalty program
17816,Silver Tier,0,37,4,36.56,3,4,1,341,357.919741067661,0.1057657508488197,0.9994527820973356,2.2303788574990148e-05,Low,Maintain: Standard loyalty program
17817,Silver Tier,0,4,3,387.68,5,4,2,542,493.96989644270536,0.0633313118852831,0.9994797184823344,2.2303788574990185e-05,Low,Maintain: Standard loyalty program
17819,Silver Tier,0,72,7,3704.87,3,5,5,355,2626.8894029388084,0.1860321881501886,0.9990277052440212,2.230378857499288e-05,Low,Maintain: Standard loyalty program
17824,Silver Tier,0,51,1,298.4,3,2,2,322,965.7756941997336,0.0827157895004857,1.0,2.2303788574990263e-05,Low,Maintain: Standard loyalty program
17827,Silver Tier,0,5,5,1987.33,5,4,4,544,834.9676806226322,0.0783133514964775,0.9995415829215408,2.230378857499007e-05,Low,Maintain: Standard loyalty program
17828,Silver Tier,0,23,4,1820.09,4,4,4,444,1800.5948499898848,0.1814558449835092,0.999443506093739,2.2303788574989992e-05,Low,Maintain: Standard loyalty program
17829,Inactive,1,299,1,889.24,1,2,3,123,315.82208166682904,0.0270324726644908,1.0,0.9999776962114252,High,Low Priority: Automated email only
17830,Silver Tier,0,2,3,398.7,5,4,2,542,584.0881242060667,0.094990187245654,0.9995528539824192,2.2303788574990185e-05,Low,Maintain: Standard loyalty program
17831,Silver Tier,0,33,1,35.400000000000006,4,2,1,421,1136.2013539108086,0.0973255042500641,1.0,2.2303788574990148e-05,Low,Maintain: Standard loyalty program
17832,Silver Tier,0,50,1,155.37,3,2,1,321,982.1439581906712,0.0841188153604568,1.0,2.2303788574990544e-05,Low,Maintain: Standard loyalty program
17835,Silver Tier,0,3,3,342.24,5,4,2,542,2338.218942060322,0.368850318651674,0.9995279340440536,2.230378857499082e-05,Low,Maintain: Standard loyalty program
17836,Silver Tier,0,47,1,110.21,3,2,1,321,999.0767042537736,0.0855702587773623,1.0,2.2303788574990663e-05,Low,Maintain: Standard loyalty program
17837,Silver Tier,0,42,8,1541.23,3,5,4,354,2649.690174191017,0.4044428483186991,0.9987133451999076,2.2303788574989992e-05,Low,Maintain: Standard loyalty program
17838,Silver Tier,0,27,5,2720.8,4,4,5,445,1802.0831358903283,0.1312973214228289,0.999527242994006,2.230378857499003e-05,Low,Maintain: Standard loyalty program
17839,Silver Tier,0,42,1,318.15,3,2,2,322,1044.0784632385316,0.0894278831474726,1.0,2.230378857499003e-05,Low,Maintain: Standard loyalty program
17841,Platinum Tier,2,2,124,40519.84,5,5,5,555,30795.677335721695,3.036416748168394,0.9999620687417518,2.230378857499205e-05,Low,Maintain: Continue white-glove service
17843,Inactive,1,303,1,205.48,1,2,1,121,311.5776142870179,0.0266690456961384,1.0,0.9999776962114252,High,Low Priority: Automated email only
17844,Silver Tier,0,107,1,51.559999999999995,2,2,1,221,662.2674747601277,0.0567061099956413,1.0,0.9999776962114252,High,Send: Standard win-back offer
17846,Silver Tier,0,85,1,2033.1,2,2,4,224,752.5668013948482,0.0644432526413674,1.0,2.2303788574995653e-05,Low,Maintain: Standard loyalty program
17848,Silver Tier,0,81,9,901.2,2,5,3,253,976.4357385034064,0.247703132585325,0.9984007972929374,2.2303788574993356e-05,Low,Maintain: Standard loyalty program
17849,Inactive,1,218,4,605.8000000000001,1,4,3,143,665.7334798247476,0.1133617416937117,0.9922321703158063,0.9999776962114252,High,Low Priority: Automated email only
17850,Gold Tier,3,372,34,5391.21,1,5,5,155,2788.983375840763,0.0488762970081344,0.9854255214286708,0.9999776962114252,High,High Priority: Send retention offer
17852,Silver Tier,0,12,2,114.34,5,3,1,531,1448.6733665307254,0.1241199846914916,1.0,2.2303788574990226e-05,Low,Maintain: Standard loyalty program
17854,Inactive,1,185,2,311.26,1,3,2,132,654.4917315982977,0.0738449070562552,0.9969494037173932,0.9999776962114252,High,Low Priority: Automated email only
17855,Inactive,1,373,1,208.97,1,2,1,121,262.83198413710926,0.0224954923923936,1.0,0.9999776962114252,High,Low Priority: Automated email only
17856,Silver Tier,0,2,4,1418.03,5,4,4,544,1256.0425504371267,0.1311753634220217,0.999602766959883,2.2303788574990148e-05,Low,Maintain: Standard loyalty program
17857,Gold Tier,3,4,23,26879.04,5,5,5,555,19898.97870517288,0.548206762398386,0.9998331175098512,2.2303788574990937e-05,Low,Maintain: VIP loyalty program
17858,Silver Tier,0,6,12,5140.66,5,5,5,555,4034.987328784307,0.3239979091664465,0.9997649179176796,2.2303788574990148e-05,Low,Maintain: Standard loyalty program
17859,Inactive,1,305,1,141.92,1,2,1,121,310.7423748975451,0.02659752978469,1.0,0.9999776962114252,High,Low Priority: Automated email only
17860,Inactive,1,369,1,226.45,1,2,1,121,265.2375295735978,0.0227014428911775,1.0,0.9999776962114252,High,Low Priority: Automated email only
17861,Silver Tier,0,3,8,2097.88,5,5,5,555,1937.641997794492,0.2111098083655142,0.9996915009300869,2.2303788574990107e-05,Low,Maintain: Standard loyalty program
17862,Inactive,1,324,1,330.9,1,2,2,122,295.68243753942744,0.0253080699234739,1.0,0.9999776962114252,High,Low Priority: Automated email only
17863,Silver Tier,0,59,6,3160.0,3,5,5,355,2372.5066038336245,0.1595429257064541,0.9992571707957578,2.2303788574990544e-05,Low,Maintain: Standard loyalty program
17864,Silver Tier,0,13,3,554.85,5,4,3,543,732.4818723318738,0.0985765601786553,0.9995095611934894,2.230378857499003e-05,Low,Maintain: Standard loyalty program
17865,Gold Tier,3,31,20,10526.32,4,5,5,455,7820.768630722203,0.4384645377933999,0.9994839211647928,2.2303788574990426e-05,Low,Maintain: VIP loyalty program
17866,Silver Tier,0,143,1,329.65000000000003,2,2,2,222,549.2856589747144,0.047027033773002,1.0,0.9999776962114252,High,Send: Standard win-back offer
17867,Silver Tier,0,30,6,1157.87,4,5,4,454,1402.8011282462066,0.1285830698007563,0.9994502908363913,2.2303788574989992e-05,Low,Maintain: Standard loyalty program
17869,Silver Tier,0,107,5,428.18,2,4,2,242,492.7458900369708,0.1049761523140113,0.9988497489979712,0.9999776962114252,High,Send: Standard win-back offer
17870,Silver Tier,0,2,12,1865.89,5,5,4,554,1509.8211136548507,0.2434728689573429,0.9997396037550104,2.2303788574990107e-05,Low,Maintain: Standard loyalty program
17871,Inactive,1,205,1,155.9,1,2,1,121,424.55243579789015,0.0363434043495584,1.0,0.9999776962114252,High,Low Priority: Automated email only
17873,Silver Tier,0,80,5,1848.96,2,4,4,244,1516.9472592172508,0.1309410732213708,0.9990760136534852,2.230378857499435e-05,Low,Maintain: Standard loyalty program
17874,Inactive,1,185,6,683.46,1,5,3,153,1019.7951182864892,0.1042081905991029,0.995164820857574,0.9999776962114252,High,Low Priority: Automated email only
17877,Inactive,1,170,1,237.61,2,2,1,221,484.94136442000433,0.041515529581078,1.0,0.9999776962114252,High,Low Priority: Automated email only
17878,Silver Tier,0,44,1,379.45,3,2,2,322,1034.75663059681,0.0886287817760632,1.0,2.230378857499003e-05,Low,Maintain: Standard loyalty program
17879,Inactive,1,174,1,178.52,2,2,1,221,478.9304059352244,0.0410006841373842,1.0,0.9999776962114252,High,Low Priority: Automated email only
17880,Inactive,1,365,1,458.92,1,2,2,122,267.6875158822208,0.0229111992653797,1.0,0.9999776962114252,High,Low Priority: Automated email only
17881,Inactive,1,304,1,133.35,1,2,1,121,310.7423748975451,0.02659752978469,1.0,0.9999776962114252,High,Low Priority: Automated email only
17883,Silver Tier,0,3,4,664.34,5,4,3,543,1010.627862917852,0.1457528226177352,0.9995924391803536,2.2303788574990148e-05,Low,Maintain: Standard loyalty program
17884,Silver Tier,0,4,4,695.0699999999999,5,4,3,543,697.1720034066911,0.1043382319579107,0.9995966718536888,2.2303788574990148e-05,Low,Maintain: Standard loyalty program
17885,Silver Tier,0,12,1,156.34,5,2,1,521,1430.786674672573,0.1225859443620275,1.0,2.2303788574990107e-05,Low,Maintain: Standard loyalty program
17886,Silver Tier,0,32,3,869.28,4,4,3,443,1072.960077604146,0.1066275399137734,0.999407224370358,2.2303788574989992e-05,Low,Maintain: Standard loyalty program
17887,Silver Tier,0,129,1,111.35,2,2,1,221,585.3455299462746,0.0501160616651096,1.0,0.9999776962114252,High,Send: Standard win-back offer
17888,Silver Tier,0,21,8,716.0,4,5,3,453,886.2904950764075,0.2204199615790188,0.9995995233564724,2.230378857499003e-05,Low,Maintain: Standard loyalty program
17889,Inactive,1,212,2,201.37,1,3,1,131,424.7753976665904,0.0559512162230665,0.9978800127842512,0.9999776962114252,High,Low Priority: Automated email only
17890,Inactive,1,323,2,586.89,1,3,3,133,399.0850517110417,0.0506611887854488,0.9936757146677396,0.9999776962114252,High,Low Priority: Automated email only
17891,Inactive,1,162,1,203.86,2,2,1,221,501.73383744486046,0.0429538532745328,1.0,0.9999776962114252,High,Low Priority: Automated email only
17892,Silver Tier,0,56,3,244.1,3,4,1,341,784.3192686903413,0.1513284942516205,0.998999809497244,2.2303788574990385e-05,Low,Maintain: Standard loyalty program
17893,Inactive,1,225,1,107.21,1,2,1,121,394.2306785524733,0.0337466576787745,1.0,0.9999776962114252,High,Low Priority: Automated email only
17894,Silver Tier,0,72,8,1118.96,3,5,4,354,1109.5488017588546,0.2157104363807588,0.9989129858011236,2.230378857499181e-05,Low,Maintain: Standard loyalty program
17895,Silver Tier,0,44,1,95.45,3,2,1,321,1025.5998068295544,0.087843835003437,1.0,2.2303788574990148e-05,Low,Maintain: Standard loyalty program
17896,Silver Tier,0,23,1,256.32,4,2,2,422,1259.703587062989,0.107914660124522,1.0,2.230378857499007e-05,Low,Maintain: Standard loyalty program
17897,Inactive,1,173,3,541.8100000000001,2,4,3,243,586.0923524479341,0.076616606091922,0.9982150063170744,0.9999776962114252,High,Low Priority: Automated email only
17898,Silver Tier,0,85,2,152.06,2,3,1,231,550.8166154284154,0.0793607752995131,0.9990024251580129,2.2303788574995298e-05,Low,Maintain: Standard loyalty program
17899,Inactive,1,159,1,154.55,2,2,1,221,508.3348084278073,0.0435192571707367,1.0,0.9999776962114252,High,Low Priority: Automated email only
17900,Inactive,1,190,2,112.2,1,3,1,131,447.49843127294145,0.0383085907025911,1.0,0.9999776962114252,High,Low Priority: Automated email only
17901,Silver Tier,0,29,1,110.38,4,2,1,421,1182.577097323801,0.1013016031875834,1.0,2.2303788574990185e-05,Low,Maintain: Standard loyalty program
17904,Silver Tier,0,21,1,181.07,4,2,1,421,1287.698184584735,0.1103151500121465,1.0,2.2303788574990107e-05,Low,Maintain: Standard loyalty program
17905,Silver Tier,0,71,4,798.99,3,4,3,343,757.6687754968087,0.1038281602640789,0.999232287387612,2.2303788574991337e-05,Low,Maintain: Standard loyalty program
17906,Inactive,1,247,1,72.9,1,2,1,121,366.7872811283449,0.0313965423243457,1.0,0.9999776962114252,High,Low Priority: Automated email only
17908,Inactive,1,374,1,232.03,1,2,1,121,262.2374002805863,0.0224445873246541,1.0,0.9999776962114252,High,Low Priority: Automated email only
17911,Silver Tier,0,9,1,366.23,5,2,2,522,1485.8231282945333,0.1273062041388565,1.0,2.230378857499007e-05,Low,Maintain: Standard loyalty program
17912,Inactive,1,310,5,310.06,1,4,2,142,469.3034873952633,0.1011492434391158,0.953625452569627,0.9999776962114252,High,Low Priority: Automated email only
17913,Silver Tier,0,59,2,408.65,3,3,2,332,452.03585495509327,0.051670788123085,0.9993337077993109,2.2303788574990426e-05,Low,Maintain: Standard loyalty program
17914,Silver Tier,0,4,1,329.36,5,2,2,522,1609.660589705031,0.1379282589170133,1.0,2.230378857499082e-05,Low,Maintain: Standard loyalty program
17917,Silver Tier,0,45,3,335.03,3,4,2,342,496.14455535896616,0.0786652259030105,0.999394198043374,2.230378857499007e-05,Low,Maintain: Standard loyalty program
17919,Silver Tier,0,88,1,1304.04,2,2,4,224,738.1879265173318,0.0632111513215991,1.0,2.230378857500021e-05,Low,Maintain: Standard loyalty program
17920,Gold Tier,3,4,17,4119.5,5,5,5,555,3103.6718209131145,0.4568265315037868,0.9998158237005932,2.2303788574990385e-05,Low,Maintain: VIP loyalty program
17921,Silver Tier,0,64,4,820.23,3,4,3,343,947.2375493178176,0.1369836173593367,0.999115863007634,2.2303788574990625e-05,Low,Maintain: Standard loyalty program
17923,Inactive,1,282,1,207.50000000000003,1,2,1,121,330.216929121674,0.0282650358626706,1.0,0.9999776962114252,High,Low Priority: Automated email only
17924,Silver Tier,0,12,7,2962.5,5,5,5,555,2260.663160092864,0.1310099834400402,0.9996017963194932,2.230378857499007e-05,Low,Maintain: Standard loyalty program
17925,Inactive,1,373,1,244.08,1,2,1,121,262.83198413710926,0.0224954923923936,1.0,0.9999776962114252,High,Low Priority: Automated email only
17926,Silver Tier,0,133,2,397.29,2,3,2,232,698.5271421602882,0.0804687828893381,0.998265060228077,0.9999776962114252,High,Send: Standard win-back offer
17928,Silver Tier,0,45,2,212.54,3,3,1,331,557.2839004569124,0.0695548830883001,0.9993250593667344,2.2303788574990148e-05,Low,Maintain: Standard loyalty program
17929,Silver Tier,0,11,4,843.0,5,4,3,543,928.3611322162808,0.1217735128324629,0.99955995867713,2.230378857499003e-05,Low,Maintain: Standard loyalty program
17930,Silver Tier,0,36,5,1740.48,3,4,4,344,1875.6853496866795,0.187979544453918,0.9993688942889368,2.2303788574989992e-05,Low,Maintain: Standard loyalty program
17931,Silver Tier,0,134,2,408.36,2,3,2,232,521.0504192309718,0.0675766313930075,0.9986504407362466,0.9999776962114252,High,Send: Standard win-back offer
17932,Silver Tier,0,29,3,1331.57,4,4,4,444,1319.1251098456569,0.1211014772911776,0.9993957713436352,2.2303788574989992e-05,Low,Maintain: Standard loyalty program
17934,Silver Tier,0,52,2,704.25,3,3,3,333,1226.982858269878,0.1724808308060775,0.9986987185621644,2.2303788574990263e-05,Low,Maintain: Standard loyalty program
17935,Silver Tier,0,138,2,145.79,2,3,1,231,666.3379363545175,0.1040420839946063,0.996406668942998,0.9999776962114252,High,Send: Standard win-back offer
17936,Silver Tier,0,5,1,380.13,5,2,2,522,1566.149238768915,0.1341959535906739,1.0,2.2303788574990185e-05,Low,Maintain: Standard loyalty program
17937,Silver Tier,0,9,7,4301.22,5,5,5,555,2529.7808342440026,0.1900392210559678,0.999667505250425,2.2303788574990107e-05,Low,Maintain: Standard loyalty program
17939,Inactive,1,160,1,99.14,2,2,1,221,508.3348084278073,0.0435192571707367,1.0,0.9999776962114252,High,Low Priority: Automated email only
17940,Silver Tier,0,49,10,4020.04,3,5,5,355,3026.433182250538,0.2853079544684637,0.9991273492348828,2.2303788574990263e-05,Low,Maintain: Standard loyalty program
17941,Silver Tier,0,131,1,304.56,2,2,2,222,582.4044341532608,0.0498641089985776,1.0,0.9999776962114252,High,Send: Standard win-back offer
17942,Silver Tier,0,8,1,77.50000000000001,5,2,1,521,1524.9288592155797,0.1306603172652558,1.0,2.2303788574990937e-05,Low,Maintain: Standard loyalty program
17946,Inactive,1,233,2,149.57999999999998,1,3,1,131,530.9948382272286,0.0665161654158566,0.9951176446319736,0.9999776962114252,High,Low Priority: Automated email only
17947,Silver Tier,0,37,1,176.68,3,2,1,321,1093.3262542128698,0.0936497419097193,1.0,2.230378857499007e-05,Low,Maintain: Standard loyalty program
17948,Inactive,1,147,1,358.56000000000006,2,2,2,222,536.5721934858108,0.0459379944268682,1.0,0.9999776962114252,High,Low Priority: Automated email only
17949,Gold Tier,3,1,45,58510.48,5,5,5,555,43723.972440006095,0.7862310633080318,0.9998912422047008,2.2303788574992208e-05,Low,Maintain: VIP loyalty program
17950,Silver Tier,0,72,3,482.2,3,4,2,342,460.33565079679295,0.0504778020514421,0.9992906488829768,2.2303788574991378e-05,Low,Maintain: Standard loyalty program
17951,Silver Tier,0,40,3,1008.54,3,4,4,344,815.5971763591539,0.0767094063023161,0.9994240726974568,2.2303788574989992e-05,Low,Maintain: Standard loyalty program
17954,Silver Tier,0,5,12,2314.13,5,5,5,555,2003.072021675414,0.3225249700770457,0.999765063825065,2.2303788574990107e-05,Low,Maintain: Standard loyalty program
17955,Inactive,1,199,4,557.3,1,4,3,143,795.4129836318001,0.1164211323919434,0.9882300318324608,0.9999776962114252,High,Low Priority: Automated email only
17956,Inactive,1,249,1,12.75,1,2,1,121,364.48070425354217,0.0311990242976074,1.0,0.9999776962114252,High,Low Priority: Automated email only
17957,Silver Tier,0,66,1,111.68,3,2,1,321,858.4738053899073,0.0735190544599296,1.0,2.230378857499122e-05,Low,Maintain: Standard loyalty program
17958,Silver Tier,0,117,1,508.4599999999999,2,2,3,223,626.4730735073999,0.0536394331425312,1.0,0.9999776962114252,High,Send: Standard win-back offer
17960,Inactive,1,171,1,73.78,2,2,1,221,482.9210154828088,0.0413424837740463,1.0,0.9999776962114252,High,Low Priority: Automated email only
17961,Gold Tier,3,21,39,1296.44,4,5,4,454,1248.8370432691218,0.9473779492375912,0.9995270112660848,2.2303788574991537e-05,Low,Maintain: VIP loyalty program
17962,Silver Tier,0,142,1,102.41,2,2,1,221,549.2856589747144,0.047027033773002,1.0,0.9999776962114252,High,Send: Standard win-back offer
17964,Silver Tier,0,32,2,463.21,4,3,2,432,441.6869715171713,0.0496827461631236,0.9994181424468956,2.230378857499003e-05,Low,Maintain: Standard loyalty program
17965,Silver Tier,0,38,14,2599.19,3,5,5,355,2283.318135802154,0.3512649996922223,0.9993993287574244,2.2303788574990307e-05,Low,Maintain: Standard loyalty program
17966,Silver Tier,0,38,5,1098.43,3,4,4,344,1347.10037305502,0.1390965251385864,0.9993807303035512,2.2303788574989992e-05,Low,Maintain: Standard loyalty program
17967,Inactive,1,372,1,112.27,1,2,1,121,263.4292704434109,0.0225466288937982,1.0,0.9999776962114252,High,Low Priority: Automated email only
17968,Inactive,1,374,1,265.1,1,2,2,122,262.2374002805863,0.0224445873246541,1.0,0.9999776962114252,High,Low Priority: Automated email only
17969,Inactive,1,166,2,228.2,2,3,1,231,387.24833645973905,0.0509203507205576,0.9987589534794962,0.9999776962114252,High,Low Priority: Automated email only
17970,Inactive,1,211,1,562.79,1,2,3,123,413.9398564473345,0.0354345291946952,1.0,0.9999776962114252,High,Low Priority: Automated email only
17972,Inactive,1,242,1,135.19,1,2,1,121,373.8855720243593,0.0320043925326748,1.0,0.9999776962114252,High,Low Priority: Automated email only
17973,Silver Tier,0,52,1,337.04,3,2,2,322,965.7756941997336,0.0827157895004857,1.0,2.2303788574990307e-05,Low,Maintain: Standard loyalty program
17974,Silver Tier,0,25,3,703.99,4,4,3,443,1069.8940519716364,0.1177408951190093,0.999432715872578,2.230378857499003e-05,Low,Maintain: Standard loyalty program
17975,Silver Tier,0,15,13,4483.26,4,5,5,455,3515.083642616918,0.3537930375571583,0.9996962362384014,2.2303788574990107e-05,Low,Maintain: Standard loyalty program
17976,Inactive,1,372,1,321.79,1,2,2,122,262.83198413710926,0.0224954923923936,1.0,0.9999776962114252,High,Low Priority: Automated email only
17977,Silver Tier,0,29,1,288.14,4,2,2,422,1182.577097323801,0.1013016031875834,1.0,2.230378857499007e-05,Low,Maintain: Standard loyalty program
17978,Inactive,1,365,1,300.91999999999996,1,2,2,122,267.07078577809557,0.0228583976149709,1.0,0.9999776962114252,High,Low Priority: Automated email only
17979,Silver Tier,0,36,4,732.41,3,4,3,343,903.3176772017388,0.1033740424134037,0.999389768228522,2.230378857499003e-05,Low,Maintain: Standard loyalty program
17980,Inactive,1,166,3,811.45,2,4,3,243,702.4631605725347,0.0791256023777673,0.9982445566402676,0.9999776962114252,High,Low Priority: Automated email only
17984,Inactive,1,145,1,152.68,2,2,1,221,541.5862926153269,0.046367500850168,1.0,0.9999776962114252,High,Low Priority: Automated email only
17985,Silver Tier,0,22,1,631.35,4,2,3,423,1273.5470319616638,0.1091017025711163,1.0,2.230378857499003e-05,Low,Maintain: Standard loyalty program
17986,Silver Tier,0,56,1,20.8,3,2,1,321,927.1467966421674,0.0794047891970098,1.0,2.230378857499086e-05,Low,Maintain: Standard loyalty program
17987,Inactive,1,185,1,198.57,1,2,1,121,456.3063996534212,0.0390629622146184,1.0,0.9999776962114252,High,Low Priority: Automated email only
17988,Silver Tier,0,12,7,201.12,5,5,1,551,492.41190615977064,0.146600958162779,0.9995959074014208,2.2303788574990148e-05,Low,Maintain: Standard loyalty program
17990,Inactive,1,237,3,630.84,1,4,3,143,660.0805931137579,0.0785650217887793,0.9958048770412916,0.9999776962114252,High,Low Priority: Automated email only
17991,Inactive,1,225,2,93.35,1,3,1,131,546.1761056879088,0.0738005911599495,0.9929840674726514,0.9999776962114252,High,Low Priority: Automated email only
17994,Silver Tier,0,122,4,674.89,2,4,3,243,733.9044614690984,0.1276948061736231,0.9981077993984092,0.9999776962114252,High,Send: Standard win-back offer
17995,Inactive,1,282,1,76.1,1,2,1,121,331.16030234843294,0.0283458137278725,1.0,0.9999776962114252,High,Low Priority: Automated email only
17997,Silver Tier,0,74,8,1962.46,2,5,4,254,2929.6069049776365,0.401069331766883,0.9946533322034437,2.2303788574992645e-05,Low,Maintain: Standard loyalty program
17999,Silver Tier,0,37,2,380.39,3,3,2,332,440.2753196224637,0.0503672934764021,0.9994008859869562,2.230378857499003e-05,Low,Maintain: Standard loyalty program
18001,Silver Tier,0,12,2,415.13,5,3,2,532,1189.0942457572348,0.1414060177962682,0.999409875975564,2.230378857499007e-05,Low,Maintain: Standard loyalty program
18004,Inactive,1,362,1,157.92,1,2,1,121,268.92956100875483,0.0230175377763945,1.0,0.9999776962114252,High,Low Priority: Automated email only
18005,Silver Tier,0,4,2,226.47,5,3,1,531,1414.8272489407552,0.1889941548218502,0.9994656716915592,2.230378857499086e-05,Low,Maintain: Standard loyalty program
18006,Silver Tier,0,23,1,444.68,4,2,2,422,1259.703587062989,0.107914660124522,1.0,2.230378857499007e-05,Low,Maintain: Standard loyalty program
18008,Silver Tier,0,70,9,2116.19,3,5,5,355,2060.24517683144,0.2424229692503799,0.9987156228406712,2.2303788574991852e-05,Low,Maintain: Standard loyalty program
18009,Inactive,1,235,1,247.39,1,2,1,121,381.26403757860874,0.0326362438844192,1.0,0.9999776962114252,High,Low Priority: Automated email only
18010,Inactive,1,257,1,174.8,1,2,1,121,356.63122935035165,0.0305268605248329,1.0,0.9999776962114252,High,Low Priority: Automated email only
18011,Inactive,1,373,1,102.79,1,2,1,121,262.2374002805863,0.0224445873246541,1.0,0.9999776962114252,High,Low Priority: Automated email only
18013,Inactive,1,155,2,187.29,2,3,1,231,517.4111282486208,0.0442966969343705,1.0,0.9999776962114252,High,Low Priority: Automated email only
18014,Silver Tier,0,28,1,162.22,4,2,1,421,1194.7687753130083,0.102346913647596,1.0,2.2303788574990107e-05,Low,Maintain: Standard loyalty program
18015,Silver Tier,0,4,1,120.03,5,2,1,521,1587.6067673138905,0.136036511099782,1.0,2.23037885749909e-05,Low,Maintain: Standard loyalty program
18016,Silver Tier,0,32,5,1477.66,4,4,4,444,1313.4901814612213,0.1337185277362643,0.999489272818852,2.2303788574989992e-05,Low,Maintain: Standard loyalty program
18017,Silver Tier,0,81,3,523.0,2,4,3,243,667.7908305686808,0.0894366857149265,0.9991248983336952,2.2303788574992923e-05,Low,Maintain: Standard loyalty program
18018,Silver Tier,0,108,2,122.14,2,3,1,231,601.700920779954,0.0817052720994892,0.9986937320724776,0.9999776962114252,High,Send: Standard win-back offer
18019,Silver Tier,0,52,1,38.45,3,2,1,321,965.7756941997336,0.0827157895004857,1.0,2.2303788574990785e-05,Low,Maintain: Standard loyalty program
18022,Silver Tier,0,36,1,612.72,3,2,3,323,1114.3514760006665,0.0954522487616995,1.0,2.230378857499007e-05,Low,Maintain: Standard loyalty program
18024,Inactive,1,153,2,389.78,2,3,2,232,524.4339704135677,0.0448982528231102,1.0,0.9999776962114252,High,Low Priority: Automated email only
18027,Silver Tier,0,99,1,115.31,2,2,1,221,693.9894043708468,0.0594240251799811,1.0,0.9999776962114252,High,Send: Standard win-back offer
18030,Silver Tier,0,4,2,230.65,5,3,1,531,1517.5492871416657,0.1975120819260299,0.9994553215188632,2.230378857499082e-05,Low,Maintain: Standard loyalty program
18032,Inactive,1,334,1,73.5,1,2,1,121,287.61252902899014,0.0246171257630355,1.0,0.9999776962114252,High,Low Priority: Automated email only
18033,Silver Tier,0,65,1,93.82,3,2,1,321,864.8798402201314,0.074068070465522,1.0,2.2303788574991174e-05,Low,Maintain: Standard loyalty program
18034,Silver Tier,0,22,2,418.68,4,3,2,432,1287.698184584735,0.1103151500121465,1.0,2.230378857499007e-05,Low,Maintain: Standard loyalty program
18035,Silver Tier,0,36,3,713.89,3,4,3,343,1824.3150834688247,0.1956560607637772,0.9989899730216596,2.230378857499003e-05,Low,Maintain: Standard loyalty program
18036,Silver Tier,0,32,3,403.12,4,4,2,442,743.8038651996781,0.1079853283417912,0.9993989303098998,2.230378857499003e-05,Low,Maintain: Standard loyalty program
18037,Inactive,1,154,6,70.02,2,5,1,251,382.6284360699425,0.1615753351476306,0.995810289259164,0.9999776962114252,High,Low Priority: Automated email only
18040,Silver Tier,0,19,2,357.20000000000005,4,3,2,432,544.4714370749346,0.0697837254560765,0.9994291545715372,2.230378857499007e-05,Low,Maintain: Standard loyalty program
18041,Gold Tier,3,12,21,4097.37,5,5,5,555,3132.979088624356,0.5394699018590138,0.9997708153863883,2.2303788574990307e-05,Low,Maintain: VIP loyalty program
18042,Silver Tier,0,54,1,165.04999999999998,3,2,1,321,949.944145249896,0.0813587982568712,1.0,2.2303788574990744e-05,Low,Maintain: Standard loyalty program
18043,Silver Tier,0,25,3,529.29,4,4,3,443,501.01327362952406,0.0779483552048539,0.999479218249152,2.230378857499007e-05,Low,Maintain: Standard loyalty program
18044,Silver Tier,0,4,10,2088.6,5,5,5,555,1897.8651987975388,0.2748498283213693,0.9997444623453784,2.2303788574990107e-05,Low,Maintain: Standard loyalty program
18045,Silver Tier,0,45,1,178.34,3,2,1,321,1016.603648575807,0.087072670047252,1.0,2.2303788574990107e-05,Low,Maintain: Standard loyalty program
18048,Inactive,1,203,2,172.29000000000002,1,3,1,131,426.1131061294917,0.0364770637159116,1.0,0.9999776962114252,High,Low Priority: Automated email only
18050,Inactive,1,359,1,74.4,1,2,1,121,270.81439185105637,0.0231789093405089,1.0,0.9999776962114252,High,Low Priority: Automated email only
18053,Silver Tier,0,71,1,300.02,3,2,2,322,833.7714421202147,0.0714020364259883,1.0,2.2303788574991378e-05,Low,Maintain: Standard loyalty program
18055,Silver Tier,0,7,10,6761.34,5,5,5,555,5075.397254486548,0.2691964724800082,0.9997269575033788,2.2303788574990185e-05,Low,Maintain: Standard loyalty program
18056,Inactive,1,288,1,363.65,1,2,2,122,324.6676665070214,0.0277898743291961,1.0,0.9999776962114252,High,Low Priority: Automated email only
18058,Silver Tier,0,10,1,170.16,5,2,1,521,1485.8231282945333,0.1273062041388565,1.0,2.2303788574990107e-05,Low,Maintain: Standard loyalty program
18059,Silver Tier,0,23,3,306.46,4,4,2,442,1470.4287608277705,0.2493716261249495,0.999251014757705,2.230378857499007e-05,Low,Maintain: Standard loyalty program
18061,Silver Tier,0,22,10,2119.41,4,5,5,455,1646.2748053261855,0.2710246208904108,0.9996210137823596,2.230378857499003e-05,Low,Maintain: Standard loyalty program
18062,Inactive,1,173,3,720.52,2,4,3,243,765.861786168257,0.0833828943772201,0.997871055864155,0.9999776962114252,High,Low Priority: Automated email only
18064,Silver Tier,0,133,2,814.0,2,3,3,233,832.3771353220827,0.0720160533071733,0.998543839309541,0.9999776962114252,High,Send: Standard win-back offer
18065,Silver Tier,0,6,14,2392.83,5,5,5,555,1864.2631404701303,0.1614502820004617,0.999657812747544,2.2303788574990307e-05,Low,Maintain: Standard loyalty program
18066,Silver Tier,0,75,1,318.0,2,2,2,222,804.82343769289,0.0689212587386187,1.0,2.230378857499209e-05,Low,Maintain: Standard loyalty program
18067,Silver Tier,0,40,1,396.33,3,2,2,322,1063.2353258039057,0.091070109272735,1.0,2.230378857499003e-05,Low,Maintain: Standard loyalty program
18068,Inactive,1,289,1,101.7,1,2,1,121,323.76087222719343,0.0277122296049123,1.0,0.9999776962114252,High,Low Priority: Automated email only
18069,Silver Tier,0,26,5,2009.24,4,4,4,444,1756.135012766534,0.146218203903918,0.9995106558320204,2.2303788574989992e-05,Low,Maintain: Standard loyalty program
18071,Inactive,1,258,2,453.0,1,3,2,132,443.0290747525028,0.0503814348788712,0.9973829030918416,0.9999776962114252,High,Low Priority: Automated email only
18072,Inactive,1,186,1,247.44,1,2,1,121,456.3063996534212,0.0390629622146184,1.0,0.9999776962114252,High,Low Priority: Automated email only
18073,Silver Tier,0,114,12,3859.82,2,5,5,255,4964.717286347344,0.4194687238011897,0.9459479567115112,0.9999776962114252,High,Send: Standard win-back offer
18074,Inactive,1,374,1,489.6,1,2,3,123,262.2374002805863,0.0224445873246541,1.0,0.9999776962114252,High,Low Priority: Automated email only
18075,Silver Tier,0,23,10,2611.75,4,5,5,455,2200.759228519103,0.2748099708044338,0.9995994837871514,2.230378857499007e-05,Low,Maintain: Standard loyalty program
18077,Silver Tier,0,8,11,2584.41,5,5,5,555,2152.1296796310708,0.2986387326925219,0.9997331534376184,2.2303788574990148e-05,Low,Maintain: Standard loyalty program
18078,Inactive,1,217,2,336.13,1,3,2,132,536.9918770985779,0.066596692618493,0.996322374936484,0.9999776962114252,High,Low Priority: Automated email only
18079,Silver Tier,0,45,4,3613.15,3,4,5,345,2441.102749197015,0.1104379232763955,0.9993057213631292,2.2303788574990585e-05,Low,Maintain: Standard loyalty program
18080,Silver Tier,0,19,2,1231.5,4,3,4,434,799.6573468276637,0.0704572747087616,0.9994320629236004,2.230378857499003e-05,Low,Maintain: Standard loyalty program
18081,Silver Tier,0,36,3,343.45,3,4,2,342,1061.6476112133591,0.1678550754529,0.9992274394842596,2.230378857499007e-05,Low,Maintain: Standard loyalty program
18082,Silver Tier,0,26,1,680.84,4,2,3,423,1232.9005241921468,0.1056164161470964,1.0,2.230378857499003e-05,Low,Maintain: Standard loyalty program
18084,Silver Tier,0,16,1,90.48,4,2,1,421,1363.4498314612754,0.1168111145017802,1.0,2.2303788574990185e-05,Low,Maintain: Standard loyalty program
18085,Inactive,1,330,2,689.95,1,3,3,133,556.9720825935443,0.0492905086482368,0.9937767007612998,0.9999776962114252,High,Low Priority: Automated email only
18086,Inactive,1,274,1,101.34,1,2,1,121,337.9179231900678,0.0289244504441973,1.0,0.9999776962114252,High,Low Priority: Automated email only
18087,Silver Tier,0,98,2,4055.7199999999993,2,3,5,235,1061.076149985173,0.0610135202811887,0.9990883829832116,0.9999776962114252,High,Send: Standard win-back offer
18088,Silver Tier,0,61,1,166.03,3,2,1,321,891.4895806459505,0.0763486566622308,1.0,2.2303788574990974e-05,Low,Maintain: Standard loyalty program
18092,Silver Tier,0,2,11,9068.26,5,5,5,555,6064.579972540947,0.2716859313920082,0.9997561126120428,2.2303788574990226e-05,Low,Maintain: Standard loyalty program
18093,Silver Tier,0,93,4,2106.52,2,4,5,245,1450.4797577362954,0.1236511393306332,0.9988151424544678,0.9999776962114252,High,Send: Standard win-back offer
18094,Silver Tier,0,82,7,3017.3,2,5,5,255,2623.284282752206,0.1607280957259919,0.998793946514142,2.2303788574995653e-05,Low,Maintain: Standard loyalty program
18095,Inactive,1,313,2,580.05,1,3,3,133,484.89694542021414,0.0542386948480846,0.9920831201603824,0.9999776962114252,High,Low Priority: Automated email only
18096,Silver Tier,0,12,3,849.06,5,4,3,543,2714.5551189437724,0.2569799806848489,0.9994326590861022,2.230378857499003e-05,Low,Maintain: Standard loyalty program
18097,Silver Tier,0,8,6,2662.4,5,5,5,555,2210.1434035279185,0.1368979542714906,0.9996178267455096,2.2303788574990148e-05,Low,Maintain: Standard loyalty program
18099,Silver Tier,0,127,1,168.31,2,2,1,221,591.3177516889655,0.0506276833552048,1.0,0.9999776962114252,High,Send: Standard win-back offer
18101,Silver Tier,0,11,2,222.4,5,3,1,531,798.2269886949952,0.1033737469420574,0.9994385911973998,2.2303788574990107e-05,Low,Maintain: Standard loyalty program
18102,Platinum Tier,4,1,60,259657.3,5,5,5,555,178954.25076564235,0.7108692915935535,0.9998882100944484,2.230378857499217e-05,Low,Maintain: Continue white-glove service
18104,Silver Tier,0,37,1,754.64,3,2,3,323,1093.3262542128698,0.0936497419097193,1.0,2.2303788574989992e-05,Low,Maintain: Standard loyalty program
18105,Silver Tier,0,38,1,113.48000000000002,3,2,1,321,1093.3262542128698,0.0936497419097193,1.0,2.2303788574990185e-05,Low,Maintain: Standard loyalty program
18106,Inactive,1,330,1,421.9,1,2,2,122,291.2253748813861,0.0249264555710647,1.0,0.9999776962114252,High,Low Priority: Automated email only
18108,Inactive,1,254,1,271.0,1,2,2,122,358.8392222195989,0.0307159336336942,1.0,0.9999776962114252,High,Low Priority: Automated email only
18109,Gold Tier,3,2,26,8004.92,5,5,5,555,6238.860953998908,0.6802166986754457,0.9998777050588984,2.2303788574990585e-05,Low,Maintain: VIP loyalty program
18110,Silver Tier,0,20,1,198.8,4,2,1,421,1316.965589877716,0.1128248642298541,1.0,2.2303788574990107e-05,Low,Maintain: Standard loyalty program
18112,Silver Tier,0,12,2,352.69,5,3,2,532,773.5190373596469,0.0932526322399979,0.999439482520965,2.230378857499007e-05,Low,Maintain: Standard loyalty program
18113,Inactive,1,369,1,76.32000000000001,1,2,1,121,265.2375295735978,0.0227014428911775,1.0,0.9999776962114252,High,Low Priority: Automated email only
18114,Inactive,1,290,1,220.1,1,2,1,121,322.85912934222307,0.0276350175494685,1.0,0.9999776962114252,High,Low Priority: Automated email only
18116,Silver Tier,0,68,8,1403.11,3,5,4,354,1302.504086133124,0.2167248663673771,0.9989954438202062,2.2303788574991174e-05,Low,Maintain: Standard loyalty program
18117,Silver Tier,0,26,1,315.65,4,2,2,422,1232.9005241921468,0.1056164161470964,1.0,2.230378857499007e-05,Low,Maintain: Standard loyalty program
18118,Gold Tier,3,11,26,5625.08,5,5,5,555,4283.575837706951,0.7075581964856049,0.9997970127350256,2.2303788574990463e-05,Low,Maintain: VIP loyalty program
18119,Inactive,1,368,1,180.7,1,2,1,121,265.8458120425742,0.0227535210913165,1.0,0.9999776962114252,High,Low Priority: Automated email only
18120,Inactive,1,214,1,111.15,1,2,1,121,409.5523126461623,0.035058779504,1.0,0.9999776962114252,High,Low Priority: Automated email only
18121,Inactive,1,149,2,653.3,2,3,3,233,642.7409426907512,0.0979528369738719,0.9961866568040848,0.9999776962114252,High,Low Priority: Automated email only
18122,Silver Tier,0,8,6,1793.06,5,5,4,554,3139.409482595792,0.319256784009242,0.9996027610902498,2.2303788574990107e-05,Low,Maintain: Standard loyalty program
18123,Silver Tier,0,24,2,574.4399999999999,4,3,3,433,2130.98448191555,0.219192447265621,0.9991589741525156,2.230378857499003e-05,Low,Maintain: Standard loyalty program
18125,Silver Tier,0,30,4,1131.75,4,4,4,444,860.3586389343867,0.1192318458744527,0.9994698384241052,2.2303788574989992e-05,Low,Maintain: Standard loyalty program
18126,Silver Tier,0,61,1,200.92,3,2,1,321,898.3998783426291,0.0769409172535742,1.0,2.2303788574990974e-05,Low,Maintain: Standard loyalty program
18127,Silver Tier,0,19,3,347.08,4,4,2,442,972.6048023415004,0.1084881953610631,0.9993899426252184,2.230378857499007e-05,Low,Maintain: Standard loyalty program
18129,Inactive,1,243,1,112.55,1,2,1,121,371.4891427284427,0.0317991774017797,1.0,0.9999776962114252,High,Low Priority: Automated email only
18130,Silver Tier,0,15,3,1059.39,4,4,4,444,2937.5157483068383,0.2692073185248847,0.9993651913610636,2.230378857499003e-05,Low,Maintain: Standard loyalty program
18133,Inactive,1,212,1,931.5,1,2,3,123,412.4669332194865,0.0353083875558034,1.0,0.9999776962114252,High,Low Priority: Automated email only
18135,Silver Tier,0,29,5,681.91,4,4,3,443,1282.159361802308,0.2235560329225436,0.9993745688877744,2.2303788574989992e-05,Low,Maintain: Standard loyalty program
18136,Silver Tier,0,63,3,784.33,3,4,3,343,759.3691695757187,0.087374187168252,0.9992681242488788,2.2303788574990625e-05,Low,Maintain: Standard loyalty program
18138,Inactive,1,295,1,152.65,1,2,1,121,318.42472877685196,0.0272553224658869,1.0,0.9999776962114252,High,Low Priority: Automated email only
18139,Silver Tier,0,18,6,8438.34,4,5,5,455,7574.087006610856,0.2519993397162743,0.9992421500175508,2.230378857499007e-05,Low,Maintain: Standard loyalty program
18142,Inactive,1,157,2,1019.52,2,3,4,234,1223.096642033276,0.0770307293083416,0.997786872051826,0.9999776962114252,High,Low Priority: Automated email only
18143,Silver Tier,0,117,2,1000.16,2,3,4,234,1358.8886810358042,0.1041865502223992,0.9977902159393977,0.9999776962114252,High,Send: Standard win-back offer
18144,Silver Tier,0,8,12,2888.75,5,5,5,555,2373.0339365032305,0.2939104743349812,0.9997405548750484,2.2303788574990148e-05,Low,Maintain: Standard loyalty program
18145,Silver Tier,0,13,4,2861.5499999999997,5,4,5,545,2228.122979623297,0.1204942787710477,0.9995559152465971,2.230378857499007e-05,Low,Maintain: Standard loyalty program
18146,Silver Tier,0,141,2,160.35,2,3,1,231,556.7867433081296,0.075736004740118,0.9982929042013134,0.9999776962114252,High,Send: Standard win-back offer
18147,Silver Tier,0,46,2,179.34,3,3,1,331,904.5140788336628,0.1237867133243445,0.9991296279038444,2.2303788574990107e-05,Low,Maintain: Standard loyalty program
18149,Silver Tier,0,51,3,612.0799999999999,3,4,3,343,763.3885875696377,0.0991330427927209,0.9993066069747852,2.2303788574990226e-05,Low,Maintain: Standard loyalty program
18150,Silver Tier,0,32,3,566.58,4,4,3,443,916.2395581744738,0.1255844507011163,0.9993663647959344,2.2303788574989992e-05,Low,Maintain: Standard loyalty program
18151,Silver Tier,0,135,2,653.35,2,3,3,233,654.9794965704004,0.0611663963021679,0.9988010790946218,0.9999776962114252,High,Send: Standard win-back offer
18154,Silver Tier,0,3,2,399.19,5,3,2,532,1680.5417455917795,0.1957490465001771,0.9994647439944312,2.2303788574990185e-05,Low,Maintain: Standard loyalty program
18155,Silver Tier,0,75,3,371.62,2,4,2,242,618.8435173008106,0.0941596572219043,0.9991416076769098,2.230378857499209e-05,Low,Maintain: Standard loyalty program
18156,Silver Tier,0,13,2,675.64,5,3,3,533,632.3430054768234,0.0500254094686727,0.9994641462912592,2.230378857499003e-05,Low,Maintain: Standard loyalty program
18158,Silver Tier,0,9,2,453.4,5,3,2,532,1073.083281092558,0.1396068440560562,0.9994326522785298,2.230378857499007e-05,Low,Maintain: Standard loyalty program
18159,Inactive,1,301,1,530.15,1,2,3,123,313.2616364491695,0.0268132375166736,1.0,0.9999776962114252,High,Low Priority: Automated email only
18160,Silver Tier,0,57,2,638.0600000000001,3,3,3,333,849.3551797032716,0.0814437767974003,0.999213197580636,2.2303788574990307e-05,Low,Maintain: Standard loyalty program
18161,Silver Tier,0,15,5,1618.69,4,4,4,444,1462.756708572274,0.1492430466620237,0.9995734990778254,2.2303788574989992e-05,Low,Maintain: Standard loyalty program
18164,Silver Tier,0,37,1,399.65,3,2,2,322,1093.3262542128698,0.0936497419097193,1.0,2.230378857499003e-05,Low,Maintain: Standard loyalty program
18165,Inactive,1,177,1,302.46,2,2,2,222,471.1438391061143,0.0403337640782646,1.0,0.9999776962114252,High,Low Priority: Automated email only
18167,Silver Tier,0,23,3,1384.86,4,4,4,444,2371.9614295686033,0.1949011063665866,0.999337706760195,2.2303788574989992e-05,Low,Maintain: Standard loyalty program
18168,Inactive,1,176,6,1160.04,2,5,4,254,990.9820584883834,0.1575941050402421,0.9938131270644776,0.9999776962114252,High,Low Priority: Automated email only
18169,Silver Tier,0,61,1,202.65,3,2,1,321,898.3998783426291,0.0769409172535742,1.0,2.2303788574990974e-05,Low,Maintain: Standard loyalty program
18170,Silver Tier,0,33,3,980.31,4,4,4,444,1221.2048711671537,0.1185573849195846,0.999372692285846,2.2303788574989992e-05,Low,Maintain: Standard loyalty program
18171,Silver Tier,0,59,5,1231.31,3,4,4,344,1155.06980276998,0.1439981390167561,0.999252176077342,2.2303788574990385e-05,Low,Maintain: Standard loyalty program
18172,Gold Tier,3,15,20,7561.68,4,5,5,455,5579.6788424368115,0.4634149393115169,0.999681723357249,2.2303788574990344e-05,Low,Maintain: VIP loyalty program
18173,Silver Tier,0,87,4,2106.84,2,4,5,245,1568.6239185126994,0.1337475569842477,0.9988147781741724,2.230378857499827e-05,Low,Maintain: Standard loyalty program
18174,Silver Tier,0,7,1,104.0,5,2,1,521,1524.9288592155797,0.1306603172652558,1.0,2.2303788574990937e-05,Low,Maintain: Standard loyalty program
18176,Inactive,1,358,1,476.35,1,2,2,122,271.448553849472,0.0232332038598186,1.0,0.9999776962114252,High,Low Priority: Automated email only
18177,Silver Tier,0,31,6,1340.87,4,5,4,454,1627.339157125455,0.2157291145564403,0.9994254429842824,2.2303788574989992e-05,Low,Maintain: Standard loyalty program
18178,Silver Tier,0,129,4,1590.81,2,4,4,244,1268.6696216243067,0.1059089191391352,0.9984992226462928,0.9999776962114252,High,Send: Standard win-back offer
18179,Silver Tier,0,9,6,1793.17,5,5,4,554,1527.449294418073,0.1726107071346299,0.9996354665404412,2.2303788574989992e-05,Low,Maintain: Standard loyalty program
18180,Silver Tier,0,5,6,1843.75,5,5,4,554,3060.6285237645666,0.3313792423767975,0.9996424689896662,2.230378857499007e-05,Low,Maintain: Standard loyalty program
18181,Silver Tier,0,24,1,366.85,4,2,2,422,1246.1579201425084,0.1067531700766435,1.0,2.230378857499007e-05,Low,Maintain: Standard loyalty program
18183,Inactive,1,227,2,632.07,1,3,3,133,664.0216365121296,0.0636832874481356,0.996318138558278,0.9999776962114252,High,Low Priority: Automated email only
18184,Silver Tier,0,15,1,49.8,4,2,1,421,1379.6826382410247,0.1182032059450869,1.0,2.2303788574990185e-05,Low,Maintain: Standard loyalty program
18185,Inactive,1,249,1,304.25,1,2,2,122,364.48070425354217,0.0311990242976074,1.0,0.9999776962114252,High,Low Priority: Automated email only
18188,Silver Tier,0,15,3,2001.04,4,4,4,444,1729.447719836583,0.0944558268022269,0.9994995175196678,2.230378857499003e-05,Low,Maintain: Standard loyalty program
18189,Silver Tier,0,78,2,1090.24,2,3,4,234,797.1177654102044,0.0651971546504762,0.9991807434454087,2.2303788574992563e-05,Low,Maintain: Standard loyalty program
18190,Inactive,1,192,2,284.46000000000004,1,3,2,132,424.3021958097317,0.0548529037562643,0.9983124817764476,0.9999776962114252,High,Low Priority: Automated email only
18191,Inactive,1,262,1,207.8,1,2,1,121,351.2283290459734,0.0300642070730911,1.0,0.9999776962114252,High,Low Priority: Automated email only
18192,Silver Tier,0,72,1,957.97,3,2,4,324,827.8164177882809,0.0708916959513835,1.0,2.2303788574991337e-05,Low,Maintain: Standard loyalty program
18193,Inactive,1,165,1,243.76,2,2,1,221,495.30211275531394,0.0424029524550964,1.0,0.9999776962114252,High,Low Priority: Automated email only
18194,Silver Tier,0,82,1,973.84,2,2,4,224,767.5170296675334,0.0657243406486802,1.0,2.2303788574993356e-05,Low,Maintain: Standard loyalty program
18196,Silver Tier,0,95,2,686.63,2,3,3,233,569.7767900721096,0.0610146697662068,0.999107205649446,0.9999776962114252,High,Send: Standard win-back offer
18198,Gold Tier,3,4,17,5425.56,5,5,5,555,4579.04117106169,0.49856813959384,0.9998132180755718,2.2303788574990385e-05,Low,Maintain: VIP loyalty program
18200,Silver Tier,0,106,1,150.35,2,2,1,221,662.2674747601277,0.0567061099956413,1.0,0.9999776962114252,High,Send: Standard win-back offer
18202,Inactive,1,200,3,1396.99,1,4,4,144,1045.3218913874712,0.0575797595039342,0.9980278648340156,0.9999776962114252,High,Low Priority: Automated email only
18203,Inactive,1,157,1,160.42000000000002,2,2,1,221,512.832809797066,0.0439045356922351,1.0,0.9999776962114252,High,Low Priority: Automated email only
18204,Silver Tier,0,71,3,1975.35,3,4,4,344,2215.068841917747,0.1298573068887456,0.9989119809227892,2.2303788574991693e-05,Low,Maintain: Standard loyalty program
18205,Silver Tier,0,36,2,517.36,3,3,3,333,1541.5487064830895,0.1532373424006375,0.999134840370274,2.230378857499007e-05,Low,Maintain: Standard loyalty program
18209,Silver Tier,0,29,1,139.10000000000002,4,2,1,421,1194.7687753130083,0.102346913647596,1.0,2.2303788574990148e-05,Low,Maintain: Standard loyalty program
18210,Silver Tier,0,2,6,2621.38,5,5,5,555,2812.049686212787,0.208074457828972,0.9996745987325112,2.2303788574990148e-05,Low,Maintain: Standard loyalty program
18211,Silver Tier,0,26,5,600.07,4,4,3,443,857.1944335855469,0.1668679695509923,0.9994941750544812,2.230378857499003e-05,Low,Maintain: Standard loyalty program
18212,Inactive,1,326,1,216.07,1,2,1,121,293.4369819483421,0.0251158132509321,1.0,0.9999776962114252,High,Low Priority: Automated email only
18213,Inactive,1,237,1,232.48,1,2,1,121,380.0141350613526,0.0325292084499461,1.0,0.9999776962114252,High,Low Priority: Automated email only
18215,Silver Tier,0,89,1,299.34000000000003,2,2,2,222,733.5163099957323,0.0628108542508325,1.0,2.2303788575000092e-05,Low,Maintain: Standard loyalty program
18216,Silver Tier,0,31,1,481.75,4,2,2,422,1158.925382250077,0.0992737570996446,1.0,2.230378857499007e-05,Low,Maintain: Standard loyalty program
18217,Silver Tier,0,29,2,621.75,4,3,3,433,1611.2233925446649,0.1576631060555846,0.9992189866903712,2.2303788574989992e-05,Low,Maintain: Standard loyalty program
18218,Inactive,1,211,2,641.92,1,3,3,133,678.61087443032,0.0624678426939392,0.9972526740045142,0.9999776962114252,High,Low Priority: Automated email only
18219,Silver Tier,0,3,10,2069.77,5,5,5,555,1741.1719626990114,0.2423583810652158,0.9997396523450474,2.2303788574990107e-05,Low,Maintain: Standard loyalty program
18220,Inactive,1,227,1,305.28,1,2,2,122,392.89445809729585,0.0336322275695334,1.0,0.9999776962114252,High,Low Priority: Automated email only
18221,Silver Tier,0,22,5,1041.61,4,4,4,444,1451.2617293630228,0.2068054254788155,0.9994766397769792,2.2303788574989992e-05,Low,Maintain: Standard loyalty program
18222,Silver Tier,0,93,1,443.0,2,2,2,222,719.8496572064222,0.0616398154300816,1.0,0.9999776962114252,High,Send: Standard win-back offer
18223,Gold Tier,3,5,14,6484.54,5,5,5,555,4978.39582845388,0.3604534513896507,0.9997814786799846,2.2303788574990385e-05,Low,Maintain: VIP loyalty program
18224,Inactive,1,264,1,158.95000000000002,1,2,1,121,349.1127321634966,0.0298830486396042,1.0,0.9999776962114252,High,Low Priority: Automated email only
18225,Silver Tier,0,3,12,5504.96,5,5,5,555,4503.742407313951,0.3269886401257302,0.999777219514592,2.2303788574990185e-05,Low,Maintain: Standard loyalty program
18226,Silver Tier,0,44,11,5228.05,3,5,5,355,4264.339516820078,0.3198179017364541,0.9992444945260158,2.2303788574990148e-05,Low,Maintain: Standard loyalty program
18227,Inactive,1,218,1,93.75,1,2,1,121,405.25680882157616,0.0346909151383064,1.0,0.9999776962114252,High,Low Priority: Automated email only
18228,Silver Tier,0,57,2,779.9,3,3,3,333,1620.0751180767843,0.1480056754975699,0.9987861825275016,2.2303788574990307e-05,Low,Maintain: Standard loyalty program
18229,Gold Tier,3,12,20,7276.9,5,5,5,555,5564.996661289916,0.5382493066089994,0.9997710782692104,2.2303788574990344e-05,Low,Maintain: VIP loyalty program
18230,Silver Tier,0,9,7,2810.2000000000003,5,5,5,555,2450.8610897873587,0.2207771753521377,0.9996540240420936,2.230378857499007e-05,Low,Maintain: Standard loyalty program
18231,Inactive,1,192,5,2071.77,1,4,5,145,1971.8698659775696,0.1599316101116071,0.9855604721452594,0.9999776962114252,High,Low Priority: Automated email only
18232,Silver Tier,0,82,4,592.97,2,4,3,243,1125.470835856184,0.1724088463609491,0.9984241314594612,2.2303788574993715e-05,Low,Maintain: Standard loyalty program
18233,Inactive,1,326,1,440.0,1,2,2,122,294.18166801803847,0.0251795734272517,1.0,0.9999776962114252,High,Low Priority: Automated email only
18235,Silver Tier,0,72,3,1796.48,3,4,4,344,1949.502699956656,0.118513937229204,0.9990064524658744,2.2303788574991693e-05,Low,Maintain: Standard loyalty program
18236,Silver Tier,0,30,6,882.24,4,5,3,453,1279.8142377083232,0.2262057375405681,0.9994321565953782,2.2303788574989992e-05,Low,Maintain: Standard loyalty program
18237,Silver Tier,0,3,5,987.1,5,4,4,544,1778.6177705264763,0.2853251148503133,0.999630134871552,2.2303788574990185e-05,Low,Maintain: Standard loyalty program
18239,Inactive,1,219,5,1561.61,1,4,4,144,1138.0041947857276,0.1301247746813151,0.9906009953057336,0.9999776962114252,High,Low Priority: Automated email only
18240,Silver Tier,0,46,1,422.58,3,2,2,322,1007.7639635956134,0.0863149271016233,1.0,2.230378857499007e-05,Low,Maintain: Standard loyalty program
18241,Gold Tier,3,10,17,2073.09,5,5,5,555,2529.34374154087,0.7060123912159888,0.9997293022987794,2.2303788574990226e-05,Low,Maintain: VIP loyalty program
18242,Silver Tier,0,72,4,2232.49,3,4,5,345,2568.6330931489188,0.1201922654520355,0.9989795793305024,2.230378857499217e-05,Low,Maintain: Standard loyalty program
18245,Silver Tier,0,7,7,2567.06,5,5,5,555,1997.403145836609,0.1365750278978161,0.999617899946216,2.2303788574990148e-05,Low,Maintain: Standard loyalty program
18246,Silver Tier,0,24,2,596.1,4,3,3,433,798.0877374702776,0.0725561008236738,0.99941137225493,2.230378857499003e-05,Low,Maintain: Standard loyalty program
18248,Silver Tier,0,123,2,804.02,2,3,3,233,881.7945031592084,0.08584065766315,0.9983284297367042,0.9999776962114252,High,Send: Standard win-back offer
18249,Silver Tier,0,17,1,95.34,4,2,1,421,1347.594640248632,0.1154514310307538,1.0,2.2303788574990185e-05,Low,Maintain: Standard loyalty program
18250,Inactive,1,310,1,349.27,1,2,2,122,305.82349107964,0.0261763614312115,1.0,0.9999776962114252,High,Low Priority: Automated email only
18251,Silver Tier,0,87,1,4314.72,2,2,5,225,742.9194360225239,0.0636165833504001,1.0,2.2303788574998073e-05,Low,Maintain: Standard loyalty program
18252,Silver Tier,0,51,2,518.27,3,3,3,333,1105.4682945052066,0.0912890754096236,0.9992196346098796,2.2303788574990263e-05,Low,Maintain: Standard loyalty program
18255,Silver Tier,0,89,1,103.3,2,2,1,221,733.5163099957323,0.0628108542508325,1.0,2.230378857500057e-05,Low,Maintain: Standard loyalty program
18257,Silver Tier,0,39,8,2337.63,3,5,5,355,2194.0781349478307,0.2243428421380731,0.9993672944188668,2.230378857499003e-05,Low,Maintain: Standard loyalty program
18259,Silver Tier,0,25,3,2338.6,4,4,5,445,1696.859174687846,0.0779483552048539,0.999479218249152,2.230378857499003e-05,Low,Maintain: Standard loyalty program
18260,Inactive,1,173,6,2628.35,2,5,5,255,2139.0486170077556,0.1627250207094373,0.9935865418549624,0.9999776962114252,High,Low Priority: Automated email only
18261,Silver Tier,0,43,2,324.24,3,3,2,332,1009.256246972789,0.1336020071615738,0.9991123827561892,2.230378857499003e-05,Low,Maintain: Standard loyalty program
18262,Silver Tier,0,140,1,149.48,2,2,1,221,554.5413610371427,0.0474772457565115,1.0,0.9999776962114252,High,Send: Standard win-back offer
18263,Silver Tier,0,26,3,1213.16,4,4,4,444,1304.2170015302067,0.105634445012138,0.99944214724127,2.230378857499003e-05,Low,Maintain: Standard loyalty program
18265,Silver Tier,0,72,2,801.51,3,3,3,333,997.9752884289652,0.0964957260045438,0.9989776607361046,2.2303788574991337e-05,Low,Maintain: Standard loyalty program
18268,Silver Tier,0,134,1,25.5,2,2,1,221,570.9298029785416,0.048881132193955,1.0,0.9999776962114252,High,Send: Standard win-back offer
18269,Inactive,1,366,1,168.6,1,2,1,121,266.45689100090283,0.0228058387806504,1.0,0.9999776962114252,High,Low Priority: Automated email only
18270,Silver Tier,0,38,2,283.15000000000003,3,3,2,332,555.5578366426496,0.0654039089780564,0.99936540333416,2.230378857499003e-05,Low,Maintain: Standard loyalty program
18272,Silver Tier,0,3,6,3078.58,5,5,5,555,2958.6344688045237,0.2219483069342245,0.9996681098614498,2.2303788574990107e-05,Low,Maintain: Standard loyalty program
18273,Silver Tier,0,2,3,204.0,5,4,1,541,586.572953335617,0.1040249364065705,0.9995486019780316,2.230378857499086e-05,Low,Maintain: Standard loyalty program
18274,Silver Tier,0,30,1,175.92,4,2,1,421,1170.6317638661749,0.1002774292261558,1.0,2.2303788574990107e-05,Low,Maintain: Standard loyalty program
18276,Silver Tier,0,44,1,335.86,3,2,2,322,1034.75663059681,0.0886287817760632,1.0,2.230378857499003e-05,Low,Maintain: Standard loyalty program
18277,Silver Tier,0,58,1,110.38,3,2,1,321,912.546967178022,0.0781534389798333,1.0,2.2303788574990937e-05,Low,Maintain: Standard loyalty program
18278,Silver Tier,0,74,1,173.9,2,2,1,221,816.1579995989189,0.0698925922786818,1.0,2.2303788574992445e-05,Low,Maintain: Standard loyalty program
18280,Inactive,1,278,1,180.6,1,2,1,121,334.98832132167604,0.0286735956357553,1.0,0.9999776962114252,High,Low Priority: Automated email only
18281,Inactive,1,181,1,80.82,1,2,1,121,465.46807862947327,0.0398476406515612,1.0,0.9999776962114252,High,Low Priority: Automated email only
18282,Silver Tier,0,8,2,178.05,5,3,1,531,817.4684882214144,0.1123917610828528,0.9994554782308994,2.2303788574990937e-05,Low,Maintain: Standard loyalty program
18283,Gold Tier,3,4,16,2045.53,5,5,4,554,1961.5002701932815,0.4086632786264186,0.9997968595181824,2.2303788574990263e-05,Low,Maintain: VIP loyalty program
18287,Silver Tier,0,43,3,1837.28,3,4,4,344,1736.5079733701052,0.1255741822146133,0.9992846510171098,2.2303788574989992e-05,Low,Maintain: Standard loyalty program
